INFO - 2024-11-20 08:33:47 --> Session: Class initialized using 'CodeIgniter\Session\Handlers\FileHandler' driver.
INFO - 2024-11-20 08:33:50 --> CSRF token verified.
INFO - 2024-11-20 08:33:50 --> Session: Class initialized using 'CodeIgniter\Session\Handlers\FileHandler' driver.
INFO - 2024-11-20 08:33:51 --> Session: Class initialized using 'CodeIgniter\Session\Handlers\FileHandler' driver.
INFO - 2024-11-20 08:34:00 --> Session: Class initialized using 'CodeIgniter\Session\Handlers\FileHandler' driver.
INFO - 2024-11-20 08:34:00 --> Session: Class initialized using 'CodeIgniter\Session\Handlers\FileHandler' driver.
INFO - 2024-11-20 08:34:06 --> CSRF token verified.
INFO - 2024-11-20 08:34:07 --> Session: Class initialized using 'CodeIgniter\Session\Handlers\FileHandler' driver.
INFO - 2024-11-20 08:34:07 --> Session: Class initialized using 'CodeIgniter\Session\Handlers\FileHandler' driver.
INFO - 2024-11-20 08:34:11 --> Session: Class initialized using 'CodeIgniter\Session\Handlers\FileHandler' driver.
INFO - 2024-11-20 08:34:13 --> Session: Class initialized using 'CodeIgniter\Session\Handlers\FileHandler' driver.
INFO - 2024-11-20 08:34:16 --> Session: Class initialized using 'CodeIgniter\Session\Handlers\FileHandler' driver.
INFO - 2024-11-20 08:35:49 --> Session: Class initialized using 'CodeIgniter\Session\Handlers\FileHandler' driver.
INFO - 2024-11-20 08:36:18 --> Session: Class initialized using 'CodeIgniter\Session\Handlers\FileHandler' driver.
INFO - 2024-11-20 08:36:18 --> Session: Class initialized using 'CodeIgniter\Session\Handlers\FileHandler' driver.
INFO - 2024-11-20 08:36:27 --> CSRF token verified.
INFO - 2024-11-20 08:36:27 --> Session: Class initialized using 'CodeIgniter\Session\Handlers\FileHandler' driver.
INFO - 2024-11-20 08:36:28 --> Session: Class initialized using 'CodeIgniter\Session\Handlers\FileHandler' driver.
INFO - 2024-11-20 08:36:33 --> Session: Class initialized using 'CodeIgniter\Session\Handlers\FileHandler' driver.
INFO - 2024-11-20 10:01:57 --> Session: Class initialized using 'CodeIgniter\Session\Handlers\FileHandler' driver.
INFO - 2024-11-20 10:02:03 --> Session: Class initialized using 'CodeIgniter\Session\Handlers\FileHandler' driver.
INFO - 2024-11-20 10:02:05 --> Session: Class initialized using 'CodeIgniter\Session\Handlers\FileHandler' driver.
INFO - 2024-11-20 10:02:05 --> Session: Class initialized using 'CodeIgniter\Session\Handlers\FileHandler' driver.
INFO - 2024-11-20 10:02:08 --> Session: Class initialized using 'CodeIgniter\Session\Handlers\FileHandler' driver.
INFO - 2024-11-20 10:03:16 --> Session: Class initialized using 'CodeIgniter\Session\Handlers\FileHandler' driver.
CRITICAL - 2024-11-20 10:03:16 --> ErrorException: Trying to access array offset on value of type null
[Method: GET, Route: orden]
in APPPATH\Controllers\Orden.php on line 15.
 1 APPPATH\Controllers\Orden.php(15): CodeIgniter\Debug\Exceptions->errorHandler(2, 'Trying to access array offset on value of type null', 'C:\\laragon\\www\\gador_warehouse\\app\\Controllers\\Orden.php', 15)
 2 SYSTEMPATH\CodeIgniter.php(903): App\Controllers\Orden->__construct()
 3 SYSTEMPATH\CodeIgniter.php(500): CodeIgniter\CodeIgniter->createController()
 4 SYSTEMPATH\CodeIgniter.php(355): CodeIgniter\CodeIgniter->handleRequest(null, Object(Config\Cache), false)
 5 SYSTEMPATH\Boot.php(325): CodeIgniter\CodeIgniter->run()
 6 SYSTEMPATH\Boot.php(67): CodeIgniter\Boot::runCodeIgniter(Object(CodeIgniter\CodeIgniter))
 7 FCPATH\index.php(56): CodeIgniter\Boot::bootWeb(Object(Config\Paths))
INFO - 2024-11-20 10:03:19 --> Session: Class initialized using 'CodeIgniter\Session\Handlers\FileHandler' driver.
INFO - 2024-11-20 10:03:21 --> CSRF token verified.
INFO - 2024-11-20 10:03:22 --> Session: Class initialized using 'CodeIgniter\Session\Handlers\FileHandler' driver.
INFO - 2024-11-20 10:03:22 --> Session: Class initialized using 'CodeIgniter\Session\Handlers\FileHandler' driver.
INFO - 2024-11-20 10:03:27 --> Session: Class initialized using 'CodeIgniter\Session\Handlers\FileHandler' driver.
INFO - 2024-11-20 10:03:30 --> Session: Class initialized using 'CodeIgniter\Session\Handlers\FileHandler' driver.
INFO - 2024-11-20 10:04:06 --> Session: Class initialized using 'CodeIgniter\Session\Handlers\FileHandler' driver.
INFO - 2024-11-20 10:04:08 --> Session: Class initialized using 'CodeIgniter\Session\Handlers\FileHandler' driver.
INFO - 2024-11-20 10:04:09 --> Session: Class initialized using 'CodeIgniter\Session\Handlers\FileHandler' driver.
INFO - 2024-11-20 10:10:11 --> Session: Class initialized using 'CodeIgniter\Session\Handlers\FileHandler' driver.
INFO - 2024-11-20 10:10:27 --> Session: Class initialized using 'CodeIgniter\Session\Handlers\FileHandler' driver.
INFO - 2024-11-20 10:10:33 --> Session: Class initialized using 'CodeIgniter\Session\Handlers\FileHandler' driver.
INFO - 2024-11-20 10:10:35 --> Session: Class initialized using 'CodeIgniter\Session\Handlers\FileHandler' driver.
INFO - 2024-11-20 10:10:36 --> Session: Class initialized using 'CodeIgniter\Session\Handlers\FileHandler' driver.
INFO - 2024-11-20 10:10:38 --> Session: Class initialized using 'CodeIgniter\Session\Handlers\FileHandler' driver.
INFO - 2024-11-20 10:10:38 --> Session: Class initialized using 'CodeIgniter\Session\Handlers\FileHandler' driver.
INFO - 2024-11-20 10:10:40 --> Session: Class initialized using 'CodeIgniter\Session\Handlers\FileHandler' driver.
CRITICAL - 2024-11-20 10:10:40 --> ErrorException: Trying to access array offset on value of type null
[Method: GET, Route: orden]
in APPPATH\Controllers\Orden.php on line 15.
 1 APPPATH\Controllers\Orden.php(15): CodeIgniter\Debug\Exceptions->errorHandler(2, 'Trying to access array offset on value of type null', 'C:\\laragon\\www\\gador_warehouse\\app\\Controllers\\Orden.php', 15)
 2 SYSTEMPATH\CodeIgniter.php(903): App\Controllers\Orden->__construct()
 3 SYSTEMPATH\CodeIgniter.php(500): CodeIgniter\CodeIgniter->createController()
 4 SYSTEMPATH\CodeIgniter.php(355): CodeIgniter\CodeIgniter->handleRequest(null, Object(Config\Cache), false)
 5 SYSTEMPATH\Boot.php(325): CodeIgniter\CodeIgniter->run()
 6 SYSTEMPATH\Boot.php(67): CodeIgniter\Boot::runCodeIgniter(Object(CodeIgniter\CodeIgniter))
 7 FCPATH\index.php(56): CodeIgniter\Boot::bootWeb(Object(Config\Paths))
INFO - 2024-11-20 10:10:42 --> Session: Class initialized using 'CodeIgniter\Session\Handlers\FileHandler' driver.
INFO - 2024-11-20 10:10:44 --> CSRF token verified.
INFO - 2024-11-20 10:10:45 --> Session: Class initialized using 'CodeIgniter\Session\Handlers\FileHandler' driver.
INFO - 2024-11-20 10:10:45 --> Session: Class initialized using 'CodeIgniter\Session\Handlers\FileHandler' driver.
INFO - 2024-11-20 10:14:50 --> Session: Class initialized using 'CodeIgniter\Session\Handlers\FileHandler' driver.
INFO - 2024-11-20 10:15:12 --> Session: Class initialized using 'CodeIgniter\Session\Handlers\FileHandler' driver.
INFO - 2024-11-20 10:15:56 --> Session: Class initialized using 'CodeIgniter\Session\Handlers\FileHandler' driver.
INFO - 2024-11-20 10:15:58 --> Session: Class initialized using 'CodeIgniter\Session\Handlers\FileHandler' driver.
INFO - 2024-11-20 10:28:10 --> Session: Class initialized using 'CodeIgniter\Session\Handlers\FileHandler' driver.
CRITICAL - 2024-11-20 10:28:10 --> Error: Call to undefined method CodeIgniter\Session\Session::userdata()
[Method: GET, Route: orden]
in APPPATH\Controllers\Orden.php on line 29.
 1 SYSTEMPATH\CodeIgniter.php(933): App\Controllers\Orden->index()
 2 SYSTEMPATH\CodeIgniter.php(509): CodeIgniter\CodeIgniter->runController(Object(App\Controllers\Orden))
 3 SYSTEMPATH\CodeIgniter.php(355): CodeIgniter\CodeIgniter->handleRequest(null, Object(Config\Cache), false)
 4 SYSTEMPATH\Boot.php(325): CodeIgniter\CodeIgniter->run()
 5 SYSTEMPATH\Boot.php(67): CodeIgniter\Boot::runCodeIgniter(Object(CodeIgniter\CodeIgniter))
 6 FCPATH\index.php(56): CodeIgniter\Boot::bootWeb(Object(Config\Paths))
INFO - 2024-11-20 10:28:28 --> Session: Class initialized using 'CodeIgniter\Session\Handlers\FileHandler' driver.
INFO - 2024-11-20 10:28:30 --> Session: Class initialized using 'CodeIgniter\Session\Handlers\FileHandler' driver.
CRITICAL - 2024-11-20 10:28:30 --> Error: Call to undefined method CodeIgniter\Session\Session::userdata()
[Method: GET, Route: orden]
in APPPATH\Controllers\Orden.php on line 29.
 1 SYSTEMPATH\CodeIgniter.php(933): App\Controllers\Orden->index()
 2 SYSTEMPATH\CodeIgniter.php(509): CodeIgniter\CodeIgniter->runController(Object(App\Controllers\Orden))
 3 SYSTEMPATH\CodeIgniter.php(355): CodeIgniter\CodeIgniter->handleRequest(null, Object(Config\Cache), false)
 4 SYSTEMPATH\Boot.php(325): CodeIgniter\CodeIgniter->run()
 5 SYSTEMPATH\Boot.php(67): CodeIgniter\Boot::runCodeIgniter(Object(CodeIgniter\CodeIgniter))
 6 FCPATH\index.php(56): CodeIgniter\Boot::bootWeb(Object(Config\Paths))
INFO - 2024-11-20 10:29:15 --> Session: Class initialized using 'CodeIgniter\Session\Handlers\FileHandler' driver.
INFO - 2024-11-20 10:29:16 --> Session: Class initialized using 'CodeIgniter\Session\Handlers\FileHandler' driver.
INFO - 2024-11-20 10:29:53 --> Session: Class initialized using 'CodeIgniter\Session\Handlers\FileHandler' driver.
INFO - 2024-11-20 10:30:37 --> Session: Class initialized using 'CodeIgniter\Session\Handlers\FileHandler' driver.
INFO - 2024-11-20 10:31:09 --> Session: Class initialized using 'CodeIgniter\Session\Handlers\FileHandler' driver.
INFO - 2024-11-20 10:32:07 --> Session: Class initialized using 'CodeIgniter\Session\Handlers\FileHandler' driver.
INFO - 2024-11-20 10:32:24 --> Session: Class initialized using 'CodeIgniter\Session\Handlers\FileHandler' driver.
INFO - 2024-11-20 10:32:29 --> Session: Class initialized using 'CodeIgniter\Session\Handlers\FileHandler' driver.
INFO - 2024-11-20 10:32:32 --> Session: Class initialized using 'CodeIgniter\Session\Handlers\FileHandler' driver.
INFO - 2024-11-20 10:32:33 --> Session: Class initialized using 'CodeIgniter\Session\Handlers\FileHandler' driver.
INFO - 2024-11-20 10:33:18 --> Session: Class initialized using 'CodeIgniter\Session\Handlers\FileHandler' driver.
INFO - 2024-11-20 10:33:19 --> Session: Class initialized using 'CodeIgniter\Session\Handlers\FileHandler' driver.
INFO - 2024-11-20 10:33:21 --> Session: Class initialized using 'CodeIgniter\Session\Handlers\FileHandler' driver.
INFO - 2024-11-20 10:34:06 --> Session: Class initialized using 'CodeIgniter\Session\Handlers\FileHandler' driver.
INFO - 2024-11-20 10:34:11 --> Session: Class initialized using 'CodeIgniter\Session\Handlers\FileHandler' driver.
INFO - 2024-11-20 10:34:29 --> Session: Class initialized using 'CodeIgniter\Session\Handlers\FileHandler' driver.
INFO - 2024-11-20 10:34:30 --> Session: Class initialized using 'CodeIgniter\Session\Handlers\FileHandler' driver.
INFO - 2024-11-20 10:35:29 --> Session: Class initialized using 'CodeIgniter\Session\Handlers\FileHandler' driver.
INFO - 2024-11-20 10:35:34 --> Session: Class initialized using 'CodeIgniter\Session\Handlers\FileHandler' driver.
INFO - 2024-11-20 10:36:24 --> Session: Class initialized using 'CodeIgniter\Session\Handlers\FileHandler' driver.
INFO - 2024-11-20 10:36:50 --> Session: Class initialized using 'CodeIgniter\Session\Handlers\FileHandler' driver.
INFO - 2024-11-20 10:50:43 --> Session: Class initialized using 'CodeIgniter\Session\Handlers\FileHandler' driver.
INFO - 2024-11-20 10:51:03 --> Session: Class initialized using 'CodeIgniter\Session\Handlers\FileHandler' driver.
INFO - 2024-11-20 10:51:20 --> Session: Class initialized using 'CodeIgniter\Session\Handlers\FileHandler' driver.
INFO - 2024-11-20 10:51:44 --> Session: Class initialized using 'CodeIgniter\Session\Handlers\FileHandler' driver.
INFO - 2024-11-20 10:57:08 --> Session: Class initialized using 'CodeIgniter\Session\Handlers\FileHandler' driver.
INFO - 2024-11-20 10:57:51 --> Session: Class initialized using 'CodeIgniter\Session\Handlers\FileHandler' driver.
INFO - 2024-11-20 10:58:39 --> Session: Class initialized using 'CodeIgniter\Session\Handlers\FileHandler' driver.
INFO - 2024-11-20 10:59:02 --> Session: Class initialized using 'CodeIgniter\Session\Handlers\FileHandler' driver.
INFO - 2024-11-20 10:59:39 --> Session: Class initialized using 'CodeIgniter\Session\Handlers\FileHandler' driver.
INFO - 2024-11-20 10:59:51 --> Session: Class initialized using 'CodeIgniter\Session\Handlers\FileHandler' driver.
INFO - 2024-11-20 11:11:13 --> Session: Class initialized using 'CodeIgniter\Session\Handlers\FileHandler' driver.
INFO - 2024-11-20 11:11:24 --> CSRF token verified.
INFO - 2024-11-20 11:11:24 --> Session: Class initialized using 'CodeIgniter\Session\Handlers\FileHandler' driver.
INFO - 2024-11-20 11:11:24 --> Session: Class initialized using 'CodeIgniter\Session\Handlers\FileHandler' driver.
INFO - 2024-11-20 11:11:32 --> Session: Class initialized using 'CodeIgniter\Session\Handlers\FileHandler' driver.
INFO - 2024-11-20 11:11:34 --> Session: Class initialized using 'CodeIgniter\Session\Handlers\FileHandler' driver.
INFO - 2024-11-20 11:11:38 --> Session: Class initialized using 'CodeIgniter\Session\Handlers\FileHandler' driver.
INFO - 2024-11-20 11:11:39 --> Session: Class initialized using 'CodeIgniter\Session\Handlers\FileHandler' driver.
INFO - 2024-11-20 11:11:41 --> Session: Class initialized using 'CodeIgniter\Session\Handlers\FileHandler' driver.
INFO - 2024-11-20 11:11:44 --> Session: Class initialized using 'CodeIgniter\Session\Handlers\FileHandler' driver.
INFO - 2024-11-20 11:11:46 --> Session: Class initialized using 'CodeIgniter\Session\Handlers\FileHandler' driver.
INFO - 2024-11-20 11:11:54 --> Session: Class initialized using 'CodeIgniter\Session\Handlers\FileHandler' driver.
INFO - 2024-11-20 11:11:55 --> Session: Class initialized using 'CodeIgniter\Session\Handlers\FileHandler' driver.
INFO - 2024-11-20 11:12:30 --> Session: Class initialized using 'CodeIgniter\Session\Handlers\FileHandler' driver.
INFO - 2024-11-20 11:12:32 --> Session: Class initialized using 'CodeIgniter\Session\Handlers\FileHandler' driver.
INFO - 2024-11-20 11:12:56 --> Session: Class initialized using 'CodeIgniter\Session\Handlers\FileHandler' driver.
INFO - 2024-11-20 11:13:16 --> Session: Class initialized using 'CodeIgniter\Session\Handlers\FileHandler' driver.
INFO - 2024-11-20 11:13:55 --> Session: Class initialized using 'CodeIgniter\Session\Handlers\FileHandler' driver.
INFO - 2024-11-20 11:14:18 --> Session: Class initialized using 'CodeIgniter\Session\Handlers\FileHandler' driver.
INFO - 2024-11-20 11:14:53 --> Session: Class initialized using 'CodeIgniter\Session\Handlers\FileHandler' driver.
INFO - 2024-11-20 11:14:57 --> Session: Class initialized using 'CodeIgniter\Session\Handlers\FileHandler' driver.
INFO - 2024-11-20 11:15:18 --> Session: Class initialized using 'CodeIgniter\Session\Handlers\FileHandler' driver.
INFO - 2024-11-20 11:15:28 --> Session: Class initialized using 'CodeIgniter\Session\Handlers\FileHandler' driver.
INFO - 2024-11-20 11:15:34 --> Session: Class initialized using 'CodeIgniter\Session\Handlers\FileHandler' driver.
INFO - 2024-11-20 11:15:39 --> Session: Class initialized using 'CodeIgniter\Session\Handlers\FileHandler' driver.
INFO - 2024-11-20 11:15:48 --> Session: Class initialized using 'CodeIgniter\Session\Handlers\FileHandler' driver.
INFO - 2024-11-20 11:15:52 --> Session: Class initialized using 'CodeIgniter\Session\Handlers\FileHandler' driver.
INFO - 2024-11-20 11:15:56 --> Session: Class initialized using 'CodeIgniter\Session\Handlers\FileHandler' driver.
INFO - 2024-11-20 11:16:00 --> Session: Class initialized using 'CodeIgniter\Session\Handlers\FileHandler' driver.
INFO - 2024-11-20 11:16:19 --> Session: Class initialized using 'CodeIgniter\Session\Handlers\FileHandler' driver.
INFO - 2024-11-20 11:16:43 --> Session: Class initialized using 'CodeIgniter\Session\Handlers\FileHandler' driver.
INFO - 2024-11-20 11:17:06 --> Session: Class initialized using 'CodeIgniter\Session\Handlers\FileHandler' driver.
INFO - 2024-11-20 11:17:16 --> Session: Class initialized using 'CodeIgniter\Session\Handlers\FileHandler' driver.
INFO - 2024-11-20 11:20:24 --> Session: Class initialized using 'CodeIgniter\Session\Handlers\FileHandler' driver.
INFO - 2024-11-20 11:20:35 --> Session: Class initialized using 'CodeIgniter\Session\Handlers\FileHandler' driver.
INFO - 2024-11-20 11:20:45 --> Session: Class initialized using 'CodeIgniter\Session\Handlers\FileHandler' driver.
INFO - 2024-11-20 11:21:27 --> CSRF token verified.
INFO - 2024-11-20 11:21:27 --> Session: Class initialized using 'CodeIgniter\Session\Handlers\FileHandler' driver.
INFO - 2024-11-20 11:21:27 --> Session: Class initialized using 'CodeIgniter\Session\Handlers\FileHandler' driver.
INFO - 2024-11-20 11:22:28 --> Session: Class initialized using 'CodeIgniter\Session\Handlers\FileHandler' driver.
INFO - 2024-11-20 11:24:30 --> Session: Class initialized using 'CodeIgniter\Session\Handlers\FileHandler' driver.
INFO - 2024-11-20 11:41:38 --> Session: Class initialized using 'CodeIgniter\Session\Handlers\FileHandler' driver.
INFO - 2024-11-20 11:47:39 --> Session: Class initialized using 'CodeIgniter\Session\Handlers\FileHandler' driver.
INFO - 2024-11-20 11:47:41 --> Session: Class initialized using 'CodeIgniter\Session\Handlers\FileHandler' driver.
INFO - 2024-11-20 11:47:44 --> Session: Class initialized using 'CodeIgniter\Session\Handlers\FileHandler' driver.
INFO - 2024-11-20 11:47:57 --> Session: Class initialized using 'CodeIgniter\Session\Handlers\FileHandler' driver.
INFO - 2024-11-20 11:47:59 --> Session: Class initialized using 'CodeIgniter\Session\Handlers\FileHandler' driver.
INFO - 2024-11-20 11:50:36 --> Session: Class initialized using 'CodeIgniter\Session\Handlers\FileHandler' driver.
INFO - 2024-11-20 11:50:38 --> Session: Class initialized using 'CodeIgniter\Session\Handlers\FileHandler' driver.
INFO - 2024-11-20 11:50:42 --> Session: Class initialized using 'CodeIgniter\Session\Handlers\FileHandler' driver.
INFO - 2024-11-20 11:54:56 --> Session: Class initialized using 'CodeIgniter\Session\Handlers\FileHandler' driver.
INFO - 2024-11-20 11:54:57 --> Session: Class initialized using 'CodeIgniter\Session\Handlers\FileHandler' driver.
INFO - 2024-11-20 11:55:00 --> CSRF token verified.
INFO - 2024-11-20 11:55:00 --> Session: Class initialized using 'CodeIgniter\Session\Handlers\FileHandler' driver.
INFO - 2024-11-20 11:55:00 --> Session: Class initialized using 'CodeIgniter\Session\Handlers\FileHandler' driver.
INFO - 2024-11-20 11:55:06 --> Session: Class initialized using 'CodeIgniter\Session\Handlers\FileHandler' driver.
INFO - 2024-11-20 11:55:10 --> CSRF token verified.
INFO - 2024-11-20 11:55:10 --> Session: Class initialized using 'CodeIgniter\Session\Handlers\FileHandler' driver.
INFO - 2024-11-20 11:55:10 --> Session: Class initialized using 'CodeIgniter\Session\Handlers\FileHandler' driver.
INFO - 2024-11-20 11:55:13 --> Session: Class initialized using 'CodeIgniter\Session\Handlers\FileHandler' driver.
INFO - 2024-11-20 11:55:17 --> CSRF token verified.
INFO - 2024-11-20 11:55:17 --> Session: Class initialized using 'CodeIgniter\Session\Handlers\FileHandler' driver.
INFO - 2024-11-20 11:55:17 --> Session: Class initialized using 'CodeIgniter\Session\Handlers\FileHandler' driver.
INFO - 2024-11-20 11:56:17 --> Session: Class initialized using 'CodeIgniter\Session\Handlers\FileHandler' driver.
INFO - 2024-11-20 11:59:51 --> Session: Class initialized using 'CodeIgniter\Session\Handlers\FileHandler' driver.
INFO - 2024-11-20 12:56:55 --> Session: Class initialized using 'CodeIgniter\Session\Handlers\FileHandler' driver.
INFO - 2024-11-20 13:25:01 --> Session: Class initialized using 'CodeIgniter\Session\Handlers\FileHandler' driver.
INFO - 2024-11-20 13:25:03 --> Session: Class initialized using 'CodeIgniter\Session\Handlers\FileHandler' driver.
INFO - 2024-11-20 13:26:39 --> Session: Class initialized using 'CodeIgniter\Session\Handlers\FileHandler' driver.
INFO - 2024-11-20 13:28:07 --> Session: Class initialized using 'CodeIgniter\Session\Handlers\FileHandler' driver.
INFO - 2024-11-20 13:28:20 --> Session: Class initialized using 'CodeIgniter\Session\Handlers\FileHandler' driver.
INFO - 2024-11-20 13:28:36 --> Session: Class initialized using 'CodeIgniter\Session\Handlers\FileHandler' driver.
INFO - 2024-11-20 13:29:53 --> Session: Class initialized using 'CodeIgniter\Session\Handlers\FileHandler' driver.
INFO - 2024-11-20 13:29:55 --> Session: Class initialized using 'CodeIgniter\Session\Handlers\FileHandler' driver.
INFO - 2024-11-20 13:30:24 --> Session: Class initialized using 'CodeIgniter\Session\Handlers\FileHandler' driver.
INFO - 2024-11-20 13:31:51 --> Session: Class initialized using 'CodeIgniter\Session\Handlers\FileHandler' driver.
INFO - 2024-11-20 13:32:38 --> Session: Class initialized using 'CodeIgniter\Session\Handlers\FileHandler' driver.
INFO - 2024-11-20 13:34:26 --> Session: Class initialized using 'CodeIgniter\Session\Handlers\FileHandler' driver.
INFO - 2024-11-20 13:35:58 --> Session: Class initialized using 'CodeIgniter\Session\Handlers\FileHandler' driver.
CRITICAL - 2024-11-20 13:35:58 --> Error: Call to undefined function arra()
[Method: GET, Route: items_orden/1]
in APPPATH\Views\items_orden\index.php on line 24.
 1 SYSTEMPATH\View\View.php(234): include()
 2 SYSTEMPATH\View\View.php(237): CodeIgniter\View\View->CodeIgniter\View\{closure}()
 3 SYSTEMPATH\Common.php(1171): CodeIgniter\View\View->render('items_orden/index', [], true)
 4 APPPATH\Controllers\ItemsOrden.php(37): view('items_orden/index', [...])
 5 SYSTEMPATH\CodeIgniter.php(933): App\Controllers\ItemsOrden->index('1')
 6 SYSTEMPATH\CodeIgniter.php(509): CodeIgniter\CodeIgniter->runController(Object(App\Controllers\ItemsOrden))
 7 SYSTEMPATH\CodeIgniter.php(355): CodeIgniter\CodeIgniter->handleRequest(null, Object(Config\Cache), false)
 8 SYSTEMPATH\Boot.php(325): CodeIgniter\CodeIgniter->run()
 9 SYSTEMPATH\Boot.php(67): CodeIgniter\Boot::runCodeIgniter(Object(CodeIgniter\CodeIgniter))
10 FCPATH\index.php(56): CodeIgniter\Boot::bootWeb(Object(Config\Paths))
INFO - 2024-11-20 13:36:10 --> Session: Class initialized using 'CodeIgniter\Session\Handlers\FileHandler' driver.
INFO - 2024-11-20 13:36:22 --> Session: Class initialized using 'CodeIgniter\Session\Handlers\FileHandler' driver.
INFO - 2024-11-20 13:36:26 --> Session: Class initialized using 'CodeIgniter\Session\Handlers\FileHandler' driver.
INFO - 2024-11-20 13:36:50 --> Session: Class initialized using 'CodeIgniter\Session\Handlers\FileHandler' driver.
INFO - 2024-11-20 13:36:51 --> Session: Class initialized using 'CodeIgniter\Session\Handlers\FileHandler' driver.
INFO - 2024-11-20 13:37:01 --> Session: Class initialized using 'CodeIgniter\Session\Handlers\FileHandler' driver.
INFO - 2024-11-20 13:37:07 --> Session: Class initialized using 'CodeIgniter\Session\Handlers\FileHandler' driver.
INFO - 2024-11-20 13:37:25 --> Session: Class initialized using 'CodeIgniter\Session\Handlers\FileHandler' driver.
INFO - 2024-11-20 13:37:59 --> Session: Class initialized using 'CodeIgniter\Session\Handlers\FileHandler' driver.
INFO - 2024-11-20 13:48:09 --> Session: Class initialized using 'CodeIgniter\Session\Handlers\FileHandler' driver.
INFO - 2024-11-20 13:48:11 --> Session: Class initialized using 'CodeIgniter\Session\Handlers\FileHandler' driver.
INFO - 2024-11-20 13:48:13 --> Session: Class initialized using 'CodeIgniter\Session\Handlers\FileHandler' driver.
INFO - 2024-11-20 13:50:39 --> Session: Class initialized using 'CodeIgniter\Session\Handlers\FileHandler' driver.
INFO - 2024-11-20 13:52:41 --> Session: Class initialized using 'CodeIgniter\Session\Handlers\FileHandler' driver.
INFO - 2024-11-20 13:53:11 --> Session: Class initialized using 'CodeIgniter\Session\Handlers\FileHandler' driver.
INFO - 2024-11-20 13:53:24 --> Session: Class initialized using 'CodeIgniter\Session\Handlers\FileHandler' driver.
INFO - 2024-11-20 13:58:34 --> Session: Class initialized using 'CodeIgniter\Session\Handlers\FileHandler' driver.
INFO - 2024-11-20 14:02:52 --> Session: Class initialized using 'CodeIgniter\Session\Handlers\FileHandler' driver.
INFO - 2024-11-20 14:02:53 --> Session: Class initialized using 'CodeIgniter\Session\Handlers\FileHandler' driver.
INFO - 2024-11-20 14:03:23 --> Session: Class initialized using 'CodeIgniter\Session\Handlers\FileHandler' driver.
INFO - 2024-11-20 14:05:59 --> Session: Class initialized using 'CodeIgniter\Session\Handlers\FileHandler' driver.
INFO - 2024-11-20 14:06:01 --> Session: Class initialized using 'CodeIgniter\Session\Handlers\FileHandler' driver.
INFO - 2024-11-20 14:08:28 --> Session: Class initialized using 'CodeIgniter\Session\Handlers\FileHandler' driver.
INFO - 2024-11-20 14:08:30 --> Session: Class initialized using 'CodeIgniter\Session\Handlers\FileHandler' driver.
INFO - 2024-11-20 14:11:28 --> Session: Class initialized using 'CodeIgniter\Session\Handlers\FileHandler' driver.
INFO - 2024-11-20 14:11:29 --> Session: Class initialized using 'CodeIgniter\Session\Handlers\FileHandler' driver.
INFO - 2024-11-20 14:11:34 --> CSRF token verified.
INFO - 2024-11-20 14:11:34 --> Session: Class initialized using 'CodeIgniter\Session\Handlers\FileHandler' driver.
WARNING - 2024-11-20 14:11:34 --> [DEPRECATED] trim(): Passing null to parameter #1 ($string) of type string is deprecated in APPPATH\Controllers\AdquisicionProducto.php on line 71.
 1 APPPATH\Controllers\AdquisicionProducto.php(71): trim(null)
 2 SYSTEMPATH\CodeIgniter.php(933): App\Controllers\AdquisicionProducto->addProducto()
 3 SYSTEMPATH\CodeIgniter.php(509): CodeIgniter\CodeIgniter->runController(Object(App\Controllers\AdquisicionProducto))
 4 SYSTEMPATH\CodeIgniter.php(355): CodeIgniter\CodeIgniter->handleRequest(null, Object(Config\Cache), false)
 5 SYSTEMPATH\Boot.php(325): CodeIgniter\CodeIgniter->run()
 6 SYSTEMPATH\Boot.php(67): CodeIgniter\Boot::runCodeIgniter(Object(CodeIgniter\CodeIgniter))
 7 FCPATH\index.php(56): CodeIgniter\Boot::bootWeb(Object(Config\Paths))
WARNING - 2024-11-20 14:11:34 --> [DEPRECATED] trim(): Passing null to parameter #1 ($string) of type string is deprecated in APPPATH\Controllers\AdquisicionProducto.php on line 72.
 1 APPPATH\Controllers\AdquisicionProducto.php(72): trim(null)
 2 SYSTEMPATH\CodeIgniter.php(933): App\Controllers\AdquisicionProducto->addProducto()
 3 SYSTEMPATH\CodeIgniter.php(509): CodeIgniter\CodeIgniter->runController(Object(App\Controllers\AdquisicionProducto))
 4 SYSTEMPATH\CodeIgniter.php(355): CodeIgniter\CodeIgniter->handleRequest(null, Object(Config\Cache), false)
 5 SYSTEMPATH\Boot.php(325): CodeIgniter\CodeIgniter->run()
 6 SYSTEMPATH\Boot.php(67): CodeIgniter\Boot::runCodeIgniter(Object(CodeIgniter\CodeIgniter))
 7 FCPATH\index.php(56): CodeIgniter\Boot::bootWeb(Object(Config\Paths))
WARNING - 2024-11-20 14:11:34 --> [DEPRECATED] trim(): Passing null to parameter #1 ($string) of type string is deprecated in APPPATH\Controllers\AdquisicionProducto.php on line 73.
 1 APPPATH\Controllers\AdquisicionProducto.php(73): trim(null)
 2 SYSTEMPATH\CodeIgniter.php(933): App\Controllers\AdquisicionProducto->addProducto()
 3 SYSTEMPATH\CodeIgniter.php(509): CodeIgniter\CodeIgniter->runController(Object(App\Controllers\AdquisicionProducto))
 4 SYSTEMPATH\CodeIgniter.php(355): CodeIgniter\CodeIgniter->handleRequest(null, Object(Config\Cache), false)
 5 SYSTEMPATH\Boot.php(325): CodeIgniter\CodeIgniter->run()
 6 SYSTEMPATH\Boot.php(67): CodeIgniter\Boot::runCodeIgniter(Object(CodeIgniter\CodeIgniter))
 7 FCPATH\index.php(56): CodeIgniter\Boot::bootWeb(Object(Config\Paths))
WARNING - 2024-11-20 14:11:34 --> [DEPRECATED] trim(): Passing null to parameter #1 ($string) of type string is deprecated in APPPATH\Controllers\AdquisicionProducto.php on line 75.
 1 APPPATH\Controllers\AdquisicionProducto.php(75): trim(null)
 2 SYSTEMPATH\CodeIgniter.php(933): App\Controllers\AdquisicionProducto->addProducto()
 3 SYSTEMPATH\CodeIgniter.php(509): CodeIgniter\CodeIgniter->runController(Object(App\Controllers\AdquisicionProducto))
 4 SYSTEMPATH\CodeIgniter.php(355): CodeIgniter\CodeIgniter->handleRequest(null, Object(Config\Cache), false)
 5 SYSTEMPATH\Boot.php(325): CodeIgniter\CodeIgniter->run()
 6 SYSTEMPATH\Boot.php(67): CodeIgniter\Boot::runCodeIgniter(Object(CodeIgniter\CodeIgniter))
 7 FCPATH\index.php(56): CodeIgniter\Boot::bootWeb(Object(Config\Paths))
WARNING - 2024-11-20 14:11:34 --> [DEPRECATED] trim(): Passing null to parameter #1 ($string) of type string is deprecated in APPPATH\Controllers\AdquisicionProducto.php on line 76.
 1 APPPATH\Controllers\AdquisicionProducto.php(76): trim(null)
 2 SYSTEMPATH\CodeIgniter.php(933): App\Controllers\AdquisicionProducto->addProducto()
 3 SYSTEMPATH\CodeIgniter.php(509): CodeIgniter\CodeIgniter->runController(Object(App\Controllers\AdquisicionProducto))
 4 SYSTEMPATH\CodeIgniter.php(355): CodeIgniter\CodeIgniter->handleRequest(null, Object(Config\Cache), false)
 5 SYSTEMPATH\Boot.php(325): CodeIgniter\CodeIgniter->run()
 6 SYSTEMPATH\Boot.php(67): CodeIgniter\Boot::runCodeIgniter(Object(CodeIgniter\CodeIgniter))
 7 FCPATH\index.php(56): CodeIgniter\Boot::bootWeb(Object(Config\Paths))
WARNING - 2024-11-20 14:11:34 --> [DEPRECATED] trim(): Passing null to parameter #1 ($string) of type string is deprecated in APPPATH\Controllers\AdquisicionProducto.php on line 77.
 1 APPPATH\Controllers\AdquisicionProducto.php(77): trim(null)
 2 SYSTEMPATH\CodeIgniter.php(933): App\Controllers\AdquisicionProducto->addProducto()
 3 SYSTEMPATH\CodeIgniter.php(509): CodeIgniter\CodeIgniter->runController(Object(App\Controllers\AdquisicionProducto))
 4 SYSTEMPATH\CodeIgniter.php(355): CodeIgniter\CodeIgniter->handleRequest(null, Object(Config\Cache), false)
 5 SYSTEMPATH\Boot.php(325): CodeIgniter\CodeIgniter->run()
 6 SYSTEMPATH\Boot.php(67): CodeIgniter\Boot::runCodeIgniter(Object(CodeIgniter\CodeIgniter))
 7 FCPATH\index.php(56): CodeIgniter\Boot::bootWeb(Object(Config\Paths))
ERROR - 2024-11-20 14:11:34 --> mysqli_sql_exception: Cannot add or update a child row: a foreign key constraint fails (`gador_warehouse`.`adquisicion_producto`, CONSTRAINT `fk_adquisicion_producto_productos1` FOREIGN KEY (`id_producto`) REFERENCES `productos` (`id_producto`)) in C:\laragon\www\gador_warehouse\system\Database\MySQLi\Connection.php:310
Stack trace:
#0 C:\laragon\www\gador_warehouse\system\Database\MySQLi\Connection.php(310): mysqli->query('INSERT INTO `ad...', 0)
#1 C:\laragon\www\gador_warehouse\system\Database\BaseConnection.php(732): CodeIgniter\Database\MySQLi\Connection->execute('INSERT INTO `ad...')
#2 C:\laragon\www\gador_warehouse\system\Database\BaseConnection.php(646): CodeIgniter\Database\BaseConnection->simpleQuery('INSERT INTO `ad...')
#3 C:\laragon\www\gador_warehouse\system\Database\BaseBuilder.php(2333): CodeIgniter\Database\BaseConnection->query('INSERT INTO `ad...', Array, false)
#4 C:\laragon\www\gador_warehouse\system\Model.php(394): CodeIgniter\Database\BaseBuilder->insert()
#5 C:\laragon\www\gador_warehouse\system\BaseModel.php(840): CodeIgniter\Model->doInsert(Array)
#6 C:\laragon\www\gador_warehouse\system\Model.php(802): CodeIgniter\BaseModel->insert(Array, true)
#7 C:\laragon\www\gador_warehouse\app\Models\AdquisicionProductoModel.php(33): CodeIgniter\Model->insert(Array)
#8 C:\laragon\www\gador_warehouse\app\Controllers\AdquisicionProducto.php(81): App\Models\AdquisicionProductoModel->createAdquisicionProducto(Array)
#9 C:\laragon\www\gador_warehouse\system\CodeIgniter.php(933): App\Controllers\AdquisicionProducto->addProducto()
#10 C:\laragon\www\gador_warehouse\system\CodeIgniter.php(509): CodeIgniter\CodeIgniter->runController(Object(App\Controllers\AdquisicionProducto))
#11 C:\laragon\www\gador_warehouse\system\CodeIgniter.php(355): CodeIgniter\CodeIgniter->handleRequest(NULL, Object(Config\Cache), false)
#12 C:\laragon\www\gador_warehouse\system\Boot.php(325): CodeIgniter\CodeIgniter->run()
#13 C:\laragon\www\gador_warehouse\system\Boot.php(67): CodeIgniter\Boot::runCodeIgniter(Object(CodeIgniter\CodeIgniter))
#14 C:\laragon\www\gador_warehouse\public\index.php(56): CodeIgniter\Boot::bootWeb(Object(Config\Paths))
#15 {main}
CRITICAL - 2024-11-20 14:11:34 --> CodeIgniter\Database\Exceptions\DatabaseException: Cannot add or update a child row: a foreign key constraint fails (`gador_warehouse`.`adquisicion_producto`, CONSTRAINT `fk_adquisicion_producto_productos1` FOREIGN KEY (`id_producto`) REFERENCES `productos` (`id_producto`))
[Method: POST, Route: adquisicion_producto/add_producto]
in SYSTEMPATH\Database\BaseConnection.php on line 686.
 1 SYSTEMPATH\Database\BaseBuilder.php(2333): CodeIgniter\Database\BaseConnection->query('INSERT INTO `adquisicion_producto` (`tipo_movimiento`, `cant_ingreso`, `precio_adquisicion`, `cant_existente`, `ingreso_valorado`, `id_nro_adquisicion`, `id_producto`, `partida_presupuestaria`, `log_adquisicion_producto`) VALUES (:tipo_movimiento:, :cant_ingreso:, :precio_adquisicion:, :cant_existente:, :ingreso_valorado:, :id_nro_adquisicion:, :id_producto:, :partida_presupuestaria:, :log_adquisicion_producto:)', [...], false)
 2 SYSTEMPATH\Model.php(394): CodeIgniter\Database\BaseBuilder->insert()
 3 SYSTEMPATH\BaseModel.php(840): CodeIgniter\Model->doInsert([...])
 4 SYSTEMPATH\Model.php(802): CodeIgniter\BaseModel->insert([...], true)
 5 APPPATH\Models\AdquisicionProductoModel.php(33): CodeIgniter\Model->insert([...])
 6 APPPATH\Controllers\AdquisicionProducto.php(81): App\Models\AdquisicionProductoModel->createAdquisicionProducto([...])
 7 SYSTEMPATH\CodeIgniter.php(933): App\Controllers\AdquisicionProducto->addProducto()
 8 SYSTEMPATH\CodeIgniter.php(509): CodeIgniter\CodeIgniter->runController(Object(App\Controllers\AdquisicionProducto))
 9 SYSTEMPATH\CodeIgniter.php(355): CodeIgniter\CodeIgniter->handleRequest(null, Object(Config\Cache), false)
10 SYSTEMPATH\Boot.php(325): CodeIgniter\CodeIgniter->run()
11 SYSTEMPATH\Boot.php(67): CodeIgniter\Boot::runCodeIgniter(Object(CodeIgniter\CodeIgniter))
12 FCPATH\index.php(56): CodeIgniter\Boot::bootWeb(Object(Config\Paths))
CRITICAL - 2024-11-20 14:11:34 --> [Caused by] CodeIgniter\Database\Exceptions\DatabaseException: Cannot add or update a child row: a foreign key constraint fails (`gador_warehouse`.`adquisicion_producto`, CONSTRAINT `fk_adquisicion_producto_productos1` FOREIGN KEY (`id_producto`) REFERENCES `productos` (`id_producto`))
in SYSTEMPATH\Database\MySQLi\Connection.php on line 315.
 1 SYSTEMPATH\Database\BaseConnection.php(732): CodeIgniter\Database\MySQLi\Connection->execute('INSERT INTO `adquisicion_producto` (`tipo_movimiento`, `cant_ingreso`, `precio_adquisicion`, `cant_existente`, `ingreso_valorado`, `id_nro_adquisicion`, `id_producto`, `partida_presupuestaria`, `log_adquisicion_producto`) VALUES (1, \'\', \'\', \'\', 0, \'\', \'\', \'\', \'CREADO|20/11/2024 14:11:34|juan.perez@gmail.com\')')
 2 SYSTEMPATH\Database\BaseConnection.php(646): CodeIgniter\Database\BaseConnection->simpleQuery('INSERT INTO `adquisicion_producto` (`tipo_movimiento`, `cant_ingreso`, `precio_adquisicion`, `cant_existente`, `ingreso_valorado`, `id_nro_adquisicion`, `id_producto`, `partida_presupuestaria`, `log_adquisicion_producto`) VALUES (1, \'\', \'\', \'\', 0, \'\', \'\', \'\', \'CREADO|20/11/2024 14:11:34|juan.perez@gmail.com\')')
 3 SYSTEMPATH\Database\BaseBuilder.php(2333): CodeIgniter\Database\BaseConnection->query('INSERT INTO `adquisicion_producto` (`tipo_movimiento`, `cant_ingreso`, `precio_adquisicion`, `cant_existente`, `ingreso_valorado`, `id_nro_adquisicion`, `id_producto`, `partida_presupuestaria`, `log_adquisicion_producto`) VALUES (:tipo_movimiento:, :cant_ingreso:, :precio_adquisicion:, :cant_existente:, :ingreso_valorado:, :id_nro_adquisicion:, :id_producto:, :partida_presupuestaria:, :log_adquisicion_producto:)', [...], false)
 4 SYSTEMPATH\Model.php(394): CodeIgniter\Database\BaseBuilder->insert()
 5 SYSTEMPATH\BaseModel.php(840): CodeIgniter\Model->doInsert([...])
 6 SYSTEMPATH\Model.php(802): CodeIgniter\BaseModel->insert([...], true)
 7 APPPATH\Models\AdquisicionProductoModel.php(33): CodeIgniter\Model->insert([...])
 8 APPPATH\Controllers\AdquisicionProducto.php(81): App\Models\AdquisicionProductoModel->createAdquisicionProducto([...])
 9 SYSTEMPATH\CodeIgniter.php(933): App\Controllers\AdquisicionProducto->addProducto()
10 SYSTEMPATH\CodeIgniter.php(509): CodeIgniter\CodeIgniter->runController(Object(App\Controllers\AdquisicionProducto))
11 SYSTEMPATH\CodeIgniter.php(355): CodeIgniter\CodeIgniter->handleRequest(null, Object(Config\Cache), false)
12 SYSTEMPATH\Boot.php(325): CodeIgniter\CodeIgniter->run()
13 SYSTEMPATH\Boot.php(67): CodeIgniter\Boot::runCodeIgniter(Object(CodeIgniter\CodeIgniter))
14 FCPATH\index.php(56): CodeIgniter\Boot::bootWeb(Object(Config\Paths))
CRITICAL - 2024-11-20 14:11:34 --> [Caused by] mysqli_sql_exception: Cannot add or update a child row: a foreign key constraint fails (`gador_warehouse`.`adquisicion_producto`, CONSTRAINT `fk_adquisicion_producto_productos1` FOREIGN KEY (`id_producto`) REFERENCES `productos` (`id_producto`))
in SYSTEMPATH\Database\MySQLi\Connection.php on line 310.
 1 SYSTEMPATH\Database\MySQLi\Connection.php(310): mysqli->query('INSERT INTO `adquisicion_producto` (`tipo_movimiento`, `cant_ingreso`, `precio_adquisicion`, `cant_existente`, `ingreso_valorado`, `id_nro_adquisicion`, `id_producto`, `partida_presupuestaria`, `log_adquisicion_producto`) VALUES (1, \'\', \'\', \'\', 0, \'\', \'\', \'\', \'CREADO|20/11/2024 14:11:34|juan.perez@gmail.com\')', 0)
 2 SYSTEMPATH\Database\BaseConnection.php(732): CodeIgniter\Database\MySQLi\Connection->execute('INSERT INTO `adquisicion_producto` (`tipo_movimiento`, `cant_ingreso`, `precio_adquisicion`, `cant_existente`, `ingreso_valorado`, `id_nro_adquisicion`, `id_producto`, `partida_presupuestaria`, `log_adquisicion_producto`) VALUES (1, \'\', \'\', \'\', 0, \'\', \'\', \'\', \'CREADO|20/11/2024 14:11:34|juan.perez@gmail.com\')')
 3 SYSTEMPATH\Database\BaseConnection.php(646): CodeIgniter\Database\BaseConnection->simpleQuery('INSERT INTO `adquisicion_producto` (`tipo_movimiento`, `cant_ingreso`, `precio_adquisicion`, `cant_existente`, `ingreso_valorado`, `id_nro_adquisicion`, `id_producto`, `partida_presupuestaria`, `log_adquisicion_producto`) VALUES (1, \'\', \'\', \'\', 0, \'\', \'\', \'\', \'CREADO|20/11/2024 14:11:34|juan.perez@gmail.com\')')
 4 SYSTEMPATH\Database\BaseBuilder.php(2333): CodeIgniter\Database\BaseConnection->query('INSERT INTO `adquisicion_producto` (`tipo_movimiento`, `cant_ingreso`, `precio_adquisicion`, `cant_existente`, `ingreso_valorado`, `id_nro_adquisicion`, `id_producto`, `partida_presupuestaria`, `log_adquisicion_producto`) VALUES (:tipo_movimiento:, :cant_ingreso:, :precio_adquisicion:, :cant_existente:, :ingreso_valorado:, :id_nro_adquisicion:, :id_producto:, :partida_presupuestaria:, :log_adquisicion_producto:)', [...], false)
 5 SYSTEMPATH\Model.php(394): CodeIgniter\Database\BaseBuilder->insert()
 6 SYSTEMPATH\BaseModel.php(840): CodeIgniter\Model->doInsert([...])
 7 SYSTEMPATH\Model.php(802): CodeIgniter\BaseModel->insert([...], true)
 8 APPPATH\Models\AdquisicionProductoModel.php(33): CodeIgniter\Model->insert([...])
 9 APPPATH\Controllers\AdquisicionProducto.php(81): App\Models\AdquisicionProductoModel->createAdquisicionProducto([...])
10 SYSTEMPATH\CodeIgniter.php(933): App\Controllers\AdquisicionProducto->addProducto()
11 SYSTEMPATH\CodeIgniter.php(509): CodeIgniter\CodeIgniter->runController(Object(App\Controllers\AdquisicionProducto))
12 SYSTEMPATH\CodeIgniter.php(355): CodeIgniter\CodeIgniter->handleRequest(null, Object(Config\Cache), false)
13 SYSTEMPATH\Boot.php(325): CodeIgniter\CodeIgniter->run()
14 SYSTEMPATH\Boot.php(67): CodeIgniter\Boot::runCodeIgniter(Object(CodeIgniter\CodeIgniter))
15 FCPATH\index.php(56): CodeIgniter\Boot::bootWeb(Object(Config\Paths))
INFO - 2024-11-20 14:11:49 --> Session: Class initialized using 'CodeIgniter\Session\Handlers\FileHandler' driver.
CRITICAL - 2024-11-20 14:11:49 --> ErrorException: Trying to access array offset on value of type null
[Method: GET, Route: items_orden/2]
in APPPATH\Controllers\ItemsOrden.php on line 13.
 1 APPPATH\Controllers\ItemsOrden.php(13): CodeIgniter\Debug\Exceptions->errorHandler(2, 'Trying to access array offset on value of type null', 'C:\\laragon\\www\\gador_warehouse\\app\\Controllers\\ItemsOrden.php', 13)
 2 SYSTEMPATH\CodeIgniter.php(903): App\Controllers\ItemsOrden->__construct()
 3 SYSTEMPATH\CodeIgniter.php(500): CodeIgniter\CodeIgniter->createController()
 4 SYSTEMPATH\CodeIgniter.php(355): CodeIgniter\CodeIgniter->handleRequest(null, Object(Config\Cache), false)
 5 SYSTEMPATH\Boot.php(325): CodeIgniter\CodeIgniter->run()
 6 SYSTEMPATH\Boot.php(67): CodeIgniter\Boot::runCodeIgniter(Object(CodeIgniter\CodeIgniter))
 7 FCPATH\index.php(56): CodeIgniter\Boot::bootWeb(Object(Config\Paths))
INFO - 2024-11-20 14:11:52 --> Session: Class initialized using 'CodeIgniter\Session\Handlers\FileHandler' driver.
CRITICAL - 2024-11-20 14:11:52 --> ErrorException: Trying to access array offset on value of type null
[Method: GET, Route: items_orden/2]
in APPPATH\Controllers\ItemsOrden.php on line 13.
 1 APPPATH\Controllers\ItemsOrden.php(13): CodeIgniter\Debug\Exceptions->errorHandler(2, 'Trying to access array offset on value of type null', 'C:\\laragon\\www\\gador_warehouse\\app\\Controllers\\ItemsOrden.php', 13)
 2 SYSTEMPATH\CodeIgniter.php(903): App\Controllers\ItemsOrden->__construct()
 3 SYSTEMPATH\CodeIgniter.php(500): CodeIgniter\CodeIgniter->createController()
 4 SYSTEMPATH\CodeIgniter.php(355): CodeIgniter\CodeIgniter->handleRequest(null, Object(Config\Cache), false)
 5 SYSTEMPATH\Boot.php(325): CodeIgniter\CodeIgniter->run()
 6 SYSTEMPATH\Boot.php(67): CodeIgniter\Boot::runCodeIgniter(Object(CodeIgniter\CodeIgniter))
 7 FCPATH\index.php(56): CodeIgniter\Boot::bootWeb(Object(Config\Paths))
INFO - 2024-11-20 14:11:53 --> Session: Class initialized using 'CodeIgniter\Session\Handlers\FileHandler' driver.
CRITICAL - 2024-11-20 14:11:53 --> ErrorException: Trying to access array offset on value of type null
[Method: GET, Route: orden]
in APPPATH\Controllers\Orden.php on line 16.
 1 APPPATH\Controllers\Orden.php(16): CodeIgniter\Debug\Exceptions->errorHandler(2, 'Trying to access array offset on value of type null', 'C:\\laragon\\www\\gador_warehouse\\app\\Controllers\\Orden.php', 16)
 2 SYSTEMPATH\CodeIgniter.php(903): App\Controllers\Orden->__construct()
 3 SYSTEMPATH\CodeIgniter.php(500): CodeIgniter\CodeIgniter->createController()
 4 SYSTEMPATH\CodeIgniter.php(355): CodeIgniter\CodeIgniter->handleRequest(null, Object(Config\Cache), false)
 5 SYSTEMPATH\Boot.php(325): CodeIgniter\CodeIgniter->run()
 6 SYSTEMPATH\Boot.php(67): CodeIgniter\Boot::runCodeIgniter(Object(CodeIgniter\CodeIgniter))
 7 FCPATH\index.php(56): CodeIgniter\Boot::bootWeb(Object(Config\Paths))
INFO - 2024-11-20 14:11:55 --> Session: Class initialized using 'CodeIgniter\Session\Handlers\FileHandler' driver.
CRITICAL - 2024-11-20 14:11:55 --> ErrorException: Trying to access array offset on value of type null
[Method: GET, Route: orden]
in APPPATH\Controllers\Orden.php on line 16.
 1 APPPATH\Controllers\Orden.php(16): CodeIgniter\Debug\Exceptions->errorHandler(2, 'Trying to access array offset on value of type null', 'C:\\laragon\\www\\gador_warehouse\\app\\Controllers\\Orden.php', 16)
 2 SYSTEMPATH\CodeIgniter.php(903): App\Controllers\Orden->__construct()
 3 SYSTEMPATH\CodeIgniter.php(500): CodeIgniter\CodeIgniter->createController()
 4 SYSTEMPATH\CodeIgniter.php(355): CodeIgniter\CodeIgniter->handleRequest(null, Object(Config\Cache), false)
 5 SYSTEMPATH\Boot.php(325): CodeIgniter\CodeIgniter->run()
 6 SYSTEMPATH\Boot.php(67): CodeIgniter\Boot::runCodeIgniter(Object(CodeIgniter\CodeIgniter))
 7 FCPATH\index.php(56): CodeIgniter\Boot::bootWeb(Object(Config\Paths))
INFO - 2024-11-20 14:11:59 --> Session: Class initialized using 'CodeIgniter\Session\Handlers\FileHandler' driver.
INFO - 2024-11-20 14:12:01 --> CSRF token verified.
INFO - 2024-11-20 14:12:02 --> Session: Class initialized using 'CodeIgniter\Session\Handlers\FileHandler' driver.
INFO - 2024-11-20 14:12:02 --> Session: Class initialized using 'CodeIgniter\Session\Handlers\FileHandler' driver.
INFO - 2024-11-20 14:12:04 --> Session: Class initialized using 'CodeIgniter\Session\Handlers\FileHandler' driver.
INFO - 2024-11-20 14:12:06 --> Session: Class initialized using 'CodeIgniter\Session\Handlers\FileHandler' driver.
INFO - 2024-11-20 14:12:08 --> Session: Class initialized using 'CodeIgniter\Session\Handlers\FileHandler' driver.
INFO - 2024-11-20 14:12:13 --> Session: Class initialized using 'CodeIgniter\Session\Handlers\FileHandler' driver.
INFO - 2024-11-20 14:12:16 --> CSRF token verified.
INFO - 2024-11-20 14:12:16 --> Session: Class initialized using 'CodeIgniter\Session\Handlers\FileHandler' driver.
WARNING - 2024-11-20 14:12:16 --> [DEPRECATED] trim(): Passing null to parameter #1 ($string) of type string is deprecated in APPPATH\Controllers\AdquisicionProducto.php on line 71.
 1 APPPATH\Controllers\AdquisicionProducto.php(71): trim(null)
 2 SYSTEMPATH\CodeIgniter.php(933): App\Controllers\AdquisicionProducto->addProducto()
 3 SYSTEMPATH\CodeIgniter.php(509): CodeIgniter\CodeIgniter->runController(Object(App\Controllers\AdquisicionProducto))
 4 SYSTEMPATH\CodeIgniter.php(355): CodeIgniter\CodeIgniter->handleRequest(null, Object(Config\Cache), false)
 5 SYSTEMPATH\Boot.php(325): CodeIgniter\CodeIgniter->run()
 6 SYSTEMPATH\Boot.php(67): CodeIgniter\Boot::runCodeIgniter(Object(CodeIgniter\CodeIgniter))
 7 FCPATH\index.php(56): CodeIgniter\Boot::bootWeb(Object(Config\Paths))
WARNING - 2024-11-20 14:12:16 --> [DEPRECATED] trim(): Passing null to parameter #1 ($string) of type string is deprecated in APPPATH\Controllers\AdquisicionProducto.php on line 72.
 1 APPPATH\Controllers\AdquisicionProducto.php(72): trim(null)
 2 SYSTEMPATH\CodeIgniter.php(933): App\Controllers\AdquisicionProducto->addProducto()
 3 SYSTEMPATH\CodeIgniter.php(509): CodeIgniter\CodeIgniter->runController(Object(App\Controllers\AdquisicionProducto))
 4 SYSTEMPATH\CodeIgniter.php(355): CodeIgniter\CodeIgniter->handleRequest(null, Object(Config\Cache), false)
 5 SYSTEMPATH\Boot.php(325): CodeIgniter\CodeIgniter->run()
 6 SYSTEMPATH\Boot.php(67): CodeIgniter\Boot::runCodeIgniter(Object(CodeIgniter\CodeIgniter))
 7 FCPATH\index.php(56): CodeIgniter\Boot::bootWeb(Object(Config\Paths))
WARNING - 2024-11-20 14:12:16 --> [DEPRECATED] trim(): Passing null to parameter #1 ($string) of type string is deprecated in APPPATH\Controllers\AdquisicionProducto.php on line 73.
 1 APPPATH\Controllers\AdquisicionProducto.php(73): trim(null)
 2 SYSTEMPATH\CodeIgniter.php(933): App\Controllers\AdquisicionProducto->addProducto()
 3 SYSTEMPATH\CodeIgniter.php(509): CodeIgniter\CodeIgniter->runController(Object(App\Controllers\AdquisicionProducto))
 4 SYSTEMPATH\CodeIgniter.php(355): CodeIgniter\CodeIgniter->handleRequest(null, Object(Config\Cache), false)
 5 SYSTEMPATH\Boot.php(325): CodeIgniter\CodeIgniter->run()
 6 SYSTEMPATH\Boot.php(67): CodeIgniter\Boot::runCodeIgniter(Object(CodeIgniter\CodeIgniter))
 7 FCPATH\index.php(56): CodeIgniter\Boot::bootWeb(Object(Config\Paths))
WARNING - 2024-11-20 14:12:16 --> [DEPRECATED] trim(): Passing null to parameter #1 ($string) of type string is deprecated in APPPATH\Controllers\AdquisicionProducto.php on line 75.
 1 APPPATH\Controllers\AdquisicionProducto.php(75): trim(null)
 2 SYSTEMPATH\CodeIgniter.php(933): App\Controllers\AdquisicionProducto->addProducto()
 3 SYSTEMPATH\CodeIgniter.php(509): CodeIgniter\CodeIgniter->runController(Object(App\Controllers\AdquisicionProducto))
 4 SYSTEMPATH\CodeIgniter.php(355): CodeIgniter\CodeIgniter->handleRequest(null, Object(Config\Cache), false)
 5 SYSTEMPATH\Boot.php(325): CodeIgniter\CodeIgniter->run()
 6 SYSTEMPATH\Boot.php(67): CodeIgniter\Boot::runCodeIgniter(Object(CodeIgniter\CodeIgniter))
 7 FCPATH\index.php(56): CodeIgniter\Boot::bootWeb(Object(Config\Paths))
WARNING - 2024-11-20 14:12:16 --> [DEPRECATED] trim(): Passing null to parameter #1 ($string) of type string is deprecated in APPPATH\Controllers\AdquisicionProducto.php on line 76.
 1 APPPATH\Controllers\AdquisicionProducto.php(76): trim(null)
 2 SYSTEMPATH\CodeIgniter.php(933): App\Controllers\AdquisicionProducto->addProducto()
 3 SYSTEMPATH\CodeIgniter.php(509): CodeIgniter\CodeIgniter->runController(Object(App\Controllers\AdquisicionProducto))
 4 SYSTEMPATH\CodeIgniter.php(355): CodeIgniter\CodeIgniter->handleRequest(null, Object(Config\Cache), false)
 5 SYSTEMPATH\Boot.php(325): CodeIgniter\CodeIgniter->run()
 6 SYSTEMPATH\Boot.php(67): CodeIgniter\Boot::runCodeIgniter(Object(CodeIgniter\CodeIgniter))
 7 FCPATH\index.php(56): CodeIgniter\Boot::bootWeb(Object(Config\Paths))
WARNING - 2024-11-20 14:12:16 --> [DEPRECATED] trim(): Passing null to parameter #1 ($string) of type string is deprecated in APPPATH\Controllers\AdquisicionProducto.php on line 77.
 1 APPPATH\Controllers\AdquisicionProducto.php(77): trim(null)
 2 SYSTEMPATH\CodeIgniter.php(933): App\Controllers\AdquisicionProducto->addProducto()
 3 SYSTEMPATH\CodeIgniter.php(509): CodeIgniter\CodeIgniter->runController(Object(App\Controllers\AdquisicionProducto))
 4 SYSTEMPATH\CodeIgniter.php(355): CodeIgniter\CodeIgniter->handleRequest(null, Object(Config\Cache), false)
 5 SYSTEMPATH\Boot.php(325): CodeIgniter\CodeIgniter->run()
 6 SYSTEMPATH\Boot.php(67): CodeIgniter\Boot::runCodeIgniter(Object(CodeIgniter\CodeIgniter))
 7 FCPATH\index.php(56): CodeIgniter\Boot::bootWeb(Object(Config\Paths))
ERROR - 2024-11-20 14:12:16 --> mysqli_sql_exception: Cannot add or update a child row: a foreign key constraint fails (`gador_warehouse`.`adquisicion_producto`, CONSTRAINT `fk_adquisicion_producto_productos1` FOREIGN KEY (`id_producto`) REFERENCES `productos` (`id_producto`)) in C:\laragon\www\gador_warehouse\system\Database\MySQLi\Connection.php:310
Stack trace:
#0 C:\laragon\www\gador_warehouse\system\Database\MySQLi\Connection.php(310): mysqli->query('INSERT INTO `ad...', 0)
#1 C:\laragon\www\gador_warehouse\system\Database\BaseConnection.php(732): CodeIgniter\Database\MySQLi\Connection->execute('INSERT INTO `ad...')
#2 C:\laragon\www\gador_warehouse\system\Database\BaseConnection.php(646): CodeIgniter\Database\BaseConnection->simpleQuery('INSERT INTO `ad...')
#3 C:\laragon\www\gador_warehouse\system\Database\BaseBuilder.php(2333): CodeIgniter\Database\BaseConnection->query('INSERT INTO `ad...', Array, false)
#4 C:\laragon\www\gador_warehouse\system\Model.php(394): CodeIgniter\Database\BaseBuilder->insert()
#5 C:\laragon\www\gador_warehouse\system\BaseModel.php(840): CodeIgniter\Model->doInsert(Array)
#6 C:\laragon\www\gador_warehouse\system\Model.php(802): CodeIgniter\BaseModel->insert(Array, true)
#7 C:\laragon\www\gador_warehouse\app\Models\AdquisicionProductoModel.php(33): CodeIgniter\Model->insert(Array)
#8 C:\laragon\www\gador_warehouse\app\Controllers\AdquisicionProducto.php(81): App\Models\AdquisicionProductoModel->createAdquisicionProducto(Array)
#9 C:\laragon\www\gador_warehouse\system\CodeIgniter.php(933): App\Controllers\AdquisicionProducto->addProducto()
#10 C:\laragon\www\gador_warehouse\system\CodeIgniter.php(509): CodeIgniter\CodeIgniter->runController(Object(App\Controllers\AdquisicionProducto))
#11 C:\laragon\www\gador_warehouse\system\CodeIgniter.php(355): CodeIgniter\CodeIgniter->handleRequest(NULL, Object(Config\Cache), false)
#12 C:\laragon\www\gador_warehouse\system\Boot.php(325): CodeIgniter\CodeIgniter->run()
#13 C:\laragon\www\gador_warehouse\system\Boot.php(67): CodeIgniter\Boot::runCodeIgniter(Object(CodeIgniter\CodeIgniter))
#14 C:\laragon\www\gador_warehouse\public\index.php(56): CodeIgniter\Boot::bootWeb(Object(Config\Paths))
#15 {main}
CRITICAL - 2024-11-20 14:12:16 --> CodeIgniter\Database\Exceptions\DatabaseException: Cannot add or update a child row: a foreign key constraint fails (`gador_warehouse`.`adquisicion_producto`, CONSTRAINT `fk_adquisicion_producto_productos1` FOREIGN KEY (`id_producto`) REFERENCES `productos` (`id_producto`))
[Method: POST, Route: adquisicion_producto/add_producto]
in SYSTEMPATH\Database\BaseConnection.php on line 686.
 1 SYSTEMPATH\Database\BaseBuilder.php(2333): CodeIgniter\Database\BaseConnection->query('INSERT INTO `adquisicion_producto` (`tipo_movimiento`, `cant_ingreso`, `precio_adquisicion`, `cant_existente`, `ingreso_valorado`, `id_nro_adquisicion`, `id_producto`, `partida_presupuestaria`, `log_adquisicion_producto`) VALUES (:tipo_movimiento:, :cant_ingreso:, :precio_adquisicion:, :cant_existente:, :ingreso_valorado:, :id_nro_adquisicion:, :id_producto:, :partida_presupuestaria:, :log_adquisicion_producto:)', [...], false)
 2 SYSTEMPATH\Model.php(394): CodeIgniter\Database\BaseBuilder->insert()
 3 SYSTEMPATH\BaseModel.php(840): CodeIgniter\Model->doInsert([...])
 4 SYSTEMPATH\Model.php(802): CodeIgniter\BaseModel->insert([...], true)
 5 APPPATH\Models\AdquisicionProductoModel.php(33): CodeIgniter\Model->insert([...])
 6 APPPATH\Controllers\AdquisicionProducto.php(81): App\Models\AdquisicionProductoModel->createAdquisicionProducto([...])
 7 SYSTEMPATH\CodeIgniter.php(933): App\Controllers\AdquisicionProducto->addProducto()
 8 SYSTEMPATH\CodeIgniter.php(509): CodeIgniter\CodeIgniter->runController(Object(App\Controllers\AdquisicionProducto))
 9 SYSTEMPATH\CodeIgniter.php(355): CodeIgniter\CodeIgniter->handleRequest(null, Object(Config\Cache), false)
10 SYSTEMPATH\Boot.php(325): CodeIgniter\CodeIgniter->run()
11 SYSTEMPATH\Boot.php(67): CodeIgniter\Boot::runCodeIgniter(Object(CodeIgniter\CodeIgniter))
12 FCPATH\index.php(56): CodeIgniter\Boot::bootWeb(Object(Config\Paths))
CRITICAL - 2024-11-20 14:12:16 --> [Caused by] CodeIgniter\Database\Exceptions\DatabaseException: Cannot add or update a child row: a foreign key constraint fails (`gador_warehouse`.`adquisicion_producto`, CONSTRAINT `fk_adquisicion_producto_productos1` FOREIGN KEY (`id_producto`) REFERENCES `productos` (`id_producto`))
in SYSTEMPATH\Database\MySQLi\Connection.php on line 315.
 1 SYSTEMPATH\Database\BaseConnection.php(732): CodeIgniter\Database\MySQLi\Connection->execute('INSERT INTO `adquisicion_producto` (`tipo_movimiento`, `cant_ingreso`, `precio_adquisicion`, `cant_existente`, `ingreso_valorado`, `id_nro_adquisicion`, `id_producto`, `partida_presupuestaria`, `log_adquisicion_producto`) VALUES (1, \'\', \'\', \'\', 0, \'\', \'\', \'\', \'CREADO|20/11/2024 14:12:16|juan.perez@gmail.com\')')
 2 SYSTEMPATH\Database\BaseConnection.php(646): CodeIgniter\Database\BaseConnection->simpleQuery('INSERT INTO `adquisicion_producto` (`tipo_movimiento`, `cant_ingreso`, `precio_adquisicion`, `cant_existente`, `ingreso_valorado`, `id_nro_adquisicion`, `id_producto`, `partida_presupuestaria`, `log_adquisicion_producto`) VALUES (1, \'\', \'\', \'\', 0, \'\', \'\', \'\', \'CREADO|20/11/2024 14:12:16|juan.perez@gmail.com\')')
 3 SYSTEMPATH\Database\BaseBuilder.php(2333): CodeIgniter\Database\BaseConnection->query('INSERT INTO `adquisicion_producto` (`tipo_movimiento`, `cant_ingreso`, `precio_adquisicion`, `cant_existente`, `ingreso_valorado`, `id_nro_adquisicion`, `id_producto`, `partida_presupuestaria`, `log_adquisicion_producto`) VALUES (:tipo_movimiento:, :cant_ingreso:, :precio_adquisicion:, :cant_existente:, :ingreso_valorado:, :id_nro_adquisicion:, :id_producto:, :partida_presupuestaria:, :log_adquisicion_producto:)', [...], false)
 4 SYSTEMPATH\Model.php(394): CodeIgniter\Database\BaseBuilder->insert()
 5 SYSTEMPATH\BaseModel.php(840): CodeIgniter\Model->doInsert([...])
 6 SYSTEMPATH\Model.php(802): CodeIgniter\BaseModel->insert([...], true)
 7 APPPATH\Models\AdquisicionProductoModel.php(33): CodeIgniter\Model->insert([...])
 8 APPPATH\Controllers\AdquisicionProducto.php(81): App\Models\AdquisicionProductoModel->createAdquisicionProducto([...])
 9 SYSTEMPATH\CodeIgniter.php(933): App\Controllers\AdquisicionProducto->addProducto()
10 SYSTEMPATH\CodeIgniter.php(509): CodeIgniter\CodeIgniter->runController(Object(App\Controllers\AdquisicionProducto))
11 SYSTEMPATH\CodeIgniter.php(355): CodeIgniter\CodeIgniter->handleRequest(null, Object(Config\Cache), false)
12 SYSTEMPATH\Boot.php(325): CodeIgniter\CodeIgniter->run()
13 SYSTEMPATH\Boot.php(67): CodeIgniter\Boot::runCodeIgniter(Object(CodeIgniter\CodeIgniter))
14 FCPATH\index.php(56): CodeIgniter\Boot::bootWeb(Object(Config\Paths))
CRITICAL - 2024-11-20 14:12:16 --> [Caused by] mysqli_sql_exception: Cannot add or update a child row: a foreign key constraint fails (`gador_warehouse`.`adquisicion_producto`, CONSTRAINT `fk_adquisicion_producto_productos1` FOREIGN KEY (`id_producto`) REFERENCES `productos` (`id_producto`))
in SYSTEMPATH\Database\MySQLi\Connection.php on line 310.
 1 SYSTEMPATH\Database\MySQLi\Connection.php(310): mysqli->query('INSERT INTO `adquisicion_producto` (`tipo_movimiento`, `cant_ingreso`, `precio_adquisicion`, `cant_existente`, `ingreso_valorado`, `id_nro_adquisicion`, `id_producto`, `partida_presupuestaria`, `log_adquisicion_producto`) VALUES (1, \'\', \'\', \'\', 0, \'\', \'\', \'\', \'CREADO|20/11/2024 14:12:16|juan.perez@gmail.com\')', 0)
 2 SYSTEMPATH\Database\BaseConnection.php(732): CodeIgniter\Database\MySQLi\Connection->execute('INSERT INTO `adquisicion_producto` (`tipo_movimiento`, `cant_ingreso`, `precio_adquisicion`, `cant_existente`, `ingreso_valorado`, `id_nro_adquisicion`, `id_producto`, `partida_presupuestaria`, `log_adquisicion_producto`) VALUES (1, \'\', \'\', \'\', 0, \'\', \'\', \'\', \'CREADO|20/11/2024 14:12:16|juan.perez@gmail.com\')')
 3 SYSTEMPATH\Database\BaseConnection.php(646): CodeIgniter\Database\BaseConnection->simpleQuery('INSERT INTO `adquisicion_producto` (`tipo_movimiento`, `cant_ingreso`, `precio_adquisicion`, `cant_existente`, `ingreso_valorado`, `id_nro_adquisicion`, `id_producto`, `partida_presupuestaria`, `log_adquisicion_producto`) VALUES (1, \'\', \'\', \'\', 0, \'\', \'\', \'\', \'CREADO|20/11/2024 14:12:16|juan.perez@gmail.com\')')
 4 SYSTEMPATH\Database\BaseBuilder.php(2333): CodeIgniter\Database\BaseConnection->query('INSERT INTO `adquisicion_producto` (`tipo_movimiento`, `cant_ingreso`, `precio_adquisicion`, `cant_existente`, `ingreso_valorado`, `id_nro_adquisicion`, `id_producto`, `partida_presupuestaria`, `log_adquisicion_producto`) VALUES (:tipo_movimiento:, :cant_ingreso:, :precio_adquisicion:, :cant_existente:, :ingreso_valorado:, :id_nro_adquisicion:, :id_producto:, :partida_presupuestaria:, :log_adquisicion_producto:)', [...], false)
 5 SYSTEMPATH\Model.php(394): CodeIgniter\Database\BaseBuilder->insert()
 6 SYSTEMPATH\BaseModel.php(840): CodeIgniter\Model->doInsert([...])
 7 SYSTEMPATH\Model.php(802): CodeIgniter\BaseModel->insert([...], true)
 8 APPPATH\Models\AdquisicionProductoModel.php(33): CodeIgniter\Model->insert([...])
 9 APPPATH\Controllers\AdquisicionProducto.php(81): App\Models\AdquisicionProductoModel->createAdquisicionProducto([...])
10 SYSTEMPATH\CodeIgniter.php(933): App\Controllers\AdquisicionProducto->addProducto()
11 SYSTEMPATH\CodeIgniter.php(509): CodeIgniter\CodeIgniter->runController(Object(App\Controllers\AdquisicionProducto))
12 SYSTEMPATH\CodeIgniter.php(355): CodeIgniter\CodeIgniter->handleRequest(null, Object(Config\Cache), false)
13 SYSTEMPATH\Boot.php(325): CodeIgniter\CodeIgniter->run()
14 SYSTEMPATH\Boot.php(67): CodeIgniter\Boot::runCodeIgniter(Object(CodeIgniter\CodeIgniter))
15 FCPATH\index.php(56): CodeIgniter\Boot::bootWeb(Object(Config\Paths))
INFO - 2024-11-20 14:12:43 --> Session: Class initialized using 'CodeIgniter\Session\Handlers\FileHandler' driver.
CRITICAL - 2024-11-20 14:12:43 --> ErrorException: Trying to access array offset on value of type null
[Method: GET, Route: items_orden/1]
in APPPATH\Controllers\ItemsOrden.php on line 13.
 1 APPPATH\Controllers\ItemsOrden.php(13): CodeIgniter\Debug\Exceptions->errorHandler(2, 'Trying to access array offset on value of type null', 'C:\\laragon\\www\\gador_warehouse\\app\\Controllers\\ItemsOrden.php', 13)
 2 SYSTEMPATH\CodeIgniter.php(903): App\Controllers\ItemsOrden->__construct()
 3 SYSTEMPATH\CodeIgniter.php(500): CodeIgniter\CodeIgniter->createController()
 4 SYSTEMPATH\CodeIgniter.php(355): CodeIgniter\CodeIgniter->handleRequest(null, Object(Config\Cache), false)
 5 SYSTEMPATH\Boot.php(325): CodeIgniter\CodeIgniter->run()
 6 SYSTEMPATH\Boot.php(67): CodeIgniter\Boot::runCodeIgniter(Object(CodeIgniter\CodeIgniter))
 7 FCPATH\index.php(56): CodeIgniter\Boot::bootWeb(Object(Config\Paths))
INFO - 2024-11-20 14:12:45 --> Session: Class initialized using 'CodeIgniter\Session\Handlers\FileHandler' driver.
CRITICAL - 2024-11-20 14:12:45 --> ErrorException: Trying to access array offset on value of type null
[Method: GET, Route: items_orden/1]
in APPPATH\Controllers\ItemsOrden.php on line 13.
 1 APPPATH\Controllers\ItemsOrden.php(13): CodeIgniter\Debug\Exceptions->errorHandler(2, 'Trying to access array offset on value of type null', 'C:\\laragon\\www\\gador_warehouse\\app\\Controllers\\ItemsOrden.php', 13)
 2 SYSTEMPATH\CodeIgniter.php(903): App\Controllers\ItemsOrden->__construct()
 3 SYSTEMPATH\CodeIgniter.php(500): CodeIgniter\CodeIgniter->createController()
 4 SYSTEMPATH\CodeIgniter.php(355): CodeIgniter\CodeIgniter->handleRequest(null, Object(Config\Cache), false)
 5 SYSTEMPATH\Boot.php(325): CodeIgniter\CodeIgniter->run()
 6 SYSTEMPATH\Boot.php(67): CodeIgniter\Boot::runCodeIgniter(Object(CodeIgniter\CodeIgniter))
 7 FCPATH\index.php(56): CodeIgniter\Boot::bootWeb(Object(Config\Paths))
INFO - 2024-11-20 14:12:50 --> Session: Class initialized using 'CodeIgniter\Session\Handlers\FileHandler' driver.
INFO - 2024-11-20 14:12:52 --> CSRF token verified.
INFO - 2024-11-20 14:12:53 --> Session: Class initialized using 'CodeIgniter\Session\Handlers\FileHandler' driver.
INFO - 2024-11-20 14:12:53 --> Session: Class initialized using 'CodeIgniter\Session\Handlers\FileHandler' driver.
INFO - 2024-11-20 14:12:55 --> Session: Class initialized using 'CodeIgniter\Session\Handlers\FileHandler' driver.
INFO - 2024-11-20 14:12:57 --> Session: Class initialized using 'CodeIgniter\Session\Handlers\FileHandler' driver.
INFO - 2024-11-20 14:12:58 --> Session: Class initialized using 'CodeIgniter\Session\Handlers\FileHandler' driver.
INFO - 2024-11-20 14:13:00 --> CSRF token verified.
INFO - 2024-11-20 14:13:00 --> Session: Class initialized using 'CodeIgniter\Session\Handlers\FileHandler' driver.
INFO - 2024-11-20 14:13:03 --> Session: Class initialized using 'CodeIgniter\Session\Handlers\FileHandler' driver.
INFO - 2024-11-20 14:13:05 --> Session: Class initialized using 'CodeIgniter\Session\Handlers\FileHandler' driver.
INFO - 2024-11-20 14:13:07 --> CSRF token verified.
INFO - 2024-11-20 14:13:07 --> Session: Class initialized using 'CodeIgniter\Session\Handlers\FileHandler' driver.
INFO - 2024-11-20 14:13:11 --> Session: Class initialized using 'CodeIgniter\Session\Handlers\FileHandler' driver.
INFO - 2024-11-20 14:13:14 --> Session: Class initialized using 'CodeIgniter\Session\Handlers\FileHandler' driver.
INFO - 2024-11-20 14:13:17 --> CSRF token verified.
INFO - 2024-11-20 14:13:17 --> Session: Class initialized using 'CodeIgniter\Session\Handlers\FileHandler' driver.
INFO - 2024-11-20 14:13:20 --> Session: Class initialized using 'CodeIgniter\Session\Handlers\FileHandler' driver.
INFO - 2024-11-20 14:13:24 --> Session: Class initialized using 'CodeIgniter\Session\Handlers\FileHandler' driver.
INFO - 2024-11-20 14:13:27 --> CSRF token verified.
INFO - 2024-11-20 14:13:27 --> Session: Class initialized using 'CodeIgniter\Session\Handlers\FileHandler' driver.
INFO - 2024-11-20 14:13:29 --> Session: Class initialized using 'CodeIgniter\Session\Handlers\FileHandler' driver.
INFO - 2024-11-20 14:14:59 --> Session: Class initialized using 'CodeIgniter\Session\Handlers\FileHandler' driver.
INFO - 2024-11-20 14:15:01 --> Session: Class initialized using 'CodeIgniter\Session\Handlers\FileHandler' driver.
INFO - 2024-11-20 14:15:04 --> CSRF token verified.
INFO - 2024-11-20 14:15:04 --> Session: Class initialized using 'CodeIgniter\Session\Handlers\FileHandler' driver.
INFO - 2024-11-20 14:15:07 --> Session: Class initialized using 'CodeIgniter\Session\Handlers\FileHandler' driver.
INFO - 2024-11-20 14:15:11 --> Session: Class initialized using 'CodeIgniter\Session\Handlers\FileHandler' driver.
INFO - 2024-11-20 14:15:12 --> CSRF token verified.
INFO - 2024-11-20 14:15:12 --> Session: Class initialized using 'CodeIgniter\Session\Handlers\FileHandler' driver.
INFO - 2024-11-20 14:15:15 --> Session: Class initialized using 'CodeIgniter\Session\Handlers\FileHandler' driver.
INFO - 2024-11-20 14:15:18 --> Session: Class initialized using 'CodeIgniter\Session\Handlers\FileHandler' driver.
INFO - 2024-11-20 14:15:20 --> CSRF token verified.
INFO - 2024-11-20 14:15:20 --> Session: Class initialized using 'CodeIgniter\Session\Handlers\FileHandler' driver.
INFO - 2024-11-20 14:15:22 --> Session: Class initialized using 'CodeIgniter\Session\Handlers\FileHandler' driver.
INFO - 2024-11-20 14:17:19 --> Session: Class initialized using 'CodeIgniter\Session\Handlers\FileHandler' driver.
INFO - 2024-11-20 14:21:18 --> Session: Class initialized using 'CodeIgniter\Session\Handlers\FileHandler' driver.
INFO - 2024-11-20 14:21:19 --> Session: Class initialized using 'CodeIgniter\Session\Handlers\FileHandler' driver.
INFO - 2024-11-20 14:21:21 --> CSRF token verified.
INFO - 2024-11-20 14:21:21 --> Session: Class initialized using 'CodeIgniter\Session\Handlers\FileHandler' driver.
INFO - 2024-11-20 14:21:21 --> Session: Class initialized using 'CodeIgniter\Session\Handlers\FileHandler' driver.
INFO - 2024-11-20 14:21:38 --> Session: Class initialized using 'CodeIgniter\Session\Handlers\FileHandler' driver.
INFO - 2024-11-20 14:21:39 --> Session: Class initialized using 'CodeIgniter\Session\Handlers\FileHandler' driver.
INFO - 2024-11-20 14:21:41 --> CSRF token verified.
INFO - 2024-11-20 14:21:41 --> Session: Class initialized using 'CodeIgniter\Session\Handlers\FileHandler' driver.
INFO - 2024-11-20 14:21:41 --> Session: Class initialized using 'CodeIgniter\Session\Handlers\FileHandler' driver.
INFO - 2024-11-20 14:30:24 --> Session: Class initialized using 'CodeIgniter\Session\Handlers\FileHandler' driver.
INFO - 2024-11-20 14:32:33 --> Session: Class initialized using 'CodeIgniter\Session\Handlers\FileHandler' driver.
INFO - 2024-11-20 14:33:21 --> Session: Class initialized using 'CodeIgniter\Session\Handlers\FileHandler' driver.
INFO - 2024-11-20 14:33:39 --> Session: Class initialized using 'CodeIgniter\Session\Handlers\FileHandler' driver.
INFO - 2024-11-20 14:33:42 --> CSRF token verified.
INFO - 2024-11-20 14:33:42 --> Session: Class initialized using 'CodeIgniter\Session\Handlers\FileHandler' driver.
INFO - 2024-11-20 14:33:42 --> Session: Class initialized using 'CodeIgniter\Session\Handlers\FileHandler' driver.
INFO - 2024-11-20 14:33:50 --> Session: Class initialized using 'CodeIgniter\Session\Handlers\FileHandler' driver.
CRITICAL - 2024-11-20 14:33:50 --> ErrorException: Trying to access array offset on value of type null
[Method: GET, Route: adquisicion_producto/editar_item/3]
in APPPATH\Controllers\AdquisicionProducto.php on line 92.
 1 APPPATH\Controllers\AdquisicionProducto.php(92): CodeIgniter\Debug\Exceptions->errorHandler(2, 'Trying to access array offset on value of type null', 'C:\\laragon\\www\\gador_warehouse\\app\\Controllers\\AdquisicionProducto.php', 92)
 2 SYSTEMPATH\CodeIgniter.php(933): App\Controllers\AdquisicionProducto->editarItem('3')
 3 SYSTEMPATH\CodeIgniter.php(509): CodeIgniter\CodeIgniter->runController(Object(App\Controllers\AdquisicionProducto))
 4 SYSTEMPATH\CodeIgniter.php(355): CodeIgniter\CodeIgniter->handleRequest(null, Object(Config\Cache), false)
 5 SYSTEMPATH\Boot.php(325): CodeIgniter\CodeIgniter->run()
 6 SYSTEMPATH\Boot.php(67): CodeIgniter\Boot::runCodeIgniter(Object(CodeIgniter\CodeIgniter))
 7 FCPATH\index.php(56): CodeIgniter\Boot::bootWeb(Object(Config\Paths))
INFO - 2024-11-20 14:34:48 --> Session: Class initialized using 'CodeIgniter\Session\Handlers\FileHandler' driver.
CRITICAL - 2024-11-20 14:34:48 --> ErrorException: Trying to access array offset on value of type null
[Method: GET, Route: items_orden/1]
in APPPATH\Controllers\ItemsOrden.php on line 13.
 1 APPPATH\Controllers\ItemsOrden.php(13): CodeIgniter\Debug\Exceptions->errorHandler(2, 'Trying to access array offset on value of type null', 'C:\\laragon\\www\\gador_warehouse\\app\\Controllers\\ItemsOrden.php', 13)
 2 SYSTEMPATH\CodeIgniter.php(903): App\Controllers\ItemsOrden->__construct()
 3 SYSTEMPATH\CodeIgniter.php(500): CodeIgniter\CodeIgniter->createController()
 4 SYSTEMPATH\CodeIgniter.php(355): CodeIgniter\CodeIgniter->handleRequest(null, Object(Config\Cache), false)
 5 SYSTEMPATH\Boot.php(325): CodeIgniter\CodeIgniter->run()
 6 SYSTEMPATH\Boot.php(67): CodeIgniter\Boot::runCodeIgniter(Object(CodeIgniter\CodeIgniter))
 7 FCPATH\index.php(56): CodeIgniter\Boot::bootWeb(Object(Config\Paths))
INFO - 2024-11-20 14:35:12 --> Session: Class initialized using 'CodeIgniter\Session\Handlers\FileHandler' driver.
CRITICAL - 2024-11-20 14:35:12 --> ErrorException: Trying to access array offset on value of type null
[Method: GET, Route: items_orden/1]
in APPPATH\Controllers\ItemsOrden.php on line 13.
 1 APPPATH\Controllers\ItemsOrden.php(13): CodeIgniter\Debug\Exceptions->errorHandler(2, 'Trying to access array offset on value of type null', 'C:\\laragon\\www\\gador_warehouse\\app\\Controllers\\ItemsOrden.php', 13)
 2 SYSTEMPATH\CodeIgniter.php(903): App\Controllers\ItemsOrden->__construct()
 3 SYSTEMPATH\CodeIgniter.php(500): CodeIgniter\CodeIgniter->createController()
 4 SYSTEMPATH\CodeIgniter.php(355): CodeIgniter\CodeIgniter->handleRequest(null, Object(Config\Cache), false)
 5 SYSTEMPATH\Boot.php(325): CodeIgniter\CodeIgniter->run()
 6 SYSTEMPATH\Boot.php(67): CodeIgniter\Boot::runCodeIgniter(Object(CodeIgniter\CodeIgniter))
 7 FCPATH\index.php(56): CodeIgniter\Boot::bootWeb(Object(Config\Paths))
INFO - 2024-11-20 14:35:17 --> Session: Class initialized using 'CodeIgniter\Session\Handlers\FileHandler' driver.
CRITICAL - 2024-11-20 14:35:17 --> ErrorException: Trying to access array offset on value of type null
[Method: GET, Route: items_orden/1]
in APPPATH\Controllers\ItemsOrden.php on line 13.
 1 APPPATH\Controllers\ItemsOrden.php(13): CodeIgniter\Debug\Exceptions->errorHandler(2, 'Trying to access array offset on value of type null', 'C:\\laragon\\www\\gador_warehouse\\app\\Controllers\\ItemsOrden.php', 13)
 2 SYSTEMPATH\CodeIgniter.php(903): App\Controllers\ItemsOrden->__construct()
 3 SYSTEMPATH\CodeIgniter.php(500): CodeIgniter\CodeIgniter->createController()
 4 SYSTEMPATH\CodeIgniter.php(355): CodeIgniter\CodeIgniter->handleRequest(null, Object(Config\Cache), false)
 5 SYSTEMPATH\Boot.php(325): CodeIgniter\CodeIgniter->run()
 6 SYSTEMPATH\Boot.php(67): CodeIgniter\Boot::runCodeIgniter(Object(CodeIgniter\CodeIgniter))
 7 FCPATH\index.php(56): CodeIgniter\Boot::bootWeb(Object(Config\Paths))
INFO - 2024-11-20 14:35:25 --> Session: Class initialized using 'CodeIgniter\Session\Handlers\FileHandler' driver.
CRITICAL - 2024-11-20 14:35:25 --> ErrorException: Trying to access array offset on value of type null
[Method: GET, Route: items_orden/1]
in APPPATH\Controllers\ItemsOrden.php on line 13.
 1 APPPATH\Controllers\ItemsOrden.php(13): CodeIgniter\Debug\Exceptions->errorHandler(2, 'Trying to access array offset on value of type null', 'C:\\laragon\\www\\gador_warehouse\\app\\Controllers\\ItemsOrden.php', 13)
 2 SYSTEMPATH\CodeIgniter.php(903): App\Controllers\ItemsOrden->__construct()
 3 SYSTEMPATH\CodeIgniter.php(500): CodeIgniter\CodeIgniter->createController()
 4 SYSTEMPATH\CodeIgniter.php(355): CodeIgniter\CodeIgniter->handleRequest(null, Object(Config\Cache), false)
 5 SYSTEMPATH\Boot.php(325): CodeIgniter\CodeIgniter->run()
 6 SYSTEMPATH\Boot.php(67): CodeIgniter\Boot::runCodeIgniter(Object(CodeIgniter\CodeIgniter))
 7 FCPATH\index.php(56): CodeIgniter\Boot::bootWeb(Object(Config\Paths))
INFO - 2024-11-20 14:35:29 --> Session: Class initialized using 'CodeIgniter\Session\Handlers\FileHandler' driver.
INFO - 2024-11-20 14:35:31 --> CSRF token verified.
INFO - 2024-11-20 14:35:33 --> Session: Class initialized using 'CodeIgniter\Session\Handlers\FileHandler' driver.
INFO - 2024-11-20 14:35:33 --> Session: Class initialized using 'CodeIgniter\Session\Handlers\FileHandler' driver.
INFO - 2024-11-20 14:35:35 --> Session: Class initialized using 'CodeIgniter\Session\Handlers\FileHandler' driver.
INFO - 2024-11-20 14:35:37 --> Session: Class initialized using 'CodeIgniter\Session\Handlers\FileHandler' driver.
INFO - 2024-11-20 14:35:47 --> Session: Class initialized using 'CodeIgniter\Session\Handlers\FileHandler' driver.
INFO - 2024-11-20 14:36:04 --> Session: Class initialized using 'CodeIgniter\Session\Handlers\FileHandler' driver.
INFO - 2024-11-20 14:37:04 --> Session: Class initialized using 'CodeIgniter\Session\Handlers\FileHandler' driver.
CRITICAL - 2024-11-20 14:37:04 --> ErrorException: Trying to access array offset on value of type null
[Method: GET, Route: adquisicion_producto/editar_item/2]
in APPPATH\Controllers\AdquisicionProducto.php on line 92.
 1 APPPATH\Controllers\AdquisicionProducto.php(92): CodeIgniter\Debug\Exceptions->errorHandler(2, 'Trying to access array offset on value of type null', 'C:\\laragon\\www\\gador_warehouse\\app\\Controllers\\AdquisicionProducto.php', 92)
 2 SYSTEMPATH\CodeIgniter.php(933): App\Controllers\AdquisicionProducto->editarItem('2')
 3 SYSTEMPATH\CodeIgniter.php(509): CodeIgniter\CodeIgniter->runController(Object(App\Controllers\AdquisicionProducto))
 4 SYSTEMPATH\CodeIgniter.php(355): CodeIgniter\CodeIgniter->handleRequest(null, Object(Config\Cache), false)
 5 SYSTEMPATH\Boot.php(325): CodeIgniter\CodeIgniter->run()
 6 SYSTEMPATH\Boot.php(67): CodeIgniter\Boot::runCodeIgniter(Object(CodeIgniter\CodeIgniter))
 7 FCPATH\index.php(56): CodeIgniter\Boot::bootWeb(Object(Config\Paths))
INFO - 2024-11-20 14:37:07 --> Session: Class initialized using 'CodeIgniter\Session\Handlers\FileHandler' driver.
CRITICAL - 2024-11-20 14:37:07 --> ErrorException: Trying to access array offset on value of type null
[Method: GET, Route: items_orden/1]
in APPPATH\Controllers\ItemsOrden.php on line 13.
 1 APPPATH\Controllers\ItemsOrden.php(13): CodeIgniter\Debug\Exceptions->errorHandler(2, 'Trying to access array offset on value of type null', 'C:\\laragon\\www\\gador_warehouse\\app\\Controllers\\ItemsOrden.php', 13)
 2 SYSTEMPATH\CodeIgniter.php(903): App\Controllers\ItemsOrden->__construct()
 3 SYSTEMPATH\CodeIgniter.php(500): CodeIgniter\CodeIgniter->createController()
 4 SYSTEMPATH\CodeIgniter.php(355): CodeIgniter\CodeIgniter->handleRequest(null, Object(Config\Cache), false)
 5 SYSTEMPATH\Boot.php(325): CodeIgniter\CodeIgniter->run()
 6 SYSTEMPATH\Boot.php(67): CodeIgniter\Boot::runCodeIgniter(Object(CodeIgniter\CodeIgniter))
 7 FCPATH\index.php(56): CodeIgniter\Boot::bootWeb(Object(Config\Paths))
INFO - 2024-11-20 14:37:09 --> Session: Class initialized using 'CodeIgniter\Session\Handlers\FileHandler' driver.
CRITICAL - 2024-11-20 14:37:09 --> ErrorException: Trying to access array offset on value of type null
[Method: GET, Route: orden]
in APPPATH\Controllers\Orden.php on line 16.
 1 APPPATH\Controllers\Orden.php(16): CodeIgniter\Debug\Exceptions->errorHandler(2, 'Trying to access array offset on value of type null', 'C:\\laragon\\www\\gador_warehouse\\app\\Controllers\\Orden.php', 16)
 2 SYSTEMPATH\CodeIgniter.php(903): App\Controllers\Orden->__construct()
 3 SYSTEMPATH\CodeIgniter.php(500): CodeIgniter\CodeIgniter->createController()
 4 SYSTEMPATH\CodeIgniter.php(355): CodeIgniter\CodeIgniter->handleRequest(null, Object(Config\Cache), false)
 5 SYSTEMPATH\Boot.php(325): CodeIgniter\CodeIgniter->run()
 6 SYSTEMPATH\Boot.php(67): CodeIgniter\Boot::runCodeIgniter(Object(CodeIgniter\CodeIgniter))
 7 FCPATH\index.php(56): CodeIgniter\Boot::bootWeb(Object(Config\Paths))
INFO - 2024-11-20 14:37:11 --> Session: Class initialized using 'CodeIgniter\Session\Handlers\FileHandler' driver.
INFO - 2024-11-20 14:37:13 --> CSRF token verified.
INFO - 2024-11-20 14:37:14 --> Session: Class initialized using 'CodeIgniter\Session\Handlers\FileHandler' driver.
INFO - 2024-11-20 14:37:14 --> Session: Class initialized using 'CodeIgniter\Session\Handlers\FileHandler' driver.
INFO - 2024-11-20 14:37:16 --> Session: Class initialized using 'CodeIgniter\Session\Handlers\FileHandler' driver.
INFO - 2024-11-20 14:37:18 --> Session: Class initialized using 'CodeIgniter\Session\Handlers\FileHandler' driver.
INFO - 2024-11-20 14:37:20 --> Session: Class initialized using 'CodeIgniter\Session\Handlers\FileHandler' driver.
INFO - 2024-11-20 14:37:22 --> Session: Class initialized using 'CodeIgniter\Session\Handlers\FileHandler' driver.
INFO - 2024-11-20 14:37:24 --> Session: Class initialized using 'CodeIgniter\Session\Handlers\FileHandler' driver.
INFO - 2024-11-20 14:37:26 --> Session: Class initialized using 'CodeIgniter\Session\Handlers\FileHandler' driver.
INFO - 2024-11-20 14:42:24 --> Session: Class initialized using 'CodeIgniter\Session\Handlers\FileHandler' driver.
INFO - 2024-11-20 14:42:26 --> Session: Class initialized using 'CodeIgniter\Session\Handlers\FileHandler' driver.
CRITICAL - 2024-11-20 14:42:26 --> ErrorException: Trying to access array offset on value of type null
[Method: GET, Route: items_orden/editar_item/3]
in APPPATH\Controllers\AdquisicionProducto.php on line 92.
 1 APPPATH\Controllers\AdquisicionProducto.php(92): CodeIgniter\Debug\Exceptions->errorHandler(2, 'Trying to access array offset on value of type null', 'C:\\laragon\\www\\gador_warehouse\\app\\Controllers\\AdquisicionProducto.php', 92)
 2 SYSTEMPATH\CodeIgniter.php(933): App\Controllers\AdquisicionProducto->editarItem('3')
 3 SYSTEMPATH\CodeIgniter.php(509): CodeIgniter\CodeIgniter->runController(Object(App\Controllers\AdquisicionProducto))
 4 SYSTEMPATH\CodeIgniter.php(355): CodeIgniter\CodeIgniter->handleRequest(null, Object(Config\Cache), false)
 5 SYSTEMPATH\Boot.php(325): CodeIgniter\CodeIgniter->run()
 6 SYSTEMPATH\Boot.php(67): CodeIgniter\Boot::runCodeIgniter(Object(CodeIgniter\CodeIgniter))
 7 FCPATH\index.php(56): CodeIgniter\Boot::bootWeb(Object(Config\Paths))
INFO - 2024-11-20 14:42:31 --> Session: Class initialized using 'CodeIgniter\Session\Handlers\FileHandler' driver.
CRITICAL - 2024-11-20 14:42:31 --> ErrorException: Trying to access array offset on value of type null
[Method: GET, Route: items_orden/1]
in APPPATH\Controllers\ItemsOrden.php on line 13.
 1 APPPATH\Controllers\ItemsOrden.php(13): CodeIgniter\Debug\Exceptions->errorHandler(2, 'Trying to access array offset on value of type null', 'C:\\laragon\\www\\gador_warehouse\\app\\Controllers\\ItemsOrden.php', 13)
 2 SYSTEMPATH\CodeIgniter.php(903): App\Controllers\ItemsOrden->__construct()
 3 SYSTEMPATH\CodeIgniter.php(500): CodeIgniter\CodeIgniter->createController()
 4 SYSTEMPATH\CodeIgniter.php(355): CodeIgniter\CodeIgniter->handleRequest(null, Object(Config\Cache), false)
 5 SYSTEMPATH\Boot.php(325): CodeIgniter\CodeIgniter->run()
 6 SYSTEMPATH\Boot.php(67): CodeIgniter\Boot::runCodeIgniter(Object(CodeIgniter\CodeIgniter))
 7 FCPATH\index.php(56): CodeIgniter\Boot::bootWeb(Object(Config\Paths))
INFO - 2024-11-20 14:42:32 --> Session: Class initialized using 'CodeIgniter\Session\Handlers\FileHandler' driver.
CRITICAL - 2024-11-20 14:42:32 --> ErrorException: Trying to access array offset on value of type null
[Method: GET, Route: orden]
in APPPATH\Controllers\Orden.php on line 16.
 1 APPPATH\Controllers\Orden.php(16): CodeIgniter\Debug\Exceptions->errorHandler(2, 'Trying to access array offset on value of type null', 'C:\\laragon\\www\\gador_warehouse\\app\\Controllers\\Orden.php', 16)
 2 SYSTEMPATH\CodeIgniter.php(903): App\Controllers\Orden->__construct()
 3 SYSTEMPATH\CodeIgniter.php(500): CodeIgniter\CodeIgniter->createController()
 4 SYSTEMPATH\CodeIgniter.php(355): CodeIgniter\CodeIgniter->handleRequest(null, Object(Config\Cache), false)
 5 SYSTEMPATH\Boot.php(325): CodeIgniter\CodeIgniter->run()
 6 SYSTEMPATH\Boot.php(67): CodeIgniter\Boot::runCodeIgniter(Object(CodeIgniter\CodeIgniter))
 7 FCPATH\index.php(56): CodeIgniter\Boot::bootWeb(Object(Config\Paths))
INFO - 2024-11-20 14:42:35 --> Session: Class initialized using 'CodeIgniter\Session\Handlers\FileHandler' driver.
INFO - 2024-11-20 14:42:37 --> CSRF token verified.
INFO - 2024-11-20 14:42:38 --> Session: Class initialized using 'CodeIgniter\Session\Handlers\FileHandler' driver.
INFO - 2024-11-20 14:42:38 --> Session: Class initialized using 'CodeIgniter\Session\Handlers\FileHandler' driver.
INFO - 2024-11-20 14:42:40 --> Session: Class initialized using 'CodeIgniter\Session\Handlers\FileHandler' driver.
INFO - 2024-11-20 14:42:42 --> Session: Class initialized using 'CodeIgniter\Session\Handlers\FileHandler' driver.
INFO - 2024-11-20 14:43:25 --> Session: Class initialized using 'CodeIgniter\Session\Handlers\FileHandler' driver.
INFO - 2024-11-20 14:43:27 --> Session: Class initialized using 'CodeIgniter\Session\Handlers\FileHandler' driver.
INFO - 2024-11-20 14:43:31 --> Session: Class initialized using 'CodeIgniter\Session\Handlers\FileHandler' driver.
INFO - 2024-11-20 14:43:34 --> Session: Class initialized using 'CodeIgniter\Session\Handlers\FileHandler' driver.
INFO - 2024-11-20 14:43:37 --> Session: Class initialized using 'CodeIgniter\Session\Handlers\FileHandler' driver.
INFO - 2024-11-20 14:43:48 --> Session: Class initialized using 'CodeIgniter\Session\Handlers\FileHandler' driver.
INFO - 2024-11-20 14:43:50 --> Session: Class initialized using 'CodeIgniter\Session\Handlers\FileHandler' driver.
INFO - 2024-11-20 14:44:52 --> Session: Class initialized using 'CodeIgniter\Session\Handlers\FileHandler' driver.
INFO - 2024-11-20 14:44:53 --> Session: Class initialized using 'CodeIgniter\Session\Handlers\FileHandler' driver.
INFO - 2024-11-20 14:45:06 --> Session: Class initialized using 'CodeIgniter\Session\Handlers\FileHandler' driver.
INFO - 2024-11-20 14:45:11 --> Session: Class initialized using 'CodeIgniter\Session\Handlers\FileHandler' driver.
INFO - 2024-11-20 14:45:43 --> Session: Class initialized using 'CodeIgniter\Session\Handlers\FileHandler' driver.
INFO - 2024-11-20 14:45:45 --> Session: Class initialized using 'CodeIgniter\Session\Handlers\FileHandler' driver.
INFO - 2024-11-20 14:52:15 --> Session: Class initialized using 'CodeIgniter\Session\Handlers\FileHandler' driver.
INFO - 2024-11-20 14:52:17 --> Session: Class initialized using 'CodeIgniter\Session\Handlers\FileHandler' driver.
INFO - 2024-11-20 14:52:20 --> CSRF token verified.
INFO - 2024-11-20 14:52:20 --> Session: Class initialized using 'CodeIgniter\Session\Handlers\FileHandler' driver.
INFO - 2024-11-20 14:52:20 --> Session: Class initialized using 'CodeIgniter\Session\Handlers\FileHandler' driver.
INFO - 2024-11-20 14:52:24 --> Session: Class initialized using 'CodeIgniter\Session\Handlers\FileHandler' driver.
INFO - 2024-11-20 14:52:26 --> CSRF token verified.
INFO - 2024-11-20 14:52:26 --> Session: Class initialized using 'CodeIgniter\Session\Handlers\FileHandler' driver.
INFO - 2024-11-20 14:52:26 --> Session: Class initialized using 'CodeIgniter\Session\Handlers\FileHandler' driver.
INFO - 2024-11-20 14:54:47 --> Session: Class initialized using 'CodeIgniter\Session\Handlers\FileHandler' driver.
INFO - 2024-11-20 14:54:50 --> Session: Class initialized using 'CodeIgniter\Session\Handlers\FileHandler' driver.
INFO - 2024-11-20 14:54:50 --> Session: Class initialized using 'CodeIgniter\Session\Handlers\FileHandler' driver.
INFO - 2024-11-20 14:54:56 --> Session: Class initialized using 'CodeIgniter\Session\Handlers\FileHandler' driver.
INFO - 2024-11-20 14:54:56 --> Session: Class initialized using 'CodeIgniter\Session\Handlers\FileHandler' driver.
INFO - 2024-11-20 14:55:00 --> Session: Class initialized using 'CodeIgniter\Session\Handlers\FileHandler' driver.
INFO - 2024-11-20 14:55:04 --> CSRF token verified.
INFO - 2024-11-20 14:55:04 --> Session: Class initialized using 'CodeIgniter\Session\Handlers\FileHandler' driver.
INFO - 2024-11-20 14:55:04 --> Session: Class initialized using 'CodeIgniter\Session\Handlers\FileHandler' driver.
INFO - 2024-11-20 14:55:06 --> Session: Class initialized using 'CodeIgniter\Session\Handlers\FileHandler' driver.
INFO - 2024-11-20 14:55:09 --> CSRF token verified.
INFO - 2024-11-20 14:55:09 --> Session: Class initialized using 'CodeIgniter\Session\Handlers\FileHandler' driver.
INFO - 2024-11-20 14:55:09 --> Session: Class initialized using 'CodeIgniter\Session\Handlers\FileHandler' driver.
INFO - 2024-11-20 14:56:14 --> Session: Class initialized using 'CodeIgniter\Session\Handlers\FileHandler' driver.
INFO - 2024-11-20 14:56:20 --> Session: Class initialized using 'CodeIgniter\Session\Handlers\FileHandler' driver.
INFO - 2024-11-20 14:57:45 --> Session: Class initialized using 'CodeIgniter\Session\Handlers\FileHandler' driver.
INFO - 2024-11-20 14:58:00 --> Session: Class initialized using 'CodeIgniter\Session\Handlers\FileHandler' driver.
INFO - 2024-11-20 17:16:46 --> Session: Class initialized using 'CodeIgniter\Session\Handlers\FileHandler' driver.
INFO - 2024-11-20 17:18:00 --> CSRF token verified.
INFO - 2024-11-20 17:18:00 --> Session: Class initialized using 'CodeIgniter\Session\Handlers\FileHandler' driver.
INFO - 2024-11-20 17:18:00 --> Session: Class initialized using 'CodeIgniter\Session\Handlers\FileHandler' driver.
INFO - 2024-11-20 17:18:51 --> CSRF token verified.
INFO - 2024-11-20 17:18:53 --> Session: Class initialized using 'CodeIgniter\Session\Handlers\FileHandler' driver.
INFO - 2024-11-20 17:18:53 --> Session: Class initialized using 'CodeIgniter\Session\Handlers\FileHandler' driver.
INFO - 2024-11-20 17:19:09 --> Session: Class initialized using 'CodeIgniter\Session\Handlers\FileHandler' driver.
INFO - 2024-11-20 17:19:09 --> Session: Class initialized using 'CodeIgniter\Session\Handlers\FileHandler' driver.
INFO - 2024-11-20 17:19:15 --> CSRF token verified.
INFO - 2024-11-20 17:19:16 --> Session: Class initialized using 'CodeIgniter\Session\Handlers\FileHandler' driver.
INFO - 2024-11-20 17:19:16 --> Session: Class initialized using 'CodeIgniter\Session\Handlers\FileHandler' driver.
INFO - 2024-11-20 17:19:23 --> Session: Class initialized using 'CodeIgniter\Session\Handlers\FileHandler' driver.
INFO - 2024-11-20 17:19:23 --> Session: Class initialized using 'CodeIgniter\Session\Handlers\FileHandler' driver.
INFO - 2024-11-20 17:19:50 --> CSRF token verified.
INFO - 2024-11-20 17:19:51 --> Session: Class initialized using 'CodeIgniter\Session\Handlers\FileHandler' driver.
INFO - 2024-11-20 17:19:51 --> Session: Class initialized using 'CodeIgniter\Session\Handlers\FileHandler' driver.
INFO - 2024-11-20 17:20:10 --> Session: Class initialized using 'CodeIgniter\Session\Handlers\FileHandler' driver.
INFO - 2024-11-20 17:20:26 --> Session: Class initialized using 'CodeIgniter\Session\Handlers\FileHandler' driver.
INFO - 2024-11-20 17:20:26 --> Session: Class initialized using 'CodeIgniter\Session\Handlers\FileHandler' driver.
INFO - 2024-11-20 17:20:35 --> CSRF token verified.
INFO - 2024-11-20 17:20:43 --> Session: Class initialized using 'CodeIgniter\Session\Handlers\FileHandler' driver.
INFO - 2024-11-20 17:20:49 --> CSRF token verified.
INFO - 2024-11-20 17:20:50 --> Session: Class initialized using 'CodeIgniter\Session\Handlers\FileHandler' driver.
INFO - 2024-11-20 17:20:51 --> Session: Class initialized using 'CodeIgniter\Session\Handlers\FileHandler' driver.
INFO - 2024-11-20 17:20:54 --> Session: Class initialized using 'CodeIgniter\Session\Handlers\FileHandler' driver.
INFO - 2024-11-20 17:21:03 --> Session: Class initialized using 'CodeIgniter\Session\Handlers\FileHandler' driver.
INFO - 2024-11-20 17:21:14 --> CSRF token verified.
INFO - 2024-11-20 17:21:14 --> Session: Class initialized using 'CodeIgniter\Session\Handlers\FileHandler' driver.
INFO - 2024-11-20 17:21:14 --> Session: Class initialized using 'CodeIgniter\Session\Handlers\FileHandler' driver.
INFO - 2024-11-20 17:21:29 --> Session: Class initialized using 'CodeIgniter\Session\Handlers\FileHandler' driver.
INFO - 2024-11-20 17:21:34 --> Session: Class initialized using 'CodeIgniter\Session\Handlers\FileHandler' driver.
INFO - 2024-11-20 17:22:16 --> CSRF token verified.
INFO - 2024-11-20 17:22:16 --> Session: Class initialized using 'CodeIgniter\Session\Handlers\FileHandler' driver.
INFO - 2024-11-20 17:22:16 --> Session: Class initialized using 'CodeIgniter\Session\Handlers\FileHandler' driver.
INFO - 2024-11-20 17:22:41 --> Session: Class initialized using 'CodeIgniter\Session\Handlers\FileHandler' driver.
INFO - 2024-11-20 17:22:47 --> CSRF token verified.
INFO - 2024-11-20 17:22:47 --> Session: Class initialized using 'CodeIgniter\Session\Handlers\FileHandler' driver.
INFO - 2024-11-20 17:22:47 --> Session: Class initialized using 'CodeIgniter\Session\Handlers\FileHandler' driver.
INFO - 2024-11-20 17:22:52 --> Session: Class initialized using 'CodeIgniter\Session\Handlers\FileHandler' driver.
INFO - 2024-11-20 17:22:57 --> CSRF token verified.
INFO - 2024-11-20 17:22:57 --> Session: Class initialized using 'CodeIgniter\Session\Handlers\FileHandler' driver.
INFO - 2024-11-20 17:22:58 --> Session: Class initialized using 'CodeIgniter\Session\Handlers\FileHandler' driver.
INFO - 2024-11-20 17:23:14 --> Session: Class initialized using 'CodeIgniter\Session\Handlers\FileHandler' driver.
INFO - 2024-11-20 17:23:14 --> Session: Class initialized using 'CodeIgniter\Session\Handlers\FileHandler' driver.
INFO - 2024-11-20 17:23:26 --> CSRF token verified.
INFO - 2024-11-20 17:23:27 --> Session: Class initialized using 'CodeIgniter\Session\Handlers\FileHandler' driver.
INFO - 2024-11-20 17:23:27 --> Session: Class initialized using 'CodeIgniter\Session\Handlers\FileHandler' driver.
INFO - 2024-11-20 17:23:37 --> Session: Class initialized using 'CodeIgniter\Session\Handlers\FileHandler' driver.
INFO - 2024-11-20 17:23:54 --> Session: Class initialized using 'CodeIgniter\Session\Handlers\FileHandler' driver.
INFO - 2024-11-20 17:23:57 --> Session: Class initialized using 'CodeIgniter\Session\Handlers\FileHandler' driver.
INFO - 2024-11-20 17:23:59 --> Session: Class initialized using 'CodeIgniter\Session\Handlers\FileHandler' driver.
INFO - 2024-11-20 17:24:11 --> Session: Class initialized using 'CodeIgniter\Session\Handlers\FileHandler' driver.
INFO - 2024-11-20 17:24:17 --> CSRF token verified.
INFO - 2024-11-20 17:24:17 --> Session: Class initialized using 'CodeIgniter\Session\Handlers\FileHandler' driver.
INFO - 2024-11-20 17:24:17 --> Session: Class initialized using 'CodeIgniter\Session\Handlers\FileHandler' driver.
INFO - 2024-11-20 17:24:23 --> CSRF token verified.
INFO - 2024-11-20 17:24:23 --> Session: Class initialized using 'CodeIgniter\Session\Handlers\FileHandler' driver.
INFO - 2024-11-20 17:24:23 --> Session: Class initialized using 'CodeIgniter\Session\Handlers\FileHandler' driver.
INFO - 2024-11-20 17:24:30 --> CSRF token verified.
INFO - 2024-11-20 17:24:30 --> Session: Class initialized using 'CodeIgniter\Session\Handlers\FileHandler' driver.
INFO - 2024-11-20 17:24:30 --> Session: Class initialized using 'CodeIgniter\Session\Handlers\FileHandler' driver.
INFO - 2024-11-20 17:24:42 --> Session: Class initialized using 'CodeIgniter\Session\Handlers\FileHandler' driver.
INFO - 2024-11-20 17:24:45 --> Session: Class initialized using 'CodeIgniter\Session\Handlers\FileHandler' driver.
INFO - 2024-11-20 17:26:39 --> CSRF token verified.
INFO - 2024-11-20 17:26:39 --> Session: Class initialized using 'CodeIgniter\Session\Handlers\FileHandler' driver.
INFO - 2024-11-20 17:26:39 --> Session: Class initialized using 'CodeIgniter\Session\Handlers\FileHandler' driver.
INFO - 2024-11-20 17:26:58 --> CSRF token verified.
INFO - 2024-11-20 17:26:58 --> Session: Class initialized using 'CodeIgniter\Session\Handlers\FileHandler' driver.
INFO - 2024-11-20 17:26:58 --> Session: Class initialized using 'CodeIgniter\Session\Handlers\FileHandler' driver.
INFO - 2024-11-20 17:27:07 --> Session: Class initialized using 'CodeIgniter\Session\Handlers\FileHandler' driver.
INFO - 2024-11-20 17:27:11 --> Session: Class initialized using 'CodeIgniter\Session\Handlers\FileHandler' driver.
INFO - 2024-11-20 17:28:27 --> CSRF token verified.
INFO - 2024-11-20 17:28:27 --> Session: Class initialized using 'CodeIgniter\Session\Handlers\FileHandler' driver.
INFO - 2024-11-20 17:28:27 --> Session: Class initialized using 'CodeIgniter\Session\Handlers\FileHandler' driver.
INFO - 2024-11-20 17:28:52 --> Session: Class initialized using 'CodeIgniter\Session\Handlers\FileHandler' driver.
INFO - 2024-11-20 17:28:54 --> Session: Class initialized using 'CodeIgniter\Session\Handlers\FileHandler' driver.
INFO - 2024-11-20 17:28:59 --> CSRF token verified.
INFO - 2024-11-20 17:28:59 --> Session: Class initialized using 'CodeIgniter\Session\Handlers\FileHandler' driver.
INFO - 2024-11-20 17:28:59 --> Session: Class initialized using 'CodeIgniter\Session\Handlers\FileHandler' driver.
INFO - 2024-11-20 17:29:01 --> Session: Class initialized using 'CodeIgniter\Session\Handlers\FileHandler' driver.
INFO - 2024-11-20 17:29:03 --> Session: Class initialized using 'CodeIgniter\Session\Handlers\FileHandler' driver.
INFO - 2024-11-20 17:29:17 --> CSRF token verified.
INFO - 2024-11-20 17:29:17 --> Session: Class initialized using 'CodeIgniter\Session\Handlers\FileHandler' driver.
INFO - 2024-11-20 17:29:18 --> Session: Class initialized using 'CodeIgniter\Session\Handlers\FileHandler' driver.
INFO - 2024-11-20 17:29:22 --> Session: Class initialized using 'CodeIgniter\Session\Handlers\FileHandler' driver.
INFO - 2024-11-20 17:29:25 --> Session: Class initialized using 'CodeIgniter\Session\Handlers\FileHandler' driver.
INFO - 2024-11-20 17:40:48 --> CSRF token verified.
INFO - 2024-11-20 17:40:48 --> Session: Class initialized using 'CodeIgniter\Session\Handlers\FileHandler' driver.
INFO - 2024-11-20 17:40:48 --> Session: Class initialized using 'CodeIgniter\Session\Handlers\FileHandler' driver.
INFO - 2024-11-20 17:41:02 --> Session: Class initialized using 'CodeIgniter\Session\Handlers\FileHandler' driver.
INFO - 2024-11-20 17:41:09 --> CSRF token verified.
INFO - 2024-11-20 17:41:09 --> Session: Class initialized using 'CodeIgniter\Session\Handlers\FileHandler' driver.
INFO - 2024-11-20 17:41:09 --> Session: Class initialized using 'CodeIgniter\Session\Handlers\FileHandler' driver.
INFO - 2024-11-20 17:41:29 --> Session: Class initialized using 'CodeIgniter\Session\Handlers\FileHandler' driver.
INFO - 2024-11-20 17:42:10 --> Session: Class initialized using 'CodeIgniter\Session\Handlers\FileHandler' driver.
INFO - 2024-11-20 18:26:46 --> CSRF token verified.
INFO - 2024-11-20 18:26:46 --> Session: Class initialized using 'CodeIgniter\Session\Handlers\FileHandler' driver.
INFO - 2024-11-20 18:26:46 --> Session: Class initialized using 'CodeIgniter\Session\Handlers\FileHandler' driver.
INFO - 2024-11-20 18:26:59 --> Session: Class initialized using 'CodeIgniter\Session\Handlers\FileHandler' driver.
INFO - 2024-11-20 18:27:07 --> CSRF token verified.
INFO - 2024-11-20 18:27:07 --> Session: Class initialized using 'CodeIgniter\Session\Handlers\FileHandler' driver.
INFO - 2024-11-20 18:27:07 --> Session: Class initialized using 'CodeIgniter\Session\Handlers\FileHandler' driver.
INFO - 2024-11-20 18:27:18 --> Session: Class initialized using 'CodeIgniter\Session\Handlers\FileHandler' driver.
INFO - 2024-11-20 18:27:51 --> Session: Class initialized using 'CodeIgniter\Session\Handlers\FileHandler' driver.
INFO - 2024-11-20 18:27:58 --> CSRF token verified.
INFO - 2024-11-20 18:27:58 --> Session: Class initialized using 'CodeIgniter\Session\Handlers\FileHandler' driver.
INFO - 2024-11-20 18:27:58 --> Session: Class initialized using 'CodeIgniter\Session\Handlers\FileHandler' driver.
INFO - 2024-11-20 18:28:27 --> Session: Class initialized using 'CodeIgniter\Session\Handlers\FileHandler' driver.
INFO - 2024-11-20 18:35:16 --> Session: Class initialized using 'CodeIgniter\Session\Handlers\FileHandler' driver.
INFO - 2024-11-20 18:35:19 --> CSRF token verified.
INFO - 2024-11-20 18:35:19 --> Session: Class initialized using 'CodeIgniter\Session\Handlers\FileHandler' driver.
INFO - 2024-11-20 18:35:19 --> Session: Class initialized using 'CodeIgniter\Session\Handlers\FileHandler' driver.
INFO - 2024-11-20 18:35:28 --> Session: Class initialized using 'CodeIgniter\Session\Handlers\FileHandler' driver.
INFO - 2024-11-20 18:40:35 --> Session: Class initialized using 'CodeIgniter\Session\Handlers\FileHandler' driver.
INFO - 2024-11-20 18:40:56 --> Session: Class initialized using 'CodeIgniter\Session\Handlers\FileHandler' driver.
INFO - 2024-11-20 18:40:56 --> Session: Class initialized using 'CodeIgniter\Session\Handlers\FileHandler' driver.
INFO - 2024-11-20 18:41:00 --> CSRF token verified.
INFO - 2024-11-20 18:41:02 --> Session: Class initialized using 'CodeIgniter\Session\Handlers\FileHandler' driver.
INFO - 2024-11-20 18:41:02 --> Session: Class initialized using 'CodeIgniter\Session\Handlers\FileHandler' driver.
INFO - 2024-11-20 18:41:07 --> Session: Class initialized using 'CodeIgniter\Session\Handlers\FileHandler' driver.
INFO - 2024-11-20 18:41:07 --> Session: Class initialized using 'CodeIgniter\Session\Handlers\FileHandler' driver.
INFO - 2024-11-20 18:41:11 --> CSRF token verified.
INFO - 2024-11-20 18:41:13 --> Session: Class initialized using 'CodeIgniter\Session\Handlers\FileHandler' driver.
INFO - 2024-11-20 18:41:13 --> Session: Class initialized using 'CodeIgniter\Session\Handlers\FileHandler' driver.
INFO - 2024-11-20 18:41:16 --> Session: Class initialized using 'CodeIgniter\Session\Handlers\FileHandler' driver.
INFO - 2024-11-20 18:41:22 --> Session: Class initialized using 'CodeIgniter\Session\Handlers\FileHandler' driver.
INFO - 2024-11-20 18:42:06 --> Session: Class initialized using 'CodeIgniter\Session\Handlers\FileHandler' driver.
INFO - 2024-11-20 18:42:06 --> Session: Class initialized using 'CodeIgniter\Session\Handlers\FileHandler' driver.
INFO - 2024-11-20 18:44:43 --> CSRF token verified.
INFO - 2024-11-20 18:44:44 --> Session: Class initialized using 'CodeIgniter\Session\Handlers\FileHandler' driver.
INFO - 2024-11-20 18:44:44 --> Session: Class initialized using 'CodeIgniter\Session\Handlers\FileHandler' driver.
INFO - 2024-11-20 18:44:51 --> Session: Class initialized using 'CodeIgniter\Session\Handlers\FileHandler' driver.
INFO - 2024-11-20 18:45:11 --> CSRF token verified.
INFO - 2024-11-20 18:45:11 --> Session: Class initialized using 'CodeIgniter\Session\Handlers\FileHandler' driver.
INFO - 2024-11-20 18:45:11 --> Session: Class initialized using 'CodeIgniter\Session\Handlers\FileHandler' driver.
INFO - 2024-11-20 18:45:21 --> Session: Class initialized using 'CodeIgniter\Session\Handlers\FileHandler' driver.
INFO - 2024-11-20 18:45:27 --> Session: Class initialized using 'CodeIgniter\Session\Handlers\FileHandler' driver.
INFO - 2024-11-20 18:45:34 --> CSRF token verified.
INFO - 2024-11-20 18:45:34 --> Session: Class initialized using 'CodeIgniter\Session\Handlers\FileHandler' driver.
INFO - 2024-11-20 18:45:34 --> Session: Class initialized using 'CodeIgniter\Session\Handlers\FileHandler' driver.
INFO - 2024-11-20 18:45:41 --> Session: Class initialized using 'CodeIgniter\Session\Handlers\FileHandler' driver.
INFO - 2024-11-20 18:45:45 --> CSRF token verified.
INFO - 2024-11-20 18:45:45 --> Session: Class initialized using 'CodeIgniter\Session\Handlers\FileHandler' driver.
INFO - 2024-11-20 18:45:45 --> Session: Class initialized using 'CodeIgniter\Session\Handlers\FileHandler' driver.
INFO - 2024-11-20 18:45:51 --> Session: Class initialized using 'CodeIgniter\Session\Handlers\FileHandler' driver.
INFO - 2024-11-20 18:46:14 --> Session: Class initialized using 'CodeIgniter\Session\Handlers\FileHandler' driver.
INFO - 2024-11-20 18:46:14 --> Session: Class initialized using 'CodeIgniter\Session\Handlers\FileHandler' driver.
INFO - 2024-11-20 18:46:22 --> CSRF token verified.
INFO - 2024-11-20 18:46:23 --> Session: Class initialized using 'CodeIgniter\Session\Handlers\FileHandler' driver.
INFO - 2024-11-20 18:46:23 --> Session: Class initialized using 'CodeIgniter\Session\Handlers\FileHandler' driver.
INFO - 2024-11-20 18:46:27 --> Session: Class initialized using 'CodeIgniter\Session\Handlers\FileHandler' driver.
INFO - 2024-11-20 18:46:31 --> Session: Class initialized using 'CodeIgniter\Session\Handlers\FileHandler' driver.
INFO - 2024-11-20 18:53:15 --> Session: Class initialized using 'CodeIgniter\Session\Handlers\FileHandler' driver.
INFO - 2024-11-20 18:53:15 --> Session: Class initialized using 'CodeIgniter\Session\Handlers\FileHandler' driver.
INFO - 2024-11-20 18:53:19 --> CSRF token verified.
INFO - 2024-11-20 18:53:21 --> Session: Class initialized using 'CodeIgniter\Session\Handlers\FileHandler' driver.
INFO - 2024-11-20 18:53:21 --> Session: Class initialized using 'CodeIgniter\Session\Handlers\FileHandler' driver.
INFO - 2024-11-20 18:53:24 --> Session: Class initialized using 'CodeIgniter\Session\Handlers\FileHandler' driver.
INFO - 2024-11-20 18:54:37 --> Session: Class initialized using 'CodeIgniter\Session\Handlers\FileHandler' driver.
INFO - 2024-11-20 18:54:41 --> Session: Class initialized using 'CodeIgniter\Session\Handlers\FileHandler' driver.
INFO - 2024-11-20 18:56:07 --> Session: Class initialized using 'CodeIgniter\Session\Handlers\FileHandler' driver.
