INFO - 2025-10-15 00:06:46 --> Session: Class initialized using 'CodeIgniter\Session\Handlers\FileHandler' driver.
INFO - 2025-10-15 00:06:46 --> Session: Class initialized using 'CodeIgniter\Session\Handlers\FileHandler' driver.
INFO - 2025-10-15 00:06:46 --> Session: Class initialized using 'CodeIgniter\Session\Handlers\FileHandler' driver.
INFO - 2025-10-15 00:06:47 --> Session: Class initialized using 'CodeIgniter\Session\Handlers\FileHandler' driver.
INFO - 2025-10-15 00:06:47 --> Session: Class initialized using 'CodeIgniter\Session\Handlers\FileHandler' driver.
INFO - 2025-10-15 00:06:47 --> Session: Class initialized using 'CodeIgniter\Session\Handlers\FileHandler' driver.
INFO - 2025-10-15 00:06:47 --> Session: Class initialized using 'CodeIgniter\Session\Handlers\FileHandler' driver.
INFO - 2025-10-15 00:06:49 --> Session: Class initialized using 'CodeIgniter\Session\Handlers\FileHandler' driver.
INFO - 2025-10-15 00:06:49 --> Session: Class initialized using 'CodeIgniter\Session\Handlers\FileHandler' driver.
INFO - 2025-10-15 00:06:51 --> Session: Class initialized using 'CodeIgniter\Session\Handlers\FileHandler' driver.
INFO - 2025-10-15 00:06:53 --> Session: Class initialized using 'CodeIgniter\Session\Handlers\FileHandler' driver.
INFO - 2025-10-15 00:06:53 --> Session: Class initialized using 'CodeIgniter\Session\Handlers\FileHandler' driver.
INFO - 2025-10-15 00:16:16 --> Session: Class initialized using 'CodeIgniter\Session\Handlers\FileHandler' driver.
INFO - 2025-10-15 00:34:48 --> Session: Class initialized using 'CodeIgniter\Session\Handlers\FileHandler' driver.
INFO - 2025-10-15 00:48:22 --> Session: Class initialized using 'CodeIgniter\Session\Handlers\FileHandler' driver.
INFO - 2025-10-15 01:32:32 --> Session: Class initialized using 'CodeIgniter\Session\Handlers\FileHandler' driver.
INFO - 2025-10-15 01:34:19 --> Session: Class initialized using 'CodeIgniter\Session\Handlers\FileHandler' driver.
INFO - 2025-10-15 01:52:14 --> Session: Class initialized using 'CodeIgniter\Session\Handlers\FileHandler' driver.
INFO - 2025-10-15 02:20:15 --> Session: Class initialized using 'CodeIgniter\Session\Handlers\FileHandler' driver.
INFO - 2025-10-15 02:20:18 --> Session: Class initialized using 'CodeIgniter\Session\Handlers\FileHandler' driver.
INFO - 2025-10-15 03:54:56 --> Session: Class initialized using 'CodeIgniter\Session\Handlers\FileHandler' driver.
INFO - 2025-10-15 04:23:19 --> Session: Class initialized using 'CodeIgniter\Session\Handlers\FileHandler' driver.
INFO - 2025-10-15 04:23:20 --> Session: Class initialized using 'CodeIgniter\Session\Handlers\FileHandler' driver.
INFO - 2025-10-15 04:23:21 --> Session: Class initialized using 'CodeIgniter\Session\Handlers\FileHandler' driver.
INFO - 2025-10-15 04:23:21 --> Session: Class initialized using 'CodeIgniter\Session\Handlers\FileHandler' driver.
INFO - 2025-10-15 04:42:37 --> Session: Class initialized using 'CodeIgniter\Session\Handlers\FileHandler' driver.
INFO - 2025-10-15 04:42:37 --> Session: Class initialized using 'CodeIgniter\Session\Handlers\FileHandler' driver.
INFO - 2025-10-15 05:52:45 --> Session: Class initialized using 'CodeIgniter\Session\Handlers\FileHandler' driver.
INFO - 2025-10-15 05:52:46 --> Session: Class initialized using 'CodeIgniter\Session\Handlers\FileHandler' driver.
INFO - 2025-10-15 06:34:59 --> Session: Class initialized using 'CodeIgniter\Session\Handlers\FileHandler' driver.
INFO - 2025-10-15 06:56:55 --> Session: Class initialized using 'CodeIgniter\Session\Handlers\FileHandler' driver.
INFO - 2025-10-15 08:28:29 --> Session: Class initialized using 'CodeIgniter\Session\Handlers\FileHandler' driver.
INFO - 2025-10-15 08:28:31 --> CSRF token verified.
INFO - 2025-10-15 08:28:32 --> Session: Class initialized using 'CodeIgniter\Session\Handlers\FileHandler' driver.
INFO - 2025-10-15 08:28:33 --> Session: Class initialized using 'CodeIgniter\Session\Handlers\FileHandler' driver.
INFO - 2025-10-15 08:28:39 --> Session: Class initialized using 'CodeIgniter\Session\Handlers\FileHandler' driver.
INFO - 2025-10-15 08:32:13 --> Session: Class initialized using 'CodeIgniter\Session\Handlers\FileHandler' driver.
INFO - 2025-10-15 08:32:18 --> Session: Class initialized using 'CodeIgniter\Session\Handlers\FileHandler' driver.
INFO - 2025-10-15 08:33:02 --> Session: Class initialized using 'CodeIgniter\Session\Handlers\FileHandler' driver.
INFO - 2025-10-15 08:33:03 --> Session: Class initialized using 'CodeIgniter\Session\Handlers\FileHandler' driver.
INFO - 2025-10-15 08:34:49 --> Session: Class initialized using 'CodeIgniter\Session\Handlers\FileHandler' driver.
INFO - 2025-10-15 08:34:55 --> CSRF token verified.
INFO - 2025-10-15 08:34:57 --> Session: Class initialized using 'CodeIgniter\Session\Handlers\FileHandler' driver.
INFO - 2025-10-15 08:34:57 --> Session: Class initialized using 'CodeIgniter\Session\Handlers\FileHandler' driver.
INFO - 2025-10-15 08:35:09 --> Session: Class initialized using 'CodeIgniter\Session\Handlers\FileHandler' driver.
INFO - 2025-10-15 08:35:18 --> Session: Class initialized using 'CodeIgniter\Session\Handlers\FileHandler' driver.
INFO - 2025-10-15 08:35:28 --> Session: Class initialized using 'CodeIgniter\Session\Handlers\FileHandler' driver.
INFO - 2025-10-15 08:35:29 --> Session: Class initialized using 'CodeIgniter\Session\Handlers\FileHandler' driver.
INFO - 2025-10-15 08:41:12 --> Session: Class initialized using 'CodeIgniter\Session\Handlers\FileHandler' driver.
INFO - 2025-10-15 08:41:20 --> CSRF token verified.
INFO - 2025-10-15 08:41:21 --> Session: Class initialized using 'CodeIgniter\Session\Handlers\FileHandler' driver.
INFO - 2025-10-15 08:41:22 --> Session: Class initialized using 'CodeIgniter\Session\Handlers\FileHandler' driver.
INFO - 2025-10-15 08:41:25 --> Session: Class initialized using 'CodeIgniter\Session\Handlers\FileHandler' driver.
INFO - 2025-10-15 08:41:27 --> Session: Class initialized using 'CodeIgniter\Session\Handlers\FileHandler' driver.
INFO - 2025-10-15 08:41:29 --> Session: Class initialized using 'CodeIgniter\Session\Handlers\FileHandler' driver.
INFO - 2025-10-15 08:41:32 --> Session: Class initialized using 'CodeIgniter\Session\Handlers\FileHandler' driver.
INFO - 2025-10-15 08:41:40 --> CSRF token verified.
INFO - 2025-10-15 08:41:41 --> Session: Class initialized using 'CodeIgniter\Session\Handlers\FileHandler' driver.
INFO - 2025-10-15 08:41:41 --> Session: Class initialized using 'CodeIgniter\Session\Handlers\FileHandler' driver.
INFO - 2025-10-15 08:41:41 --> Session: Class initialized using 'CodeIgniter\Session\Handlers\FileHandler' driver.
INFO - 2025-10-15 08:41:43 --> Session: Class initialized using 'CodeIgniter\Session\Handlers\FileHandler' driver.
INFO - 2025-10-15 08:41:44 --> Session: Class initialized using 'CodeIgniter\Session\Handlers\FileHandler' driver.
INFO - 2025-10-15 08:41:45 --> Session: Class initialized using 'CodeIgniter\Session\Handlers\FileHandler' driver.
INFO - 2025-10-15 08:41:50 --> Session: Class initialized using 'CodeIgniter\Session\Handlers\FileHandler' driver.
INFO - 2025-10-15 08:41:52 --> Session: Class initialized using 'CodeIgniter\Session\Handlers\FileHandler' driver.
INFO - 2025-10-15 08:41:54 --> Session: Class initialized using 'CodeIgniter\Session\Handlers\FileHandler' driver.
INFO - 2025-10-15 08:41:58 --> Session: Class initialized using 'CodeIgniter\Session\Handlers\FileHandler' driver.
INFO - 2025-10-15 08:42:17 --> CSRF token verified.
INFO - 2025-10-15 08:42:18 --> Session: Class initialized using 'CodeIgniter\Session\Handlers\FileHandler' driver.
INFO - 2025-10-15 08:42:18 --> Session: Class initialized using 'CodeIgniter\Session\Handlers\FileHandler' driver.
INFO - 2025-10-15 08:42:19 --> Session: Class initialized using 'CodeIgniter\Session\Handlers\FileHandler' driver.
INFO - 2025-10-15 08:42:24 --> Session: Class initialized using 'CodeIgniter\Session\Handlers\FileHandler' driver.
INFO - 2025-10-15 08:42:25 --> Session: Class initialized using 'CodeIgniter\Session\Handlers\FileHandler' driver.
INFO - 2025-10-15 08:42:29 --> CSRF token verified.
INFO - 2025-10-15 08:42:30 --> Session: Class initialized using 'CodeIgniter\Session\Handlers\FileHandler' driver.
INFO - 2025-10-15 08:42:31 --> Session: Class initialized using 'CodeIgniter\Session\Handlers\FileHandler' driver.
INFO - 2025-10-15 08:42:34 --> Session: Class initialized using 'CodeIgniter\Session\Handlers\FileHandler' driver.
INFO - 2025-10-15 08:42:41 --> Session: Class initialized using 'CodeIgniter\Session\Handlers\FileHandler' driver.
INFO - 2025-10-15 08:43:04 --> Session: Class initialized using 'CodeIgniter\Session\Handlers\FileHandler' driver.
INFO - 2025-10-15 08:43:04 --> Session: Class initialized using 'CodeIgniter\Session\Handlers\FileHandler' driver.
INFO - 2025-10-15 08:43:09 --> CSRF token verified.
INFO - 2025-10-15 08:43:10 --> Session: Class initialized using 'CodeIgniter\Session\Handlers\FileHandler' driver.
INFO - 2025-10-15 08:43:10 --> Session: Class initialized using 'CodeIgniter\Session\Handlers\FileHandler' driver.
INFO - 2025-10-15 08:43:13 --> Session: Class initialized using 'CodeIgniter\Session\Handlers\FileHandler' driver.
INFO - 2025-10-15 08:45:59 --> Session: Class initialized using 'CodeIgniter\Session\Handlers\FileHandler' driver.
INFO - 2025-10-15 08:46:00 --> Session: Class initialized using 'CodeIgniter\Session\Handlers\FileHandler' driver.
INFO - 2025-10-15 08:47:04 --> Session: Class initialized using 'CodeIgniter\Session\Handlers\FileHandler' driver.
INFO - 2025-10-15 08:47:04 --> Session: Class initialized using 'CodeIgniter\Session\Handlers\FileHandler' driver.
INFO - 2025-10-15 08:47:54 --> CSRF token verified.
INFO - 2025-10-15 08:47:55 --> Session: Class initialized using 'CodeIgniter\Session\Handlers\FileHandler' driver.
INFO - 2025-10-15 08:47:55 --> Session: Class initialized using 'CodeIgniter\Session\Handlers\FileHandler' driver.
INFO - 2025-10-15 08:48:04 --> Session: Class initialized using 'CodeIgniter\Session\Handlers\FileHandler' driver.
INFO - 2025-10-15 08:48:18 --> Session: Class initialized using 'CodeIgniter\Session\Handlers\FileHandler' driver.
INFO - 2025-10-15 08:48:19 --> Session: Class initialized using 'CodeIgniter\Session\Handlers\FileHandler' driver.
INFO - 2025-10-15 08:48:42 --> Session: Class initialized using 'CodeIgniter\Session\Handlers\FileHandler' driver.
INFO - 2025-10-15 08:49:23 --> Session: Class initialized using 'CodeIgniter\Session\Handlers\FileHandler' driver.
INFO - 2025-10-15 08:49:24 --> Session: Class initialized using 'CodeIgniter\Session\Handlers\FileHandler' driver.
INFO - 2025-10-15 08:50:11 --> Session: Class initialized using 'CodeIgniter\Session\Handlers\FileHandler' driver.
INFO - 2025-10-15 08:50:36 --> Session: Class initialized using 'CodeIgniter\Session\Handlers\FileHandler' driver.
INFO - 2025-10-15 08:51:06 --> Session: Class initialized using 'CodeIgniter\Session\Handlers\FileHandler' driver.
INFO - 2025-10-15 08:51:45 --> Session: Class initialized using 'CodeIgniter\Session\Handlers\FileHandler' driver.
INFO - 2025-10-15 08:51:47 --> Session: Class initialized using 'CodeIgniter\Session\Handlers\FileHandler' driver.
INFO - 2025-10-15 08:53:22 --> Session: Class initialized using 'CodeIgniter\Session\Handlers\FileHandler' driver.
INFO - 2025-10-15 08:53:23 --> Session: Class initialized using 'CodeIgniter\Session\Handlers\FileHandler' driver.
INFO - 2025-10-15 08:54:47 --> Session: Class initialized using 'CodeIgniter\Session\Handlers\FileHandler' driver.
INFO - 2025-10-15 08:54:48 --> Session: Class initialized using 'CodeIgniter\Session\Handlers\FileHandler' driver.
INFO - 2025-10-15 08:55:37 --> Session: Class initialized using 'CodeIgniter\Session\Handlers\FileHandler' driver.
INFO - 2025-10-15 08:55:38 --> Session: Class initialized using 'CodeIgniter\Session\Handlers\FileHandler' driver.
INFO - 2025-10-15 08:56:35 --> Session: Class initialized using 'CodeIgniter\Session\Handlers\FileHandler' driver.
INFO - 2025-10-15 08:56:37 --> Session: Class initialized using 'CodeIgniter\Session\Handlers\FileHandler' driver.
INFO - 2025-10-15 08:59:36 --> Session: Class initialized using 'CodeIgniter\Session\Handlers\FileHandler' driver.
INFO - 2025-10-15 09:10:19 --> Session: Class initialized using 'CodeIgniter\Session\Handlers\FileHandler' driver.
INFO - 2025-10-15 09:11:21 --> Session: Class initialized using 'CodeIgniter\Session\Handlers\FileHandler' driver.
INFO - 2025-10-15 09:11:22 --> Session: Class initialized using 'CodeIgniter\Session\Handlers\FileHandler' driver.
INFO - 2025-10-15 09:14:55 --> Session: Class initialized using 'CodeIgniter\Session\Handlers\FileHandler' driver.
INFO - 2025-10-15 09:17:23 --> Session: Class initialized using 'CodeIgniter\Session\Handlers\FileHandler' driver.
INFO - 2025-10-15 09:17:24 --> Session: Class initialized using 'CodeIgniter\Session\Handlers\FileHandler' driver.
INFO - 2025-10-15 09:18:21 --> Session: Class initialized using 'CodeIgniter\Session\Handlers\FileHandler' driver.
INFO - 2025-10-15 09:18:22 --> Session: Class initialized using 'CodeIgniter\Session\Handlers\FileHandler' driver.
INFO - 2025-10-15 09:22:00 --> Session: Class initialized using 'CodeIgniter\Session\Handlers\FileHandler' driver.
INFO - 2025-10-15 09:22:01 --> Session: Class initialized using 'CodeIgniter\Session\Handlers\FileHandler' driver.
INFO - 2025-10-15 09:23:02 --> Session: Class initialized using 'CodeIgniter\Session\Handlers\FileHandler' driver.
INFO - 2025-10-15 09:23:04 --> Session: Class initialized using 'CodeIgniter\Session\Handlers\FileHandler' driver.
INFO - 2025-10-15 09:23:20 --> Session: Class initialized using 'CodeIgniter\Session\Handlers\FileHandler' driver.
INFO - 2025-10-15 09:23:21 --> Session: Class initialized using 'CodeIgniter\Session\Handlers\FileHandler' driver.
INFO - 2025-10-15 09:24:25 --> Session: Class initialized using 'CodeIgniter\Session\Handlers\FileHandler' driver.
INFO - 2025-10-15 09:31:21 --> Session: Class initialized using 'CodeIgniter\Session\Handlers\FileHandler' driver.
CRITICAL - 2025-10-15 09:31:21 --> ErrorException: Trying to access array offset on value of type null
[Method: GET, Route: orden]
in APPPATH/Controllers/Orden.php on line 18.
 1 APPPATH/Controllers/Orden.php(18): CodeIgniter\Debug\Exceptions->errorHandler(2, 'Trying to access array offset on value of type null', '/home2/usoabumg/public_html/oruro.site/app/Controllers/Orden.php', 18)
 2 SYSTEMPATH/CodeIgniter.php(903): App\Controllers\Orden->__construct()
 3 SYSTEMPATH/CodeIgniter.php(500): CodeIgniter\CodeIgniter->createController()
 4 SYSTEMPATH/CodeIgniter.php(355): CodeIgniter\CodeIgniter->handleRequest(null, Object(Config\Cache), false)
 5 SYSTEMPATH/Boot.php(325): CodeIgniter\CodeIgniter->run()
 6 SYSTEMPATH/Boot.php(67): CodeIgniter\Boot::runCodeIgniter(Object(CodeIgniter\CodeIgniter))
 7 FCPATH/index.php(56): CodeIgniter\Boot::bootWeb(Object(Config\Paths))
INFO - 2025-10-15 09:31:22 --> Session: Class initialized using 'CodeIgniter\Session\Handlers\FileHandler' driver.
CRITICAL - 2025-10-15 09:31:22 --> ErrorException: Trying to access array offset on value of type null
[Method: GET, Route: orden]
in APPPATH/Controllers/Orden.php on line 18.
 1 APPPATH/Controllers/Orden.php(18): CodeIgniter\Debug\Exceptions->errorHandler(2, 'Trying to access array offset on value of type null', '/home2/usoabumg/public_html/oruro.site/app/Controllers/Orden.php', 18)
 2 SYSTEMPATH/CodeIgniter.php(903): App\Controllers\Orden->__construct()
 3 SYSTEMPATH/CodeIgniter.php(500): CodeIgniter\CodeIgniter->createController()
 4 SYSTEMPATH/CodeIgniter.php(355): CodeIgniter\CodeIgniter->handleRequest(null, Object(Config\Cache), false)
 5 SYSTEMPATH/Boot.php(325): CodeIgniter\CodeIgniter->run()
 6 SYSTEMPATH/Boot.php(67): CodeIgniter\Boot::runCodeIgniter(Object(CodeIgniter\CodeIgniter))
 7 FCPATH/index.php(56): CodeIgniter\Boot::bootWeb(Object(Config\Paths))
INFO - 2025-10-15 09:31:24 --> Session: Class initialized using 'CodeIgniter\Session\Handlers\FileHandler' driver.
INFO - 2025-10-15 09:31:42 --> Session: Class initialized using 'CodeIgniter\Session\Handlers\FileHandler' driver.
CRITICAL - 2025-10-15 09:31:42 --> ErrorException: Trying to access array offset on value of type null
[Method: GET, Route: orden]
in APPPATH/Controllers/Orden.php on line 18.
 1 APPPATH/Controllers/Orden.php(18): CodeIgniter\Debug\Exceptions->errorHandler(2, 'Trying to access array offset on value of type null', '/home2/usoabumg/public_html/oruro.site/app/Controllers/Orden.php', 18)
 2 SYSTEMPATH/CodeIgniter.php(903): App\Controllers\Orden->__construct()
 3 SYSTEMPATH/CodeIgniter.php(500): CodeIgniter\CodeIgniter->createController()
 4 SYSTEMPATH/CodeIgniter.php(355): CodeIgniter\CodeIgniter->handleRequest(null, Object(Config\Cache), false)
 5 SYSTEMPATH/Boot.php(325): CodeIgniter\CodeIgniter->run()
 6 SYSTEMPATH/Boot.php(67): CodeIgniter\Boot::runCodeIgniter(Object(CodeIgniter\CodeIgniter))
 7 FCPATH/index.php(56): CodeIgniter\Boot::bootWeb(Object(Config\Paths))
INFO - 2025-10-15 09:31:43 --> Session: Class initialized using 'CodeIgniter\Session\Handlers\FileHandler' driver.
CRITICAL - 2025-10-15 09:31:43 --> ErrorException: Trying to access array offset on value of type null
[Method: GET, Route: orden]
in APPPATH/Controllers/Orden.php on line 18.
 1 APPPATH/Controllers/Orden.php(18): CodeIgniter\Debug\Exceptions->errorHandler(2, 'Trying to access array offset on value of type null', '/home2/usoabumg/public_html/oruro.site/app/Controllers/Orden.php', 18)
 2 SYSTEMPATH/CodeIgniter.php(903): App\Controllers\Orden->__construct()
 3 SYSTEMPATH/CodeIgniter.php(500): CodeIgniter\CodeIgniter->createController()
 4 SYSTEMPATH/CodeIgniter.php(355): CodeIgniter\CodeIgniter->handleRequest(null, Object(Config\Cache), false)
 5 SYSTEMPATH/Boot.php(325): CodeIgniter\CodeIgniter->run()
 6 SYSTEMPATH/Boot.php(67): CodeIgniter\Boot::runCodeIgniter(Object(CodeIgniter\CodeIgniter))
 7 FCPATH/index.php(56): CodeIgniter\Boot::bootWeb(Object(Config\Paths))
INFO - 2025-10-15 09:34:42 --> Session: Class initialized using 'CodeIgniter\Session\Handlers\FileHandler' driver.
INFO - 2025-10-15 09:34:43 --> Session: Class initialized using 'CodeIgniter\Session\Handlers\FileHandler' driver.
INFO - 2025-10-15 09:40:31 --> Session: Class initialized using 'CodeIgniter\Session\Handlers\FileHandler' driver.
INFO - 2025-10-15 09:40:33 --> Session: Class initialized using 'CodeIgniter\Session\Handlers\FileHandler' driver.
INFO - 2025-10-15 09:41:06 --> Session: Class initialized using 'CodeIgniter\Session\Handlers\FileHandler' driver.
INFO - 2025-10-15 09:41:07 --> Session: Class initialized using 'CodeIgniter\Session\Handlers\FileHandler' driver.
INFO - 2025-10-15 09:41:07 --> Session: Class initialized using 'CodeIgniter\Session\Handlers\FileHandler' driver.
INFO - 2025-10-15 09:41:08 --> Session: Class initialized using 'CodeIgniter\Session\Handlers\FileHandler' driver.
INFO - 2025-10-15 09:41:08 --> Session: Class initialized using 'CodeIgniter\Session\Handlers\FileHandler' driver.
INFO - 2025-10-15 09:41:09 --> Session: Class initialized using 'CodeIgniter\Session\Handlers\FileHandler' driver.
INFO - 2025-10-15 09:41:09 --> Session: Class initialized using 'CodeIgniter\Session\Handlers\FileHandler' driver.
INFO - 2025-10-15 09:41:09 --> Session: Class initialized using 'CodeIgniter\Session\Handlers\FileHandler' driver.
INFO - 2025-10-15 09:41:10 --> Session: Class initialized using 'CodeIgniter\Session\Handlers\FileHandler' driver.
INFO - 2025-10-15 09:41:10 --> Session: Class initialized using 'CodeIgniter\Session\Handlers\FileHandler' driver.
INFO - 2025-10-15 09:41:11 --> Session: Class initialized using 'CodeIgniter\Session\Handlers\FileHandler' driver.
INFO - 2025-10-15 09:41:11 --> Session: Class initialized using 'CodeIgniter\Session\Handlers\FileHandler' driver.
INFO - 2025-10-15 09:41:12 --> Session: Class initialized using 'CodeIgniter\Session\Handlers\FileHandler' driver.
INFO - 2025-10-15 09:41:12 --> Session: Class initialized using 'CodeIgniter\Session\Handlers\FileHandler' driver.
INFO - 2025-10-15 09:41:12 --> Session: Class initialized using 'CodeIgniter\Session\Handlers\FileHandler' driver.
INFO - 2025-10-15 09:41:13 --> Session: Class initialized using 'CodeIgniter\Session\Handlers\FileHandler' driver.
INFO - 2025-10-15 09:41:13 --> Session: Class initialized using 'CodeIgniter\Session\Handlers\FileHandler' driver.
INFO - 2025-10-15 09:41:14 --> Session: Class initialized using 'CodeIgniter\Session\Handlers\FileHandler' driver.
INFO - 2025-10-15 09:41:14 --> Session: Class initialized using 'CodeIgniter\Session\Handlers\FileHandler' driver.
INFO - 2025-10-15 09:41:14 --> Session: Class initialized using 'CodeIgniter\Session\Handlers\FileHandler' driver.
INFO - 2025-10-15 09:41:15 --> Session: Class initialized using 'CodeIgniter\Session\Handlers\FileHandler' driver.
INFO - 2025-10-15 09:41:15 --> Session: Class initialized using 'CodeIgniter\Session\Handlers\FileHandler' driver.
INFO - 2025-10-15 09:41:16 --> Session: Class initialized using 'CodeIgniter\Session\Handlers\FileHandler' driver.
INFO - 2025-10-15 09:41:16 --> Session: Class initialized using 'CodeIgniter\Session\Handlers\FileHandler' driver.
INFO - 2025-10-15 09:41:16 --> Session: Class initialized using 'CodeIgniter\Session\Handlers\FileHandler' driver.
INFO - 2025-10-15 09:41:17 --> Session: Class initialized using 'CodeIgniter\Session\Handlers\FileHandler' driver.
INFO - 2025-10-15 09:41:17 --> Session: Class initialized using 'CodeIgniter\Session\Handlers\FileHandler' driver.
INFO - 2025-10-15 09:41:18 --> Session: Class initialized using 'CodeIgniter\Session\Handlers\FileHandler' driver.
INFO - 2025-10-15 09:41:18 --> Session: Class initialized using 'CodeIgniter\Session\Handlers\FileHandler' driver.
INFO - 2025-10-15 09:41:19 --> Session: Class initialized using 'CodeIgniter\Session\Handlers\FileHandler' driver.
INFO - 2025-10-15 09:41:19 --> Session: Class initialized using 'CodeIgniter\Session\Handlers\FileHandler' driver.
INFO - 2025-10-15 09:41:19 --> Session: Class initialized using 'CodeIgniter\Session\Handlers\FileHandler' driver.
INFO - 2025-10-15 09:41:20 --> Session: Class initialized using 'CodeIgniter\Session\Handlers\FileHandler' driver.
INFO - 2025-10-15 09:41:20 --> Session: Class initialized using 'CodeIgniter\Session\Handlers\FileHandler' driver.
INFO - 2025-10-15 09:41:21 --> Session: Class initialized using 'CodeIgniter\Session\Handlers\FileHandler' driver.
INFO - 2025-10-15 09:41:21 --> Session: Class initialized using 'CodeIgniter\Session\Handlers\FileHandler' driver.
INFO - 2025-10-15 09:41:22 --> Session: Class initialized using 'CodeIgniter\Session\Handlers\FileHandler' driver.
INFO - 2025-10-15 09:41:22 --> Session: Class initialized using 'CodeIgniter\Session\Handlers\FileHandler' driver.
INFO - 2025-10-15 09:41:23 --> Session: Class initialized using 'CodeIgniter\Session\Handlers\FileHandler' driver.
INFO - 2025-10-15 09:41:23 --> Session: Class initialized using 'CodeIgniter\Session\Handlers\FileHandler' driver.
INFO - 2025-10-15 09:41:23 --> Session: Class initialized using 'CodeIgniter\Session\Handlers\FileHandler' driver.
INFO - 2025-10-15 09:41:24 --> Session: Class initialized using 'CodeIgniter\Session\Handlers\FileHandler' driver.
INFO - 2025-10-15 09:41:24 --> Session: Class initialized using 'CodeIgniter\Session\Handlers\FileHandler' driver.
INFO - 2025-10-15 09:41:25 --> Session: Class initialized using 'CodeIgniter\Session\Handlers\FileHandler' driver.
INFO - 2025-10-15 09:41:25 --> Session: Class initialized using 'CodeIgniter\Session\Handlers\FileHandler' driver.
INFO - 2025-10-15 09:41:26 --> Session: Class initialized using 'CodeIgniter\Session\Handlers\FileHandler' driver.
INFO - 2025-10-15 09:41:26 --> Session: Class initialized using 'CodeIgniter\Session\Handlers\FileHandler' driver.
INFO - 2025-10-15 09:41:27 --> Session: Class initialized using 'CodeIgniter\Session\Handlers\FileHandler' driver.
INFO - 2025-10-15 09:41:27 --> Session: Class initialized using 'CodeIgniter\Session\Handlers\FileHandler' driver.
INFO - 2025-10-15 09:41:28 --> Session: Class initialized using 'CodeIgniter\Session\Handlers\FileHandler' driver.
INFO - 2025-10-15 09:41:28 --> Session: Class initialized using 'CodeIgniter\Session\Handlers\FileHandler' driver.
INFO - 2025-10-15 09:41:29 --> Session: Class initialized using 'CodeIgniter\Session\Handlers\FileHandler' driver.
INFO - 2025-10-15 09:41:29 --> Session: Class initialized using 'CodeIgniter\Session\Handlers\FileHandler' driver.
INFO - 2025-10-15 09:41:29 --> Session: Class initialized using 'CodeIgniter\Session\Handlers\FileHandler' driver.
INFO - 2025-10-15 09:41:30 --> Session: Class initialized using 'CodeIgniter\Session\Handlers\FileHandler' driver.
INFO - 2025-10-15 09:41:30 --> Session: Class initialized using 'CodeIgniter\Session\Handlers\FileHandler' driver.
INFO - 2025-10-15 09:41:31 --> Session: Class initialized using 'CodeIgniter\Session\Handlers\FileHandler' driver.
INFO - 2025-10-15 09:41:31 --> Session: Class initialized using 'CodeIgniter\Session\Handlers\FileHandler' driver.
INFO - 2025-10-15 09:41:32 --> Session: Class initialized using 'CodeIgniter\Session\Handlers\FileHandler' driver.
INFO - 2025-10-15 09:41:32 --> Session: Class initialized using 'CodeIgniter\Session\Handlers\FileHandler' driver.
INFO - 2025-10-15 09:49:37 --> Session: Class initialized using 'CodeIgniter\Session\Handlers\FileHandler' driver.
CRITICAL - 2025-10-15 09:49:37 --> ErrorException: Trying to access array offset on value of type null
[Method: GET, Route: items_orden/823]
in APPPATH/Controllers/ItemsOrden.php on line 17.
 1 APPPATH/Controllers/ItemsOrden.php(17): CodeIgniter\Debug\Exceptions->errorHandler(2, 'Trying to access array offset on value of type null', '/home2/usoabumg/public_html/oruro.site/app/Controllers/ItemsOrden.php', 17)
 2 SYSTEMPATH/CodeIgniter.php(903): App\Controllers\ItemsOrden->__construct()
 3 SYSTEMPATH/CodeIgniter.php(500): CodeIgniter\CodeIgniter->createController()
 4 SYSTEMPATH/CodeIgniter.php(355): CodeIgniter\CodeIgniter->handleRequest(null, Object(Config\Cache), false)
 5 SYSTEMPATH/Boot.php(325): CodeIgniter\CodeIgniter->run()
 6 SYSTEMPATH/Boot.php(67): CodeIgniter\Boot::runCodeIgniter(Object(CodeIgniter\CodeIgniter))
 7 FCPATH/index.php(56): CodeIgniter\Boot::bootWeb(Object(Config\Paths))
INFO - 2025-10-15 09:49:39 --> Session: Class initialized using 'CodeIgniter\Session\Handlers\FileHandler' driver.
INFO - 2025-10-15 09:49:47 --> Session: Class initialized using 'CodeIgniter\Session\Handlers\FileHandler' driver.
CRITICAL - 2025-10-15 09:49:47 --> ErrorException: Trying to access array offset on value of type null
[Method: GET, Route: items_orden/823]
in APPPATH/Controllers/ItemsOrden.php on line 17.
 1 APPPATH/Controllers/ItemsOrden.php(17): CodeIgniter\Debug\Exceptions->errorHandler(2, 'Trying to access array offset on value of type null', '/home2/usoabumg/public_html/oruro.site/app/Controllers/ItemsOrden.php', 17)
 2 SYSTEMPATH/CodeIgniter.php(903): App\Controllers\ItemsOrden->__construct()
 3 SYSTEMPATH/CodeIgniter.php(500): CodeIgniter\CodeIgniter->createController()
 4 SYSTEMPATH/CodeIgniter.php(355): CodeIgniter\CodeIgniter->handleRequest(null, Object(Config\Cache), false)
 5 SYSTEMPATH/Boot.php(325): CodeIgniter\CodeIgniter->run()
 6 SYSTEMPATH/Boot.php(67): CodeIgniter\Boot::runCodeIgniter(Object(CodeIgniter\CodeIgniter))
 7 FCPATH/index.php(56): CodeIgniter\Boot::bootWeb(Object(Config\Paths))
INFO - 2025-10-15 09:49:48 --> Session: Class initialized using 'CodeIgniter\Session\Handlers\FileHandler' driver.
INFO - 2025-10-15 09:49:57 --> Session: Class initialized using 'CodeIgniter\Session\Handlers\FileHandler' driver.
CRITICAL - 2025-10-15 09:49:57 --> ErrorException: Trying to access array offset on value of type null
[Method: GET, Route: items_orden/823]
in APPPATH/Controllers/ItemsOrden.php on line 17.
 1 APPPATH/Controllers/ItemsOrden.php(17): CodeIgniter\Debug\Exceptions->errorHandler(2, 'Trying to access array offset on value of type null', '/home2/usoabumg/public_html/oruro.site/app/Controllers/ItemsOrden.php', 17)
 2 SYSTEMPATH/CodeIgniter.php(903): App\Controllers\ItemsOrden->__construct()
 3 SYSTEMPATH/CodeIgniter.php(500): CodeIgniter\CodeIgniter->createController()
 4 SYSTEMPATH/CodeIgniter.php(355): CodeIgniter\CodeIgniter->handleRequest(null, Object(Config\Cache), false)
 5 SYSTEMPATH/Boot.php(325): CodeIgniter\CodeIgniter->run()
 6 SYSTEMPATH/Boot.php(67): CodeIgniter\Boot::runCodeIgniter(Object(CodeIgniter\CodeIgniter))
 7 FCPATH/index.php(56): CodeIgniter\Boot::bootWeb(Object(Config\Paths))
INFO - 2025-10-15 09:49:59 --> Session: Class initialized using 'CodeIgniter\Session\Handlers\FileHandler' driver.
INFO - 2025-10-15 09:50:02 --> Session: Class initialized using 'CodeIgniter\Session\Handlers\FileHandler' driver.
CRITICAL - 2025-10-15 09:50:02 --> ErrorException: Trying to access array offset on value of type null
[Method: GET, Route: items_orden/823]
in APPPATH/Controllers/ItemsOrden.php on line 17.
 1 APPPATH/Controllers/ItemsOrden.php(17): CodeIgniter\Debug\Exceptions->errorHandler(2, 'Trying to access array offset on value of type null', '/home2/usoabumg/public_html/oruro.site/app/Controllers/ItemsOrden.php', 17)
 2 SYSTEMPATH/CodeIgniter.php(903): App\Controllers\ItemsOrden->__construct()
 3 SYSTEMPATH/CodeIgniter.php(500): CodeIgniter\CodeIgniter->createController()
 4 SYSTEMPATH/CodeIgniter.php(355): CodeIgniter\CodeIgniter->handleRequest(null, Object(Config\Cache), false)
 5 SYSTEMPATH/Boot.php(325): CodeIgniter\CodeIgniter->run()
 6 SYSTEMPATH/Boot.php(67): CodeIgniter\Boot::runCodeIgniter(Object(CodeIgniter\CodeIgniter))
 7 FCPATH/index.php(56): CodeIgniter\Boot::bootWeb(Object(Config\Paths))
INFO - 2025-10-15 09:50:03 --> Session: Class initialized using 'CodeIgniter\Session\Handlers\FileHandler' driver.
INFO - 2025-10-15 09:50:07 --> Session: Class initialized using 'CodeIgniter\Session\Handlers\FileHandler' driver.
CRITICAL - 2025-10-15 09:50:07 --> ErrorException: Trying to access array offset on value of type null
[Method: GET, Route: orden]
in APPPATH/Controllers/Orden.php on line 18.
 1 APPPATH/Controllers/Orden.php(18): CodeIgniter\Debug\Exceptions->errorHandler(2, 'Trying to access array offset on value of type null', '/home2/usoabumg/public_html/oruro.site/app/Controllers/Orden.php', 18)
 2 SYSTEMPATH/CodeIgniter.php(903): App\Controllers\Orden->__construct()
 3 SYSTEMPATH/CodeIgniter.php(500): CodeIgniter\CodeIgniter->createController()
 4 SYSTEMPATH/CodeIgniter.php(355): CodeIgniter\CodeIgniter->handleRequest(null, Object(Config\Cache), false)
 5 SYSTEMPATH/Boot.php(325): CodeIgniter\CodeIgniter->run()
 6 SYSTEMPATH/Boot.php(67): CodeIgniter\Boot::runCodeIgniter(Object(CodeIgniter\CodeIgniter))
 7 FCPATH/index.php(56): CodeIgniter\Boot::bootWeb(Object(Config\Paths))
INFO - 2025-10-15 09:50:09 --> Session: Class initialized using 'CodeIgniter\Session\Handlers\FileHandler' driver.
INFO - 2025-10-15 09:50:18 --> Session: Class initialized using 'CodeIgniter\Session\Handlers\FileHandler' driver.
CRITICAL - 2025-10-15 09:50:18 --> ErrorException: Trying to access array offset on value of type null
[Method: GET, Route: orden]
in APPPATH/Controllers/Orden.php on line 18.
 1 APPPATH/Controllers/Orden.php(18): CodeIgniter\Debug\Exceptions->errorHandler(2, 'Trying to access array offset on value of type null', '/home2/usoabumg/public_html/oruro.site/app/Controllers/Orden.php', 18)
 2 SYSTEMPATH/CodeIgniter.php(903): App\Controllers\Orden->__construct()
 3 SYSTEMPATH/CodeIgniter.php(500): CodeIgniter\CodeIgniter->createController()
 4 SYSTEMPATH/CodeIgniter.php(355): CodeIgniter\CodeIgniter->handleRequest(null, Object(Config\Cache), false)
 5 SYSTEMPATH/Boot.php(325): CodeIgniter\CodeIgniter->run()
 6 SYSTEMPATH/Boot.php(67): CodeIgniter\Boot::runCodeIgniter(Object(CodeIgniter\CodeIgniter))
 7 FCPATH/index.php(56): CodeIgniter\Boot::bootWeb(Object(Config\Paths))
INFO - 2025-10-15 09:50:19 --> Session: Class initialized using 'CodeIgniter\Session\Handlers\FileHandler' driver.
INFO - 2025-10-15 09:50:54 --> Session: Class initialized using 'CodeIgniter\Session\Handlers\FileHandler' driver.
CRITICAL - 2025-10-15 09:50:54 --> ErrorException: Trying to access array offset on value of type null
[Method: GET, Route: orden]
in APPPATH/Controllers/Orden.php on line 18.
 1 APPPATH/Controllers/Orden.php(18): CodeIgniter\Debug\Exceptions->errorHandler(2, 'Trying to access array offset on value of type null', '/home2/usoabumg/public_html/oruro.site/app/Controllers/Orden.php', 18)
 2 SYSTEMPATH/CodeIgniter.php(903): App\Controllers\Orden->__construct()
 3 SYSTEMPATH/CodeIgniter.php(500): CodeIgniter\CodeIgniter->createController()
 4 SYSTEMPATH/CodeIgniter.php(355): CodeIgniter\CodeIgniter->handleRequest(null, Object(Config\Cache), false)
 5 SYSTEMPATH/Boot.php(325): CodeIgniter\CodeIgniter->run()
 6 SYSTEMPATH/Boot.php(67): CodeIgniter\Boot::runCodeIgniter(Object(CodeIgniter\CodeIgniter))
 7 FCPATH/index.php(56): CodeIgniter\Boot::bootWeb(Object(Config\Paths))
INFO - 2025-10-15 09:50:55 --> Session: Class initialized using 'CodeIgniter\Session\Handlers\FileHandler' driver.
CRITICAL - 2025-10-15 09:50:55 --> ErrorException: Trying to access array offset on value of type null
[Method: GET, Route: orden]
in APPPATH/Controllers/Orden.php on line 18.
 1 APPPATH/Controllers/Orden.php(18): CodeIgniter\Debug\Exceptions->errorHandler(2, 'Trying to access array offset on value of type null', '/home2/usoabumg/public_html/oruro.site/app/Controllers/Orden.php', 18)
 2 SYSTEMPATH/CodeIgniter.php(903): App\Controllers\Orden->__construct()
 3 SYSTEMPATH/CodeIgniter.php(500): CodeIgniter\CodeIgniter->createController()
 4 SYSTEMPATH/CodeIgniter.php(355): CodeIgniter\CodeIgniter->handleRequest(null, Object(Config\Cache), false)
 5 SYSTEMPATH/Boot.php(325): CodeIgniter\CodeIgniter->run()
 6 SYSTEMPATH/Boot.php(67): CodeIgniter\Boot::runCodeIgniter(Object(CodeIgniter\CodeIgniter))
 7 FCPATH/index.php(56): CodeIgniter\Boot::bootWeb(Object(Config\Paths))
INFO - 2025-10-15 09:50:56 --> Session: Class initialized using 'CodeIgniter\Session\Handlers\FileHandler' driver.
CRITICAL - 2025-10-15 09:50:56 --> ErrorException: Trying to access array offset on value of type null
[Method: GET, Route: orden]
in APPPATH/Controllers/Orden.php on line 18.
 1 APPPATH/Controllers/Orden.php(18): CodeIgniter\Debug\Exceptions->errorHandler(2, 'Trying to access array offset on value of type null', '/home2/usoabumg/public_html/oruro.site/app/Controllers/Orden.php', 18)
 2 SYSTEMPATH/CodeIgniter.php(903): App\Controllers\Orden->__construct()
 3 SYSTEMPATH/CodeIgniter.php(500): CodeIgniter\CodeIgniter->createController()
 4 SYSTEMPATH/CodeIgniter.php(355): CodeIgniter\CodeIgniter->handleRequest(null, Object(Config\Cache), false)
 5 SYSTEMPATH/Boot.php(325): CodeIgniter\CodeIgniter->run()
 6 SYSTEMPATH/Boot.php(67): CodeIgniter\Boot::runCodeIgniter(Object(CodeIgniter\CodeIgniter))
 7 FCPATH/index.php(56): CodeIgniter\Boot::bootWeb(Object(Config\Paths))
INFO - 2025-10-15 09:50:57 --> Session: Class initialized using 'CodeIgniter\Session\Handlers\FileHandler' driver.
CRITICAL - 2025-10-15 09:50:57 --> ErrorException: Trying to access array offset on value of type null
[Method: GET, Route: orden]
in APPPATH/Controllers/Orden.php on line 18.
 1 APPPATH/Controllers/Orden.php(18): CodeIgniter\Debug\Exceptions->errorHandler(2, 'Trying to access array offset on value of type null', '/home2/usoabumg/public_html/oruro.site/app/Controllers/Orden.php', 18)
 2 SYSTEMPATH/CodeIgniter.php(903): App\Controllers\Orden->__construct()
 3 SYSTEMPATH/CodeIgniter.php(500): CodeIgniter\CodeIgniter->createController()
 4 SYSTEMPATH/CodeIgniter.php(355): CodeIgniter\CodeIgniter->handleRequest(null, Object(Config\Cache), false)
 5 SYSTEMPATH/Boot.php(325): CodeIgniter\CodeIgniter->run()
 6 SYSTEMPATH/Boot.php(67): CodeIgniter\Boot::runCodeIgniter(Object(CodeIgniter\CodeIgniter))
 7 FCPATH/index.php(56): CodeIgniter\Boot::bootWeb(Object(Config\Paths))
INFO - 2025-10-15 09:50:59 --> Session: Class initialized using 'CodeIgniter\Session\Handlers\FileHandler' driver.
INFO - 2025-10-15 09:51:00 --> Session: Class initialized using 'CodeIgniter\Session\Handlers\FileHandler' driver.
CRITICAL - 2025-10-15 09:51:00 --> ErrorException: Trying to access array offset on value of type null
[Method: GET, Route: orden]
in APPPATH/Controllers/Orden.php on line 18.
 1 APPPATH/Controllers/Orden.php(18): CodeIgniter\Debug\Exceptions->errorHandler(2, 'Trying to access array offset on value of type null', '/home2/usoabumg/public_html/oruro.site/app/Controllers/Orden.php', 18)
 2 SYSTEMPATH/CodeIgniter.php(903): App\Controllers\Orden->__construct()
 3 SYSTEMPATH/CodeIgniter.php(500): CodeIgniter\CodeIgniter->createController()
 4 SYSTEMPATH/CodeIgniter.php(355): CodeIgniter\CodeIgniter->handleRequest(null, Object(Config\Cache), false)
 5 SYSTEMPATH/Boot.php(325): CodeIgniter\CodeIgniter->run()
 6 SYSTEMPATH/Boot.php(67): CodeIgniter\Boot::runCodeIgniter(Object(CodeIgniter\CodeIgniter))
 7 FCPATH/index.php(56): CodeIgniter\Boot::bootWeb(Object(Config\Paths))
INFO - 2025-10-15 09:51:01 --> Session: Class initialized using 'CodeIgniter\Session\Handlers\FileHandler' driver.
INFO - 2025-10-15 09:51:02 --> Session: Class initialized using 'CodeIgniter\Session\Handlers\FileHandler' driver.
CRITICAL - 2025-10-15 09:51:02 --> ErrorException: Trying to access array offset on value of type null
[Method: GET, Route: orden]
in APPPATH/Controllers/Orden.php on line 18.
 1 APPPATH/Controllers/Orden.php(18): CodeIgniter\Debug\Exceptions->errorHandler(2, 'Trying to access array offset on value of type null', '/home2/usoabumg/public_html/oruro.site/app/Controllers/Orden.php', 18)
 2 SYSTEMPATH/CodeIgniter.php(903): App\Controllers\Orden->__construct()
 3 SYSTEMPATH/CodeIgniter.php(500): CodeIgniter\CodeIgniter->createController()
 4 SYSTEMPATH/CodeIgniter.php(355): CodeIgniter\CodeIgniter->handleRequest(null, Object(Config\Cache), false)
 5 SYSTEMPATH/Boot.php(325): CodeIgniter\CodeIgniter->run()
 6 SYSTEMPATH/Boot.php(67): CodeIgniter\Boot::runCodeIgniter(Object(CodeIgniter\CodeIgniter))
 7 FCPATH/index.php(56): CodeIgniter\Boot::bootWeb(Object(Config\Paths))
INFO - 2025-10-15 09:51:03 --> Session: Class initialized using 'CodeIgniter\Session\Handlers\FileHandler' driver.
INFO - 2025-10-15 09:51:04 --> Session: Class initialized using 'CodeIgniter\Session\Handlers\FileHandler' driver.
INFO - 2025-10-15 09:51:07 --> CSRF token verified.
INFO - 2025-10-15 09:51:08 --> Session: Class initialized using 'CodeIgniter\Session\Handlers\FileHandler' driver.
INFO - 2025-10-15 09:51:08 --> Session: Class initialized using 'CodeIgniter\Session\Handlers\FileHandler' driver.
INFO - 2025-10-15 09:51:32 --> Session: Class initialized using 'CodeIgniter\Session\Handlers\FileHandler' driver.
INFO - 2025-10-15 09:51:35 --> Session: Class initialized using 'CodeIgniter\Session\Handlers\FileHandler' driver.
INFO - 2025-10-15 09:51:46 --> Session: Class initialized using 'CodeIgniter\Session\Handlers\FileHandler' driver.
INFO - 2025-10-15 09:51:49 --> CSRF token verified.
INFO - 2025-10-15 09:51:49 --> Session: Class initialized using 'CodeIgniter\Session\Handlers\FileHandler' driver.
INFO - 2025-10-15 09:51:49 --> Session: Class initialized using 'CodeIgniter\Session\Handlers\FileHandler' driver.
INFO - 2025-10-15 10:07:51 --> Session: Class initialized using 'CodeIgniter\Session\Handlers\FileHandler' driver.
CRITICAL - 2025-10-15 10:07:51 --> ErrorException: Trying to access array offset on value of type null
[Method: GET, Route: orden]
in APPPATH/Controllers/Orden.php on line 18.
 1 APPPATH/Controllers/Orden.php(18): CodeIgniter\Debug\Exceptions->errorHandler(2, 'Trying to access array offset on value of type null', '/home2/usoabumg/public_html/oruro.site/app/Controllers/Orden.php', 18)
 2 SYSTEMPATH/CodeIgniter.php(903): App\Controllers\Orden->__construct()
 3 SYSTEMPATH/CodeIgniter.php(500): CodeIgniter\CodeIgniter->createController()
 4 SYSTEMPATH/CodeIgniter.php(355): CodeIgniter\CodeIgniter->handleRequest(null, Object(Config\Cache), false)
 5 SYSTEMPATH/Boot.php(325): CodeIgniter\CodeIgniter->run()
 6 SYSTEMPATH/Boot.php(67): CodeIgniter\Boot::runCodeIgniter(Object(CodeIgniter\CodeIgniter))
 7 FCPATH/index.php(56): CodeIgniter\Boot::bootWeb(Object(Config\Paths))
INFO - 2025-10-15 10:07:52 --> Session: Class initialized using 'CodeIgniter\Session\Handlers\FileHandler' driver.
INFO - 2025-10-15 10:07:54 --> Session: Class initialized using 'CodeIgniter\Session\Handlers\FileHandler' driver.
CRITICAL - 2025-10-15 10:07:54 --> ErrorException: Trying to access array offset on value of type null
[Method: GET, Route: orden]
in APPPATH/Controllers/Orden.php on line 18.
 1 APPPATH/Controllers/Orden.php(18): CodeIgniter\Debug\Exceptions->errorHandler(2, 'Trying to access array offset on value of type null', '/home2/usoabumg/public_html/oruro.site/app/Controllers/Orden.php', 18)
 2 SYSTEMPATH/CodeIgniter.php(903): App\Controllers\Orden->__construct()
 3 SYSTEMPATH/CodeIgniter.php(500): CodeIgniter\CodeIgniter->createController()
 4 SYSTEMPATH/CodeIgniter.php(355): CodeIgniter\CodeIgniter->handleRequest(null, Object(Config\Cache), false)
 5 SYSTEMPATH/Boot.php(325): CodeIgniter\CodeIgniter->run()
 6 SYSTEMPATH/Boot.php(67): CodeIgniter\Boot::runCodeIgniter(Object(CodeIgniter\CodeIgniter))
 7 FCPATH/index.php(56): CodeIgniter\Boot::bootWeb(Object(Config\Paths))
INFO - 2025-10-15 10:07:57 --> Session: Class initialized using 'CodeIgniter\Session\Handlers\FileHandler' driver.
CRITICAL - 2025-10-15 10:07:57 --> ErrorException: Trying to access array offset on value of type null
[Method: GET, Route: orden]
in APPPATH/Controllers/Orden.php on line 18.
 1 APPPATH/Controllers/Orden.php(18): CodeIgniter\Debug\Exceptions->errorHandler(2, 'Trying to access array offset on value of type null', '/home2/usoabumg/public_html/oruro.site/app/Controllers/Orden.php', 18)
 2 SYSTEMPATH/CodeIgniter.php(903): App\Controllers\Orden->__construct()
 3 SYSTEMPATH/CodeIgniter.php(500): CodeIgniter\CodeIgniter->createController()
 4 SYSTEMPATH/CodeIgniter.php(355): CodeIgniter\CodeIgniter->handleRequest(null, Object(Config\Cache), false)
 5 SYSTEMPATH/Boot.php(325): CodeIgniter\CodeIgniter->run()
 6 SYSTEMPATH/Boot.php(67): CodeIgniter\Boot::runCodeIgniter(Object(CodeIgniter\CodeIgniter))
 7 FCPATH/index.php(56): CodeIgniter\Boot::bootWeb(Object(Config\Paths))
INFO - 2025-10-15 10:14:08 --> Session: Class initialized using 'CodeIgniter\Session\Handlers\FileHandler' driver.
INFO - 2025-10-15 10:14:08 --> Session: Class initialized using 'CodeIgniter\Session\Handlers\FileHandler' driver.
INFO - 2025-10-15 10:14:09 --> Session: Class initialized using 'CodeIgniter\Session\Handlers\FileHandler' driver.
INFO - 2025-10-15 10:20:33 --> Session: Class initialized using 'CodeIgniter\Session\Handlers\FileHandler' driver.
INFO - 2025-10-15 10:20:35 --> Session: Class initialized using 'CodeIgniter\Session\Handlers\FileHandler' driver.
INFO - 2025-10-15 10:20:37 --> Session: Class initialized using 'CodeIgniter\Session\Handlers\FileHandler' driver.
INFO - 2025-10-15 10:27:16 --> Session: Class initialized using 'CodeIgniter\Session\Handlers\FileHandler' driver.
INFO - 2025-10-15 10:27:17 --> Session: Class initialized using 'CodeIgniter\Session\Handlers\FileHandler' driver.
INFO - 2025-10-15 10:27:18 --> Session: Class initialized using 'CodeIgniter\Session\Handlers\FileHandler' driver.
INFO - 2025-10-15 10:34:37 --> Session: Class initialized using 'CodeIgniter\Session\Handlers\FileHandler' driver.
INFO - 2025-10-15 10:34:40 --> Session: Class initialized using 'CodeIgniter\Session\Handlers\FileHandler' driver.
INFO - 2025-10-15 10:34:42 --> Session: Class initialized using 'CodeIgniter\Session\Handlers\FileHandler' driver.
INFO - 2025-10-15 10:39:33 --> Session: Class initialized using 'CodeIgniter\Session\Handlers\FileHandler' driver.
INFO - 2025-10-15 10:39:34 --> Session: Class initialized using 'CodeIgniter\Session\Handlers\FileHandler' driver.
INFO - 2025-10-15 10:39:36 --> Session: Class initialized using 'CodeIgniter\Session\Handlers\FileHandler' driver.
INFO - 2025-10-15 10:39:48 --> Session: Class initialized using 'CodeIgniter\Session\Handlers\FileHandler' driver.
INFO - 2025-10-15 10:40:21 --> Session: Class initialized using 'CodeIgniter\Session\Handlers\FileHandler' driver.
INFO - 2025-10-15 10:54:44 --> Session: Class initialized using 'CodeIgniter\Session\Handlers\FileHandler' driver.
INFO - 2025-10-15 10:54:46 --> Session: Class initialized using 'CodeIgniter\Session\Handlers\FileHandler' driver.
INFO - 2025-10-15 10:54:48 --> Session: Class initialized using 'CodeIgniter\Session\Handlers\FileHandler' driver.
INFO - 2025-10-15 11:02:46 --> Session: Class initialized using 'CodeIgniter\Session\Handlers\FileHandler' driver.
INFO - 2025-10-15 11:02:48 --> Session: Class initialized using 'CodeIgniter\Session\Handlers\FileHandler' driver.
INFO - 2025-10-15 11:03:16 --> Session: Class initialized using 'CodeIgniter\Session\Handlers\FileHandler' driver.
INFO - 2025-10-15 11:03:17 --> Session: Class initialized using 'CodeIgniter\Session\Handlers\FileHandler' driver.
INFO - 2025-10-15 11:10:31 --> Session: Class initialized using 'CodeIgniter\Session\Handlers\FileHandler' driver.
INFO - 2025-10-15 11:10:33 --> Session: Class initialized using 'CodeIgniter\Session\Handlers\FileHandler' driver.
INFO - 2025-10-15 11:10:34 --> Session: Class initialized using 'CodeIgniter\Session\Handlers\FileHandler' driver.
INFO - 2025-10-15 11:31:32 --> Session: Class initialized using 'CodeIgniter\Session\Handlers\FileHandler' driver.
INFO - 2025-10-15 11:48:31 --> Session: Class initialized using 'CodeIgniter\Session\Handlers\FileHandler' driver.
INFO - 2025-10-15 12:00:04 --> Session: Class initialized using 'CodeIgniter\Session\Handlers\FileHandler' driver.
INFO - 2025-10-15 12:00:04 --> Session: Class initialized using 'CodeIgniter\Session\Handlers\FileHandler' driver.
INFO - 2025-10-15 12:00:13 --> CSRF token verified.
INFO - 2025-10-15 12:00:14 --> Session: Class initialized using 'CodeIgniter\Session\Handlers\FileHandler' driver.
INFO - 2025-10-15 12:00:14 --> Session: Class initialized using 'CodeIgniter\Session\Handlers\FileHandler' driver.
INFO - 2025-10-15 12:00:22 --> Session: Class initialized using 'CodeIgniter\Session\Handlers\FileHandler' driver.
INFO - 2025-10-15 12:00:28 --> Session: Class initialized using 'CodeIgniter\Session\Handlers\FileHandler' driver.
INFO - 2025-10-15 12:00:32 --> Session: Class initialized using 'CodeIgniter\Session\Handlers\FileHandler' driver.
INFO - 2025-10-15 12:00:36 --> Session: Class initialized using 'CodeIgniter\Session\Handlers\FileHandler' driver.
INFO - 2025-10-15 12:10:02 --> Session: Class initialized using 'CodeIgniter\Session\Handlers\FileHandler' driver.
INFO - 2025-10-15 12:10:06 --> CSRF token verified.
INFO - 2025-10-15 12:10:07 --> Session: Class initialized using 'CodeIgniter\Session\Handlers\FileHandler' driver.
INFO - 2025-10-15 12:10:08 --> Session: Class initialized using 'CodeIgniter\Session\Handlers\FileHandler' driver.
INFO - 2025-10-15 12:10:15 --> Session: Class initialized using 'CodeIgniter\Session\Handlers\FileHandler' driver.
INFO - 2025-10-15 12:13:19 --> CSRF token verified.
INFO - 2025-10-15 12:13:19 --> Session: Class initialized using 'CodeIgniter\Session\Handlers\FileHandler' driver.
INFO - 2025-10-15 12:13:20 --> Session: Class initialized using 'CodeIgniter\Session\Handlers\FileHandler' driver.
INFO - 2025-10-15 12:13:24 --> Session: Class initialized using 'CodeIgniter\Session\Handlers\FileHandler' driver.
INFO - 2025-10-15 12:13:27 --> CSRF token verified.
INFO - 2025-10-15 12:13:27 --> Session: Class initialized using 'CodeIgniter\Session\Handlers\FileHandler' driver.
INFO - 2025-10-15 12:13:28 --> Session: Class initialized using 'CodeIgniter\Session\Handlers\FileHandler' driver.
INFO - 2025-10-15 12:13:32 --> Session: Class initialized using 'CodeIgniter\Session\Handlers\FileHandler' driver.
INFO - 2025-10-15 12:14:11 --> Session: Class initialized using 'CodeIgniter\Session\Handlers\FileHandler' driver.
INFO - 2025-10-15 12:14:25 --> CSRF token verified.
INFO - 2025-10-15 12:14:25 --> Session: Class initialized using 'CodeIgniter\Session\Handlers\FileHandler' driver.
INFO - 2025-10-15 12:14:25 --> Session: Class initialized using 'CodeIgniter\Session\Handlers\FileHandler' driver.
INFO - 2025-10-15 12:14:33 --> Session: Class initialized using 'CodeIgniter\Session\Handlers\FileHandler' driver.
INFO - 2025-10-15 12:14:42 --> CSRF token verified.
INFO - 2025-10-15 12:14:42 --> Session: Class initialized using 'CodeIgniter\Session\Handlers\FileHandler' driver.
INFO - 2025-10-15 12:14:42 --> Session: Class initialized using 'CodeIgniter\Session\Handlers\FileHandler' driver.
INFO - 2025-10-15 12:14:42 --> Session: Class initialized using 'CodeIgniter\Session\Handlers\FileHandler' driver.
INFO - 2025-10-15 12:14:43 --> Session: Class initialized using 'CodeIgniter\Session\Handlers\FileHandler' driver.
INFO - 2025-10-15 12:15:04 --> Session: Class initialized using 'CodeIgniter\Session\Handlers\FileHandler' driver.
INFO - 2025-10-15 12:15:17 --> Session: Class initialized using 'CodeIgniter\Session\Handlers\FileHandler' driver.
INFO - 2025-10-15 12:15:18 --> Session: Class initialized using 'CodeIgniter\Session\Handlers\FileHandler' driver.
INFO - 2025-10-15 12:15:29 --> Session: Class initialized using 'CodeIgniter\Session\Handlers\FileHandler' driver.
INFO - 2025-10-15 12:15:30 --> Session: Class initialized using 'CodeIgniter\Session\Handlers\FileHandler' driver.
INFO - 2025-10-15 12:15:31 --> Session: Class initialized using 'CodeIgniter\Session\Handlers\FileHandler' driver.
INFO - 2025-10-15 12:15:46 --> Session: Class initialized using 'CodeIgniter\Session\Handlers\FileHandler' driver.
INFO - 2025-10-15 12:15:52 --> CSRF token verified.
INFO - 2025-10-15 12:15:52 --> Session: Class initialized using 'CodeIgniter\Session\Handlers\FileHandler' driver.
INFO - 2025-10-15 12:15:53 --> Session: Class initialized using 'CodeIgniter\Session\Handlers\FileHandler' driver.
INFO - 2025-10-15 12:16:08 --> Session: Class initialized using 'CodeIgniter\Session\Handlers\FileHandler' driver.
INFO - 2025-10-15 12:16:20 --> CSRF token verified.
INFO - 2025-10-15 12:16:20 --> Session: Class initialized using 'CodeIgniter\Session\Handlers\FileHandler' driver.
INFO - 2025-10-15 12:16:20 --> Session: Class initialized using 'CodeIgniter\Session\Handlers\FileHandler' driver.
INFO - 2025-10-15 12:16:34 --> Session: Class initialized using 'CodeIgniter\Session\Handlers\FileHandler' driver.
INFO - 2025-10-15 12:16:38 --> CSRF token verified.
INFO - 2025-10-15 12:16:38 --> Session: Class initialized using 'CodeIgniter\Session\Handlers\FileHandler' driver.
INFO - 2025-10-15 12:16:39 --> Session: Class initialized using 'CodeIgniter\Session\Handlers\FileHandler' driver.
INFO - 2025-10-15 12:16:51 --> Session: Class initialized using 'CodeIgniter\Session\Handlers\FileHandler' driver.
INFO - 2025-10-15 12:16:54 --> CSRF token verified.
INFO - 2025-10-15 12:16:54 --> Session: Class initialized using 'CodeIgniter\Session\Handlers\FileHandler' driver.
INFO - 2025-10-15 12:16:54 --> Session: Class initialized using 'CodeIgniter\Session\Handlers\FileHandler' driver.
INFO - 2025-10-15 12:17:18 --> Session: Class initialized using 'CodeIgniter\Session\Handlers\FileHandler' driver.
INFO - 2025-10-15 12:17:25 --> Session: Class initialized using 'CodeIgniter\Session\Handlers\FileHandler' driver.
INFO - 2025-10-15 12:17:25 --> Session: Class initialized using 'CodeIgniter\Session\Handlers\FileHandler' driver.
INFO - 2025-10-15 12:20:37 --> Session: Class initialized using 'CodeIgniter\Session\Handlers\FileHandler' driver.
INFO - 2025-10-15 12:20:51 --> Session: Class initialized using 'CodeIgniter\Session\Handlers\FileHandler' driver.
INFO - 2025-10-15 12:21:05 --> Session: Class initialized using 'CodeIgniter\Session\Handlers\FileHandler' driver.
INFO - 2025-10-15 12:21:06 --> Session: Class initialized using 'CodeIgniter\Session\Handlers\FileHandler' driver.
INFO - 2025-10-15 12:21:07 --> Session: Class initialized using 'CodeIgniter\Session\Handlers\FileHandler' driver.
INFO - 2025-10-15 12:21:14 --> Session: Class initialized using 'CodeIgniter\Session\Handlers\FileHandler' driver.
INFO - 2025-10-15 12:21:30 --> Session: Class initialized using 'CodeIgniter\Session\Handlers\FileHandler' driver.
INFO - 2025-10-15 12:23:11 --> Session: Class initialized using 'CodeIgniter\Session\Handlers\FileHandler' driver.
INFO - 2025-10-15 12:23:12 --> Session: Class initialized using 'CodeIgniter\Session\Handlers\FileHandler' driver.
INFO - 2025-10-15 12:23:20 --> CSRF token verified.
INFO - 2025-10-15 12:23:21 --> Session: Class initialized using 'CodeIgniter\Session\Handlers\FileHandler' driver.
INFO - 2025-10-15 12:23:21 --> Session: Class initialized using 'CodeIgniter\Session\Handlers\FileHandler' driver.
INFO - 2025-10-15 12:23:26 --> Session: Class initialized using 'CodeIgniter\Session\Handlers\FileHandler' driver.
INFO - 2025-10-15 12:23:27 --> Session: Class initialized using 'CodeIgniter\Session\Handlers\FileHandler' driver.
INFO - 2025-10-15 12:23:28 --> Session: Class initialized using 'CodeIgniter\Session\Handlers\FileHandler' driver.
INFO - 2025-10-15 12:23:30 --> Session: Class initialized using 'CodeIgniter\Session\Handlers\FileHandler' driver.
INFO - 2025-10-15 12:23:32 --> Session: Class initialized using 'CodeIgniter\Session\Handlers\FileHandler' driver.
INFO - 2025-10-15 12:23:33 --> Session: Class initialized using 'CodeIgniter\Session\Handlers\FileHandler' driver.
INFO - 2025-10-15 12:23:34 --> Session: Class initialized using 'CodeIgniter\Session\Handlers\FileHandler' driver.
INFO - 2025-10-15 12:23:42 --> Session: Class initialized using 'CodeIgniter\Session\Handlers\FileHandler' driver.
INFO - 2025-10-15 12:23:49 --> CSRF token verified.
INFO - 2025-10-15 12:23:49 --> Session: Class initialized using 'CodeIgniter\Session\Handlers\FileHandler' driver.
INFO - 2025-10-15 12:23:50 --> Session: Class initialized using 'CodeIgniter\Session\Handlers\FileHandler' driver.
INFO - 2025-10-15 12:25:46 --> Session: Class initialized using 'CodeIgniter\Session\Handlers\FileHandler' driver.
INFO - 2025-10-15 12:25:47 --> Session: Class initialized using 'CodeIgniter\Session\Handlers\FileHandler' driver.
INFO - 2025-10-15 12:25:48 --> Session: Class initialized using 'CodeIgniter\Session\Handlers\FileHandler' driver.
INFO - 2025-10-15 12:26:00 --> Session: Class initialized using 'CodeIgniter\Session\Handlers\FileHandler' driver.
INFO - 2025-10-15 12:26:04 --> Session: Class initialized using 'CodeIgniter\Session\Handlers\FileHandler' driver.
INFO - 2025-10-15 12:26:05 --> Session: Class initialized using 'CodeIgniter\Session\Handlers\FileHandler' driver.
INFO - 2025-10-15 12:30:25 --> Session: Class initialized using 'CodeIgniter\Session\Handlers\FileHandler' driver.
INFO - 2025-10-15 12:30:25 --> Session: Class initialized using 'CodeIgniter\Session\Handlers\FileHandler' driver.
INFO - 2025-10-15 12:30:26 --> Session: Class initialized using 'CodeIgniter\Session\Handlers\FileHandler' driver.
INFO - 2025-10-15 12:30:37 --> Session: Class initialized using 'CodeIgniter\Session\Handlers\FileHandler' driver.
INFO - 2025-10-15 13:03:17 --> Session: Class initialized using 'CodeIgniter\Session\Handlers\FileHandler' driver.
INFO - 2025-10-15 13:19:07 --> Session: Class initialized using 'CodeIgniter\Session\Handlers\FileHandler' driver.
INFO - 2025-10-15 13:38:14 --> Session: Class initialized using 'CodeIgniter\Session\Handlers\FileHandler' driver.
INFO - 2025-10-15 13:38:14 --> Session: Class initialized using 'CodeIgniter\Session\Handlers\FileHandler' driver.
INFO - 2025-10-15 13:39:54 --> CSRF token verified.
INFO - 2025-10-15 13:39:55 --> Session: Class initialized using 'CodeIgniter\Session\Handlers\FileHandler' driver.
INFO - 2025-10-15 13:39:55 --> Session: Class initialized using 'CodeIgniter\Session\Handlers\FileHandler' driver.
INFO - 2025-10-15 13:40:08 --> Session: Class initialized using 'CodeIgniter\Session\Handlers\FileHandler' driver.
INFO - 2025-10-15 13:40:12 --> Session: Class initialized using 'CodeIgniter\Session\Handlers\FileHandler' driver.
INFO - 2025-10-15 13:42:40 --> Session: Class initialized using 'CodeIgniter\Session\Handlers\FileHandler' driver.
INFO - 2025-10-15 13:42:40 --> Session: Class initialized using 'CodeIgniter\Session\Handlers\FileHandler' driver.
INFO - 2025-10-15 13:42:58 --> CSRF token verified.
INFO - 2025-10-15 13:42:58 --> Session: Class initialized using 'CodeIgniter\Session\Handlers\FileHandler' driver.
WARNING - 2025-10-15 13:42:58 --> [DEPRECATED] number_format(): Passing null to parameter #1 ($num) of type float is deprecated in APPPATH/Views/reporte/imprimir_kardex.php on line 130.
 1 APPPATH/Views/reporte/imprimir_kardex.php(130): number_format(null, 2, ',', '.')
 2 SYSTEMPATH/View/View.php(234): include('/home2/usoabumg/public_html/oruro.site/app/Views/reporte/imprimir_kardex.php')
 3 SYSTEMPATH/View/View.php(237): CodeIgniter\View\View->CodeIgniter\View\{closure}()
 4 SYSTEMPATH/Common.php(1171): CodeIgniter\View\View->render('reporte/imprimir_kardex', [], true)
 5 APPPATH/Controllers/Reporte.php(105): view('reporte/imprimir_kardex', [...])
 6 SYSTEMPATH/CodeIgniter.php(933): App\Controllers\Reporte->generar_kardex_producto()
 7 SYSTEMPATH/CodeIgniter.php(509): CodeIgniter\CodeIgniter->runController(Object(App\Controllers\Reporte))
 8 SYSTEMPATH/CodeIgniter.php(355): CodeIgniter\CodeIgniter->handleRequest(null, Object(Config\Cache), false)
 9 SYSTEMPATH/Boot.php(325): CodeIgniter\CodeIgniter->run()
10 SYSTEMPATH/Boot.php(67): CodeIgniter\Boot::runCodeIgniter(Object(CodeIgniter\CodeIgniter))
11 FCPATH/index.php(56): CodeIgniter\Boot::bootWeb(Object(Config\Paths))
WARNING - 2025-10-15 13:42:58 --> [DEPRECATED] number_format(): Passing null to parameter #1 ($num) of type float is deprecated in APPPATH/Views/reporte/imprimir_kardex.php on line 133.
 1 APPPATH/Views/reporte/imprimir_kardex.php(133): number_format(null, 2, ',', '.')
 2 SYSTEMPATH/View/View.php(234): include('/home2/usoabumg/public_html/oruro.site/app/Views/reporte/imprimir_kardex.php')
 3 SYSTEMPATH/View/View.php(237): CodeIgniter\View\View->CodeIgniter\View\{closure}()
 4 SYSTEMPATH/Common.php(1171): CodeIgniter\View\View->render('reporte/imprimir_kardex', [], true)
 5 APPPATH/Controllers/Reporte.php(105): view('reporte/imprimir_kardex', [...])
 6 SYSTEMPATH/CodeIgniter.php(933): App\Controllers\Reporte->generar_kardex_producto()
 7 SYSTEMPATH/CodeIgniter.php(509): CodeIgniter\CodeIgniter->runController(Object(App\Controllers\Reporte))
 8 SYSTEMPATH/CodeIgniter.php(355): CodeIgniter\CodeIgniter->handleRequest(null, Object(Config\Cache), false)
 9 SYSTEMPATH/Boot.php(325): CodeIgniter\CodeIgniter->run()
10 SYSTEMPATH/Boot.php(67): CodeIgniter\Boot::runCodeIgniter(Object(CodeIgniter\CodeIgniter))
11 FCPATH/index.php(56): CodeIgniter\Boot::bootWeb(Object(Config\Paths))
WARNING - 2025-10-15 13:42:58 --> [DEPRECATED] number_format(): Passing null to parameter #1 ($num) of type float is deprecated in APPPATH/Views/reporte/imprimir_kardex.php on line 129.
 1 APPPATH/Views/reporte/imprimir_kardex.php(129): number_format(null, 2, ',', '.')
 2 SYSTEMPATH/View/View.php(234): include('/home2/usoabumg/public_html/oruro.site/app/Views/reporte/imprimir_kardex.php')
 3 SYSTEMPATH/View/View.php(237): CodeIgniter\View\View->CodeIgniter\View\{closure}()
 4 SYSTEMPATH/Common.php(1171): CodeIgniter\View\View->render('reporte/imprimir_kardex', [], true)
 5 APPPATH/Controllers/Reporte.php(105): view('reporte/imprimir_kardex', [...])
 6 SYSTEMPATH/CodeIgniter.php(933): App\Controllers\Reporte->generar_kardex_producto()
 7 SYSTEMPATH/CodeIgniter.php(509): CodeIgniter\CodeIgniter->runController(Object(App\Controllers\Reporte))
 8 SYSTEMPATH/CodeIgniter.php(355): CodeIgniter\CodeIgniter->handleRequest(null, Object(Config\Cache), false)
 9 SYSTEMPATH/Boot.php(325): CodeIgniter\CodeIgniter->run()
10 SYSTEMPATH/Boot.php(67): CodeIgniter\Boot::runCodeIgniter(Object(CodeIgniter\CodeIgniter))
11 FCPATH/index.php(56): CodeIgniter\Boot::bootWeb(Object(Config\Paths))
WARNING - 2025-10-15 13:42:58 --> [DEPRECATED] number_format(): Passing null to parameter #1 ($num) of type float is deprecated in APPPATH/Views/reporte/imprimir_kardex.php on line 132.
 1 APPPATH/Views/reporte/imprimir_kardex.php(132): number_format(null, 2, ',', '.')
 2 SYSTEMPATH/View/View.php(234): include('/home2/usoabumg/public_html/oruro.site/app/Views/reporte/imprimir_kardex.php')
 3 SYSTEMPATH/View/View.php(237): CodeIgniter\View\View->CodeIgniter\View\{closure}()
 4 SYSTEMPATH/Common.php(1171): CodeIgniter\View\View->render('reporte/imprimir_kardex', [], true)
 5 APPPATH/Controllers/Reporte.php(105): view('reporte/imprimir_kardex', [...])
 6 SYSTEMPATH/CodeIgniter.php(933): App\Controllers\Reporte->generar_kardex_producto()
 7 SYSTEMPATH/CodeIgniter.php(509): CodeIgniter\CodeIgniter->runController(Object(App\Controllers\Reporte))
 8 SYSTEMPATH/CodeIgniter.php(355): CodeIgniter\CodeIgniter->handleRequest(null, Object(Config\Cache), false)
 9 SYSTEMPATH/Boot.php(325): CodeIgniter\CodeIgniter->run()
10 SYSTEMPATH/Boot.php(67): CodeIgniter\Boot::runCodeIgniter(Object(CodeIgniter\CodeIgniter))
11 FCPATH/index.php(56): CodeIgniter\Boot::bootWeb(Object(Config\Paths))
WARNING - 2025-10-15 13:42:58 --> [DEPRECATED] number_format(): Passing null to parameter #1 ($num) of type float is deprecated in APPPATH/Views/reporte/imprimir_kardex.php on line 129.
 1 APPPATH/Views/reporte/imprimir_kardex.php(129): number_format(null, 2, ',', '.')
 2 SYSTEMPATH/View/View.php(234): include('/home2/usoabumg/public_html/oruro.site/app/Views/reporte/imprimir_kardex.php')
 3 SYSTEMPATH/View/View.php(237): CodeIgniter\View\View->CodeIgniter\View\{closure}()
 4 SYSTEMPATH/Common.php(1171): CodeIgniter\View\View->render('reporte/imprimir_kardex', [], true)
 5 APPPATH/Controllers/Reporte.php(105): view('reporte/imprimir_kardex', [...])
 6 SYSTEMPATH/CodeIgniter.php(933): App\Controllers\Reporte->generar_kardex_producto()
 7 SYSTEMPATH/CodeIgniter.php(509): CodeIgniter\CodeIgniter->runController(Object(App\Controllers\Reporte))
 8 SYSTEMPATH/CodeIgniter.php(355): CodeIgniter\CodeIgniter->handleRequest(null, Object(Config\Cache), false)
 9 SYSTEMPATH/Boot.php(325): CodeIgniter\CodeIgniter->run()
10 SYSTEMPATH/Boot.php(67): CodeIgniter\Boot::runCodeIgniter(Object(CodeIgniter\CodeIgniter))
11 FCPATH/index.php(56): CodeIgniter\Boot::bootWeb(Object(Config\Paths))
WARNING - 2025-10-15 13:42:58 --> [DEPRECATED] number_format(): Passing null to parameter #1 ($num) of type float is deprecated in APPPATH/Views/reporte/imprimir_kardex.php on line 132.
 1 APPPATH/Views/reporte/imprimir_kardex.php(132): number_format(null, 2, ',', '.')
 2 SYSTEMPATH/View/View.php(234): include('/home2/usoabumg/public_html/oruro.site/app/Views/reporte/imprimir_kardex.php')
 3 SYSTEMPATH/View/View.php(237): CodeIgniter\View\View->CodeIgniter\View\{closure}()
 4 SYSTEMPATH/Common.php(1171): CodeIgniter\View\View->render('reporte/imprimir_kardex', [], true)
 5 APPPATH/Controllers/Reporte.php(105): view('reporte/imprimir_kardex', [...])
 6 SYSTEMPATH/CodeIgniter.php(933): App\Controllers\Reporte->generar_kardex_producto()
 7 SYSTEMPATH/CodeIgniter.php(509): CodeIgniter\CodeIgniter->runController(Object(App\Controllers\Reporte))
 8 SYSTEMPATH/CodeIgniter.php(355): CodeIgniter\CodeIgniter->handleRequest(null, Object(Config\Cache), false)
 9 SYSTEMPATH/Boot.php(325): CodeIgniter\CodeIgniter->run()
10 SYSTEMPATH/Boot.php(67): CodeIgniter\Boot::runCodeIgniter(Object(CodeIgniter\CodeIgniter))
11 FCPATH/index.php(56): CodeIgniter\Boot::bootWeb(Object(Config\Paths))
WARNING - 2025-10-15 13:42:58 --> [DEPRECATED] number_format(): Passing null to parameter #1 ($num) of type float is deprecated in APPPATH/Views/reporte/imprimir_kardex.php on line 129.
 1 APPPATH/Views/reporte/imprimir_kardex.php(129): number_format(null, 2, ',', '.')
 2 SYSTEMPATH/View/View.php(234): include('/home2/usoabumg/public_html/oruro.site/app/Views/reporte/imprimir_kardex.php')
 3 SYSTEMPATH/View/View.php(237): CodeIgniter\View\View->CodeIgniter\View\{closure}()
 4 SYSTEMPATH/Common.php(1171): CodeIgniter\View\View->render('reporte/imprimir_kardex', [], true)
 5 APPPATH/Controllers/Reporte.php(105): view('reporte/imprimir_kardex', [...])
 6 SYSTEMPATH/CodeIgniter.php(933): App\Controllers\Reporte->generar_kardex_producto()
 7 SYSTEMPATH/CodeIgniter.php(509): CodeIgniter\CodeIgniter->runController(Object(App\Controllers\Reporte))
 8 SYSTEMPATH/CodeIgniter.php(355): CodeIgniter\CodeIgniter->handleRequest(null, Object(Config\Cache), false)
 9 SYSTEMPATH/Boot.php(325): CodeIgniter\CodeIgniter->run()
10 SYSTEMPATH/Boot.php(67): CodeIgniter\Boot::runCodeIgniter(Object(CodeIgniter\CodeIgniter))
11 FCPATH/index.php(56): CodeIgniter\Boot::bootWeb(Object(Config\Paths))
WARNING - 2025-10-15 13:42:58 --> [DEPRECATED] number_format(): Passing null to parameter #1 ($num) of type float is deprecated in APPPATH/Views/reporte/imprimir_kardex.php on line 132.
 1 APPPATH/Views/reporte/imprimir_kardex.php(132): number_format(null, 2, ',', '.')
 2 SYSTEMPATH/View/View.php(234): include('/home2/usoabumg/public_html/oruro.site/app/Views/reporte/imprimir_kardex.php')
 3 SYSTEMPATH/View/View.php(237): CodeIgniter\View\View->CodeIgniter\View\{closure}()
 4 SYSTEMPATH/Common.php(1171): CodeIgniter\View\View->render('reporte/imprimir_kardex', [], true)
 5 APPPATH/Controllers/Reporte.php(105): view('reporte/imprimir_kardex', [...])
 6 SYSTEMPATH/CodeIgniter.php(933): App\Controllers\Reporte->generar_kardex_producto()
 7 SYSTEMPATH/CodeIgniter.php(509): CodeIgniter\CodeIgniter->runController(Object(App\Controllers\Reporte))
 8 SYSTEMPATH/CodeIgniter.php(355): CodeIgniter\CodeIgniter->handleRequest(null, Object(Config\Cache), false)
 9 SYSTEMPATH/Boot.php(325): CodeIgniter\CodeIgniter->run()
10 SYSTEMPATH/Boot.php(67): CodeIgniter\Boot::runCodeIgniter(Object(CodeIgniter\CodeIgniter))
11 FCPATH/index.php(56): CodeIgniter\Boot::bootWeb(Object(Config\Paths))
WARNING - 2025-10-15 13:42:58 --> [DEPRECATED] number_format(): Passing null to parameter #1 ($num) of type float is deprecated in APPPATH/Views/reporte/imprimir_kardex.php on line 129.
 1 APPPATH/Views/reporte/imprimir_kardex.php(129): number_format(null, 2, ',', '.')
 2 SYSTEMPATH/View/View.php(234): include('/home2/usoabumg/public_html/oruro.site/app/Views/reporte/imprimir_kardex.php')
 3 SYSTEMPATH/View/View.php(237): CodeIgniter\View\View->CodeIgniter\View\{closure}()
 4 SYSTEMPATH/Common.php(1171): CodeIgniter\View\View->render('reporte/imprimir_kardex', [], true)
 5 APPPATH/Controllers/Reporte.php(105): view('reporte/imprimir_kardex', [...])
 6 SYSTEMPATH/CodeIgniter.php(933): App\Controllers\Reporte->generar_kardex_producto()
 7 SYSTEMPATH/CodeIgniter.php(509): CodeIgniter\CodeIgniter->runController(Object(App\Controllers\Reporte))
 8 SYSTEMPATH/CodeIgniter.php(355): CodeIgniter\CodeIgniter->handleRequest(null, Object(Config\Cache), false)
 9 SYSTEMPATH/Boot.php(325): CodeIgniter\CodeIgniter->run()
10 SYSTEMPATH/Boot.php(67): CodeIgniter\Boot::runCodeIgniter(Object(CodeIgniter\CodeIgniter))
11 FCPATH/index.php(56): CodeIgniter\Boot::bootWeb(Object(Config\Paths))
WARNING - 2025-10-15 13:42:58 --> [DEPRECATED] number_format(): Passing null to parameter #1 ($num) of type float is deprecated in APPPATH/Views/reporte/imprimir_kardex.php on line 132.
 1 APPPATH/Views/reporte/imprimir_kardex.php(132): number_format(null, 2, ',', '.')
 2 SYSTEMPATH/View/View.php(234): include('/home2/usoabumg/public_html/oruro.site/app/Views/reporte/imprimir_kardex.php')
 3 SYSTEMPATH/View/View.php(237): CodeIgniter\View\View->CodeIgniter\View\{closure}()
 4 SYSTEMPATH/Common.php(1171): CodeIgniter\View\View->render('reporte/imprimir_kardex', [], true)
 5 APPPATH/Controllers/Reporte.php(105): view('reporte/imprimir_kardex', [...])
 6 SYSTEMPATH/CodeIgniter.php(933): App\Controllers\Reporte->generar_kardex_producto()
 7 SYSTEMPATH/CodeIgniter.php(509): CodeIgniter\CodeIgniter->runController(Object(App\Controllers\Reporte))
 8 SYSTEMPATH/CodeIgniter.php(355): CodeIgniter\CodeIgniter->handleRequest(null, Object(Config\Cache), false)
 9 SYSTEMPATH/Boot.php(325): CodeIgniter\CodeIgniter->run()
10 SYSTEMPATH/Boot.php(67): CodeIgniter\Boot::runCodeIgniter(Object(CodeIgniter\CodeIgniter))
11 FCPATH/index.php(56): CodeIgniter\Boot::bootWeb(Object(Config\Paths))
WARNING - 2025-10-15 13:42:58 --> [DEPRECATED] number_format(): Passing null to parameter #1 ($num) of type float is deprecated in APPPATH/Views/reporte/imprimir_kardex.php on line 129.
 1 APPPATH/Views/reporte/imprimir_kardex.php(129): number_format(null, 2, ',', '.')
 2 SYSTEMPATH/View/View.php(234): include('/home2/usoabumg/public_html/oruro.site/app/Views/reporte/imprimir_kardex.php')
 3 SYSTEMPATH/View/View.php(237): CodeIgniter\View\View->CodeIgniter\View\{closure}()
 4 SYSTEMPATH/Common.php(1171): CodeIgniter\View\View->render('reporte/imprimir_kardex', [], true)
 5 APPPATH/Controllers/Reporte.php(105): view('reporte/imprimir_kardex', [...])
 6 SYSTEMPATH/CodeIgniter.php(933): App\Controllers\Reporte->generar_kardex_producto()
 7 SYSTEMPATH/CodeIgniter.php(509): CodeIgniter\CodeIgniter->runController(Object(App\Controllers\Reporte))
 8 SYSTEMPATH/CodeIgniter.php(355): CodeIgniter\CodeIgniter->handleRequest(null, Object(Config\Cache), false)
 9 SYSTEMPATH/Boot.php(325): CodeIgniter\CodeIgniter->run()
10 SYSTEMPATH/Boot.php(67): CodeIgniter\Boot::runCodeIgniter(Object(CodeIgniter\CodeIgniter))
11 FCPATH/index.php(56): CodeIgniter\Boot::bootWeb(Object(Config\Paths))
WARNING - 2025-10-15 13:42:58 --> [DEPRECATED] number_format(): Passing null to parameter #1 ($num) of type float is deprecated in APPPATH/Views/reporte/imprimir_kardex.php on line 132.
 1 APPPATH/Views/reporte/imprimir_kardex.php(132): number_format(null, 2, ',', '.')
 2 SYSTEMPATH/View/View.php(234): include('/home2/usoabumg/public_html/oruro.site/app/Views/reporte/imprimir_kardex.php')
 3 SYSTEMPATH/View/View.php(237): CodeIgniter\View\View->CodeIgniter\View\{closure}()
 4 SYSTEMPATH/Common.php(1171): CodeIgniter\View\View->render('reporte/imprimir_kardex', [], true)
 5 APPPATH/Controllers/Reporte.php(105): view('reporte/imprimir_kardex', [...])
 6 SYSTEMPATH/CodeIgniter.php(933): App\Controllers\Reporte->generar_kardex_producto()
 7 SYSTEMPATH/CodeIgniter.php(509): CodeIgniter\CodeIgniter->runController(Object(App\Controllers\Reporte))
 8 SYSTEMPATH/CodeIgniter.php(355): CodeIgniter\CodeIgniter->handleRequest(null, Object(Config\Cache), false)
 9 SYSTEMPATH/Boot.php(325): CodeIgniter\CodeIgniter->run()
10 SYSTEMPATH/Boot.php(67): CodeIgniter\Boot::runCodeIgniter(Object(CodeIgniter\CodeIgniter))
11 FCPATH/index.php(56): CodeIgniter\Boot::bootWeb(Object(Config\Paths))
WARNING - 2025-10-15 13:42:58 --> [DEPRECATED] number_format(): Passing null to parameter #1 ($num) of type float is deprecated in APPPATH/Views/reporte/imprimir_kardex.php on line 129.
 1 APPPATH/Views/reporte/imprimir_kardex.php(129): number_format(null, 2, ',', '.')
 2 SYSTEMPATH/View/View.php(234): include('/home2/usoabumg/public_html/oruro.site/app/Views/reporte/imprimir_kardex.php')
 3 SYSTEMPATH/View/View.php(237): CodeIgniter\View\View->CodeIgniter\View\{closure}()
 4 SYSTEMPATH/Common.php(1171): CodeIgniter\View\View->render('reporte/imprimir_kardex', [], true)
 5 APPPATH/Controllers/Reporte.php(105): view('reporte/imprimir_kardex', [...])
 6 SYSTEMPATH/CodeIgniter.php(933): App\Controllers\Reporte->generar_kardex_producto()
 7 SYSTEMPATH/CodeIgniter.php(509): CodeIgniter\CodeIgniter->runController(Object(App\Controllers\Reporte))
 8 SYSTEMPATH/CodeIgniter.php(355): CodeIgniter\CodeIgniter->handleRequest(null, Object(Config\Cache), false)
 9 SYSTEMPATH/Boot.php(325): CodeIgniter\CodeIgniter->run()
10 SYSTEMPATH/Boot.php(67): CodeIgniter\Boot::runCodeIgniter(Object(CodeIgniter\CodeIgniter))
11 FCPATH/index.php(56): CodeIgniter\Boot::bootWeb(Object(Config\Paths))
WARNING - 2025-10-15 13:42:58 --> [DEPRECATED] number_format(): Passing null to parameter #1 ($num) of type float is deprecated in APPPATH/Views/reporte/imprimir_kardex.php on line 132.
 1 APPPATH/Views/reporte/imprimir_kardex.php(132): number_format(null, 2, ',', '.')
 2 SYSTEMPATH/View/View.php(234): include('/home2/usoabumg/public_html/oruro.site/app/Views/reporte/imprimir_kardex.php')
 3 SYSTEMPATH/View/View.php(237): CodeIgniter\View\View->CodeIgniter\View\{closure}()
 4 SYSTEMPATH/Common.php(1171): CodeIgniter\View\View->render('reporte/imprimir_kardex', [], true)
 5 APPPATH/Controllers/Reporte.php(105): view('reporte/imprimir_kardex', [...])
 6 SYSTEMPATH/CodeIgniter.php(933): App\Controllers\Reporte->generar_kardex_producto()
 7 SYSTEMPATH/CodeIgniter.php(509): CodeIgniter\CodeIgniter->runController(Object(App\Controllers\Reporte))
 8 SYSTEMPATH/CodeIgniter.php(355): CodeIgniter\CodeIgniter->handleRequest(null, Object(Config\Cache), false)
 9 SYSTEMPATH/Boot.php(325): CodeIgniter\CodeIgniter->run()
10 SYSTEMPATH/Boot.php(67): CodeIgniter\Boot::runCodeIgniter(Object(CodeIgniter\CodeIgniter))
11 FCPATH/index.php(56): CodeIgniter\Boot::bootWeb(Object(Config\Paths))
WARNING - 2025-10-15 13:42:58 --> [DEPRECATED] number_format(): Passing null to parameter #1 ($num) of type float is deprecated in APPPATH/Views/reporte/imprimir_kardex.php on line 129.
 1 APPPATH/Views/reporte/imprimir_kardex.php(129): number_format(null, 2, ',', '.')
 2 SYSTEMPATH/View/View.php(234): include('/home2/usoabumg/public_html/oruro.site/app/Views/reporte/imprimir_kardex.php')
 3 SYSTEMPATH/View/View.php(237): CodeIgniter\View\View->CodeIgniter\View\{closure}()
 4 SYSTEMPATH/Common.php(1171): CodeIgniter\View\View->render('reporte/imprimir_kardex', [], true)
 5 APPPATH/Controllers/Reporte.php(105): view('reporte/imprimir_kardex', [...])
 6 SYSTEMPATH/CodeIgniter.php(933): App\Controllers\Reporte->generar_kardex_producto()
 7 SYSTEMPATH/CodeIgniter.php(509): CodeIgniter\CodeIgniter->runController(Object(App\Controllers\Reporte))
 8 SYSTEMPATH/CodeIgniter.php(355): CodeIgniter\CodeIgniter->handleRequest(null, Object(Config\Cache), false)
 9 SYSTEMPATH/Boot.php(325): CodeIgniter\CodeIgniter->run()
10 SYSTEMPATH/Boot.php(67): CodeIgniter\Boot::runCodeIgniter(Object(CodeIgniter\CodeIgniter))
11 FCPATH/index.php(56): CodeIgniter\Boot::bootWeb(Object(Config\Paths))
WARNING - 2025-10-15 13:42:58 --> [DEPRECATED] number_format(): Passing null to parameter #1 ($num) of type float is deprecated in APPPATH/Views/reporte/imprimir_kardex.php on line 132.
 1 APPPATH/Views/reporte/imprimir_kardex.php(132): number_format(null, 2, ',', '.')
 2 SYSTEMPATH/View/View.php(234): include('/home2/usoabumg/public_html/oruro.site/app/Views/reporte/imprimir_kardex.php')
 3 SYSTEMPATH/View/View.php(237): CodeIgniter\View\View->CodeIgniter\View\{closure}()
 4 SYSTEMPATH/Common.php(1171): CodeIgniter\View\View->render('reporte/imprimir_kardex', [], true)
 5 APPPATH/Controllers/Reporte.php(105): view('reporte/imprimir_kardex', [...])
 6 SYSTEMPATH/CodeIgniter.php(933): App\Controllers\Reporte->generar_kardex_producto()
 7 SYSTEMPATH/CodeIgniter.php(509): CodeIgniter\CodeIgniter->runController(Object(App\Controllers\Reporte))
 8 SYSTEMPATH/CodeIgniter.php(355): CodeIgniter\CodeIgniter->handleRequest(null, Object(Config\Cache), false)
 9 SYSTEMPATH/Boot.php(325): CodeIgniter\CodeIgniter->run()
10 SYSTEMPATH/Boot.php(67): CodeIgniter\Boot::runCodeIgniter(Object(CodeIgniter\CodeIgniter))
11 FCPATH/index.php(56): CodeIgniter\Boot::bootWeb(Object(Config\Paths))
WARNING - 2025-10-15 13:42:58 --> [DEPRECATED] number_format(): Passing null to parameter #1 ($num) of type float is deprecated in APPPATH/Views/reporte/imprimir_kardex.php on line 129.
 1 APPPATH/Views/reporte/imprimir_kardex.php(129): number_format(null, 2, ',', '.')
 2 SYSTEMPATH/View/View.php(234): include('/home2/usoabumg/public_html/oruro.site/app/Views/reporte/imprimir_kardex.php')
 3 SYSTEMPATH/View/View.php(237): CodeIgniter\View\View->CodeIgniter\View\{closure}()
 4 SYSTEMPATH/Common.php(1171): CodeIgniter\View\View->render('reporte/imprimir_kardex', [], true)
 5 APPPATH/Controllers/Reporte.php(105): view('reporte/imprimir_kardex', [...])
 6 SYSTEMPATH/CodeIgniter.php(933): App\Controllers\Reporte->generar_kardex_producto()
 7 SYSTEMPATH/CodeIgniter.php(509): CodeIgniter\CodeIgniter->runController(Object(App\Controllers\Reporte))
 8 SYSTEMPATH/CodeIgniter.php(355): CodeIgniter\CodeIgniter->handleRequest(null, Object(Config\Cache), false)
 9 SYSTEMPATH/Boot.php(325): CodeIgniter\CodeIgniter->run()
10 SYSTEMPATH/Boot.php(67): CodeIgniter\Boot::runCodeIgniter(Object(CodeIgniter\CodeIgniter))
11 FCPATH/index.php(56): CodeIgniter\Boot::bootWeb(Object(Config\Paths))
WARNING - 2025-10-15 13:42:58 --> [DEPRECATED] number_format(): Passing null to parameter #1 ($num) of type float is deprecated in APPPATH/Views/reporte/imprimir_kardex.php on line 132.
 1 APPPATH/Views/reporte/imprimir_kardex.php(132): number_format(null, 2, ',', '.')
 2 SYSTEMPATH/View/View.php(234): include('/home2/usoabumg/public_html/oruro.site/app/Views/reporte/imprimir_kardex.php')
 3 SYSTEMPATH/View/View.php(237): CodeIgniter\View\View->CodeIgniter\View\{closure}()
 4 SYSTEMPATH/Common.php(1171): CodeIgniter\View\View->render('reporte/imprimir_kardex', [], true)
 5 APPPATH/Controllers/Reporte.php(105): view('reporte/imprimir_kardex', [...])
 6 SYSTEMPATH/CodeIgniter.php(933): App\Controllers\Reporte->generar_kardex_producto()
 7 SYSTEMPATH/CodeIgniter.php(509): CodeIgniter\CodeIgniter->runController(Object(App\Controllers\Reporte))
 8 SYSTEMPATH/CodeIgniter.php(355): CodeIgniter\CodeIgniter->handleRequest(null, Object(Config\Cache), false)
 9 SYSTEMPATH/Boot.php(325): CodeIgniter\CodeIgniter->run()
10 SYSTEMPATH/Boot.php(67): CodeIgniter\Boot::runCodeIgniter(Object(CodeIgniter\CodeIgniter))
11 FCPATH/index.php(56): CodeIgniter\Boot::bootWeb(Object(Config\Paths))
WARNING - 2025-10-15 13:42:58 --> [DEPRECATED] number_format(): Passing null to parameter #1 ($num) of type float is deprecated in APPPATH/Views/reporte/imprimir_kardex.php on line 129.
 1 APPPATH/Views/reporte/imprimir_kardex.php(129): number_format(null, 2, ',', '.')
 2 SYSTEMPATH/View/View.php(234): include('/home2/usoabumg/public_html/oruro.site/app/Views/reporte/imprimir_kardex.php')
 3 SYSTEMPATH/View/View.php(237): CodeIgniter\View\View->CodeIgniter\View\{closure}()
 4 SYSTEMPATH/Common.php(1171): CodeIgniter\View\View->render('reporte/imprimir_kardex', [], true)
 5 APPPATH/Controllers/Reporte.php(105): view('reporte/imprimir_kardex', [...])
 6 SYSTEMPATH/CodeIgniter.php(933): App\Controllers\Reporte->generar_kardex_producto()
 7 SYSTEMPATH/CodeIgniter.php(509): CodeIgniter\CodeIgniter->runController(Object(App\Controllers\Reporte))
 8 SYSTEMPATH/CodeIgniter.php(355): CodeIgniter\CodeIgniter->handleRequest(null, Object(Config\Cache), false)
 9 SYSTEMPATH/Boot.php(325): CodeIgniter\CodeIgniter->run()
10 SYSTEMPATH/Boot.php(67): CodeIgniter\Boot::runCodeIgniter(Object(CodeIgniter\CodeIgniter))
11 FCPATH/index.php(56): CodeIgniter\Boot::bootWeb(Object(Config\Paths))
WARNING - 2025-10-15 13:42:58 --> [DEPRECATED] number_format(): Passing null to parameter #1 ($num) of type float is deprecated in APPPATH/Views/reporte/imprimir_kardex.php on line 132.
 1 APPPATH/Views/reporte/imprimir_kardex.php(132): number_format(null, 2, ',', '.')
 2 SYSTEMPATH/View/View.php(234): include('/home2/usoabumg/public_html/oruro.site/app/Views/reporte/imprimir_kardex.php')
 3 SYSTEMPATH/View/View.php(237): CodeIgniter\View\View->CodeIgniter\View\{closure}()
 4 SYSTEMPATH/Common.php(1171): CodeIgniter\View\View->render('reporte/imprimir_kardex', [], true)
 5 APPPATH/Controllers/Reporte.php(105): view('reporte/imprimir_kardex', [...])
 6 SYSTEMPATH/CodeIgniter.php(933): App\Controllers\Reporte->generar_kardex_producto()
 7 SYSTEMPATH/CodeIgniter.php(509): CodeIgniter\CodeIgniter->runController(Object(App\Controllers\Reporte))
 8 SYSTEMPATH/CodeIgniter.php(355): CodeIgniter\CodeIgniter->handleRequest(null, Object(Config\Cache), false)
 9 SYSTEMPATH/Boot.php(325): CodeIgniter\CodeIgniter->run()
10 SYSTEMPATH/Boot.php(67): CodeIgniter\Boot::runCodeIgniter(Object(CodeIgniter\CodeIgniter))
11 FCPATH/index.php(56): CodeIgniter\Boot::bootWeb(Object(Config\Paths))
WARNING - 2025-10-15 13:42:58 --> [DEPRECATED] number_format(): Passing null to parameter #1 ($num) of type float is deprecated in APPPATH/Views/reporte/imprimir_kardex.php on line 129.
 1 APPPATH/Views/reporte/imprimir_kardex.php(129): number_format(null, 2, ',', '.')
 2 SYSTEMPATH/View/View.php(234): include('/home2/usoabumg/public_html/oruro.site/app/Views/reporte/imprimir_kardex.php')
 3 SYSTEMPATH/View/View.php(237): CodeIgniter\View\View->CodeIgniter\View\{closure}()
 4 SYSTEMPATH/Common.php(1171): CodeIgniter\View\View->render('reporte/imprimir_kardex', [], true)
 5 APPPATH/Controllers/Reporte.php(105): view('reporte/imprimir_kardex', [...])
 6 SYSTEMPATH/CodeIgniter.php(933): App\Controllers\Reporte->generar_kardex_producto()
 7 SYSTEMPATH/CodeIgniter.php(509): CodeIgniter\CodeIgniter->runController(Object(App\Controllers\Reporte))
 8 SYSTEMPATH/CodeIgniter.php(355): CodeIgniter\CodeIgniter->handleRequest(null, Object(Config\Cache), false)
 9 SYSTEMPATH/Boot.php(325): CodeIgniter\CodeIgniter->run()
10 SYSTEMPATH/Boot.php(67): CodeIgniter\Boot::runCodeIgniter(Object(CodeIgniter\CodeIgniter))
11 FCPATH/index.php(56): CodeIgniter\Boot::bootWeb(Object(Config\Paths))
WARNING - 2025-10-15 13:42:58 --> [DEPRECATED] number_format(): Passing null to parameter #1 ($num) of type float is deprecated in APPPATH/Views/reporte/imprimir_kardex.php on line 132.
 1 APPPATH/Views/reporte/imprimir_kardex.php(132): number_format(null, 2, ',', '.')
 2 SYSTEMPATH/View/View.php(234): include('/home2/usoabumg/public_html/oruro.site/app/Views/reporte/imprimir_kardex.php')
 3 SYSTEMPATH/View/View.php(237): CodeIgniter\View\View->CodeIgniter\View\{closure}()
 4 SYSTEMPATH/Common.php(1171): CodeIgniter\View\View->render('reporte/imprimir_kardex', [], true)
 5 APPPATH/Controllers/Reporte.php(105): view('reporte/imprimir_kardex', [...])
 6 SYSTEMPATH/CodeIgniter.php(933): App\Controllers\Reporte->generar_kardex_producto()
 7 SYSTEMPATH/CodeIgniter.php(509): CodeIgniter\CodeIgniter->runController(Object(App\Controllers\Reporte))
 8 SYSTEMPATH/CodeIgniter.php(355): CodeIgniter\CodeIgniter->handleRequest(null, Object(Config\Cache), false)
 9 SYSTEMPATH/Boot.php(325): CodeIgniter\CodeIgniter->run()
10 SYSTEMPATH/Boot.php(67): CodeIgniter\Boot::runCodeIgniter(Object(CodeIgniter\CodeIgniter))
11 FCPATH/index.php(56): CodeIgniter\Boot::bootWeb(Object(Config\Paths))
WARNING - 2025-10-15 13:42:58 --> [DEPRECATED] number_format(): Passing null to parameter #1 ($num) of type float is deprecated in APPPATH/Views/reporte/imprimir_kardex.php on line 129.
 1 APPPATH/Views/reporte/imprimir_kardex.php(129): number_format(null, 2, ',', '.')
 2 SYSTEMPATH/View/View.php(234): include('/home2/usoabumg/public_html/oruro.site/app/Views/reporte/imprimir_kardex.php')
 3 SYSTEMPATH/View/View.php(237): CodeIgniter\View\View->CodeIgniter\View\{closure}()
 4 SYSTEMPATH/Common.php(1171): CodeIgniter\View\View->render('reporte/imprimir_kardex', [], true)
 5 APPPATH/Controllers/Reporte.php(105): view('reporte/imprimir_kardex', [...])
 6 SYSTEMPATH/CodeIgniter.php(933): App\Controllers\Reporte->generar_kardex_producto()
 7 SYSTEMPATH/CodeIgniter.php(509): CodeIgniter\CodeIgniter->runController(Object(App\Controllers\Reporte))
 8 SYSTEMPATH/CodeIgniter.php(355): CodeIgniter\CodeIgniter->handleRequest(null, Object(Config\Cache), false)
 9 SYSTEMPATH/Boot.php(325): CodeIgniter\CodeIgniter->run()
10 SYSTEMPATH/Boot.php(67): CodeIgniter\Boot::runCodeIgniter(Object(CodeIgniter\CodeIgniter))
11 FCPATH/index.php(56): CodeIgniter\Boot::bootWeb(Object(Config\Paths))
WARNING - 2025-10-15 13:42:58 --> [DEPRECATED] number_format(): Passing null to parameter #1 ($num) of type float is deprecated in APPPATH/Views/reporte/imprimir_kardex.php on line 132.
 1 APPPATH/Views/reporte/imprimir_kardex.php(132): number_format(null, 2, ',', '.')
 2 SYSTEMPATH/View/View.php(234): include('/home2/usoabumg/public_html/oruro.site/app/Views/reporte/imprimir_kardex.php')
 3 SYSTEMPATH/View/View.php(237): CodeIgniter\View\View->CodeIgniter\View\{closure}()
 4 SYSTEMPATH/Common.php(1171): CodeIgniter\View\View->render('reporte/imprimir_kardex', [], true)
 5 APPPATH/Controllers/Reporte.php(105): view('reporte/imprimir_kardex', [...])
 6 SYSTEMPATH/CodeIgniter.php(933): App\Controllers\Reporte->generar_kardex_producto()
 7 SYSTEMPATH/CodeIgniter.php(509): CodeIgniter\CodeIgniter->runController(Object(App\Controllers\Reporte))
 8 SYSTEMPATH/CodeIgniter.php(355): CodeIgniter\CodeIgniter->handleRequest(null, Object(Config\Cache), false)
 9 SYSTEMPATH/Boot.php(325): CodeIgniter\CodeIgniter->run()
10 SYSTEMPATH/Boot.php(67): CodeIgniter\Boot::runCodeIgniter(Object(CodeIgniter\CodeIgniter))
11 FCPATH/index.php(56): CodeIgniter\Boot::bootWeb(Object(Config\Paths))
WARNING - 2025-10-15 13:42:58 --> [DEPRECATED] number_format(): Passing null to parameter #1 ($num) of type float is deprecated in APPPATH/Views/reporte/imprimir_kardex.php on line 129.
 1 APPPATH/Views/reporte/imprimir_kardex.php(129): number_format(null, 2, ',', '.')
 2 SYSTEMPATH/View/View.php(234): include('/home2/usoabumg/public_html/oruro.site/app/Views/reporte/imprimir_kardex.php')
 3 SYSTEMPATH/View/View.php(237): CodeIgniter\View\View->CodeIgniter\View\{closure}()
 4 SYSTEMPATH/Common.php(1171): CodeIgniter\View\View->render('reporte/imprimir_kardex', [], true)
 5 APPPATH/Controllers/Reporte.php(105): view('reporte/imprimir_kardex', [...])
 6 SYSTEMPATH/CodeIgniter.php(933): App\Controllers\Reporte->generar_kardex_producto()
 7 SYSTEMPATH/CodeIgniter.php(509): CodeIgniter\CodeIgniter->runController(Object(App\Controllers\Reporte))
 8 SYSTEMPATH/CodeIgniter.php(355): CodeIgniter\CodeIgniter->handleRequest(null, Object(Config\Cache), false)
 9 SYSTEMPATH/Boot.php(325): CodeIgniter\CodeIgniter->run()
10 SYSTEMPATH/Boot.php(67): CodeIgniter\Boot::runCodeIgniter(Object(CodeIgniter\CodeIgniter))
11 FCPATH/index.php(56): CodeIgniter\Boot::bootWeb(Object(Config\Paths))
WARNING - 2025-10-15 13:42:58 --> [DEPRECATED] number_format(): Passing null to parameter #1 ($num) of type float is deprecated in APPPATH/Views/reporte/imprimir_kardex.php on line 132.
 1 APPPATH/Views/reporte/imprimir_kardex.php(132): number_format(null, 2, ',', '.')
 2 SYSTEMPATH/View/View.php(234): include('/home2/usoabumg/public_html/oruro.site/app/Views/reporte/imprimir_kardex.php')
 3 SYSTEMPATH/View/View.php(237): CodeIgniter\View\View->CodeIgniter\View\{closure}()
 4 SYSTEMPATH/Common.php(1171): CodeIgniter\View\View->render('reporte/imprimir_kardex', [], true)
 5 APPPATH/Controllers/Reporte.php(105): view('reporte/imprimir_kardex', [...])
 6 SYSTEMPATH/CodeIgniter.php(933): App\Controllers\Reporte->generar_kardex_producto()
 7 SYSTEMPATH/CodeIgniter.php(509): CodeIgniter\CodeIgniter->runController(Object(App\Controllers\Reporte))
 8 SYSTEMPATH/CodeIgniter.php(355): CodeIgniter\CodeIgniter->handleRequest(null, Object(Config\Cache), false)
 9 SYSTEMPATH/Boot.php(325): CodeIgniter\CodeIgniter->run()
10 SYSTEMPATH/Boot.php(67): CodeIgniter\Boot::runCodeIgniter(Object(CodeIgniter\CodeIgniter))
11 FCPATH/index.php(56): CodeIgniter\Boot::bootWeb(Object(Config\Paths))
WARNING - 2025-10-15 13:42:58 --> [DEPRECATED] number_format(): Passing null to parameter #1 ($num) of type float is deprecated in APPPATH/Views/reporte/imprimir_kardex.php on line 129.
 1 APPPATH/Views/reporte/imprimir_kardex.php(129): number_format(null, 2, ',', '.')
 2 SYSTEMPATH/View/View.php(234): include('/home2/usoabumg/public_html/oruro.site/app/Views/reporte/imprimir_kardex.php')
 3 SYSTEMPATH/View/View.php(237): CodeIgniter\View\View->CodeIgniter\View\{closure}()
 4 SYSTEMPATH/Common.php(1171): CodeIgniter\View\View->render('reporte/imprimir_kardex', [], true)
 5 APPPATH/Controllers/Reporte.php(105): view('reporte/imprimir_kardex', [...])
 6 SYSTEMPATH/CodeIgniter.php(933): App\Controllers\Reporte->generar_kardex_producto()
 7 SYSTEMPATH/CodeIgniter.php(509): CodeIgniter\CodeIgniter->runController(Object(App\Controllers\Reporte))
 8 SYSTEMPATH/CodeIgniter.php(355): CodeIgniter\CodeIgniter->handleRequest(null, Object(Config\Cache), false)
 9 SYSTEMPATH/Boot.php(325): CodeIgniter\CodeIgniter->run()
10 SYSTEMPATH/Boot.php(67): CodeIgniter\Boot::runCodeIgniter(Object(CodeIgniter\CodeIgniter))
11 FCPATH/index.php(56): CodeIgniter\Boot::bootWeb(Object(Config\Paths))
WARNING - 2025-10-15 13:42:58 --> [DEPRECATED] number_format(): Passing null to parameter #1 ($num) of type float is deprecated in APPPATH/Views/reporte/imprimir_kardex.php on line 132.
 1 APPPATH/Views/reporte/imprimir_kardex.php(132): number_format(null, 2, ',', '.')
 2 SYSTEMPATH/View/View.php(234): include('/home2/usoabumg/public_html/oruro.site/app/Views/reporte/imprimir_kardex.php')
 3 SYSTEMPATH/View/View.php(237): CodeIgniter\View\View->CodeIgniter\View\{closure}()
 4 SYSTEMPATH/Common.php(1171): CodeIgniter\View\View->render('reporte/imprimir_kardex', [], true)
 5 APPPATH/Controllers/Reporte.php(105): view('reporte/imprimir_kardex', [...])
 6 SYSTEMPATH/CodeIgniter.php(933): App\Controllers\Reporte->generar_kardex_producto()
 7 SYSTEMPATH/CodeIgniter.php(509): CodeIgniter\CodeIgniter->runController(Object(App\Controllers\Reporte))
 8 SYSTEMPATH/CodeIgniter.php(355): CodeIgniter\CodeIgniter->handleRequest(null, Object(Config\Cache), false)
 9 SYSTEMPATH/Boot.php(325): CodeIgniter\CodeIgniter->run()
10 SYSTEMPATH/Boot.php(67): CodeIgniter\Boot::runCodeIgniter(Object(CodeIgniter\CodeIgniter))
11 FCPATH/index.php(56): CodeIgniter\Boot::bootWeb(Object(Config\Paths))
WARNING - 2025-10-15 13:42:58 --> [DEPRECATED] number_format(): Passing null to parameter #1 ($num) of type float is deprecated in APPPATH/Views/reporte/imprimir_kardex.php on line 129.
 1 APPPATH/Views/reporte/imprimir_kardex.php(129): number_format(null, 2, ',', '.')
 2 SYSTEMPATH/View/View.php(234): include('/home2/usoabumg/public_html/oruro.site/app/Views/reporte/imprimir_kardex.php')
 3 SYSTEMPATH/View/View.php(237): CodeIgniter\View\View->CodeIgniter\View\{closure}()
 4 SYSTEMPATH/Common.php(1171): CodeIgniter\View\View->render('reporte/imprimir_kardex', [], true)
 5 APPPATH/Controllers/Reporte.php(105): view('reporte/imprimir_kardex', [...])
 6 SYSTEMPATH/CodeIgniter.php(933): App\Controllers\Reporte->generar_kardex_producto()
 7 SYSTEMPATH/CodeIgniter.php(509): CodeIgniter\CodeIgniter->runController(Object(App\Controllers\Reporte))
 8 SYSTEMPATH/CodeIgniter.php(355): CodeIgniter\CodeIgniter->handleRequest(null, Object(Config\Cache), false)
 9 SYSTEMPATH/Boot.php(325): CodeIgniter\CodeIgniter->run()
10 SYSTEMPATH/Boot.php(67): CodeIgniter\Boot::runCodeIgniter(Object(CodeIgniter\CodeIgniter))
11 FCPATH/index.php(56): CodeIgniter\Boot::bootWeb(Object(Config\Paths))
WARNING - 2025-10-15 13:42:58 --> [DEPRECATED] number_format(): Passing null to parameter #1 ($num) of type float is deprecated in APPPATH/Views/reporte/imprimir_kardex.php on line 132.
 1 APPPATH/Views/reporte/imprimir_kardex.php(132): number_format(null, 2, ',', '.')
 2 SYSTEMPATH/View/View.php(234): include('/home2/usoabumg/public_html/oruro.site/app/Views/reporte/imprimir_kardex.php')
 3 SYSTEMPATH/View/View.php(237): CodeIgniter\View\View->CodeIgniter\View\{closure}()
 4 SYSTEMPATH/Common.php(1171): CodeIgniter\View\View->render('reporte/imprimir_kardex', [], true)
 5 APPPATH/Controllers/Reporte.php(105): view('reporte/imprimir_kardex', [...])
 6 SYSTEMPATH/CodeIgniter.php(933): App\Controllers\Reporte->generar_kardex_producto()
 7 SYSTEMPATH/CodeIgniter.php(509): CodeIgniter\CodeIgniter->runController(Object(App\Controllers\Reporte))
 8 SYSTEMPATH/CodeIgniter.php(355): CodeIgniter\CodeIgniter->handleRequest(null, Object(Config\Cache), false)
 9 SYSTEMPATH/Boot.php(325): CodeIgniter\CodeIgniter->run()
10 SYSTEMPATH/Boot.php(67): CodeIgniter\Boot::runCodeIgniter(Object(CodeIgniter\CodeIgniter))
11 FCPATH/index.php(56): CodeIgniter\Boot::bootWeb(Object(Config\Paths))
WARNING - 2025-10-15 13:42:58 --> [DEPRECATED] number_format(): Passing null to parameter #1 ($num) of type float is deprecated in APPPATH/Views/reporte/imprimir_kardex.php on line 129.
 1 APPPATH/Views/reporte/imprimir_kardex.php(129): number_format(null, 2, ',', '.')
 2 SYSTEMPATH/View/View.php(234): include('/home2/usoabumg/public_html/oruro.site/app/Views/reporte/imprimir_kardex.php')
 3 SYSTEMPATH/View/View.php(237): CodeIgniter\View\View->CodeIgniter\View\{closure}()
 4 SYSTEMPATH/Common.php(1171): CodeIgniter\View\View->render('reporte/imprimir_kardex', [], true)
 5 APPPATH/Controllers/Reporte.php(105): view('reporte/imprimir_kardex', [...])
 6 SYSTEMPATH/CodeIgniter.php(933): App\Controllers\Reporte->generar_kardex_producto()
 7 SYSTEMPATH/CodeIgniter.php(509): CodeIgniter\CodeIgniter->runController(Object(App\Controllers\Reporte))
 8 SYSTEMPATH/CodeIgniter.php(355): CodeIgniter\CodeIgniter->handleRequest(null, Object(Config\Cache), false)
 9 SYSTEMPATH/Boot.php(325): CodeIgniter\CodeIgniter->run()
10 SYSTEMPATH/Boot.php(67): CodeIgniter\Boot::runCodeIgniter(Object(CodeIgniter\CodeIgniter))
11 FCPATH/index.php(56): CodeIgniter\Boot::bootWeb(Object(Config\Paths))
WARNING - 2025-10-15 13:42:58 --> [DEPRECATED] number_format(): Passing null to parameter #1 ($num) of type float is deprecated in APPPATH/Views/reporte/imprimir_kardex.php on line 132.
 1 APPPATH/Views/reporte/imprimir_kardex.php(132): number_format(null, 2, ',', '.')
 2 SYSTEMPATH/View/View.php(234): include('/home2/usoabumg/public_html/oruro.site/app/Views/reporte/imprimir_kardex.php')
 3 SYSTEMPATH/View/View.php(237): CodeIgniter\View\View->CodeIgniter\View\{closure}()
 4 SYSTEMPATH/Common.php(1171): CodeIgniter\View\View->render('reporte/imprimir_kardex', [], true)
 5 APPPATH/Controllers/Reporte.php(105): view('reporte/imprimir_kardex', [...])
 6 SYSTEMPATH/CodeIgniter.php(933): App\Controllers\Reporte->generar_kardex_producto()
 7 SYSTEMPATH/CodeIgniter.php(509): CodeIgniter\CodeIgniter->runController(Object(App\Controllers\Reporte))
 8 SYSTEMPATH/CodeIgniter.php(355): CodeIgniter\CodeIgniter->handleRequest(null, Object(Config\Cache), false)
 9 SYSTEMPATH/Boot.php(325): CodeIgniter\CodeIgniter->run()
10 SYSTEMPATH/Boot.php(67): CodeIgniter\Boot::runCodeIgniter(Object(CodeIgniter\CodeIgniter))
11 FCPATH/index.php(56): CodeIgniter\Boot::bootWeb(Object(Config\Paths))
WARNING - 2025-10-15 13:42:58 --> [DEPRECATED] number_format(): Passing null to parameter #1 ($num) of type float is deprecated in APPPATH/Views/reporte/imprimir_kardex.php on line 129.
 1 APPPATH/Views/reporte/imprimir_kardex.php(129): number_format(null, 2, ',', '.')
 2 SYSTEMPATH/View/View.php(234): include('/home2/usoabumg/public_html/oruro.site/app/Views/reporte/imprimir_kardex.php')
 3 SYSTEMPATH/View/View.php(237): CodeIgniter\View\View->CodeIgniter\View\{closure}()
 4 SYSTEMPATH/Common.php(1171): CodeIgniter\View\View->render('reporte/imprimir_kardex', [], true)
 5 APPPATH/Controllers/Reporte.php(105): view('reporte/imprimir_kardex', [...])
 6 SYSTEMPATH/CodeIgniter.php(933): App\Controllers\Reporte->generar_kardex_producto()
 7 SYSTEMPATH/CodeIgniter.php(509): CodeIgniter\CodeIgniter->runController(Object(App\Controllers\Reporte))
 8 SYSTEMPATH/CodeIgniter.php(355): CodeIgniter\CodeIgniter->handleRequest(null, Object(Config\Cache), false)
 9 SYSTEMPATH/Boot.php(325): CodeIgniter\CodeIgniter->run()
10 SYSTEMPATH/Boot.php(67): CodeIgniter\Boot::runCodeIgniter(Object(CodeIgniter\CodeIgniter))
11 FCPATH/index.php(56): CodeIgniter\Boot::bootWeb(Object(Config\Paths))
WARNING - 2025-10-15 13:42:58 --> [DEPRECATED] number_format(): Passing null to parameter #1 ($num) of type float is deprecated in APPPATH/Views/reporte/imprimir_kardex.php on line 132.
 1 APPPATH/Views/reporte/imprimir_kardex.php(132): number_format(null, 2, ',', '.')
 2 SYSTEMPATH/View/View.php(234): include('/home2/usoabumg/public_html/oruro.site/app/Views/reporte/imprimir_kardex.php')
 3 SYSTEMPATH/View/View.php(237): CodeIgniter\View\View->CodeIgniter\View\{closure}()
 4 SYSTEMPATH/Common.php(1171): CodeIgniter\View\View->render('reporte/imprimir_kardex', [], true)
 5 APPPATH/Controllers/Reporte.php(105): view('reporte/imprimir_kardex', [...])
 6 SYSTEMPATH/CodeIgniter.php(933): App\Controllers\Reporte->generar_kardex_producto()
 7 SYSTEMPATH/CodeIgniter.php(509): CodeIgniter\CodeIgniter->runController(Object(App\Controllers\Reporte))
 8 SYSTEMPATH/CodeIgniter.php(355): CodeIgniter\CodeIgniter->handleRequest(null, Object(Config\Cache), false)
 9 SYSTEMPATH/Boot.php(325): CodeIgniter\CodeIgniter->run()
10 SYSTEMPATH/Boot.php(67): CodeIgniter\Boot::runCodeIgniter(Object(CodeIgniter\CodeIgniter))
11 FCPATH/index.php(56): CodeIgniter\Boot::bootWeb(Object(Config\Paths))
WARNING - 2025-10-15 13:42:58 --> [DEPRECATED] number_format(): Passing null to parameter #1 ($num) of type float is deprecated in APPPATH/Views/reporte/imprimir_kardex.php on line 129.
 1 APPPATH/Views/reporte/imprimir_kardex.php(129): number_format(null, 2, ',', '.')
 2 SYSTEMPATH/View/View.php(234): include('/home2/usoabumg/public_html/oruro.site/app/Views/reporte/imprimir_kardex.php')
 3 SYSTEMPATH/View/View.php(237): CodeIgniter\View\View->CodeIgniter\View\{closure}()
 4 SYSTEMPATH/Common.php(1171): CodeIgniter\View\View->render('reporte/imprimir_kardex', [], true)
 5 APPPATH/Controllers/Reporte.php(105): view('reporte/imprimir_kardex', [...])
 6 SYSTEMPATH/CodeIgniter.php(933): App\Controllers\Reporte->generar_kardex_producto()
 7 SYSTEMPATH/CodeIgniter.php(509): CodeIgniter\CodeIgniter->runController(Object(App\Controllers\Reporte))
 8 SYSTEMPATH/CodeIgniter.php(355): CodeIgniter\CodeIgniter->handleRequest(null, Object(Config\Cache), false)
 9 SYSTEMPATH/Boot.php(325): CodeIgniter\CodeIgniter->run()
10 SYSTEMPATH/Boot.php(67): CodeIgniter\Boot::runCodeIgniter(Object(CodeIgniter\CodeIgniter))
11 FCPATH/index.php(56): CodeIgniter\Boot::bootWeb(Object(Config\Paths))
WARNING - 2025-10-15 13:42:58 --> [DEPRECATED] number_format(): Passing null to parameter #1 ($num) of type float is deprecated in APPPATH/Views/reporte/imprimir_kardex.php on line 132.
 1 APPPATH/Views/reporte/imprimir_kardex.php(132): number_format(null, 2, ',', '.')
 2 SYSTEMPATH/View/View.php(234): include('/home2/usoabumg/public_html/oruro.site/app/Views/reporte/imprimir_kardex.php')
 3 SYSTEMPATH/View/View.php(237): CodeIgniter\View\View->CodeIgniter\View\{closure}()
 4 SYSTEMPATH/Common.php(1171): CodeIgniter\View\View->render('reporte/imprimir_kardex', [], true)
 5 APPPATH/Controllers/Reporte.php(105): view('reporte/imprimir_kardex', [...])
 6 SYSTEMPATH/CodeIgniter.php(933): App\Controllers\Reporte->generar_kardex_producto()
 7 SYSTEMPATH/CodeIgniter.php(509): CodeIgniter\CodeIgniter->runController(Object(App\Controllers\Reporte))
 8 SYSTEMPATH/CodeIgniter.php(355): CodeIgniter\CodeIgniter->handleRequest(null, Object(Config\Cache), false)
 9 SYSTEMPATH/Boot.php(325): CodeIgniter\CodeIgniter->run()
10 SYSTEMPATH/Boot.php(67): CodeIgniter\Boot::runCodeIgniter(Object(CodeIgniter\CodeIgniter))
11 FCPATH/index.php(56): CodeIgniter\Boot::bootWeb(Object(Config\Paths))
WARNING - 2025-10-15 13:42:58 --> [DEPRECATED] number_format(): Passing null to parameter #1 ($num) of type float is deprecated in APPPATH/Views/reporte/imprimir_kardex.php on line 130.
 1 APPPATH/Views/reporte/imprimir_kardex.php(130): number_format(null, 2, ',', '.')
 2 SYSTEMPATH/View/View.php(234): include('/home2/usoabumg/public_html/oruro.site/app/Views/reporte/imprimir_kardex.php')
 3 SYSTEMPATH/View/View.php(237): CodeIgniter\View\View->CodeIgniter\View\{closure}()
 4 SYSTEMPATH/Common.php(1171): CodeIgniter\View\View->render('reporte/imprimir_kardex', [], true)
 5 APPPATH/Controllers/Reporte.php(105): view('reporte/imprimir_kardex', [...])
 6 SYSTEMPATH/CodeIgniter.php(933): App\Controllers\Reporte->generar_kardex_producto()
 7 SYSTEMPATH/CodeIgniter.php(509): CodeIgniter\CodeIgniter->runController(Object(App\Controllers\Reporte))
 8 SYSTEMPATH/CodeIgniter.php(355): CodeIgniter\CodeIgniter->handleRequest(null, Object(Config\Cache), false)
 9 SYSTEMPATH/Boot.php(325): CodeIgniter\CodeIgniter->run()
10 SYSTEMPATH/Boot.php(67): CodeIgniter\Boot::runCodeIgniter(Object(CodeIgniter\CodeIgniter))
11 FCPATH/index.php(56): CodeIgniter\Boot::bootWeb(Object(Config\Paths))
WARNING - 2025-10-15 13:42:58 --> [DEPRECATED] number_format(): Passing null to parameter #1 ($num) of type float is deprecated in APPPATH/Views/reporte/imprimir_kardex.php on line 133.
 1 APPPATH/Views/reporte/imprimir_kardex.php(133): number_format(null, 2, ',', '.')
 2 SYSTEMPATH/View/View.php(234): include('/home2/usoabumg/public_html/oruro.site/app/Views/reporte/imprimir_kardex.php')
 3 SYSTEMPATH/View/View.php(237): CodeIgniter\View\View->CodeIgniter\View\{closure}()
 4 SYSTEMPATH/Common.php(1171): CodeIgniter\View\View->render('reporte/imprimir_kardex', [], true)
 5 APPPATH/Controllers/Reporte.php(105): view('reporte/imprimir_kardex', [...])
 6 SYSTEMPATH/CodeIgniter.php(933): App\Controllers\Reporte->generar_kardex_producto()
 7 SYSTEMPATH/CodeIgniter.php(509): CodeIgniter\CodeIgniter->runController(Object(App\Controllers\Reporte))
 8 SYSTEMPATH/CodeIgniter.php(355): CodeIgniter\CodeIgniter->handleRequest(null, Object(Config\Cache), false)
 9 SYSTEMPATH/Boot.php(325): CodeIgniter\CodeIgniter->run()
10 SYSTEMPATH/Boot.php(67): CodeIgniter\Boot::runCodeIgniter(Object(CodeIgniter\CodeIgniter))
11 FCPATH/index.php(56): CodeIgniter\Boot::bootWeb(Object(Config\Paths))
WARNING - 2025-10-15 13:42:58 --> [DEPRECATED] number_format(): Passing null to parameter #1 ($num) of type float is deprecated in APPPATH/Views/reporte/imprimir_kardex.php on line 130.
 1 APPPATH/Views/reporte/imprimir_kardex.php(130): number_format(null, 2, ',', '.')
 2 SYSTEMPATH/View/View.php(234): include('/home2/usoabumg/public_html/oruro.site/app/Views/reporte/imprimir_kardex.php')
 3 SYSTEMPATH/View/View.php(237): CodeIgniter\View\View->CodeIgniter\View\{closure}()
 4 SYSTEMPATH/Common.php(1171): CodeIgniter\View\View->render('reporte/imprimir_kardex', [], true)
 5 APPPATH/Controllers/Reporte.php(105): view('reporte/imprimir_kardex', [...])
 6 SYSTEMPATH/CodeIgniter.php(933): App\Controllers\Reporte->generar_kardex_producto()
 7 SYSTEMPATH/CodeIgniter.php(509): CodeIgniter\CodeIgniter->runController(Object(App\Controllers\Reporte))
 8 SYSTEMPATH/CodeIgniter.php(355): CodeIgniter\CodeIgniter->handleRequest(null, Object(Config\Cache), false)
 9 SYSTEMPATH/Boot.php(325): CodeIgniter\CodeIgniter->run()
10 SYSTEMPATH/Boot.php(67): CodeIgniter\Boot::runCodeIgniter(Object(CodeIgniter\CodeIgniter))
11 FCPATH/index.php(56): CodeIgniter\Boot::bootWeb(Object(Config\Paths))
WARNING - 2025-10-15 13:42:58 --> [DEPRECATED] number_format(): Passing null to parameter #1 ($num) of type float is deprecated in APPPATH/Views/reporte/imprimir_kardex.php on line 133.
 1 APPPATH/Views/reporte/imprimir_kardex.php(133): number_format(null, 2, ',', '.')
 2 SYSTEMPATH/View/View.php(234): include('/home2/usoabumg/public_html/oruro.site/app/Views/reporte/imprimir_kardex.php')
 3 SYSTEMPATH/View/View.php(237): CodeIgniter\View\View->CodeIgniter\View\{closure}()
 4 SYSTEMPATH/Common.php(1171): CodeIgniter\View\View->render('reporte/imprimir_kardex', [], true)
 5 APPPATH/Controllers/Reporte.php(105): view('reporte/imprimir_kardex', [...])
 6 SYSTEMPATH/CodeIgniter.php(933): App\Controllers\Reporte->generar_kardex_producto()
 7 SYSTEMPATH/CodeIgniter.php(509): CodeIgniter\CodeIgniter->runController(Object(App\Controllers\Reporte))
 8 SYSTEMPATH/CodeIgniter.php(355): CodeIgniter\CodeIgniter->handleRequest(null, Object(Config\Cache), false)
 9 SYSTEMPATH/Boot.php(325): CodeIgniter\CodeIgniter->run()
10 SYSTEMPATH/Boot.php(67): CodeIgniter\Boot::runCodeIgniter(Object(CodeIgniter\CodeIgniter))
11 FCPATH/index.php(56): CodeIgniter\Boot::bootWeb(Object(Config\Paths))
WARNING - 2025-10-15 13:42:58 --> [DEPRECATED] number_format(): Passing null to parameter #1 ($num) of type float is deprecated in APPPATH/Views/reporte/imprimir_kardex.php on line 130.
 1 APPPATH/Views/reporte/imprimir_kardex.php(130): number_format(null, 2, ',', '.')
 2 SYSTEMPATH/View/View.php(234): include('/home2/usoabumg/public_html/oruro.site/app/Views/reporte/imprimir_kardex.php')
 3 SYSTEMPATH/View/View.php(237): CodeIgniter\View\View->CodeIgniter\View\{closure}()
 4 SYSTEMPATH/Common.php(1171): CodeIgniter\View\View->render('reporte/imprimir_kardex', [], true)
 5 APPPATH/Controllers/Reporte.php(105): view('reporte/imprimir_kardex', [...])
 6 SYSTEMPATH/CodeIgniter.php(933): App\Controllers\Reporte->generar_kardex_producto()
 7 SYSTEMPATH/CodeIgniter.php(509): CodeIgniter\CodeIgniter->runController(Object(App\Controllers\Reporte))
 8 SYSTEMPATH/CodeIgniter.php(355): CodeIgniter\CodeIgniter->handleRequest(null, Object(Config\Cache), false)
 9 SYSTEMPATH/Boot.php(325): CodeIgniter\CodeIgniter->run()
10 SYSTEMPATH/Boot.php(67): CodeIgniter\Boot::runCodeIgniter(Object(CodeIgniter\CodeIgniter))
11 FCPATH/index.php(56): CodeIgniter\Boot::bootWeb(Object(Config\Paths))
WARNING - 2025-10-15 13:42:58 --> [DEPRECATED] number_format(): Passing null to parameter #1 ($num) of type float is deprecated in APPPATH/Views/reporte/imprimir_kardex.php on line 133.
 1 APPPATH/Views/reporte/imprimir_kardex.php(133): number_format(null, 2, ',', '.')
 2 SYSTEMPATH/View/View.php(234): include('/home2/usoabumg/public_html/oruro.site/app/Views/reporte/imprimir_kardex.php')
 3 SYSTEMPATH/View/View.php(237): CodeIgniter\View\View->CodeIgniter\View\{closure}()
 4 SYSTEMPATH/Common.php(1171): CodeIgniter\View\View->render('reporte/imprimir_kardex', [], true)
 5 APPPATH/Controllers/Reporte.php(105): view('reporte/imprimir_kardex', [...])
 6 SYSTEMPATH/CodeIgniter.php(933): App\Controllers\Reporte->generar_kardex_producto()
 7 SYSTEMPATH/CodeIgniter.php(509): CodeIgniter\CodeIgniter->runController(Object(App\Controllers\Reporte))
 8 SYSTEMPATH/CodeIgniter.php(355): CodeIgniter\CodeIgniter->handleRequest(null, Object(Config\Cache), false)
 9 SYSTEMPATH/Boot.php(325): CodeIgniter\CodeIgniter->run()
10 SYSTEMPATH/Boot.php(67): CodeIgniter\Boot::runCodeIgniter(Object(CodeIgniter\CodeIgniter))
11 FCPATH/index.php(56): CodeIgniter\Boot::bootWeb(Object(Config\Paths))
WARNING - 2025-10-15 13:42:58 --> [DEPRECATED] number_format(): Passing null to parameter #1 ($num) of type float is deprecated in APPPATH/Views/reporte/imprimir_kardex.php on line 130.
 1 APPPATH/Views/reporte/imprimir_kardex.php(130): number_format(null, 2, ',', '.')
 2 SYSTEMPATH/View/View.php(234): include('/home2/usoabumg/public_html/oruro.site/app/Views/reporte/imprimir_kardex.php')
 3 SYSTEMPATH/View/View.php(237): CodeIgniter\View\View->CodeIgniter\View\{closure}()
 4 SYSTEMPATH/Common.php(1171): CodeIgniter\View\View->render('reporte/imprimir_kardex', [], true)
 5 APPPATH/Controllers/Reporte.php(105): view('reporte/imprimir_kardex', [...])
 6 SYSTEMPATH/CodeIgniter.php(933): App\Controllers\Reporte->generar_kardex_producto()
 7 SYSTEMPATH/CodeIgniter.php(509): CodeIgniter\CodeIgniter->runController(Object(App\Controllers\Reporte))
 8 SYSTEMPATH/CodeIgniter.php(355): CodeIgniter\CodeIgniter->handleRequest(null, Object(Config\Cache), false)
 9 SYSTEMPATH/Boot.php(325): CodeIgniter\CodeIgniter->run()
10 SYSTEMPATH/Boot.php(67): CodeIgniter\Boot::runCodeIgniter(Object(CodeIgniter\CodeIgniter))
11 FCPATH/index.php(56): CodeIgniter\Boot::bootWeb(Object(Config\Paths))
WARNING - 2025-10-15 13:42:58 --> [DEPRECATED] number_format(): Passing null to parameter #1 ($num) of type float is deprecated in APPPATH/Views/reporte/imprimir_kardex.php on line 133.
 1 APPPATH/Views/reporte/imprimir_kardex.php(133): number_format(null, 2, ',', '.')
 2 SYSTEMPATH/View/View.php(234): include('/home2/usoabumg/public_html/oruro.site/app/Views/reporte/imprimir_kardex.php')
 3 SYSTEMPATH/View/View.php(237): CodeIgniter\View\View->CodeIgniter\View\{closure}()
 4 SYSTEMPATH/Common.php(1171): CodeIgniter\View\View->render('reporte/imprimir_kardex', [], true)
 5 APPPATH/Controllers/Reporte.php(105): view('reporte/imprimir_kardex', [...])
 6 SYSTEMPATH/CodeIgniter.php(933): App\Controllers\Reporte->generar_kardex_producto()
 7 SYSTEMPATH/CodeIgniter.php(509): CodeIgniter\CodeIgniter->runController(Object(App\Controllers\Reporte))
 8 SYSTEMPATH/CodeIgniter.php(355): CodeIgniter\CodeIgniter->handleRequest(null, Object(Config\Cache), false)
 9 SYSTEMPATH/Boot.php(325): CodeIgniter\CodeIgniter->run()
10 SYSTEMPATH/Boot.php(67): CodeIgniter\Boot::runCodeIgniter(Object(CodeIgniter\CodeIgniter))
11 FCPATH/index.php(56): CodeIgniter\Boot::bootWeb(Object(Config\Paths))
WARNING - 2025-10-15 13:42:58 --> [DEPRECATED] number_format(): Passing null to parameter #1 ($num) of type float is deprecated in APPPATH/Views/reporte/imprimir_kardex.php on line 130.
 1 APPPATH/Views/reporte/imprimir_kardex.php(130): number_format(null, 2, ',', '.')
 2 SYSTEMPATH/View/View.php(234): include('/home2/usoabumg/public_html/oruro.site/app/Views/reporte/imprimir_kardex.php')
 3 SYSTEMPATH/View/View.php(237): CodeIgniter\View\View->CodeIgniter\View\{closure}()
 4 SYSTEMPATH/Common.php(1171): CodeIgniter\View\View->render('reporte/imprimir_kardex', [], true)
 5 APPPATH/Controllers/Reporte.php(105): view('reporte/imprimir_kardex', [...])
 6 SYSTEMPATH/CodeIgniter.php(933): App\Controllers\Reporte->generar_kardex_producto()
 7 SYSTEMPATH/CodeIgniter.php(509): CodeIgniter\CodeIgniter->runController(Object(App\Controllers\Reporte))
 8 SYSTEMPATH/CodeIgniter.php(355): CodeIgniter\CodeIgniter->handleRequest(null, Object(Config\Cache), false)
 9 SYSTEMPATH/Boot.php(325): CodeIgniter\CodeIgniter->run()
10 SYSTEMPATH/Boot.php(67): CodeIgniter\Boot::runCodeIgniter(Object(CodeIgniter\CodeIgniter))
11 FCPATH/index.php(56): CodeIgniter\Boot::bootWeb(Object(Config\Paths))
WARNING - 2025-10-15 13:42:58 --> [DEPRECATED] number_format(): Passing null to parameter #1 ($num) of type float is deprecated in APPPATH/Views/reporte/imprimir_kardex.php on line 133.
 1 APPPATH/Views/reporte/imprimir_kardex.php(133): number_format(null, 2, ',', '.')
 2 SYSTEMPATH/View/View.php(234): include('/home2/usoabumg/public_html/oruro.site/app/Views/reporte/imprimir_kardex.php')
 3 SYSTEMPATH/View/View.php(237): CodeIgniter\View\View->CodeIgniter\View\{closure}()
 4 SYSTEMPATH/Common.php(1171): CodeIgniter\View\View->render('reporte/imprimir_kardex', [], true)
 5 APPPATH/Controllers/Reporte.php(105): view('reporte/imprimir_kardex', [...])
 6 SYSTEMPATH/CodeIgniter.php(933): App\Controllers\Reporte->generar_kardex_producto()
 7 SYSTEMPATH/CodeIgniter.php(509): CodeIgniter\CodeIgniter->runController(Object(App\Controllers\Reporte))
 8 SYSTEMPATH/CodeIgniter.php(355): CodeIgniter\CodeIgniter->handleRequest(null, Object(Config\Cache), false)
 9 SYSTEMPATH/Boot.php(325): CodeIgniter\CodeIgniter->run()
10 SYSTEMPATH/Boot.php(67): CodeIgniter\Boot::runCodeIgniter(Object(CodeIgniter\CodeIgniter))
11 FCPATH/index.php(56): CodeIgniter\Boot::bootWeb(Object(Config\Paths))
WARNING - 2025-10-15 13:42:58 --> [DEPRECATED] number_format(): Passing null to parameter #1 ($num) of type float is deprecated in APPPATH/Views/reporte/imprimir_kardex.php on line 130.
 1 APPPATH/Views/reporte/imprimir_kardex.php(130): number_format(null, 2, ',', '.')
 2 SYSTEMPATH/View/View.php(234): include('/home2/usoabumg/public_html/oruro.site/app/Views/reporte/imprimir_kardex.php')
 3 SYSTEMPATH/View/View.php(237): CodeIgniter\View\View->CodeIgniter\View\{closure}()
 4 SYSTEMPATH/Common.php(1171): CodeIgniter\View\View->render('reporte/imprimir_kardex', [], true)
 5 APPPATH/Controllers/Reporte.php(105): view('reporte/imprimir_kardex', [...])
 6 SYSTEMPATH/CodeIgniter.php(933): App\Controllers\Reporte->generar_kardex_producto()
 7 SYSTEMPATH/CodeIgniter.php(509): CodeIgniter\CodeIgniter->runController(Object(App\Controllers\Reporte))
 8 SYSTEMPATH/CodeIgniter.php(355): CodeIgniter\CodeIgniter->handleRequest(null, Object(Config\Cache), false)
 9 SYSTEMPATH/Boot.php(325): CodeIgniter\CodeIgniter->run()
10 SYSTEMPATH/Boot.php(67): CodeIgniter\Boot::runCodeIgniter(Object(CodeIgniter\CodeIgniter))
11 FCPATH/index.php(56): CodeIgniter\Boot::bootWeb(Object(Config\Paths))
WARNING - 2025-10-15 13:42:58 --> [DEPRECATED] number_format(): Passing null to parameter #1 ($num) of type float is deprecated in APPPATH/Views/reporte/imprimir_kardex.php on line 133.
 1 APPPATH/Views/reporte/imprimir_kardex.php(133): number_format(null, 2, ',', '.')
 2 SYSTEMPATH/View/View.php(234): include('/home2/usoabumg/public_html/oruro.site/app/Views/reporte/imprimir_kardex.php')
 3 SYSTEMPATH/View/View.php(237): CodeIgniter\View\View->CodeIgniter\View\{closure}()
 4 SYSTEMPATH/Common.php(1171): CodeIgniter\View\View->render('reporte/imprimir_kardex', [], true)
 5 APPPATH/Controllers/Reporte.php(105): view('reporte/imprimir_kardex', [...])
 6 SYSTEMPATH/CodeIgniter.php(933): App\Controllers\Reporte->generar_kardex_producto()
 7 SYSTEMPATH/CodeIgniter.php(509): CodeIgniter\CodeIgniter->runController(Object(App\Controllers\Reporte))
 8 SYSTEMPATH/CodeIgniter.php(355): CodeIgniter\CodeIgniter->handleRequest(null, Object(Config\Cache), false)
 9 SYSTEMPATH/Boot.php(325): CodeIgniter\CodeIgniter->run()
10 SYSTEMPATH/Boot.php(67): CodeIgniter\Boot::runCodeIgniter(Object(CodeIgniter\CodeIgniter))
11 FCPATH/index.php(56): CodeIgniter\Boot::bootWeb(Object(Config\Paths))
WARNING - 2025-10-15 13:42:58 --> [DEPRECATED] number_format(): Passing null to parameter #1 ($num) of type float is deprecated in APPPATH/Views/reporte/imprimir_kardex.php on line 129.
 1 APPPATH/Views/reporte/imprimir_kardex.php(129): number_format(null, 2, ',', '.')
 2 SYSTEMPATH/View/View.php(234): include('/home2/usoabumg/public_html/oruro.site/app/Views/reporte/imprimir_kardex.php')
 3 SYSTEMPATH/View/View.php(237): CodeIgniter\View\View->CodeIgniter\View\{closure}()
 4 SYSTEMPATH/Common.php(1171): CodeIgniter\View\View->render('reporte/imprimir_kardex', [], true)
 5 APPPATH/Controllers/Reporte.php(105): view('reporte/imprimir_kardex', [...])
 6 SYSTEMPATH/CodeIgniter.php(933): App\Controllers\Reporte->generar_kardex_producto()
 7 SYSTEMPATH/CodeIgniter.php(509): CodeIgniter\CodeIgniter->runController(Object(App\Controllers\Reporte))
 8 SYSTEMPATH/CodeIgniter.php(355): CodeIgniter\CodeIgniter->handleRequest(null, Object(Config\Cache), false)
 9 SYSTEMPATH/Boot.php(325): CodeIgniter\CodeIgniter->run()
10 SYSTEMPATH/Boot.php(67): CodeIgniter\Boot::runCodeIgniter(Object(CodeIgniter\CodeIgniter))
11 FCPATH/index.php(56): CodeIgniter\Boot::bootWeb(Object(Config\Paths))
WARNING - 2025-10-15 13:42:58 --> [DEPRECATED] number_format(): Passing null to parameter #1 ($num) of type float is deprecated in APPPATH/Views/reporte/imprimir_kardex.php on line 132.
 1 APPPATH/Views/reporte/imprimir_kardex.php(132): number_format(null, 2, ',', '.')
 2 SYSTEMPATH/View/View.php(234): include('/home2/usoabumg/public_html/oruro.site/app/Views/reporte/imprimir_kardex.php')
 3 SYSTEMPATH/View/View.php(237): CodeIgniter\View\View->CodeIgniter\View\{closure}()
 4 SYSTEMPATH/Common.php(1171): CodeIgniter\View\View->render('reporte/imprimir_kardex', [], true)
 5 APPPATH/Controllers/Reporte.php(105): view('reporte/imprimir_kardex', [...])
 6 SYSTEMPATH/CodeIgniter.php(933): App\Controllers\Reporte->generar_kardex_producto()
 7 SYSTEMPATH/CodeIgniter.php(509): CodeIgniter\CodeIgniter->runController(Object(App\Controllers\Reporte))
 8 SYSTEMPATH/CodeIgniter.php(355): CodeIgniter\CodeIgniter->handleRequest(null, Object(Config\Cache), false)
 9 SYSTEMPATH/Boot.php(325): CodeIgniter\CodeIgniter->run()
10 SYSTEMPATH/Boot.php(67): CodeIgniter\Boot::runCodeIgniter(Object(CodeIgniter\CodeIgniter))
11 FCPATH/index.php(56): CodeIgniter\Boot::bootWeb(Object(Config\Paths))
WARNING - 2025-10-15 13:42:58 --> [DEPRECATED] number_format(): Passing null to parameter #1 ($num) of type float is deprecated in APPPATH/Views/reporte/imprimir_kardex.php on line 129.
 1 APPPATH/Views/reporte/imprimir_kardex.php(129): number_format(null, 2, ',', '.')
 2 SYSTEMPATH/View/View.php(234): include('/home2/usoabumg/public_html/oruro.site/app/Views/reporte/imprimir_kardex.php')
 3 SYSTEMPATH/View/View.php(237): CodeIgniter\View\View->CodeIgniter\View\{closure}()
 4 SYSTEMPATH/Common.php(1171): CodeIgniter\View\View->render('reporte/imprimir_kardex', [], true)
 5 APPPATH/Controllers/Reporte.php(105): view('reporte/imprimir_kardex', [...])
 6 SYSTEMPATH/CodeIgniter.php(933): App\Controllers\Reporte->generar_kardex_producto()
 7 SYSTEMPATH/CodeIgniter.php(509): CodeIgniter\CodeIgniter->runController(Object(App\Controllers\Reporte))
 8 SYSTEMPATH/CodeIgniter.php(355): CodeIgniter\CodeIgniter->handleRequest(null, Object(Config\Cache), false)
 9 SYSTEMPATH/Boot.php(325): CodeIgniter\CodeIgniter->run()
10 SYSTEMPATH/Boot.php(67): CodeIgniter\Boot::runCodeIgniter(Object(CodeIgniter\CodeIgniter))
11 FCPATH/index.php(56): CodeIgniter\Boot::bootWeb(Object(Config\Paths))
WARNING - 2025-10-15 13:42:58 --> [DEPRECATED] number_format(): Passing null to parameter #1 ($num) of type float is deprecated in APPPATH/Views/reporte/imprimir_kardex.php on line 132.
 1 APPPATH/Views/reporte/imprimir_kardex.php(132): number_format(null, 2, ',', '.')
 2 SYSTEMPATH/View/View.php(234): include('/home2/usoabumg/public_html/oruro.site/app/Views/reporte/imprimir_kardex.php')
 3 SYSTEMPATH/View/View.php(237): CodeIgniter\View\View->CodeIgniter\View\{closure}()
 4 SYSTEMPATH/Common.php(1171): CodeIgniter\View\View->render('reporte/imprimir_kardex', [], true)
 5 APPPATH/Controllers/Reporte.php(105): view('reporte/imprimir_kardex', [...])
 6 SYSTEMPATH/CodeIgniter.php(933): App\Controllers\Reporte->generar_kardex_producto()
 7 SYSTEMPATH/CodeIgniter.php(509): CodeIgniter\CodeIgniter->runController(Object(App\Controllers\Reporte))
 8 SYSTEMPATH/CodeIgniter.php(355): CodeIgniter\CodeIgniter->handleRequest(null, Object(Config\Cache), false)
 9 SYSTEMPATH/Boot.php(325): CodeIgniter\CodeIgniter->run()
10 SYSTEMPATH/Boot.php(67): CodeIgniter\Boot::runCodeIgniter(Object(CodeIgniter\CodeIgniter))
11 FCPATH/index.php(56): CodeIgniter\Boot::bootWeb(Object(Config\Paths))
WARNING - 2025-10-15 13:42:58 --> [DEPRECATED] number_format(): Passing null to parameter #1 ($num) of type float is deprecated in APPPATH/Views/reporte/imprimir_kardex.php on line 129.
 1 APPPATH/Views/reporte/imprimir_kardex.php(129): number_format(null, 2, ',', '.')
 2 SYSTEMPATH/View/View.php(234): include('/home2/usoabumg/public_html/oruro.site/app/Views/reporte/imprimir_kardex.php')
 3 SYSTEMPATH/View/View.php(237): CodeIgniter\View\View->CodeIgniter\View\{closure}()
 4 SYSTEMPATH/Common.php(1171): CodeIgniter\View\View->render('reporte/imprimir_kardex', [], true)
 5 APPPATH/Controllers/Reporte.php(105): view('reporte/imprimir_kardex', [...])
 6 SYSTEMPATH/CodeIgniter.php(933): App\Controllers\Reporte->generar_kardex_producto()
 7 SYSTEMPATH/CodeIgniter.php(509): CodeIgniter\CodeIgniter->runController(Object(App\Controllers\Reporte))
 8 SYSTEMPATH/CodeIgniter.php(355): CodeIgniter\CodeIgniter->handleRequest(null, Object(Config\Cache), false)
 9 SYSTEMPATH/Boot.php(325): CodeIgniter\CodeIgniter->run()
10 SYSTEMPATH/Boot.php(67): CodeIgniter\Boot::runCodeIgniter(Object(CodeIgniter\CodeIgniter))
11 FCPATH/index.php(56): CodeIgniter\Boot::bootWeb(Object(Config\Paths))
WARNING - 2025-10-15 13:42:58 --> [DEPRECATED] number_format(): Passing null to parameter #1 ($num) of type float is deprecated in APPPATH/Views/reporte/imprimir_kardex.php on line 132.
 1 APPPATH/Views/reporte/imprimir_kardex.php(132): number_format(null, 2, ',', '.')
 2 SYSTEMPATH/View/View.php(234): include('/home2/usoabumg/public_html/oruro.site/app/Views/reporte/imprimir_kardex.php')
 3 SYSTEMPATH/View/View.php(237): CodeIgniter\View\View->CodeIgniter\View\{closure}()
 4 SYSTEMPATH/Common.php(1171): CodeIgniter\View\View->render('reporte/imprimir_kardex', [], true)
 5 APPPATH/Controllers/Reporte.php(105): view('reporte/imprimir_kardex', [...])
 6 SYSTEMPATH/CodeIgniter.php(933): App\Controllers\Reporte->generar_kardex_producto()
 7 SYSTEMPATH/CodeIgniter.php(509): CodeIgniter\CodeIgniter->runController(Object(App\Controllers\Reporte))
 8 SYSTEMPATH/CodeIgniter.php(355): CodeIgniter\CodeIgniter->handleRequest(null, Object(Config\Cache), false)
 9 SYSTEMPATH/Boot.php(325): CodeIgniter\CodeIgniter->run()
10 SYSTEMPATH/Boot.php(67): CodeIgniter\Boot::runCodeIgniter(Object(CodeIgniter\CodeIgniter))
11 FCPATH/index.php(56): CodeIgniter\Boot::bootWeb(Object(Config\Paths))
WARNING - 2025-10-15 13:42:58 --> [DEPRECATED] number_format(): Passing null to parameter #1 ($num) of type float is deprecated in APPPATH/Views/reporte/imprimir_kardex.php on line 129.
 1 APPPATH/Views/reporte/imprimir_kardex.php(129): number_format(null, 2, ',', '.')
 2 SYSTEMPATH/View/View.php(234): include('/home2/usoabumg/public_html/oruro.site/app/Views/reporte/imprimir_kardex.php')
 3 SYSTEMPATH/View/View.php(237): CodeIgniter\View\View->CodeIgniter\View\{closure}()
 4 SYSTEMPATH/Common.php(1171): CodeIgniter\View\View->render('reporte/imprimir_kardex', [], true)
 5 APPPATH/Controllers/Reporte.php(105): view('reporte/imprimir_kardex', [...])
 6 SYSTEMPATH/CodeIgniter.php(933): App\Controllers\Reporte->generar_kardex_producto()
 7 SYSTEMPATH/CodeIgniter.php(509): CodeIgniter\CodeIgniter->runController(Object(App\Controllers\Reporte))
 8 SYSTEMPATH/CodeIgniter.php(355): CodeIgniter\CodeIgniter->handleRequest(null, Object(Config\Cache), false)
 9 SYSTEMPATH/Boot.php(325): CodeIgniter\CodeIgniter->run()
10 SYSTEMPATH/Boot.php(67): CodeIgniter\Boot::runCodeIgniter(Object(CodeIgniter\CodeIgniter))
11 FCPATH/index.php(56): CodeIgniter\Boot::bootWeb(Object(Config\Paths))
WARNING - 2025-10-15 13:42:58 --> [DEPRECATED] number_format(): Passing null to parameter #1 ($num) of type float is deprecated in APPPATH/Views/reporte/imprimir_kardex.php on line 132.
 1 APPPATH/Views/reporte/imprimir_kardex.php(132): number_format(null, 2, ',', '.')
 2 SYSTEMPATH/View/View.php(234): include('/home2/usoabumg/public_html/oruro.site/app/Views/reporte/imprimir_kardex.php')
 3 SYSTEMPATH/View/View.php(237): CodeIgniter\View\View->CodeIgniter\View\{closure}()
 4 SYSTEMPATH/Common.php(1171): CodeIgniter\View\View->render('reporte/imprimir_kardex', [], true)
 5 APPPATH/Controllers/Reporte.php(105): view('reporte/imprimir_kardex', [...])
 6 SYSTEMPATH/CodeIgniter.php(933): App\Controllers\Reporte->generar_kardex_producto()
 7 SYSTEMPATH/CodeIgniter.php(509): CodeIgniter\CodeIgniter->runController(Object(App\Controllers\Reporte))
 8 SYSTEMPATH/CodeIgniter.php(355): CodeIgniter\CodeIgniter->handleRequest(null, Object(Config\Cache), false)
 9 SYSTEMPATH/Boot.php(325): CodeIgniter\CodeIgniter->run()
10 SYSTEMPATH/Boot.php(67): CodeIgniter\Boot::runCodeIgniter(Object(CodeIgniter\CodeIgniter))
11 FCPATH/index.php(56): CodeIgniter\Boot::bootWeb(Object(Config\Paths))
WARNING - 2025-10-15 13:42:58 --> [DEPRECATED] number_format(): Passing null to parameter #1 ($num) of type float is deprecated in APPPATH/Views/reporte/imprimir_kardex.php on line 130.
 1 APPPATH/Views/reporte/imprimir_kardex.php(130): number_format(null, 2, ',', '.')
 2 SYSTEMPATH/View/View.php(234): include('/home2/usoabumg/public_html/oruro.site/app/Views/reporte/imprimir_kardex.php')
 3 SYSTEMPATH/View/View.php(237): CodeIgniter\View\View->CodeIgniter\View\{closure}()
 4 SYSTEMPATH/Common.php(1171): CodeIgniter\View\View->render('reporte/imprimir_kardex', [], true)
 5 APPPATH/Controllers/Reporte.php(105): view('reporte/imprimir_kardex', [...])
 6 SYSTEMPATH/CodeIgniter.php(933): App\Controllers\Reporte->generar_kardex_producto()
 7 SYSTEMPATH/CodeIgniter.php(509): CodeIgniter\CodeIgniter->runController(Object(App\Controllers\Reporte))
 8 SYSTEMPATH/CodeIgniter.php(355): CodeIgniter\CodeIgniter->handleRequest(null, Object(Config\Cache), false)
 9 SYSTEMPATH/Boot.php(325): CodeIgniter\CodeIgniter->run()
10 SYSTEMPATH/Boot.php(67): CodeIgniter\Boot::runCodeIgniter(Object(CodeIgniter\CodeIgniter))
11 FCPATH/index.php(56): CodeIgniter\Boot::bootWeb(Object(Config\Paths))
WARNING - 2025-10-15 13:42:58 --> [DEPRECATED] number_format(): Passing null to parameter #1 ($num) of type float is deprecated in APPPATH/Views/reporte/imprimir_kardex.php on line 133.
 1 APPPATH/Views/reporte/imprimir_kardex.php(133): number_format(null, 2, ',', '.')
 2 SYSTEMPATH/View/View.php(234): include('/home2/usoabumg/public_html/oruro.site/app/Views/reporte/imprimir_kardex.php')
 3 SYSTEMPATH/View/View.php(237): CodeIgniter\View\View->CodeIgniter\View\{closure}()
 4 SYSTEMPATH/Common.php(1171): CodeIgniter\View\View->render('reporte/imprimir_kardex', [], true)
 5 APPPATH/Controllers/Reporte.php(105): view('reporte/imprimir_kardex', [...])
 6 SYSTEMPATH/CodeIgniter.php(933): App\Controllers\Reporte->generar_kardex_producto()
 7 SYSTEMPATH/CodeIgniter.php(509): CodeIgniter\CodeIgniter->runController(Object(App\Controllers\Reporte))
 8 SYSTEMPATH/CodeIgniter.php(355): CodeIgniter\CodeIgniter->handleRequest(null, Object(Config\Cache), false)
 9 SYSTEMPATH/Boot.php(325): CodeIgniter\CodeIgniter->run()
10 SYSTEMPATH/Boot.php(67): CodeIgniter\Boot::runCodeIgniter(Object(CodeIgniter\CodeIgniter))
11 FCPATH/index.php(56): CodeIgniter\Boot::bootWeb(Object(Config\Paths))
WARNING - 2025-10-15 13:42:58 --> [DEPRECATED] number_format(): Passing null to parameter #1 ($num) of type float is deprecated in APPPATH/Views/reporte/imprimir_kardex.php on line 130.
 1 APPPATH/Views/reporte/imprimir_kardex.php(130): number_format(null, 2, ',', '.')
 2 SYSTEMPATH/View/View.php(234): include('/home2/usoabumg/public_html/oruro.site/app/Views/reporte/imprimir_kardex.php')
 3 SYSTEMPATH/View/View.php(237): CodeIgniter\View\View->CodeIgniter\View\{closure}()
 4 SYSTEMPATH/Common.php(1171): CodeIgniter\View\View->render('reporte/imprimir_kardex', [], true)
 5 APPPATH/Controllers/Reporte.php(105): view('reporte/imprimir_kardex', [...])
 6 SYSTEMPATH/CodeIgniter.php(933): App\Controllers\Reporte->generar_kardex_producto()
 7 SYSTEMPATH/CodeIgniter.php(509): CodeIgniter\CodeIgniter->runController(Object(App\Controllers\Reporte))
 8 SYSTEMPATH/CodeIgniter.php(355): CodeIgniter\CodeIgniter->handleRequest(null, Object(Config\Cache), false)
 9 SYSTEMPATH/Boot.php(325): CodeIgniter\CodeIgniter->run()
10 SYSTEMPATH/Boot.php(67): CodeIgniter\Boot::runCodeIgniter(Object(CodeIgniter\CodeIgniter))
11 FCPATH/index.php(56): CodeIgniter\Boot::bootWeb(Object(Config\Paths))
WARNING - 2025-10-15 13:42:58 --> [DEPRECATED] number_format(): Passing null to parameter #1 ($num) of type float is deprecated in APPPATH/Views/reporte/imprimir_kardex.php on line 133.
 1 APPPATH/Views/reporte/imprimir_kardex.php(133): number_format(null, 2, ',', '.')
 2 SYSTEMPATH/View/View.php(234): include('/home2/usoabumg/public_html/oruro.site/app/Views/reporte/imprimir_kardex.php')
 3 SYSTEMPATH/View/View.php(237): CodeIgniter\View\View->CodeIgniter\View\{closure}()
 4 SYSTEMPATH/Common.php(1171): CodeIgniter\View\View->render('reporte/imprimir_kardex', [], true)
 5 APPPATH/Controllers/Reporte.php(105): view('reporte/imprimir_kardex', [...])
 6 SYSTEMPATH/CodeIgniter.php(933): App\Controllers\Reporte->generar_kardex_producto()
 7 SYSTEMPATH/CodeIgniter.php(509): CodeIgniter\CodeIgniter->runController(Object(App\Controllers\Reporte))
 8 SYSTEMPATH/CodeIgniter.php(355): CodeIgniter\CodeIgniter->handleRequest(null, Object(Config\Cache), false)
 9 SYSTEMPATH/Boot.php(325): CodeIgniter\CodeIgniter->run()
10 SYSTEMPATH/Boot.php(67): CodeIgniter\Boot::runCodeIgniter(Object(CodeIgniter\CodeIgniter))
11 FCPATH/index.php(56): CodeIgniter\Boot::bootWeb(Object(Config\Paths))
WARNING - 2025-10-15 13:42:58 --> [DEPRECATED] number_format(): Passing null to parameter #1 ($num) of type float is deprecated in APPPATH/Views/reporte/imprimir_kardex.php on line 129.
 1 APPPATH/Views/reporte/imprimir_kardex.php(129): number_format(null, 2, ',', '.')
 2 SYSTEMPATH/View/View.php(234): include('/home2/usoabumg/public_html/oruro.site/app/Views/reporte/imprimir_kardex.php')
 3 SYSTEMPATH/View/View.php(237): CodeIgniter\View\View->CodeIgniter\View\{closure}()
 4 SYSTEMPATH/Common.php(1171): CodeIgniter\View\View->render('reporte/imprimir_kardex', [], true)
 5 APPPATH/Controllers/Reporte.php(105): view('reporte/imprimir_kardex', [...])
 6 SYSTEMPATH/CodeIgniter.php(933): App\Controllers\Reporte->generar_kardex_producto()
 7 SYSTEMPATH/CodeIgniter.php(509): CodeIgniter\CodeIgniter->runController(Object(App\Controllers\Reporte))
 8 SYSTEMPATH/CodeIgniter.php(355): CodeIgniter\CodeIgniter->handleRequest(null, Object(Config\Cache), false)
 9 SYSTEMPATH/Boot.php(325): CodeIgniter\CodeIgniter->run()
10 SYSTEMPATH/Boot.php(67): CodeIgniter\Boot::runCodeIgniter(Object(CodeIgniter\CodeIgniter))
11 FCPATH/index.php(56): CodeIgniter\Boot::bootWeb(Object(Config\Paths))
WARNING - 2025-10-15 13:42:58 --> [DEPRECATED] number_format(): Passing null to parameter #1 ($num) of type float is deprecated in APPPATH/Views/reporte/imprimir_kardex.php on line 132.
 1 APPPATH/Views/reporte/imprimir_kardex.php(132): number_format(null, 2, ',', '.')
 2 SYSTEMPATH/View/View.php(234): include('/home2/usoabumg/public_html/oruro.site/app/Views/reporte/imprimir_kardex.php')
 3 SYSTEMPATH/View/View.php(237): CodeIgniter\View\View->CodeIgniter\View\{closure}()
 4 SYSTEMPATH/Common.php(1171): CodeIgniter\View\View->render('reporte/imprimir_kardex', [], true)
 5 APPPATH/Controllers/Reporte.php(105): view('reporte/imprimir_kardex', [...])
 6 SYSTEMPATH/CodeIgniter.php(933): App\Controllers\Reporte->generar_kardex_producto()
 7 SYSTEMPATH/CodeIgniter.php(509): CodeIgniter\CodeIgniter->runController(Object(App\Controllers\Reporte))
 8 SYSTEMPATH/CodeIgniter.php(355): CodeIgniter\CodeIgniter->handleRequest(null, Object(Config\Cache), false)
 9 SYSTEMPATH/Boot.php(325): CodeIgniter\CodeIgniter->run()
10 SYSTEMPATH/Boot.php(67): CodeIgniter\Boot::runCodeIgniter(Object(CodeIgniter\CodeIgniter))
11 FCPATH/index.php(56): CodeIgniter\Boot::bootWeb(Object(Config\Paths))
WARNING - 2025-10-15 13:42:58 --> [DEPRECATED] number_format(): Passing null to parameter #1 ($num) of type float is deprecated in APPPATH/Views/reporte/imprimir_kardex.php on line 130.
 1 APPPATH/Views/reporte/imprimir_kardex.php(130): number_format(null, 2, ',', '.')
 2 SYSTEMPATH/View/View.php(234): include('/home2/usoabumg/public_html/oruro.site/app/Views/reporte/imprimir_kardex.php')
 3 SYSTEMPATH/View/View.php(237): CodeIgniter\View\View->CodeIgniter\View\{closure}()
 4 SYSTEMPATH/Common.php(1171): CodeIgniter\View\View->render('reporte/imprimir_kardex', [], true)
 5 APPPATH/Controllers/Reporte.php(105): view('reporte/imprimir_kardex', [...])
 6 SYSTEMPATH/CodeIgniter.php(933): App\Controllers\Reporte->generar_kardex_producto()
 7 SYSTEMPATH/CodeIgniter.php(509): CodeIgniter\CodeIgniter->runController(Object(App\Controllers\Reporte))
 8 SYSTEMPATH/CodeIgniter.php(355): CodeIgniter\CodeIgniter->handleRequest(null, Object(Config\Cache), false)
 9 SYSTEMPATH/Boot.php(325): CodeIgniter\CodeIgniter->run()
10 SYSTEMPATH/Boot.php(67): CodeIgniter\Boot::runCodeIgniter(Object(CodeIgniter\CodeIgniter))
11 FCPATH/index.php(56): CodeIgniter\Boot::bootWeb(Object(Config\Paths))
WARNING - 2025-10-15 13:42:58 --> [DEPRECATED] number_format(): Passing null to parameter #1 ($num) of type float is deprecated in APPPATH/Views/reporte/imprimir_kardex.php on line 133.
 1 APPPATH/Views/reporte/imprimir_kardex.php(133): number_format(null, 2, ',', '.')
 2 SYSTEMPATH/View/View.php(234): include('/home2/usoabumg/public_html/oruro.site/app/Views/reporte/imprimir_kardex.php')
 3 SYSTEMPATH/View/View.php(237): CodeIgniter\View\View->CodeIgniter\View\{closure}()
 4 SYSTEMPATH/Common.php(1171): CodeIgniter\View\View->render('reporte/imprimir_kardex', [], true)
 5 APPPATH/Controllers/Reporte.php(105): view('reporte/imprimir_kardex', [...])
 6 SYSTEMPATH/CodeIgniter.php(933): App\Controllers\Reporte->generar_kardex_producto()
 7 SYSTEMPATH/CodeIgniter.php(509): CodeIgniter\CodeIgniter->runController(Object(App\Controllers\Reporte))
 8 SYSTEMPATH/CodeIgniter.php(355): CodeIgniter\CodeIgniter->handleRequest(null, Object(Config\Cache), false)
 9 SYSTEMPATH/Boot.php(325): CodeIgniter\CodeIgniter->run()
10 SYSTEMPATH/Boot.php(67): CodeIgniter\Boot::runCodeIgniter(Object(CodeIgniter\CodeIgniter))
11 FCPATH/index.php(56): CodeIgniter\Boot::bootWeb(Object(Config\Paths))
WARNING - 2025-10-15 13:42:58 --> [DEPRECATED] number_format(): Passing null to parameter #1 ($num) of type float is deprecated in APPPATH/Views/reporte/imprimir_kardex.php on line 130.
 1 APPPATH/Views/reporte/imprimir_kardex.php(130): number_format(null, 2, ',', '.')
 2 SYSTEMPATH/View/View.php(234): include('/home2/usoabumg/public_html/oruro.site/app/Views/reporte/imprimir_kardex.php')
 3 SYSTEMPATH/View/View.php(237): CodeIgniter\View\View->CodeIgniter\View\{closure}()
 4 SYSTEMPATH/Common.php(1171): CodeIgniter\View\View->render('reporte/imprimir_kardex', [], true)
 5 APPPATH/Controllers/Reporte.php(105): view('reporte/imprimir_kardex', [...])
 6 SYSTEMPATH/CodeIgniter.php(933): App\Controllers\Reporte->generar_kardex_producto()
 7 SYSTEMPATH/CodeIgniter.php(509): CodeIgniter\CodeIgniter->runController(Object(App\Controllers\Reporte))
 8 SYSTEMPATH/CodeIgniter.php(355): CodeIgniter\CodeIgniter->handleRequest(null, Object(Config\Cache), false)
 9 SYSTEMPATH/Boot.php(325): CodeIgniter\CodeIgniter->run()
10 SYSTEMPATH/Boot.php(67): CodeIgniter\Boot::runCodeIgniter(Object(CodeIgniter\CodeIgniter))
11 FCPATH/index.php(56): CodeIgniter\Boot::bootWeb(Object(Config\Paths))
WARNING - 2025-10-15 13:42:58 --> [DEPRECATED] number_format(): Passing null to parameter #1 ($num) of type float is deprecated in APPPATH/Views/reporte/imprimir_kardex.php on line 133.
 1 APPPATH/Views/reporte/imprimir_kardex.php(133): number_format(null, 2, ',', '.')
 2 SYSTEMPATH/View/View.php(234): include('/home2/usoabumg/public_html/oruro.site/app/Views/reporte/imprimir_kardex.php')
 3 SYSTEMPATH/View/View.php(237): CodeIgniter\View\View->CodeIgniter\View\{closure}()
 4 SYSTEMPATH/Common.php(1171): CodeIgniter\View\View->render('reporte/imprimir_kardex', [], true)
 5 APPPATH/Controllers/Reporte.php(105): view('reporte/imprimir_kardex', [...])
 6 SYSTEMPATH/CodeIgniter.php(933): App\Controllers\Reporte->generar_kardex_producto()
 7 SYSTEMPATH/CodeIgniter.php(509): CodeIgniter\CodeIgniter->runController(Object(App\Controllers\Reporte))
 8 SYSTEMPATH/CodeIgniter.php(355): CodeIgniter\CodeIgniter->handleRequest(null, Object(Config\Cache), false)
 9 SYSTEMPATH/Boot.php(325): CodeIgniter\CodeIgniter->run()
10 SYSTEMPATH/Boot.php(67): CodeIgniter\Boot::runCodeIgniter(Object(CodeIgniter\CodeIgniter))
11 FCPATH/index.php(56): CodeIgniter\Boot::bootWeb(Object(Config\Paths))
WARNING - 2025-10-15 13:42:58 --> [DEPRECATED] number_format(): Passing null to parameter #1 ($num) of type float is deprecated in APPPATH/Views/reporte/imprimir_kardex.php on line 130.
 1 APPPATH/Views/reporte/imprimir_kardex.php(130): number_format(null, 2, ',', '.')
 2 SYSTEMPATH/View/View.php(234): include('/home2/usoabumg/public_html/oruro.site/app/Views/reporte/imprimir_kardex.php')
 3 SYSTEMPATH/View/View.php(237): CodeIgniter\View\View->CodeIgniter\View\{closure}()
 4 SYSTEMPATH/Common.php(1171): CodeIgniter\View\View->render('reporte/imprimir_kardex', [], true)
 5 APPPATH/Controllers/Reporte.php(105): view('reporte/imprimir_kardex', [...])
 6 SYSTEMPATH/CodeIgniter.php(933): App\Controllers\Reporte->generar_kardex_producto()
 7 SYSTEMPATH/CodeIgniter.php(509): CodeIgniter\CodeIgniter->runController(Object(App\Controllers\Reporte))
 8 SYSTEMPATH/CodeIgniter.php(355): CodeIgniter\CodeIgniter->handleRequest(null, Object(Config\Cache), false)
 9 SYSTEMPATH/Boot.php(325): CodeIgniter\CodeIgniter->run()
10 SYSTEMPATH/Boot.php(67): CodeIgniter\Boot::runCodeIgniter(Object(CodeIgniter\CodeIgniter))
11 FCPATH/index.php(56): CodeIgniter\Boot::bootWeb(Object(Config\Paths))
WARNING - 2025-10-15 13:42:58 --> [DEPRECATED] number_format(): Passing null to parameter #1 ($num) of type float is deprecated in APPPATH/Views/reporte/imprimir_kardex.php on line 133.
 1 APPPATH/Views/reporte/imprimir_kardex.php(133): number_format(null, 2, ',', '.')
 2 SYSTEMPATH/View/View.php(234): include('/home2/usoabumg/public_html/oruro.site/app/Views/reporte/imprimir_kardex.php')
 3 SYSTEMPATH/View/View.php(237): CodeIgniter\View\View->CodeIgniter\View\{closure}()
 4 SYSTEMPATH/Common.php(1171): CodeIgniter\View\View->render('reporte/imprimir_kardex', [], true)
 5 APPPATH/Controllers/Reporte.php(105): view('reporte/imprimir_kardex', [...])
 6 SYSTEMPATH/CodeIgniter.php(933): App\Controllers\Reporte->generar_kardex_producto()
 7 SYSTEMPATH/CodeIgniter.php(509): CodeIgniter\CodeIgniter->runController(Object(App\Controllers\Reporte))
 8 SYSTEMPATH/CodeIgniter.php(355): CodeIgniter\CodeIgniter->handleRequest(null, Object(Config\Cache), false)
 9 SYSTEMPATH/Boot.php(325): CodeIgniter\CodeIgniter->run()
10 SYSTEMPATH/Boot.php(67): CodeIgniter\Boot::runCodeIgniter(Object(CodeIgniter\CodeIgniter))
11 FCPATH/index.php(56): CodeIgniter\Boot::bootWeb(Object(Config\Paths))
WARNING - 2025-10-15 13:42:58 --> [DEPRECATED] number_format(): Passing null to parameter #1 ($num) of type float is deprecated in APPPATH/Views/reporte/imprimir_kardex.php on line 130.
 1 APPPATH/Views/reporte/imprimir_kardex.php(130): number_format(null, 2, ',', '.')
 2 SYSTEMPATH/View/View.php(234): include('/home2/usoabumg/public_html/oruro.site/app/Views/reporte/imprimir_kardex.php')
 3 SYSTEMPATH/View/View.php(237): CodeIgniter\View\View->CodeIgniter\View\{closure}()
 4 SYSTEMPATH/Common.php(1171): CodeIgniter\View\View->render('reporte/imprimir_kardex', [], true)
 5 APPPATH/Controllers/Reporte.php(105): view('reporte/imprimir_kardex', [...])
 6 SYSTEMPATH/CodeIgniter.php(933): App\Controllers\Reporte->generar_kardex_producto()
 7 SYSTEMPATH/CodeIgniter.php(509): CodeIgniter\CodeIgniter->runController(Object(App\Controllers\Reporte))
 8 SYSTEMPATH/CodeIgniter.php(355): CodeIgniter\CodeIgniter->handleRequest(null, Object(Config\Cache), false)
 9 SYSTEMPATH/Boot.php(325): CodeIgniter\CodeIgniter->run()
10 SYSTEMPATH/Boot.php(67): CodeIgniter\Boot::runCodeIgniter(Object(CodeIgniter\CodeIgniter))
11 FCPATH/index.php(56): CodeIgniter\Boot::bootWeb(Object(Config\Paths))
WARNING - 2025-10-15 13:42:58 --> [DEPRECATED] number_format(): Passing null to parameter #1 ($num) of type float is deprecated in APPPATH/Views/reporte/imprimir_kardex.php on line 133.
 1 APPPATH/Views/reporte/imprimir_kardex.php(133): number_format(null, 2, ',', '.')
 2 SYSTEMPATH/View/View.php(234): include('/home2/usoabumg/public_html/oruro.site/app/Views/reporte/imprimir_kardex.php')
 3 SYSTEMPATH/View/View.php(237): CodeIgniter\View\View->CodeIgniter\View\{closure}()
 4 SYSTEMPATH/Common.php(1171): CodeIgniter\View\View->render('reporte/imprimir_kardex', [], true)
 5 APPPATH/Controllers/Reporte.php(105): view('reporte/imprimir_kardex', [...])
 6 SYSTEMPATH/CodeIgniter.php(933): App\Controllers\Reporte->generar_kardex_producto()
 7 SYSTEMPATH/CodeIgniter.php(509): CodeIgniter\CodeIgniter->runController(Object(App\Controllers\Reporte))
 8 SYSTEMPATH/CodeIgniter.php(355): CodeIgniter\CodeIgniter->handleRequest(null, Object(Config\Cache), false)
 9 SYSTEMPATH/Boot.php(325): CodeIgniter\CodeIgniter->run()
10 SYSTEMPATH/Boot.php(67): CodeIgniter\Boot::runCodeIgniter(Object(CodeIgniter\CodeIgniter))
11 FCPATH/index.php(56): CodeIgniter\Boot::bootWeb(Object(Config\Paths))
WARNING - 2025-10-15 13:42:58 --> [DEPRECATED] number_format(): Passing null to parameter #1 ($num) of type float is deprecated in APPPATH/Views/reporte/imprimir_kardex.php on line 129.
 1 APPPATH/Views/reporte/imprimir_kardex.php(129): number_format(null, 2, ',', '.')
 2 SYSTEMPATH/View/View.php(234): include('/home2/usoabumg/public_html/oruro.site/app/Views/reporte/imprimir_kardex.php')
 3 SYSTEMPATH/View/View.php(237): CodeIgniter\View\View->CodeIgniter\View\{closure}()
 4 SYSTEMPATH/Common.php(1171): CodeIgniter\View\View->render('reporte/imprimir_kardex', [], true)
 5 APPPATH/Controllers/Reporte.php(105): view('reporte/imprimir_kardex', [...])
 6 SYSTEMPATH/CodeIgniter.php(933): App\Controllers\Reporte->generar_kardex_producto()
 7 SYSTEMPATH/CodeIgniter.php(509): CodeIgniter\CodeIgniter->runController(Object(App\Controllers\Reporte))
 8 SYSTEMPATH/CodeIgniter.php(355): CodeIgniter\CodeIgniter->handleRequest(null, Object(Config\Cache), false)
 9 SYSTEMPATH/Boot.php(325): CodeIgniter\CodeIgniter->run()
10 SYSTEMPATH/Boot.php(67): CodeIgniter\Boot::runCodeIgniter(Object(CodeIgniter\CodeIgniter))
11 FCPATH/index.php(56): CodeIgniter\Boot::bootWeb(Object(Config\Paths))
WARNING - 2025-10-15 13:42:58 --> [DEPRECATED] number_format(): Passing null to parameter #1 ($num) of type float is deprecated in APPPATH/Views/reporte/imprimir_kardex.php on line 132.
 1 APPPATH/Views/reporte/imprimir_kardex.php(132): number_format(null, 2, ',', '.')
 2 SYSTEMPATH/View/View.php(234): include('/home2/usoabumg/public_html/oruro.site/app/Views/reporte/imprimir_kardex.php')
 3 SYSTEMPATH/View/View.php(237): CodeIgniter\View\View->CodeIgniter\View\{closure}()
 4 SYSTEMPATH/Common.php(1171): CodeIgniter\View\View->render('reporte/imprimir_kardex', [], true)
 5 APPPATH/Controllers/Reporte.php(105): view('reporte/imprimir_kardex', [...])
 6 SYSTEMPATH/CodeIgniter.php(933): App\Controllers\Reporte->generar_kardex_producto()
 7 SYSTEMPATH/CodeIgniter.php(509): CodeIgniter\CodeIgniter->runController(Object(App\Controllers\Reporte))
 8 SYSTEMPATH/CodeIgniter.php(355): CodeIgniter\CodeIgniter->handleRequest(null, Object(Config\Cache), false)
 9 SYSTEMPATH/Boot.php(325): CodeIgniter\CodeIgniter->run()
10 SYSTEMPATH/Boot.php(67): CodeIgniter\Boot::runCodeIgniter(Object(CodeIgniter\CodeIgniter))
11 FCPATH/index.php(56): CodeIgniter\Boot::bootWeb(Object(Config\Paths))
WARNING - 2025-10-15 13:42:58 --> [DEPRECATED] number_format(): Passing null to parameter #1 ($num) of type float is deprecated in APPPATH/Views/reporte/imprimir_kardex.php on line 130.
 1 APPPATH/Views/reporte/imprimir_kardex.php(130): number_format(null, 2, ',', '.')
 2 SYSTEMPATH/View/View.php(234): include('/home2/usoabumg/public_html/oruro.site/app/Views/reporte/imprimir_kardex.php')
 3 SYSTEMPATH/View/View.php(237): CodeIgniter\View\View->CodeIgniter\View\{closure}()
 4 SYSTEMPATH/Common.php(1171): CodeIgniter\View\View->render('reporte/imprimir_kardex', [], true)
 5 APPPATH/Controllers/Reporte.php(105): view('reporte/imprimir_kardex', [...])
 6 SYSTEMPATH/CodeIgniter.php(933): App\Controllers\Reporte->generar_kardex_producto()
 7 SYSTEMPATH/CodeIgniter.php(509): CodeIgniter\CodeIgniter->runController(Object(App\Controllers\Reporte))
 8 SYSTEMPATH/CodeIgniter.php(355): CodeIgniter\CodeIgniter->handleRequest(null, Object(Config\Cache), false)
 9 SYSTEMPATH/Boot.php(325): CodeIgniter\CodeIgniter->run()
10 SYSTEMPATH/Boot.php(67): CodeIgniter\Boot::runCodeIgniter(Object(CodeIgniter\CodeIgniter))
11 FCPATH/index.php(56): CodeIgniter\Boot::bootWeb(Object(Config\Paths))
WARNING - 2025-10-15 13:42:58 --> [DEPRECATED] number_format(): Passing null to parameter #1 ($num) of type float is deprecated in APPPATH/Views/reporte/imprimir_kardex.php on line 133.
 1 APPPATH/Views/reporte/imprimir_kardex.php(133): number_format(null, 2, ',', '.')
 2 SYSTEMPATH/View/View.php(234): include('/home2/usoabumg/public_html/oruro.site/app/Views/reporte/imprimir_kardex.php')
 3 SYSTEMPATH/View/View.php(237): CodeIgniter\View\View->CodeIgniter\View\{closure}()
 4 SYSTEMPATH/Common.php(1171): CodeIgniter\View\View->render('reporte/imprimir_kardex', [], true)
 5 APPPATH/Controllers/Reporte.php(105): view('reporte/imprimir_kardex', [...])
 6 SYSTEMPATH/CodeIgniter.php(933): App\Controllers\Reporte->generar_kardex_producto()
 7 SYSTEMPATH/CodeIgniter.php(509): CodeIgniter\CodeIgniter->runController(Object(App\Controllers\Reporte))
 8 SYSTEMPATH/CodeIgniter.php(355): CodeIgniter\CodeIgniter->handleRequest(null, Object(Config\Cache), false)
 9 SYSTEMPATH/Boot.php(325): CodeIgniter\CodeIgniter->run()
10 SYSTEMPATH/Boot.php(67): CodeIgniter\Boot::runCodeIgniter(Object(CodeIgniter\CodeIgniter))
11 FCPATH/index.php(56): CodeIgniter\Boot::bootWeb(Object(Config\Paths))
WARNING - 2025-10-15 13:42:58 --> [DEPRECATED] number_format(): Passing null to parameter #1 ($num) of type float is deprecated in APPPATH/Views/reporte/imprimir_kardex.php on line 129.
 1 APPPATH/Views/reporte/imprimir_kardex.php(129): number_format(null, 2, ',', '.')
 2 SYSTEMPATH/View/View.php(234): include('/home2/usoabumg/public_html/oruro.site/app/Views/reporte/imprimir_kardex.php')
 3 SYSTEMPATH/View/View.php(237): CodeIgniter\View\View->CodeIgniter\View\{closure}()
 4 SYSTEMPATH/Common.php(1171): CodeIgniter\View\View->render('reporte/imprimir_kardex', [], true)
 5 APPPATH/Controllers/Reporte.php(105): view('reporte/imprimir_kardex', [...])
 6 SYSTEMPATH/CodeIgniter.php(933): App\Controllers\Reporte->generar_kardex_producto()
 7 SYSTEMPATH/CodeIgniter.php(509): CodeIgniter\CodeIgniter->runController(Object(App\Controllers\Reporte))
 8 SYSTEMPATH/CodeIgniter.php(355): CodeIgniter\CodeIgniter->handleRequest(null, Object(Config\Cache), false)
 9 SYSTEMPATH/Boot.php(325): CodeIgniter\CodeIgniter->run()
10 SYSTEMPATH/Boot.php(67): CodeIgniter\Boot::runCodeIgniter(Object(CodeIgniter\CodeIgniter))
11 FCPATH/index.php(56): CodeIgniter\Boot::bootWeb(Object(Config\Paths))
WARNING - 2025-10-15 13:42:58 --> [DEPRECATED] number_format(): Passing null to parameter #1 ($num) of type float is deprecated in APPPATH/Views/reporte/imprimir_kardex.php on line 132.
 1 APPPATH/Views/reporte/imprimir_kardex.php(132): number_format(null, 2, ',', '.')
 2 SYSTEMPATH/View/View.php(234): include('/home2/usoabumg/public_html/oruro.site/app/Views/reporte/imprimir_kardex.php')
 3 SYSTEMPATH/View/View.php(237): CodeIgniter\View\View->CodeIgniter\View\{closure}()
 4 SYSTEMPATH/Common.php(1171): CodeIgniter\View\View->render('reporte/imprimir_kardex', [], true)
 5 APPPATH/Controllers/Reporte.php(105): view('reporte/imprimir_kardex', [...])
 6 SYSTEMPATH/CodeIgniter.php(933): App\Controllers\Reporte->generar_kardex_producto()
 7 SYSTEMPATH/CodeIgniter.php(509): CodeIgniter\CodeIgniter->runController(Object(App\Controllers\Reporte))
 8 SYSTEMPATH/CodeIgniter.php(355): CodeIgniter\CodeIgniter->handleRequest(null, Object(Config\Cache), false)
 9 SYSTEMPATH/Boot.php(325): CodeIgniter\CodeIgniter->run()
10 SYSTEMPATH/Boot.php(67): CodeIgniter\Boot::runCodeIgniter(Object(CodeIgniter\CodeIgniter))
11 FCPATH/index.php(56): CodeIgniter\Boot::bootWeb(Object(Config\Paths))
WARNING - 2025-10-15 13:42:58 --> [DEPRECATED] number_format(): Passing null to parameter #1 ($num) of type float is deprecated in APPPATH/Views/reporte/imprimir_kardex.php on line 129.
 1 APPPATH/Views/reporte/imprimir_kardex.php(129): number_format(null, 2, ',', '.')
 2 SYSTEMPATH/View/View.php(234): include('/home2/usoabumg/public_html/oruro.site/app/Views/reporte/imprimir_kardex.php')
 3 SYSTEMPATH/View/View.php(237): CodeIgniter\View\View->CodeIgniter\View\{closure}()
 4 SYSTEMPATH/Common.php(1171): CodeIgniter\View\View->render('reporte/imprimir_kardex', [], true)
 5 APPPATH/Controllers/Reporte.php(105): view('reporte/imprimir_kardex', [...])
 6 SYSTEMPATH/CodeIgniter.php(933): App\Controllers\Reporte->generar_kardex_producto()
 7 SYSTEMPATH/CodeIgniter.php(509): CodeIgniter\CodeIgniter->runController(Object(App\Controllers\Reporte))
 8 SYSTEMPATH/CodeIgniter.php(355): CodeIgniter\CodeIgniter->handleRequest(null, Object(Config\Cache), false)
 9 SYSTEMPATH/Boot.php(325): CodeIgniter\CodeIgniter->run()
10 SYSTEMPATH/Boot.php(67): CodeIgniter\Boot::runCodeIgniter(Object(CodeIgniter\CodeIgniter))
11 FCPATH/index.php(56): CodeIgniter\Boot::bootWeb(Object(Config\Paths))
WARNING - 2025-10-15 13:42:58 --> [DEPRECATED] number_format(): Passing null to parameter #1 ($num) of type float is deprecated in APPPATH/Views/reporte/imprimir_kardex.php on line 132.
 1 APPPATH/Views/reporte/imprimir_kardex.php(132): number_format(null, 2, ',', '.')
 2 SYSTEMPATH/View/View.php(234): include('/home2/usoabumg/public_html/oruro.site/app/Views/reporte/imprimir_kardex.php')
 3 SYSTEMPATH/View/View.php(237): CodeIgniter\View\View->CodeIgniter\View\{closure}()
 4 SYSTEMPATH/Common.php(1171): CodeIgniter\View\View->render('reporte/imprimir_kardex', [], true)
 5 APPPATH/Controllers/Reporte.php(105): view('reporte/imprimir_kardex', [...])
 6 SYSTEMPATH/CodeIgniter.php(933): App\Controllers\Reporte->generar_kardex_producto()
 7 SYSTEMPATH/CodeIgniter.php(509): CodeIgniter\CodeIgniter->runController(Object(App\Controllers\Reporte))
 8 SYSTEMPATH/CodeIgniter.php(355): CodeIgniter\CodeIgniter->handleRequest(null, Object(Config\Cache), false)
 9 SYSTEMPATH/Boot.php(325): CodeIgniter\CodeIgniter->run()
10 SYSTEMPATH/Boot.php(67): CodeIgniter\Boot::runCodeIgniter(Object(CodeIgniter\CodeIgniter))
11 FCPATH/index.php(56): CodeIgniter\Boot::bootWeb(Object(Config\Paths))
WARNING - 2025-10-15 13:42:58 --> [DEPRECATED] number_format(): Passing null to parameter #1 ($num) of type float is deprecated in APPPATH/Views/reporte/imprimir_kardex.php on line 129.
 1 APPPATH/Views/reporte/imprimir_kardex.php(129): number_format(null, 2, ',', '.')
 2 SYSTEMPATH/View/View.php(234): include('/home2/usoabumg/public_html/oruro.site/app/Views/reporte/imprimir_kardex.php')
 3 SYSTEMPATH/View/View.php(237): CodeIgniter\View\View->CodeIgniter\View\{closure}()
 4 SYSTEMPATH/Common.php(1171): CodeIgniter\View\View->render('reporte/imprimir_kardex', [], true)
 5 APPPATH/Controllers/Reporte.php(105): view('reporte/imprimir_kardex', [...])
 6 SYSTEMPATH/CodeIgniter.php(933): App\Controllers\Reporte->generar_kardex_producto()
 7 SYSTEMPATH/CodeIgniter.php(509): CodeIgniter\CodeIgniter->runController(Object(App\Controllers\Reporte))
 8 SYSTEMPATH/CodeIgniter.php(355): CodeIgniter\CodeIgniter->handleRequest(null, Object(Config\Cache), false)
 9 SYSTEMPATH/Boot.php(325): CodeIgniter\CodeIgniter->run()
10 SYSTEMPATH/Boot.php(67): CodeIgniter\Boot::runCodeIgniter(Object(CodeIgniter\CodeIgniter))
11 FCPATH/index.php(56): CodeIgniter\Boot::bootWeb(Object(Config\Paths))
WARNING - 2025-10-15 13:42:58 --> [DEPRECATED] number_format(): Passing null to parameter #1 ($num) of type float is deprecated in APPPATH/Views/reporte/imprimir_kardex.php on line 132.
 1 APPPATH/Views/reporte/imprimir_kardex.php(132): number_format(null, 2, ',', '.')
 2 SYSTEMPATH/View/View.php(234): include('/home2/usoabumg/public_html/oruro.site/app/Views/reporte/imprimir_kardex.php')
 3 SYSTEMPATH/View/View.php(237): CodeIgniter\View\View->CodeIgniter\View\{closure}()
 4 SYSTEMPATH/Common.php(1171): CodeIgniter\View\View->render('reporte/imprimir_kardex', [], true)
 5 APPPATH/Controllers/Reporte.php(105): view('reporte/imprimir_kardex', [...])
 6 SYSTEMPATH/CodeIgniter.php(933): App\Controllers\Reporte->generar_kardex_producto()
 7 SYSTEMPATH/CodeIgniter.php(509): CodeIgniter\CodeIgniter->runController(Object(App\Controllers\Reporte))
 8 SYSTEMPATH/CodeIgniter.php(355): CodeIgniter\CodeIgniter->handleRequest(null, Object(Config\Cache), false)
 9 SYSTEMPATH/Boot.php(325): CodeIgniter\CodeIgniter->run()
10 SYSTEMPATH/Boot.php(67): CodeIgniter\Boot::runCodeIgniter(Object(CodeIgniter\CodeIgniter))
11 FCPATH/index.php(56): CodeIgniter\Boot::bootWeb(Object(Config\Paths))
WARNING - 2025-10-15 13:42:58 --> [DEPRECATED] number_format(): Passing null to parameter #1 ($num) of type float is deprecated in APPPATH/Views/reporte/imprimir_kardex.php on line 129.
 1 APPPATH/Views/reporte/imprimir_kardex.php(129): number_format(null, 2, ',', '.')
 2 SYSTEMPATH/View/View.php(234): include('/home2/usoabumg/public_html/oruro.site/app/Views/reporte/imprimir_kardex.php')
 3 SYSTEMPATH/View/View.php(237): CodeIgniter\View\View->CodeIgniter\View\{closure}()
 4 SYSTEMPATH/Common.php(1171): CodeIgniter\View\View->render('reporte/imprimir_kardex', [], true)
 5 APPPATH/Controllers/Reporte.php(105): view('reporte/imprimir_kardex', [...])
 6 SYSTEMPATH/CodeIgniter.php(933): App\Controllers\Reporte->generar_kardex_producto()
 7 SYSTEMPATH/CodeIgniter.php(509): CodeIgniter\CodeIgniter->runController(Object(App\Controllers\Reporte))
 8 SYSTEMPATH/CodeIgniter.php(355): CodeIgniter\CodeIgniter->handleRequest(null, Object(Config\Cache), false)
 9 SYSTEMPATH/Boot.php(325): CodeIgniter\CodeIgniter->run()
10 SYSTEMPATH/Boot.php(67): CodeIgniter\Boot::runCodeIgniter(Object(CodeIgniter\CodeIgniter))
11 FCPATH/index.php(56): CodeIgniter\Boot::bootWeb(Object(Config\Paths))
WARNING - 2025-10-15 13:42:58 --> [DEPRECATED] number_format(): Passing null to parameter #1 ($num) of type float is deprecated in APPPATH/Views/reporte/imprimir_kardex.php on line 132.
 1 APPPATH/Views/reporte/imprimir_kardex.php(132): number_format(null, 2, ',', '.')
 2 SYSTEMPATH/View/View.php(234): include('/home2/usoabumg/public_html/oruro.site/app/Views/reporte/imprimir_kardex.php')
 3 SYSTEMPATH/View/View.php(237): CodeIgniter\View\View->CodeIgniter\View\{closure}()
 4 SYSTEMPATH/Common.php(1171): CodeIgniter\View\View->render('reporte/imprimir_kardex', [], true)
 5 APPPATH/Controllers/Reporte.php(105): view('reporte/imprimir_kardex', [...])
 6 SYSTEMPATH/CodeIgniter.php(933): App\Controllers\Reporte->generar_kardex_producto()
 7 SYSTEMPATH/CodeIgniter.php(509): CodeIgniter\CodeIgniter->runController(Object(App\Controllers\Reporte))
 8 SYSTEMPATH/CodeIgniter.php(355): CodeIgniter\CodeIgniter->handleRequest(null, Object(Config\Cache), false)
 9 SYSTEMPATH/Boot.php(325): CodeIgniter\CodeIgniter->run()
10 SYSTEMPATH/Boot.php(67): CodeIgniter\Boot::runCodeIgniter(Object(CodeIgniter\CodeIgniter))
11 FCPATH/index.php(56): CodeIgniter\Boot::bootWeb(Object(Config\Paths))
WARNING - 2025-10-15 13:42:58 --> [DEPRECATED] number_format(): Passing null to parameter #1 ($num) of type float is deprecated in APPPATH/Views/reporte/imprimir_kardex.php on line 129.
 1 APPPATH/Views/reporte/imprimir_kardex.php(129): number_format(null, 2, ',', '.')
 2 SYSTEMPATH/View/View.php(234): include('/home2/usoabumg/public_html/oruro.site/app/Views/reporte/imprimir_kardex.php')
 3 SYSTEMPATH/View/View.php(237): CodeIgniter\View\View->CodeIgniter\View\{closure}()
 4 SYSTEMPATH/Common.php(1171): CodeIgniter\View\View->render('reporte/imprimir_kardex', [], true)
 5 APPPATH/Controllers/Reporte.php(105): view('reporte/imprimir_kardex', [...])
 6 SYSTEMPATH/CodeIgniter.php(933): App\Controllers\Reporte->generar_kardex_producto()
 7 SYSTEMPATH/CodeIgniter.php(509): CodeIgniter\CodeIgniter->runController(Object(App\Controllers\Reporte))
 8 SYSTEMPATH/CodeIgniter.php(355): CodeIgniter\CodeIgniter->handleRequest(null, Object(Config\Cache), false)
 9 SYSTEMPATH/Boot.php(325): CodeIgniter\CodeIgniter->run()
10 SYSTEMPATH/Boot.php(67): CodeIgniter\Boot::runCodeIgniter(Object(CodeIgniter\CodeIgniter))
11 FCPATH/index.php(56): CodeIgniter\Boot::bootWeb(Object(Config\Paths))
WARNING - 2025-10-15 13:42:58 --> [DEPRECATED] number_format(): Passing null to parameter #1 ($num) of type float is deprecated in APPPATH/Views/reporte/imprimir_kardex.php on line 132.
 1 APPPATH/Views/reporte/imprimir_kardex.php(132): number_format(null, 2, ',', '.')
 2 SYSTEMPATH/View/View.php(234): include('/home2/usoabumg/public_html/oruro.site/app/Views/reporte/imprimir_kardex.php')
 3 SYSTEMPATH/View/View.php(237): CodeIgniter\View\View->CodeIgniter\View\{closure}()
 4 SYSTEMPATH/Common.php(1171): CodeIgniter\View\View->render('reporte/imprimir_kardex', [], true)
 5 APPPATH/Controllers/Reporte.php(105): view('reporte/imprimir_kardex', [...])
 6 SYSTEMPATH/CodeIgniter.php(933): App\Controllers\Reporte->generar_kardex_producto()
 7 SYSTEMPATH/CodeIgniter.php(509): CodeIgniter\CodeIgniter->runController(Object(App\Controllers\Reporte))
 8 SYSTEMPATH/CodeIgniter.php(355): CodeIgniter\CodeIgniter->handleRequest(null, Object(Config\Cache), false)
 9 SYSTEMPATH/Boot.php(325): CodeIgniter\CodeIgniter->run()
10 SYSTEMPATH/Boot.php(67): CodeIgniter\Boot::runCodeIgniter(Object(CodeIgniter\CodeIgniter))
11 FCPATH/index.php(56): CodeIgniter\Boot::bootWeb(Object(Config\Paths))
WARNING - 2025-10-15 13:42:58 --> [DEPRECATED] number_format(): Passing null to parameter #1 ($num) of type float is deprecated in APPPATH/Views/reporte/imprimir_kardex.php on line 129.
 1 APPPATH/Views/reporte/imprimir_kardex.php(129): number_format(null, 2, ',', '.')
 2 SYSTEMPATH/View/View.php(234): include('/home2/usoabumg/public_html/oruro.site/app/Views/reporte/imprimir_kardex.php')
 3 SYSTEMPATH/View/View.php(237): CodeIgniter\View\View->CodeIgniter\View\{closure}()
 4 SYSTEMPATH/Common.php(1171): CodeIgniter\View\View->render('reporte/imprimir_kardex', [], true)
 5 APPPATH/Controllers/Reporte.php(105): view('reporte/imprimir_kardex', [...])
 6 SYSTEMPATH/CodeIgniter.php(933): App\Controllers\Reporte->generar_kardex_producto()
 7 SYSTEMPATH/CodeIgniter.php(509): CodeIgniter\CodeIgniter->runController(Object(App\Controllers\Reporte))
 8 SYSTEMPATH/CodeIgniter.php(355): CodeIgniter\CodeIgniter->handleRequest(null, Object(Config\Cache), false)
 9 SYSTEMPATH/Boot.php(325): CodeIgniter\CodeIgniter->run()
10 SYSTEMPATH/Boot.php(67): CodeIgniter\Boot::runCodeIgniter(Object(CodeIgniter\CodeIgniter))
11 FCPATH/index.php(56): CodeIgniter\Boot::bootWeb(Object(Config\Paths))
WARNING - 2025-10-15 13:42:58 --> [DEPRECATED] number_format(): Passing null to parameter #1 ($num) of type float is deprecated in APPPATH/Views/reporte/imprimir_kardex.php on line 132.
 1 APPPATH/Views/reporte/imprimir_kardex.php(132): number_format(null, 2, ',', '.')
 2 SYSTEMPATH/View/View.php(234): include('/home2/usoabumg/public_html/oruro.site/app/Views/reporte/imprimir_kardex.php')
 3 SYSTEMPATH/View/View.php(237): CodeIgniter\View\View->CodeIgniter\View\{closure}()
 4 SYSTEMPATH/Common.php(1171): CodeIgniter\View\View->render('reporte/imprimir_kardex', [], true)
 5 APPPATH/Controllers/Reporte.php(105): view('reporte/imprimir_kardex', [...])
 6 SYSTEMPATH/CodeIgniter.php(933): App\Controllers\Reporte->generar_kardex_producto()
 7 SYSTEMPATH/CodeIgniter.php(509): CodeIgniter\CodeIgniter->runController(Object(App\Controllers\Reporte))
 8 SYSTEMPATH/CodeIgniter.php(355): CodeIgniter\CodeIgniter->handleRequest(null, Object(Config\Cache), false)
 9 SYSTEMPATH/Boot.php(325): CodeIgniter\CodeIgniter->run()
10 SYSTEMPATH/Boot.php(67): CodeIgniter\Boot::runCodeIgniter(Object(CodeIgniter\CodeIgniter))
11 FCPATH/index.php(56): CodeIgniter\Boot::bootWeb(Object(Config\Paths))
WARNING - 2025-10-15 13:42:58 --> [DEPRECATED] number_format(): Passing null to parameter #1 ($num) of type float is deprecated in APPPATH/Views/reporte/imprimir_kardex.php on line 129.
 1 APPPATH/Views/reporte/imprimir_kardex.php(129): number_format(null, 2, ',', '.')
 2 SYSTEMPATH/View/View.php(234): include('/home2/usoabumg/public_html/oruro.site/app/Views/reporte/imprimir_kardex.php')
 3 SYSTEMPATH/View/View.php(237): CodeIgniter\View\View->CodeIgniter\View\{closure}()
 4 SYSTEMPATH/Common.php(1171): CodeIgniter\View\View->render('reporte/imprimir_kardex', [], true)
 5 APPPATH/Controllers/Reporte.php(105): view('reporte/imprimir_kardex', [...])
 6 SYSTEMPATH/CodeIgniter.php(933): App\Controllers\Reporte->generar_kardex_producto()
 7 SYSTEMPATH/CodeIgniter.php(509): CodeIgniter\CodeIgniter->runController(Object(App\Controllers\Reporte))
 8 SYSTEMPATH/CodeIgniter.php(355): CodeIgniter\CodeIgniter->handleRequest(null, Object(Config\Cache), false)
 9 SYSTEMPATH/Boot.php(325): CodeIgniter\CodeIgniter->run()
10 SYSTEMPATH/Boot.php(67): CodeIgniter\Boot::runCodeIgniter(Object(CodeIgniter\CodeIgniter))
11 FCPATH/index.php(56): CodeIgniter\Boot::bootWeb(Object(Config\Paths))
WARNING - 2025-10-15 13:42:58 --> [DEPRECATED] number_format(): Passing null to parameter #1 ($num) of type float is deprecated in APPPATH/Views/reporte/imprimir_kardex.php on line 132.
 1 APPPATH/Views/reporte/imprimir_kardex.php(132): number_format(null, 2, ',', '.')
 2 SYSTEMPATH/View/View.php(234): include('/home2/usoabumg/public_html/oruro.site/app/Views/reporte/imprimir_kardex.php')
 3 SYSTEMPATH/View/View.php(237): CodeIgniter\View\View->CodeIgniter\View\{closure}()
 4 SYSTEMPATH/Common.php(1171): CodeIgniter\View\View->render('reporte/imprimir_kardex', [], true)
 5 APPPATH/Controllers/Reporte.php(105): view('reporte/imprimir_kardex', [...])
 6 SYSTEMPATH/CodeIgniter.php(933): App\Controllers\Reporte->generar_kardex_producto()
 7 SYSTEMPATH/CodeIgniter.php(509): CodeIgniter\CodeIgniter->runController(Object(App\Controllers\Reporte))
 8 SYSTEMPATH/CodeIgniter.php(355): CodeIgniter\CodeIgniter->handleRequest(null, Object(Config\Cache), false)
 9 SYSTEMPATH/Boot.php(325): CodeIgniter\CodeIgniter->run()
10 SYSTEMPATH/Boot.php(67): CodeIgniter\Boot::runCodeIgniter(Object(CodeIgniter\CodeIgniter))
11 FCPATH/index.php(56): CodeIgniter\Boot::bootWeb(Object(Config\Paths))
WARNING - 2025-10-15 13:42:58 --> [DEPRECATED] number_format(): Passing null to parameter #1 ($num) of type float is deprecated in APPPATH/Views/reporte/imprimir_kardex.php on line 129.
 1 APPPATH/Views/reporte/imprimir_kardex.php(129): number_format(null, 2, ',', '.')
 2 SYSTEMPATH/View/View.php(234): include('/home2/usoabumg/public_html/oruro.site/app/Views/reporte/imprimir_kardex.php')
 3 SYSTEMPATH/View/View.php(237): CodeIgniter\View\View->CodeIgniter\View\{closure}()
 4 SYSTEMPATH/Common.php(1171): CodeIgniter\View\View->render('reporte/imprimir_kardex', [], true)
 5 APPPATH/Controllers/Reporte.php(105): view('reporte/imprimir_kardex', [...])
 6 SYSTEMPATH/CodeIgniter.php(933): App\Controllers\Reporte->generar_kardex_producto()
 7 SYSTEMPATH/CodeIgniter.php(509): CodeIgniter\CodeIgniter->runController(Object(App\Controllers\Reporte))
 8 SYSTEMPATH/CodeIgniter.php(355): CodeIgniter\CodeIgniter->handleRequest(null, Object(Config\Cache), false)
 9 SYSTEMPATH/Boot.php(325): CodeIgniter\CodeIgniter->run()
10 SYSTEMPATH/Boot.php(67): CodeIgniter\Boot::runCodeIgniter(Object(CodeIgniter\CodeIgniter))
11 FCPATH/index.php(56): CodeIgniter\Boot::bootWeb(Object(Config\Paths))
WARNING - 2025-10-15 13:42:58 --> [DEPRECATED] number_format(): Passing null to parameter #1 ($num) of type float is deprecated in APPPATH/Views/reporte/imprimir_kardex.php on line 132.
 1 APPPATH/Views/reporte/imprimir_kardex.php(132): number_format(null, 2, ',', '.')
 2 SYSTEMPATH/View/View.php(234): include('/home2/usoabumg/public_html/oruro.site/app/Views/reporte/imprimir_kardex.php')
 3 SYSTEMPATH/View/View.php(237): CodeIgniter\View\View->CodeIgniter\View\{closure}()
 4 SYSTEMPATH/Common.php(1171): CodeIgniter\View\View->render('reporte/imprimir_kardex', [], true)
 5 APPPATH/Controllers/Reporte.php(105): view('reporte/imprimir_kardex', [...])
 6 SYSTEMPATH/CodeIgniter.php(933): App\Controllers\Reporte->generar_kardex_producto()
 7 SYSTEMPATH/CodeIgniter.php(509): CodeIgniter\CodeIgniter->runController(Object(App\Controllers\Reporte))
 8 SYSTEMPATH/CodeIgniter.php(355): CodeIgniter\CodeIgniter->handleRequest(null, Object(Config\Cache), false)
 9 SYSTEMPATH/Boot.php(325): CodeIgniter\CodeIgniter->run()
10 SYSTEMPATH/Boot.php(67): CodeIgniter\Boot::runCodeIgniter(Object(CodeIgniter\CodeIgniter))
11 FCPATH/index.php(56): CodeIgniter\Boot::bootWeb(Object(Config\Paths))
WARNING - 2025-10-15 13:42:58 --> [DEPRECATED] number_format(): Passing null to parameter #1 ($num) of type float is deprecated in APPPATH/Views/reporte/imprimir_kardex.php on line 130.
 1 APPPATH/Views/reporte/imprimir_kardex.php(130): number_format(null, 2, ',', '.')
 2 SYSTEMPATH/View/View.php(234): include('/home2/usoabumg/public_html/oruro.site/app/Views/reporte/imprimir_kardex.php')
 3 SYSTEMPATH/View/View.php(237): CodeIgniter\View\View->CodeIgniter\View\{closure}()
 4 SYSTEMPATH/Common.php(1171): CodeIgniter\View\View->render('reporte/imprimir_kardex', [], true)
 5 APPPATH/Controllers/Reporte.php(105): view('reporte/imprimir_kardex', [...])
 6 SYSTEMPATH/CodeIgniter.php(933): App\Controllers\Reporte->generar_kardex_producto()
 7 SYSTEMPATH/CodeIgniter.php(509): CodeIgniter\CodeIgniter->runController(Object(App\Controllers\Reporte))
 8 SYSTEMPATH/CodeIgniter.php(355): CodeIgniter\CodeIgniter->handleRequest(null, Object(Config\Cache), false)
 9 SYSTEMPATH/Boot.php(325): CodeIgniter\CodeIgniter->run()
10 SYSTEMPATH/Boot.php(67): CodeIgniter\Boot::runCodeIgniter(Object(CodeIgniter\CodeIgniter))
11 FCPATH/index.php(56): CodeIgniter\Boot::bootWeb(Object(Config\Paths))
WARNING - 2025-10-15 13:42:58 --> [DEPRECATED] number_format(): Passing null to parameter #1 ($num) of type float is deprecated in APPPATH/Views/reporte/imprimir_kardex.php on line 133.
 1 APPPATH/Views/reporte/imprimir_kardex.php(133): number_format(null, 2, ',', '.')
 2 SYSTEMPATH/View/View.php(234): include('/home2/usoabumg/public_html/oruro.site/app/Views/reporte/imprimir_kardex.php')
 3 SYSTEMPATH/View/View.php(237): CodeIgniter\View\View->CodeIgniter\View\{closure}()
 4 SYSTEMPATH/Common.php(1171): CodeIgniter\View\View->render('reporte/imprimir_kardex', [], true)
 5 APPPATH/Controllers/Reporte.php(105): view('reporte/imprimir_kardex', [...])
 6 SYSTEMPATH/CodeIgniter.php(933): App\Controllers\Reporte->generar_kardex_producto()
 7 SYSTEMPATH/CodeIgniter.php(509): CodeIgniter\CodeIgniter->runController(Object(App\Controllers\Reporte))
 8 SYSTEMPATH/CodeIgniter.php(355): CodeIgniter\CodeIgniter->handleRequest(null, Object(Config\Cache), false)
 9 SYSTEMPATH/Boot.php(325): CodeIgniter\CodeIgniter->run()
10 SYSTEMPATH/Boot.php(67): CodeIgniter\Boot::runCodeIgniter(Object(CodeIgniter\CodeIgniter))
11 FCPATH/index.php(56): CodeIgniter\Boot::bootWeb(Object(Config\Paths))
WARNING - 2025-10-15 13:42:58 --> [DEPRECATED] number_format(): Passing null to parameter #1 ($num) of type float is deprecated in APPPATH/Views/reporte/imprimir_kardex.php on line 130.
 1 APPPATH/Views/reporte/imprimir_kardex.php(130): number_format(null, 2, ',', '.')
 2 SYSTEMPATH/View/View.php(234): include('/home2/usoabumg/public_html/oruro.site/app/Views/reporte/imprimir_kardex.php')
 3 SYSTEMPATH/View/View.php(237): CodeIgniter\View\View->CodeIgniter\View\{closure}()
 4 SYSTEMPATH/Common.php(1171): CodeIgniter\View\View->render('reporte/imprimir_kardex', [], true)
 5 APPPATH/Controllers/Reporte.php(105): view('reporte/imprimir_kardex', [...])
 6 SYSTEMPATH/CodeIgniter.php(933): App\Controllers\Reporte->generar_kardex_producto()
 7 SYSTEMPATH/CodeIgniter.php(509): CodeIgniter\CodeIgniter->runController(Object(App\Controllers\Reporte))
 8 SYSTEMPATH/CodeIgniter.php(355): CodeIgniter\CodeIgniter->handleRequest(null, Object(Config\Cache), false)
 9 SYSTEMPATH/Boot.php(325): CodeIgniter\CodeIgniter->run()
10 SYSTEMPATH/Boot.php(67): CodeIgniter\Boot::runCodeIgniter(Object(CodeIgniter\CodeIgniter))
11 FCPATH/index.php(56): CodeIgniter\Boot::bootWeb(Object(Config\Paths))
WARNING - 2025-10-15 13:42:58 --> [DEPRECATED] number_format(): Passing null to parameter #1 ($num) of type float is deprecated in APPPATH/Views/reporte/imprimir_kardex.php on line 133.
 1 APPPATH/Views/reporte/imprimir_kardex.php(133): number_format(null, 2, ',', '.')
 2 SYSTEMPATH/View/View.php(234): include('/home2/usoabumg/public_html/oruro.site/app/Views/reporte/imprimir_kardex.php')
 3 SYSTEMPATH/View/View.php(237): CodeIgniter\View\View->CodeIgniter\View\{closure}()
 4 SYSTEMPATH/Common.php(1171): CodeIgniter\View\View->render('reporte/imprimir_kardex', [], true)
 5 APPPATH/Controllers/Reporte.php(105): view('reporte/imprimir_kardex', [...])
 6 SYSTEMPATH/CodeIgniter.php(933): App\Controllers\Reporte->generar_kardex_producto()
 7 SYSTEMPATH/CodeIgniter.php(509): CodeIgniter\CodeIgniter->runController(Object(App\Controllers\Reporte))
 8 SYSTEMPATH/CodeIgniter.php(355): CodeIgniter\CodeIgniter->handleRequest(null, Object(Config\Cache), false)
 9 SYSTEMPATH/Boot.php(325): CodeIgniter\CodeIgniter->run()
10 SYSTEMPATH/Boot.php(67): CodeIgniter\Boot::runCodeIgniter(Object(CodeIgniter\CodeIgniter))
11 FCPATH/index.php(56): CodeIgniter\Boot::bootWeb(Object(Config\Paths))
WARNING - 2025-10-15 13:42:58 --> [DEPRECATED] number_format(): Passing null to parameter #1 ($num) of type float is deprecated in APPPATH/Views/reporte/imprimir_kardex.php on line 130.
 1 APPPATH/Views/reporte/imprimir_kardex.php(130): number_format(null, 2, ',', '.')
 2 SYSTEMPATH/View/View.php(234): include('/home2/usoabumg/public_html/oruro.site/app/Views/reporte/imprimir_kardex.php')
 3 SYSTEMPATH/View/View.php(237): CodeIgniter\View\View->CodeIgniter\View\{closure}()
 4 SYSTEMPATH/Common.php(1171): CodeIgniter\View\View->render('reporte/imprimir_kardex', [], true)
 5 APPPATH/Controllers/Reporte.php(105): view('reporte/imprimir_kardex', [...])
 6 SYSTEMPATH/CodeIgniter.php(933): App\Controllers\Reporte->generar_kardex_producto()
 7 SYSTEMPATH/CodeIgniter.php(509): CodeIgniter\CodeIgniter->runController(Object(App\Controllers\Reporte))
 8 SYSTEMPATH/CodeIgniter.php(355): CodeIgniter\CodeIgniter->handleRequest(null, Object(Config\Cache), false)
 9 SYSTEMPATH/Boot.php(325): CodeIgniter\CodeIgniter->run()
10 SYSTEMPATH/Boot.php(67): CodeIgniter\Boot::runCodeIgniter(Object(CodeIgniter\CodeIgniter))
11 FCPATH/index.php(56): CodeIgniter\Boot::bootWeb(Object(Config\Paths))
WARNING - 2025-10-15 13:42:58 --> [DEPRECATED] number_format(): Passing null to parameter #1 ($num) of type float is deprecated in APPPATH/Views/reporte/imprimir_kardex.php on line 133.
 1 APPPATH/Views/reporte/imprimir_kardex.php(133): number_format(null, 2, ',', '.')
 2 SYSTEMPATH/View/View.php(234): include('/home2/usoabumg/public_html/oruro.site/app/Views/reporte/imprimir_kardex.php')
 3 SYSTEMPATH/View/View.php(237): CodeIgniter\View\View->CodeIgniter\View\{closure}()
 4 SYSTEMPATH/Common.php(1171): CodeIgniter\View\View->render('reporte/imprimir_kardex', [], true)
 5 APPPATH/Controllers/Reporte.php(105): view('reporte/imprimir_kardex', [...])
 6 SYSTEMPATH/CodeIgniter.php(933): App\Controllers\Reporte->generar_kardex_producto()
 7 SYSTEMPATH/CodeIgniter.php(509): CodeIgniter\CodeIgniter->runController(Object(App\Controllers\Reporte))
 8 SYSTEMPATH/CodeIgniter.php(355): CodeIgniter\CodeIgniter->handleRequest(null, Object(Config\Cache), false)
 9 SYSTEMPATH/Boot.php(325): CodeIgniter\CodeIgniter->run()
10 SYSTEMPATH/Boot.php(67): CodeIgniter\Boot::runCodeIgniter(Object(CodeIgniter\CodeIgniter))
11 FCPATH/index.php(56): CodeIgniter\Boot::bootWeb(Object(Config\Paths))
WARNING - 2025-10-15 13:42:58 --> [DEPRECATED] number_format(): Passing null to parameter #1 ($num) of type float is deprecated in APPPATH/Views/reporte/imprimir_kardex.php on line 129.
 1 APPPATH/Views/reporte/imprimir_kardex.php(129): number_format(null, 2, ',', '.')
 2 SYSTEMPATH/View/View.php(234): include('/home2/usoabumg/public_html/oruro.site/app/Views/reporte/imprimir_kardex.php')
 3 SYSTEMPATH/View/View.php(237): CodeIgniter\View\View->CodeIgniter\View\{closure}()
 4 SYSTEMPATH/Common.php(1171): CodeIgniter\View\View->render('reporte/imprimir_kardex', [], true)
 5 APPPATH/Controllers/Reporte.php(105): view('reporte/imprimir_kardex', [...])
 6 SYSTEMPATH/CodeIgniter.php(933): App\Controllers\Reporte->generar_kardex_producto()
 7 SYSTEMPATH/CodeIgniter.php(509): CodeIgniter\CodeIgniter->runController(Object(App\Controllers\Reporte))
 8 SYSTEMPATH/CodeIgniter.php(355): CodeIgniter\CodeIgniter->handleRequest(null, Object(Config\Cache), false)
 9 SYSTEMPATH/Boot.php(325): CodeIgniter\CodeIgniter->run()
10 SYSTEMPATH/Boot.php(67): CodeIgniter\Boot::runCodeIgniter(Object(CodeIgniter\CodeIgniter))
11 FCPATH/index.php(56): CodeIgniter\Boot::bootWeb(Object(Config\Paths))
WARNING - 2025-10-15 13:42:58 --> [DEPRECATED] number_format(): Passing null to parameter #1 ($num) of type float is deprecated in APPPATH/Views/reporte/imprimir_kardex.php on line 132.
 1 APPPATH/Views/reporte/imprimir_kardex.php(132): number_format(null, 2, ',', '.')
 2 SYSTEMPATH/View/View.php(234): include('/home2/usoabumg/public_html/oruro.site/app/Views/reporte/imprimir_kardex.php')
 3 SYSTEMPATH/View/View.php(237): CodeIgniter\View\View->CodeIgniter\View\{closure}()
 4 SYSTEMPATH/Common.php(1171): CodeIgniter\View\View->render('reporte/imprimir_kardex', [], true)
 5 APPPATH/Controllers/Reporte.php(105): view('reporte/imprimir_kardex', [...])
 6 SYSTEMPATH/CodeIgniter.php(933): App\Controllers\Reporte->generar_kardex_producto()
 7 SYSTEMPATH/CodeIgniter.php(509): CodeIgniter\CodeIgniter->runController(Object(App\Controllers\Reporte))
 8 SYSTEMPATH/CodeIgniter.php(355): CodeIgniter\CodeIgniter->handleRequest(null, Object(Config\Cache), false)
 9 SYSTEMPATH/Boot.php(325): CodeIgniter\CodeIgniter->run()
10 SYSTEMPATH/Boot.php(67): CodeIgniter\Boot::runCodeIgniter(Object(CodeIgniter\CodeIgniter))
11 FCPATH/index.php(56): CodeIgniter\Boot::bootWeb(Object(Config\Paths))
WARNING - 2025-10-15 13:42:58 --> [DEPRECATED] number_format(): Passing null to parameter #1 ($num) of type float is deprecated in APPPATH/Views/reporte/imprimir_kardex.php on line 129.
 1 APPPATH/Views/reporte/imprimir_kardex.php(129): number_format(null, 2, ',', '.')
 2 SYSTEMPATH/View/View.php(234): include('/home2/usoabumg/public_html/oruro.site/app/Views/reporte/imprimir_kardex.php')
 3 SYSTEMPATH/View/View.php(237): CodeIgniter\View\View->CodeIgniter\View\{closure}()
 4 SYSTEMPATH/Common.php(1171): CodeIgniter\View\View->render('reporte/imprimir_kardex', [], true)
 5 APPPATH/Controllers/Reporte.php(105): view('reporte/imprimir_kardex', [...])
 6 SYSTEMPATH/CodeIgniter.php(933): App\Controllers\Reporte->generar_kardex_producto()
 7 SYSTEMPATH/CodeIgniter.php(509): CodeIgniter\CodeIgniter->runController(Object(App\Controllers\Reporte))
 8 SYSTEMPATH/CodeIgniter.php(355): CodeIgniter\CodeIgniter->handleRequest(null, Object(Config\Cache), false)
 9 SYSTEMPATH/Boot.php(325): CodeIgniter\CodeIgniter->run()
10 SYSTEMPATH/Boot.php(67): CodeIgniter\Boot::runCodeIgniter(Object(CodeIgniter\CodeIgniter))
11 FCPATH/index.php(56): CodeIgniter\Boot::bootWeb(Object(Config\Paths))
WARNING - 2025-10-15 13:42:58 --> [DEPRECATED] number_format(): Passing null to parameter #1 ($num) of type float is deprecated in APPPATH/Views/reporte/imprimir_kardex.php on line 132.
 1 APPPATH/Views/reporte/imprimir_kardex.php(132): number_format(null, 2, ',', '.')
 2 SYSTEMPATH/View/View.php(234): include('/home2/usoabumg/public_html/oruro.site/app/Views/reporte/imprimir_kardex.php')
 3 SYSTEMPATH/View/View.php(237): CodeIgniter\View\View->CodeIgniter\View\{closure}()
 4 SYSTEMPATH/Common.php(1171): CodeIgniter\View\View->render('reporte/imprimir_kardex', [], true)
 5 APPPATH/Controllers/Reporte.php(105): view('reporte/imprimir_kardex', [...])
 6 SYSTEMPATH/CodeIgniter.php(933): App\Controllers\Reporte->generar_kardex_producto()
 7 SYSTEMPATH/CodeIgniter.php(509): CodeIgniter\CodeIgniter->runController(Object(App\Controllers\Reporte))
 8 SYSTEMPATH/CodeIgniter.php(355): CodeIgniter\CodeIgniter->handleRequest(null, Object(Config\Cache), false)
 9 SYSTEMPATH/Boot.php(325): CodeIgniter\CodeIgniter->run()
10 SYSTEMPATH/Boot.php(67): CodeIgniter\Boot::runCodeIgniter(Object(CodeIgniter\CodeIgniter))
11 FCPATH/index.php(56): CodeIgniter\Boot::bootWeb(Object(Config\Paths))
WARNING - 2025-10-15 13:42:58 --> [DEPRECATED] number_format(): Passing null to parameter #1 ($num) of type float is deprecated in APPPATH/Views/reporte/imprimir_kardex.php on line 130.
 1 APPPATH/Views/reporte/imprimir_kardex.php(130): number_format(null, 2, ',', '.')
 2 SYSTEMPATH/View/View.php(234): include('/home2/usoabumg/public_html/oruro.site/app/Views/reporte/imprimir_kardex.php')
 3 SYSTEMPATH/View/View.php(237): CodeIgniter\View\View->CodeIgniter\View\{closure}()
 4 SYSTEMPATH/Common.php(1171): CodeIgniter\View\View->render('reporte/imprimir_kardex', [], true)
 5 APPPATH/Controllers/Reporte.php(105): view('reporte/imprimir_kardex', [...])
 6 SYSTEMPATH/CodeIgniter.php(933): App\Controllers\Reporte->generar_kardex_producto()
 7 SYSTEMPATH/CodeIgniter.php(509): CodeIgniter\CodeIgniter->runController(Object(App\Controllers\Reporte))
 8 SYSTEMPATH/CodeIgniter.php(355): CodeIgniter\CodeIgniter->handleRequest(null, Object(Config\Cache), false)
 9 SYSTEMPATH/Boot.php(325): CodeIgniter\CodeIgniter->run()
10 SYSTEMPATH/Boot.php(67): CodeIgniter\Boot::runCodeIgniter(Object(CodeIgniter\CodeIgniter))
11 FCPATH/index.php(56): CodeIgniter\Boot::bootWeb(Object(Config\Paths))
WARNING - 2025-10-15 13:42:58 --> [DEPRECATED] number_format(): Passing null to parameter #1 ($num) of type float is deprecated in APPPATH/Views/reporte/imprimir_kardex.php on line 133.
 1 APPPATH/Views/reporte/imprimir_kardex.php(133): number_format(null, 2, ',', '.')
 2 SYSTEMPATH/View/View.php(234): include('/home2/usoabumg/public_html/oruro.site/app/Views/reporte/imprimir_kardex.php')
 3 SYSTEMPATH/View/View.php(237): CodeIgniter\View\View->CodeIgniter\View\{closure}()
 4 SYSTEMPATH/Common.php(1171): CodeIgniter\View\View->render('reporte/imprimir_kardex', [], true)
 5 APPPATH/Controllers/Reporte.php(105): view('reporte/imprimir_kardex', [...])
 6 SYSTEMPATH/CodeIgniter.php(933): App\Controllers\Reporte->generar_kardex_producto()
 7 SYSTEMPATH/CodeIgniter.php(509): CodeIgniter\CodeIgniter->runController(Object(App\Controllers\Reporte))
 8 SYSTEMPATH/CodeIgniter.php(355): CodeIgniter\CodeIgniter->handleRequest(null, Object(Config\Cache), false)
 9 SYSTEMPATH/Boot.php(325): CodeIgniter\CodeIgniter->run()
10 SYSTEMPATH/Boot.php(67): CodeIgniter\Boot::runCodeIgniter(Object(CodeIgniter\CodeIgniter))
11 FCPATH/index.php(56): CodeIgniter\Boot::bootWeb(Object(Config\Paths))
WARNING - 2025-10-15 13:42:58 --> [DEPRECATED] number_format(): Passing null to parameter #1 ($num) of type float is deprecated in APPPATH/Views/reporte/imprimir_kardex.php on line 129.
 1 APPPATH/Views/reporte/imprimir_kardex.php(129): number_format(null, 2, ',', '.')
 2 SYSTEMPATH/View/View.php(234): include('/home2/usoabumg/public_html/oruro.site/app/Views/reporte/imprimir_kardex.php')
 3 SYSTEMPATH/View/View.php(237): CodeIgniter\View\View->CodeIgniter\View\{closure}()
 4 SYSTEMPATH/Common.php(1171): CodeIgniter\View\View->render('reporte/imprimir_kardex', [], true)
 5 APPPATH/Controllers/Reporte.php(105): view('reporte/imprimir_kardex', [...])
 6 SYSTEMPATH/CodeIgniter.php(933): App\Controllers\Reporte->generar_kardex_producto()
 7 SYSTEMPATH/CodeIgniter.php(509): CodeIgniter\CodeIgniter->runController(Object(App\Controllers\Reporte))
 8 SYSTEMPATH/CodeIgniter.php(355): CodeIgniter\CodeIgniter->handleRequest(null, Object(Config\Cache), false)
 9 SYSTEMPATH/Boot.php(325): CodeIgniter\CodeIgniter->run()
10 SYSTEMPATH/Boot.php(67): CodeIgniter\Boot::runCodeIgniter(Object(CodeIgniter\CodeIgniter))
11 FCPATH/index.php(56): CodeIgniter\Boot::bootWeb(Object(Config\Paths))
WARNING - 2025-10-15 13:42:58 --> [DEPRECATED] number_format(): Passing null to parameter #1 ($num) of type float is deprecated in APPPATH/Views/reporte/imprimir_kardex.php on line 132.
 1 APPPATH/Views/reporte/imprimir_kardex.php(132): number_format(null, 2, ',', '.')
 2 SYSTEMPATH/View/View.php(234): include('/home2/usoabumg/public_html/oruro.site/app/Views/reporte/imprimir_kardex.php')
 3 SYSTEMPATH/View/View.php(237): CodeIgniter\View\View->CodeIgniter\View\{closure}()
 4 SYSTEMPATH/Common.php(1171): CodeIgniter\View\View->render('reporte/imprimir_kardex', [], true)
 5 APPPATH/Controllers/Reporte.php(105): view('reporte/imprimir_kardex', [...])
 6 SYSTEMPATH/CodeIgniter.php(933): App\Controllers\Reporte->generar_kardex_producto()
 7 SYSTEMPATH/CodeIgniter.php(509): CodeIgniter\CodeIgniter->runController(Object(App\Controllers\Reporte))
 8 SYSTEMPATH/CodeIgniter.php(355): CodeIgniter\CodeIgniter->handleRequest(null, Object(Config\Cache), false)
 9 SYSTEMPATH/Boot.php(325): CodeIgniter\CodeIgniter->run()
10 SYSTEMPATH/Boot.php(67): CodeIgniter\Boot::runCodeIgniter(Object(CodeIgniter\CodeIgniter))
11 FCPATH/index.php(56): CodeIgniter\Boot::bootWeb(Object(Config\Paths))
WARNING - 2025-10-15 13:42:58 --> [DEPRECATED] number_format(): Passing null to parameter #1 ($num) of type float is deprecated in APPPATH/Views/reporte/imprimir_kardex.php on line 129.
 1 APPPATH/Views/reporte/imprimir_kardex.php(129): number_format(null, 2, ',', '.')
 2 SYSTEMPATH/View/View.php(234): include('/home2/usoabumg/public_html/oruro.site/app/Views/reporte/imprimir_kardex.php')
 3 SYSTEMPATH/View/View.php(237): CodeIgniter\View\View->CodeIgniter\View\{closure}()
 4 SYSTEMPATH/Common.php(1171): CodeIgniter\View\View->render('reporte/imprimir_kardex', [], true)
 5 APPPATH/Controllers/Reporte.php(105): view('reporte/imprimir_kardex', [...])
 6 SYSTEMPATH/CodeIgniter.php(933): App\Controllers\Reporte->generar_kardex_producto()
 7 SYSTEMPATH/CodeIgniter.php(509): CodeIgniter\CodeIgniter->runController(Object(App\Controllers\Reporte))
 8 SYSTEMPATH/CodeIgniter.php(355): CodeIgniter\CodeIgniter->handleRequest(null, Object(Config\Cache), false)
 9 SYSTEMPATH/Boot.php(325): CodeIgniter\CodeIgniter->run()
10 SYSTEMPATH/Boot.php(67): CodeIgniter\Boot::runCodeIgniter(Object(CodeIgniter\CodeIgniter))
11 FCPATH/index.php(56): CodeIgniter\Boot::bootWeb(Object(Config\Paths))
WARNING - 2025-10-15 13:42:58 --> [DEPRECATED] number_format(): Passing null to parameter #1 ($num) of type float is deprecated in APPPATH/Views/reporte/imprimir_kardex.php on line 132.
 1 APPPATH/Views/reporte/imprimir_kardex.php(132): number_format(null, 2, ',', '.')
 2 SYSTEMPATH/View/View.php(234): include('/home2/usoabumg/public_html/oruro.site/app/Views/reporte/imprimir_kardex.php')
 3 SYSTEMPATH/View/View.php(237): CodeIgniter\View\View->CodeIgniter\View\{closure}()
 4 SYSTEMPATH/Common.php(1171): CodeIgniter\View\View->render('reporte/imprimir_kardex', [], true)
 5 APPPATH/Controllers/Reporte.php(105): view('reporte/imprimir_kardex', [...])
 6 SYSTEMPATH/CodeIgniter.php(933): App\Controllers\Reporte->generar_kardex_producto()
 7 SYSTEMPATH/CodeIgniter.php(509): CodeIgniter\CodeIgniter->runController(Object(App\Controllers\Reporte))
 8 SYSTEMPATH/CodeIgniter.php(355): CodeIgniter\CodeIgniter->handleRequest(null, Object(Config\Cache), false)
 9 SYSTEMPATH/Boot.php(325): CodeIgniter\CodeIgniter->run()
10 SYSTEMPATH/Boot.php(67): CodeIgniter\Boot::runCodeIgniter(Object(CodeIgniter\CodeIgniter))
11 FCPATH/index.php(56): CodeIgniter\Boot::bootWeb(Object(Config\Paths))
WARNING - 2025-10-15 13:42:58 --> [DEPRECATED] number_format(): Passing null to parameter #1 ($num) of type float is deprecated in APPPATH/Views/reporte/imprimir_kardex.php on line 129.
 1 APPPATH/Views/reporte/imprimir_kardex.php(129): number_format(null, 2, ',', '.')
 2 SYSTEMPATH/View/View.php(234): include('/home2/usoabumg/public_html/oruro.site/app/Views/reporte/imprimir_kardex.php')
 3 SYSTEMPATH/View/View.php(237): CodeIgniter\View\View->CodeIgniter\View\{closure}()
 4 SYSTEMPATH/Common.php(1171): CodeIgniter\View\View->render('reporte/imprimir_kardex', [], true)
 5 APPPATH/Controllers/Reporte.php(105): view('reporte/imprimir_kardex', [...])
 6 SYSTEMPATH/CodeIgniter.php(933): App\Controllers\Reporte->generar_kardex_producto()
 7 SYSTEMPATH/CodeIgniter.php(509): CodeIgniter\CodeIgniter->runController(Object(App\Controllers\Reporte))
 8 SYSTEMPATH/CodeIgniter.php(355): CodeIgniter\CodeIgniter->handleRequest(null, Object(Config\Cache), false)
 9 SYSTEMPATH/Boot.php(325): CodeIgniter\CodeIgniter->run()
10 SYSTEMPATH/Boot.php(67): CodeIgniter\Boot::runCodeIgniter(Object(CodeIgniter\CodeIgniter))
11 FCPATH/index.php(56): CodeIgniter\Boot::bootWeb(Object(Config\Paths))
WARNING - 2025-10-15 13:42:58 --> [DEPRECATED] number_format(): Passing null to parameter #1 ($num) of type float is deprecated in APPPATH/Views/reporte/imprimir_kardex.php on line 132.
 1 APPPATH/Views/reporte/imprimir_kardex.php(132): number_format(null, 2, ',', '.')
 2 SYSTEMPATH/View/View.php(234): include('/home2/usoabumg/public_html/oruro.site/app/Views/reporte/imprimir_kardex.php')
 3 SYSTEMPATH/View/View.php(237): CodeIgniter\View\View->CodeIgniter\View\{closure}()
 4 SYSTEMPATH/Common.php(1171): CodeIgniter\View\View->render('reporte/imprimir_kardex', [], true)
 5 APPPATH/Controllers/Reporte.php(105): view('reporte/imprimir_kardex', [...])
 6 SYSTEMPATH/CodeIgniter.php(933): App\Controllers\Reporte->generar_kardex_producto()
 7 SYSTEMPATH/CodeIgniter.php(509): CodeIgniter\CodeIgniter->runController(Object(App\Controllers\Reporte))
 8 SYSTEMPATH/CodeIgniter.php(355): CodeIgniter\CodeIgniter->handleRequest(null, Object(Config\Cache), false)
 9 SYSTEMPATH/Boot.php(325): CodeIgniter\CodeIgniter->run()
10 SYSTEMPATH/Boot.php(67): CodeIgniter\Boot::runCodeIgniter(Object(CodeIgniter\CodeIgniter))
11 FCPATH/index.php(56): CodeIgniter\Boot::bootWeb(Object(Config\Paths))
WARNING - 2025-10-15 13:42:58 --> [DEPRECATED] number_format(): Passing null to parameter #1 ($num) of type float is deprecated in APPPATH/Views/reporte/imprimir_kardex.php on line 129.
 1 APPPATH/Views/reporte/imprimir_kardex.php(129): number_format(null, 2, ',', '.')
 2 SYSTEMPATH/View/View.php(234): include('/home2/usoabumg/public_html/oruro.site/app/Views/reporte/imprimir_kardex.php')
 3 SYSTEMPATH/View/View.php(237): CodeIgniter\View\View->CodeIgniter\View\{closure}()
 4 SYSTEMPATH/Common.php(1171): CodeIgniter\View\View->render('reporte/imprimir_kardex', [], true)
 5 APPPATH/Controllers/Reporte.php(105): view('reporte/imprimir_kardex', [...])
 6 SYSTEMPATH/CodeIgniter.php(933): App\Controllers\Reporte->generar_kardex_producto()
 7 SYSTEMPATH/CodeIgniter.php(509): CodeIgniter\CodeIgniter->runController(Object(App\Controllers\Reporte))
 8 SYSTEMPATH/CodeIgniter.php(355): CodeIgniter\CodeIgniter->handleRequest(null, Object(Config\Cache), false)
 9 SYSTEMPATH/Boot.php(325): CodeIgniter\CodeIgniter->run()
10 SYSTEMPATH/Boot.php(67): CodeIgniter\Boot::runCodeIgniter(Object(CodeIgniter\CodeIgniter))
11 FCPATH/index.php(56): CodeIgniter\Boot::bootWeb(Object(Config\Paths))
WARNING - 2025-10-15 13:42:58 --> [DEPRECATED] number_format(): Passing null to parameter #1 ($num) of type float is deprecated in APPPATH/Views/reporte/imprimir_kardex.php on line 132.
 1 APPPATH/Views/reporte/imprimir_kardex.php(132): number_format(null, 2, ',', '.')
 2 SYSTEMPATH/View/View.php(234): include('/home2/usoabumg/public_html/oruro.site/app/Views/reporte/imprimir_kardex.php')
 3 SYSTEMPATH/View/View.php(237): CodeIgniter\View\View->CodeIgniter\View\{closure}()
 4 SYSTEMPATH/Common.php(1171): CodeIgniter\View\View->render('reporte/imprimir_kardex', [], true)
 5 APPPATH/Controllers/Reporte.php(105): view('reporte/imprimir_kardex', [...])
 6 SYSTEMPATH/CodeIgniter.php(933): App\Controllers\Reporte->generar_kardex_producto()
 7 SYSTEMPATH/CodeIgniter.php(509): CodeIgniter\CodeIgniter->runController(Object(App\Controllers\Reporte))
 8 SYSTEMPATH/CodeIgniter.php(355): CodeIgniter\CodeIgniter->handleRequest(null, Object(Config\Cache), false)
 9 SYSTEMPATH/Boot.php(325): CodeIgniter\CodeIgniter->run()
10 SYSTEMPATH/Boot.php(67): CodeIgniter\Boot::runCodeIgniter(Object(CodeIgniter\CodeIgniter))
11 FCPATH/index.php(56): CodeIgniter\Boot::bootWeb(Object(Config\Paths))
WARNING - 2025-10-15 13:42:58 --> [DEPRECATED] number_format(): Passing null to parameter #1 ($num) of type float is deprecated in APPPATH/Views/reporte/imprimir_kardex.php on line 129.
 1 APPPATH/Views/reporte/imprimir_kardex.php(129): number_format(null, 2, ',', '.')
 2 SYSTEMPATH/View/View.php(234): include('/home2/usoabumg/public_html/oruro.site/app/Views/reporte/imprimir_kardex.php')
 3 SYSTEMPATH/View/View.php(237): CodeIgniter\View\View->CodeIgniter\View\{closure}()
 4 SYSTEMPATH/Common.php(1171): CodeIgniter\View\View->render('reporte/imprimir_kardex', [], true)
 5 APPPATH/Controllers/Reporte.php(105): view('reporte/imprimir_kardex', [...])
 6 SYSTEMPATH/CodeIgniter.php(933): App\Controllers\Reporte->generar_kardex_producto()
 7 SYSTEMPATH/CodeIgniter.php(509): CodeIgniter\CodeIgniter->runController(Object(App\Controllers\Reporte))
 8 SYSTEMPATH/CodeIgniter.php(355): CodeIgniter\CodeIgniter->handleRequest(null, Object(Config\Cache), false)
 9 SYSTEMPATH/Boot.php(325): CodeIgniter\CodeIgniter->run()
10 SYSTEMPATH/Boot.php(67): CodeIgniter\Boot::runCodeIgniter(Object(CodeIgniter\CodeIgniter))
11 FCPATH/index.php(56): CodeIgniter\Boot::bootWeb(Object(Config\Paths))
WARNING - 2025-10-15 13:42:58 --> [DEPRECATED] number_format(): Passing null to parameter #1 ($num) of type float is deprecated in APPPATH/Views/reporte/imprimir_kardex.php on line 132.
 1 APPPATH/Views/reporte/imprimir_kardex.php(132): number_format(null, 2, ',', '.')
 2 SYSTEMPATH/View/View.php(234): include('/home2/usoabumg/public_html/oruro.site/app/Views/reporte/imprimir_kardex.php')
 3 SYSTEMPATH/View/View.php(237): CodeIgniter\View\View->CodeIgniter\View\{closure}()
 4 SYSTEMPATH/Common.php(1171): CodeIgniter\View\View->render('reporte/imprimir_kardex', [], true)
 5 APPPATH/Controllers/Reporte.php(105): view('reporte/imprimir_kardex', [...])
 6 SYSTEMPATH/CodeIgniter.php(933): App\Controllers\Reporte->generar_kardex_producto()
 7 SYSTEMPATH/CodeIgniter.php(509): CodeIgniter\CodeIgniter->runController(Object(App\Controllers\Reporte))
 8 SYSTEMPATH/CodeIgniter.php(355): CodeIgniter\CodeIgniter->handleRequest(null, Object(Config\Cache), false)
 9 SYSTEMPATH/Boot.php(325): CodeIgniter\CodeIgniter->run()
10 SYSTEMPATH/Boot.php(67): CodeIgniter\Boot::runCodeIgniter(Object(CodeIgniter\CodeIgniter))
11 FCPATH/index.php(56): CodeIgniter\Boot::bootWeb(Object(Config\Paths))
WARNING - 2025-10-15 13:42:58 --> [DEPRECATED] number_format(): Passing null to parameter #1 ($num) of type float is deprecated in APPPATH/Views/reporte/imprimir_kardex.php on line 129.
 1 APPPATH/Views/reporte/imprimir_kardex.php(129): number_format(null, 2, ',', '.')
 2 SYSTEMPATH/View/View.php(234): include('/home2/usoabumg/public_html/oruro.site/app/Views/reporte/imprimir_kardex.php')
 3 SYSTEMPATH/View/View.php(237): CodeIgniter\View\View->CodeIgniter\View\{closure}()
 4 SYSTEMPATH/Common.php(1171): CodeIgniter\View\View->render('reporte/imprimir_kardex', [], true)
 5 APPPATH/Controllers/Reporte.php(105): view('reporte/imprimir_kardex', [...])
 6 SYSTEMPATH/CodeIgniter.php(933): App\Controllers\Reporte->generar_kardex_producto()
 7 SYSTEMPATH/CodeIgniter.php(509): CodeIgniter\CodeIgniter->runController(Object(App\Controllers\Reporte))
 8 SYSTEMPATH/CodeIgniter.php(355): CodeIgniter\CodeIgniter->handleRequest(null, Object(Config\Cache), false)
 9 SYSTEMPATH/Boot.php(325): CodeIgniter\CodeIgniter->run()
10 SYSTEMPATH/Boot.php(67): CodeIgniter\Boot::runCodeIgniter(Object(CodeIgniter\CodeIgniter))
11 FCPATH/index.php(56): CodeIgniter\Boot::bootWeb(Object(Config\Paths))
WARNING - 2025-10-15 13:42:58 --> [DEPRECATED] number_format(): Passing null to parameter #1 ($num) of type float is deprecated in APPPATH/Views/reporte/imprimir_kardex.php on line 132.
 1 APPPATH/Views/reporte/imprimir_kardex.php(132): number_format(null, 2, ',', '.')
 2 SYSTEMPATH/View/View.php(234): include('/home2/usoabumg/public_html/oruro.site/app/Views/reporte/imprimir_kardex.php')
 3 SYSTEMPATH/View/View.php(237): CodeIgniter\View\View->CodeIgniter\View\{closure}()
 4 SYSTEMPATH/Common.php(1171): CodeIgniter\View\View->render('reporte/imprimir_kardex', [], true)
 5 APPPATH/Controllers/Reporte.php(105): view('reporte/imprimir_kardex', [...])
 6 SYSTEMPATH/CodeIgniter.php(933): App\Controllers\Reporte->generar_kardex_producto()
 7 SYSTEMPATH/CodeIgniter.php(509): CodeIgniter\CodeIgniter->runController(Object(App\Controllers\Reporte))
 8 SYSTEMPATH/CodeIgniter.php(355): CodeIgniter\CodeIgniter->handleRequest(null, Object(Config\Cache), false)
 9 SYSTEMPATH/Boot.php(325): CodeIgniter\CodeIgniter->run()
10 SYSTEMPATH/Boot.php(67): CodeIgniter\Boot::runCodeIgniter(Object(CodeIgniter\CodeIgniter))
11 FCPATH/index.php(56): CodeIgniter\Boot::bootWeb(Object(Config\Paths))
WARNING - 2025-10-15 13:42:58 --> [DEPRECATED] number_format(): Passing null to parameter #1 ($num) of type float is deprecated in APPPATH/Views/reporte/imprimir_kardex.php on line 129.
 1 APPPATH/Views/reporte/imprimir_kardex.php(129): number_format(null, 2, ',', '.')
 2 SYSTEMPATH/View/View.php(234): include('/home2/usoabumg/public_html/oruro.site/app/Views/reporte/imprimir_kardex.php')
 3 SYSTEMPATH/View/View.php(237): CodeIgniter\View\View->CodeIgniter\View\{closure}()
 4 SYSTEMPATH/Common.php(1171): CodeIgniter\View\View->render('reporte/imprimir_kardex', [], true)
 5 APPPATH/Controllers/Reporte.php(105): view('reporte/imprimir_kardex', [...])
 6 SYSTEMPATH/CodeIgniter.php(933): App\Controllers\Reporte->generar_kardex_producto()
 7 SYSTEMPATH/CodeIgniter.php(509): CodeIgniter\CodeIgniter->runController(Object(App\Controllers\Reporte))
 8 SYSTEMPATH/CodeIgniter.php(355): CodeIgniter\CodeIgniter->handleRequest(null, Object(Config\Cache), false)
 9 SYSTEMPATH/Boot.php(325): CodeIgniter\CodeIgniter->run()
10 SYSTEMPATH/Boot.php(67): CodeIgniter\Boot::runCodeIgniter(Object(CodeIgniter\CodeIgniter))
11 FCPATH/index.php(56): CodeIgniter\Boot::bootWeb(Object(Config\Paths))
WARNING - 2025-10-15 13:42:58 --> [DEPRECATED] number_format(): Passing null to parameter #1 ($num) of type float is deprecated in APPPATH/Views/reporte/imprimir_kardex.php on line 132.
 1 APPPATH/Views/reporte/imprimir_kardex.php(132): number_format(null, 2, ',', '.')
 2 SYSTEMPATH/View/View.php(234): include('/home2/usoabumg/public_html/oruro.site/app/Views/reporte/imprimir_kardex.php')
 3 SYSTEMPATH/View/View.php(237): CodeIgniter\View\View->CodeIgniter\View\{closure}()
 4 SYSTEMPATH/Common.php(1171): CodeIgniter\View\View->render('reporte/imprimir_kardex', [], true)
 5 APPPATH/Controllers/Reporte.php(105): view('reporte/imprimir_kardex', [...])
 6 SYSTEMPATH/CodeIgniter.php(933): App\Controllers\Reporte->generar_kardex_producto()
 7 SYSTEMPATH/CodeIgniter.php(509): CodeIgniter\CodeIgniter->runController(Object(App\Controllers\Reporte))
 8 SYSTEMPATH/CodeIgniter.php(355): CodeIgniter\CodeIgniter->handleRequest(null, Object(Config\Cache), false)
 9 SYSTEMPATH/Boot.php(325): CodeIgniter\CodeIgniter->run()
10 SYSTEMPATH/Boot.php(67): CodeIgniter\Boot::runCodeIgniter(Object(CodeIgniter\CodeIgniter))
11 FCPATH/index.php(56): CodeIgniter\Boot::bootWeb(Object(Config\Paths))
WARNING - 2025-10-15 13:42:58 --> [DEPRECATED] number_format(): Passing null to parameter #1 ($num) of type float is deprecated in APPPATH/Views/reporte/imprimir_kardex.php on line 130.
 1 APPPATH/Views/reporte/imprimir_kardex.php(130): number_format(null, 2, ',', '.')
 2 SYSTEMPATH/View/View.php(234): include('/home2/usoabumg/public_html/oruro.site/app/Views/reporte/imprimir_kardex.php')
 3 SYSTEMPATH/View/View.php(237): CodeIgniter\View\View->CodeIgniter\View\{closure}()
 4 SYSTEMPATH/Common.php(1171): CodeIgniter\View\View->render('reporte/imprimir_kardex', [], true)
 5 APPPATH/Controllers/Reporte.php(105): view('reporte/imprimir_kardex', [...])
 6 SYSTEMPATH/CodeIgniter.php(933): App\Controllers\Reporte->generar_kardex_producto()
 7 SYSTEMPATH/CodeIgniter.php(509): CodeIgniter\CodeIgniter->runController(Object(App\Controllers\Reporte))
 8 SYSTEMPATH/CodeIgniter.php(355): CodeIgniter\CodeIgniter->handleRequest(null, Object(Config\Cache), false)
 9 SYSTEMPATH/Boot.php(325): CodeIgniter\CodeIgniter->run()
10 SYSTEMPATH/Boot.php(67): CodeIgniter\Boot::runCodeIgniter(Object(CodeIgniter\CodeIgniter))
11 FCPATH/index.php(56): CodeIgniter\Boot::bootWeb(Object(Config\Paths))
WARNING - 2025-10-15 13:42:58 --> [DEPRECATED] number_format(): Passing null to parameter #1 ($num) of type float is deprecated in APPPATH/Views/reporte/imprimir_kardex.php on line 133.
 1 APPPATH/Views/reporte/imprimir_kardex.php(133): number_format(null, 2, ',', '.')
 2 SYSTEMPATH/View/View.php(234): include('/home2/usoabumg/public_html/oruro.site/app/Views/reporte/imprimir_kardex.php')
 3 SYSTEMPATH/View/View.php(237): CodeIgniter\View\View->CodeIgniter\View\{closure}()
 4 SYSTEMPATH/Common.php(1171): CodeIgniter\View\View->render('reporte/imprimir_kardex', [], true)
 5 APPPATH/Controllers/Reporte.php(105): view('reporte/imprimir_kardex', [...])
 6 SYSTEMPATH/CodeIgniter.php(933): App\Controllers\Reporte->generar_kardex_producto()
 7 SYSTEMPATH/CodeIgniter.php(509): CodeIgniter\CodeIgniter->runController(Object(App\Controllers\Reporte))
 8 SYSTEMPATH/CodeIgniter.php(355): CodeIgniter\CodeIgniter->handleRequest(null, Object(Config\Cache), false)
 9 SYSTEMPATH/Boot.php(325): CodeIgniter\CodeIgniter->run()
10 SYSTEMPATH/Boot.php(67): CodeIgniter\Boot::runCodeIgniter(Object(CodeIgniter\CodeIgniter))
11 FCPATH/index.php(56): CodeIgniter\Boot::bootWeb(Object(Config\Paths))
WARNING - 2025-10-15 13:42:58 --> [DEPRECATED] number_format(): Passing null to parameter #1 ($num) of type float is deprecated in APPPATH/Views/reporte/imprimir_kardex.php on line 130.
 1 APPPATH/Views/reporte/imprimir_kardex.php(130): number_format(null, 2, ',', '.')
 2 SYSTEMPATH/View/View.php(234): include('/home2/usoabumg/public_html/oruro.site/app/Views/reporte/imprimir_kardex.php')
 3 SYSTEMPATH/View/View.php(237): CodeIgniter\View\View->CodeIgniter\View\{closure}()
 4 SYSTEMPATH/Common.php(1171): CodeIgniter\View\View->render('reporte/imprimir_kardex', [], true)
 5 APPPATH/Controllers/Reporte.php(105): view('reporte/imprimir_kardex', [...])
 6 SYSTEMPATH/CodeIgniter.php(933): App\Controllers\Reporte->generar_kardex_producto()
 7 SYSTEMPATH/CodeIgniter.php(509): CodeIgniter\CodeIgniter->runController(Object(App\Controllers\Reporte))
 8 SYSTEMPATH/CodeIgniter.php(355): CodeIgniter\CodeIgniter->handleRequest(null, Object(Config\Cache), false)
 9 SYSTEMPATH/Boot.php(325): CodeIgniter\CodeIgniter->run()
10 SYSTEMPATH/Boot.php(67): CodeIgniter\Boot::runCodeIgniter(Object(CodeIgniter\CodeIgniter))
11 FCPATH/index.php(56): CodeIgniter\Boot::bootWeb(Object(Config\Paths))
WARNING - 2025-10-15 13:42:58 --> [DEPRECATED] number_format(): Passing null to parameter #1 ($num) of type float is deprecated in APPPATH/Views/reporte/imprimir_kardex.php on line 133.
 1 APPPATH/Views/reporte/imprimir_kardex.php(133): number_format(null, 2, ',', '.')
 2 SYSTEMPATH/View/View.php(234): include('/home2/usoabumg/public_html/oruro.site/app/Views/reporte/imprimir_kardex.php')
 3 SYSTEMPATH/View/View.php(237): CodeIgniter\View\View->CodeIgniter\View\{closure}()
 4 SYSTEMPATH/Common.php(1171): CodeIgniter\View\View->render('reporte/imprimir_kardex', [], true)
 5 APPPATH/Controllers/Reporte.php(105): view('reporte/imprimir_kardex', [...])
 6 SYSTEMPATH/CodeIgniter.php(933): App\Controllers\Reporte->generar_kardex_producto()
 7 SYSTEMPATH/CodeIgniter.php(509): CodeIgniter\CodeIgniter->runController(Object(App\Controllers\Reporte))
 8 SYSTEMPATH/CodeIgniter.php(355): CodeIgniter\CodeIgniter->handleRequest(null, Object(Config\Cache), false)
 9 SYSTEMPATH/Boot.php(325): CodeIgniter\CodeIgniter->run()
10 SYSTEMPATH/Boot.php(67): CodeIgniter\Boot::runCodeIgniter(Object(CodeIgniter\CodeIgniter))
11 FCPATH/index.php(56): CodeIgniter\Boot::bootWeb(Object(Config\Paths))
WARNING - 2025-10-15 13:42:58 --> [DEPRECATED] number_format(): Passing null to parameter #1 ($num) of type float is deprecated in APPPATH/Views/reporte/imprimir_kardex.php on line 129.
 1 APPPATH/Views/reporte/imprimir_kardex.php(129): number_format(null, 2, ',', '.')
 2 SYSTEMPATH/View/View.php(234): include('/home2/usoabumg/public_html/oruro.site/app/Views/reporte/imprimir_kardex.php')
 3 SYSTEMPATH/View/View.php(237): CodeIgniter\View\View->CodeIgniter\View\{closure}()
 4 SYSTEMPATH/Common.php(1171): CodeIgniter\View\View->render('reporte/imprimir_kardex', [], true)
 5 APPPATH/Controllers/Reporte.php(105): view('reporte/imprimir_kardex', [...])
 6 SYSTEMPATH/CodeIgniter.php(933): App\Controllers\Reporte->generar_kardex_producto()
 7 SYSTEMPATH/CodeIgniter.php(509): CodeIgniter\CodeIgniter->runController(Object(App\Controllers\Reporte))
 8 SYSTEMPATH/CodeIgniter.php(355): CodeIgniter\CodeIgniter->handleRequest(null, Object(Config\Cache), false)
 9 SYSTEMPATH/Boot.php(325): CodeIgniter\CodeIgniter->run()
10 SYSTEMPATH/Boot.php(67): CodeIgniter\Boot::runCodeIgniter(Object(CodeIgniter\CodeIgniter))
11 FCPATH/index.php(56): CodeIgniter\Boot::bootWeb(Object(Config\Paths))
WARNING - 2025-10-15 13:42:58 --> [DEPRECATED] number_format(): Passing null to parameter #1 ($num) of type float is deprecated in APPPATH/Views/reporte/imprimir_kardex.php on line 132.
 1 APPPATH/Views/reporte/imprimir_kardex.php(132): number_format(null, 2, ',', '.')
 2 SYSTEMPATH/View/View.php(234): include('/home2/usoabumg/public_html/oruro.site/app/Views/reporte/imprimir_kardex.php')
 3 SYSTEMPATH/View/View.php(237): CodeIgniter\View\View->CodeIgniter\View\{closure}()
 4 SYSTEMPATH/Common.php(1171): CodeIgniter\View\View->render('reporte/imprimir_kardex', [], true)
 5 APPPATH/Controllers/Reporte.php(105): view('reporte/imprimir_kardex', [...])
 6 SYSTEMPATH/CodeIgniter.php(933): App\Controllers\Reporte->generar_kardex_producto()
 7 SYSTEMPATH/CodeIgniter.php(509): CodeIgniter\CodeIgniter->runController(Object(App\Controllers\Reporte))
 8 SYSTEMPATH/CodeIgniter.php(355): CodeIgniter\CodeIgniter->handleRequest(null, Object(Config\Cache), false)
 9 SYSTEMPATH/Boot.php(325): CodeIgniter\CodeIgniter->run()
10 SYSTEMPATH/Boot.php(67): CodeIgniter\Boot::runCodeIgniter(Object(CodeIgniter\CodeIgniter))
11 FCPATH/index.php(56): CodeIgniter\Boot::bootWeb(Object(Config\Paths))
WARNING - 2025-10-15 13:42:58 --> [DEPRECATED] number_format(): Passing null to parameter #1 ($num) of type float is deprecated in APPPATH/Views/reporte/imprimir_kardex.php on line 129.
 1 APPPATH/Views/reporte/imprimir_kardex.php(129): number_format(null, 2, ',', '.')
 2 SYSTEMPATH/View/View.php(234): include('/home2/usoabumg/public_html/oruro.site/app/Views/reporte/imprimir_kardex.php')
 3 SYSTEMPATH/View/View.php(237): CodeIgniter\View\View->CodeIgniter\View\{closure}()
 4 SYSTEMPATH/Common.php(1171): CodeIgniter\View\View->render('reporte/imprimir_kardex', [], true)
 5 APPPATH/Controllers/Reporte.php(105): view('reporte/imprimir_kardex', [...])
 6 SYSTEMPATH/CodeIgniter.php(933): App\Controllers\Reporte->generar_kardex_producto()
 7 SYSTEMPATH/CodeIgniter.php(509): CodeIgniter\CodeIgniter->runController(Object(App\Controllers\Reporte))
 8 SYSTEMPATH/CodeIgniter.php(355): CodeIgniter\CodeIgniter->handleRequest(null, Object(Config\Cache), false)
 9 SYSTEMPATH/Boot.php(325): CodeIgniter\CodeIgniter->run()
10 SYSTEMPATH/Boot.php(67): CodeIgniter\Boot::runCodeIgniter(Object(CodeIgniter\CodeIgniter))
11 FCPATH/index.php(56): CodeIgniter\Boot::bootWeb(Object(Config\Paths))
WARNING - 2025-10-15 13:42:58 --> [DEPRECATED] number_format(): Passing null to parameter #1 ($num) of type float is deprecated in APPPATH/Views/reporte/imprimir_kardex.php on line 132.
 1 APPPATH/Views/reporte/imprimir_kardex.php(132): number_format(null, 2, ',', '.')
 2 SYSTEMPATH/View/View.php(234): include('/home2/usoabumg/public_html/oruro.site/app/Views/reporte/imprimir_kardex.php')
 3 SYSTEMPATH/View/View.php(237): CodeIgniter\View\View->CodeIgniter\View\{closure}()
 4 SYSTEMPATH/Common.php(1171): CodeIgniter\View\View->render('reporte/imprimir_kardex', [], true)
 5 APPPATH/Controllers/Reporte.php(105): view('reporte/imprimir_kardex', [...])
 6 SYSTEMPATH/CodeIgniter.php(933): App\Controllers\Reporte->generar_kardex_producto()
 7 SYSTEMPATH/CodeIgniter.php(509): CodeIgniter\CodeIgniter->runController(Object(App\Controllers\Reporte))
 8 SYSTEMPATH/CodeIgniter.php(355): CodeIgniter\CodeIgniter->handleRequest(null, Object(Config\Cache), false)
 9 SYSTEMPATH/Boot.php(325): CodeIgniter\CodeIgniter->run()
10 SYSTEMPATH/Boot.php(67): CodeIgniter\Boot::runCodeIgniter(Object(CodeIgniter\CodeIgniter))
11 FCPATH/index.php(56): CodeIgniter\Boot::bootWeb(Object(Config\Paths))
WARNING - 2025-10-15 13:42:58 --> [DEPRECATED] number_format(): Passing null to parameter #1 ($num) of type float is deprecated in APPPATH/Views/reporte/imprimir_kardex.php on line 129.
 1 APPPATH/Views/reporte/imprimir_kardex.php(129): number_format(null, 2, ',', '.')
 2 SYSTEMPATH/View/View.php(234): include('/home2/usoabumg/public_html/oruro.site/app/Views/reporte/imprimir_kardex.php')
 3 SYSTEMPATH/View/View.php(237): CodeIgniter\View\View->CodeIgniter\View\{closure}()
 4 SYSTEMPATH/Common.php(1171): CodeIgniter\View\View->render('reporte/imprimir_kardex', [], true)
 5 APPPATH/Controllers/Reporte.php(105): view('reporte/imprimir_kardex', [...])
 6 SYSTEMPATH/CodeIgniter.php(933): App\Controllers\Reporte->generar_kardex_producto()
 7 SYSTEMPATH/CodeIgniter.php(509): CodeIgniter\CodeIgniter->runController(Object(App\Controllers\Reporte))
 8 SYSTEMPATH/CodeIgniter.php(355): CodeIgniter\CodeIgniter->handleRequest(null, Object(Config\Cache), false)
 9 SYSTEMPATH/Boot.php(325): CodeIgniter\CodeIgniter->run()
10 SYSTEMPATH/Boot.php(67): CodeIgniter\Boot::runCodeIgniter(Object(CodeIgniter\CodeIgniter))
11 FCPATH/index.php(56): CodeIgniter\Boot::bootWeb(Object(Config\Paths))
WARNING - 2025-10-15 13:42:58 --> [DEPRECATED] number_format(): Passing null to parameter #1 ($num) of type float is deprecated in APPPATH/Views/reporte/imprimir_kardex.php on line 132.
 1 APPPATH/Views/reporte/imprimir_kardex.php(132): number_format(null, 2, ',', '.')
 2 SYSTEMPATH/View/View.php(234): include('/home2/usoabumg/public_html/oruro.site/app/Views/reporte/imprimir_kardex.php')
 3 SYSTEMPATH/View/View.php(237): CodeIgniter\View\View->CodeIgniter\View\{closure}()
 4 SYSTEMPATH/Common.php(1171): CodeIgniter\View\View->render('reporte/imprimir_kardex', [], true)
 5 APPPATH/Controllers/Reporte.php(105): view('reporte/imprimir_kardex', [...])
 6 SYSTEMPATH/CodeIgniter.php(933): App\Controllers\Reporte->generar_kardex_producto()
 7 SYSTEMPATH/CodeIgniter.php(509): CodeIgniter\CodeIgniter->runController(Object(App\Controllers\Reporte))
 8 SYSTEMPATH/CodeIgniter.php(355): CodeIgniter\CodeIgniter->handleRequest(null, Object(Config\Cache), false)
 9 SYSTEMPATH/Boot.php(325): CodeIgniter\CodeIgniter->run()
10 SYSTEMPATH/Boot.php(67): CodeIgniter\Boot::runCodeIgniter(Object(CodeIgniter\CodeIgniter))
11 FCPATH/index.php(56): CodeIgniter\Boot::bootWeb(Object(Config\Paths))
WARNING - 2025-10-15 13:42:58 --> [DEPRECATED] number_format(): Passing null to parameter #1 ($num) of type float is deprecated in APPPATH/Views/reporte/imprimir_kardex.php on line 130.
 1 APPPATH/Views/reporte/imprimir_kardex.php(130): number_format(null, 2, ',', '.')
 2 SYSTEMPATH/View/View.php(234): include('/home2/usoabumg/public_html/oruro.site/app/Views/reporte/imprimir_kardex.php')
 3 SYSTEMPATH/View/View.php(237): CodeIgniter\View\View->CodeIgniter\View\{closure}()
 4 SYSTEMPATH/Common.php(1171): CodeIgniter\View\View->render('reporte/imprimir_kardex', [], true)
 5 APPPATH/Controllers/Reporte.php(105): view('reporte/imprimir_kardex', [...])
 6 SYSTEMPATH/CodeIgniter.php(933): App\Controllers\Reporte->generar_kardex_producto()
 7 SYSTEMPATH/CodeIgniter.php(509): CodeIgniter\CodeIgniter->runController(Object(App\Controllers\Reporte))
 8 SYSTEMPATH/CodeIgniter.php(355): CodeIgniter\CodeIgniter->handleRequest(null, Object(Config\Cache), false)
 9 SYSTEMPATH/Boot.php(325): CodeIgniter\CodeIgniter->run()
10 SYSTEMPATH/Boot.php(67): CodeIgniter\Boot::runCodeIgniter(Object(CodeIgniter\CodeIgniter))
11 FCPATH/index.php(56): CodeIgniter\Boot::bootWeb(Object(Config\Paths))
WARNING - 2025-10-15 13:42:58 --> [DEPRECATED] number_format(): Passing null to parameter #1 ($num) of type float is deprecated in APPPATH/Views/reporte/imprimir_kardex.php on line 133.
 1 APPPATH/Views/reporte/imprimir_kardex.php(133): number_format(null, 2, ',', '.')
 2 SYSTEMPATH/View/View.php(234): include('/home2/usoabumg/public_html/oruro.site/app/Views/reporte/imprimir_kardex.php')
 3 SYSTEMPATH/View/View.php(237): CodeIgniter\View\View->CodeIgniter\View\{closure}()
 4 SYSTEMPATH/Common.php(1171): CodeIgniter\View\View->render('reporte/imprimir_kardex', [], true)
 5 APPPATH/Controllers/Reporte.php(105): view('reporte/imprimir_kardex', [...])
 6 SYSTEMPATH/CodeIgniter.php(933): App\Controllers\Reporte->generar_kardex_producto()
 7 SYSTEMPATH/CodeIgniter.php(509): CodeIgniter\CodeIgniter->runController(Object(App\Controllers\Reporte))
 8 SYSTEMPATH/CodeIgniter.php(355): CodeIgniter\CodeIgniter->handleRequest(null, Object(Config\Cache), false)
 9 SYSTEMPATH/Boot.php(325): CodeIgniter\CodeIgniter->run()
10 SYSTEMPATH/Boot.php(67): CodeIgniter\Boot::runCodeIgniter(Object(CodeIgniter\CodeIgniter))
11 FCPATH/index.php(56): CodeIgniter\Boot::bootWeb(Object(Config\Paths))
WARNING - 2025-10-15 13:42:58 --> [DEPRECATED] number_format(): Passing null to parameter #1 ($num) of type float is deprecated in APPPATH/Views/reporte/imprimir_kardex.php on line 129.
 1 APPPATH/Views/reporte/imprimir_kardex.php(129): number_format(null, 2, ',', '.')
 2 SYSTEMPATH/View/View.php(234): include('/home2/usoabumg/public_html/oruro.site/app/Views/reporte/imprimir_kardex.php')
 3 SYSTEMPATH/View/View.php(237): CodeIgniter\View\View->CodeIgniter\View\{closure}()
 4 SYSTEMPATH/Common.php(1171): CodeIgniter\View\View->render('reporte/imprimir_kardex', [], true)
 5 APPPATH/Controllers/Reporte.php(105): view('reporte/imprimir_kardex', [...])
 6 SYSTEMPATH/CodeIgniter.php(933): App\Controllers\Reporte->generar_kardex_producto()
 7 SYSTEMPATH/CodeIgniter.php(509): CodeIgniter\CodeIgniter->runController(Object(App\Controllers\Reporte))
 8 SYSTEMPATH/CodeIgniter.php(355): CodeIgniter\CodeIgniter->handleRequest(null, Object(Config\Cache), false)
 9 SYSTEMPATH/Boot.php(325): CodeIgniter\CodeIgniter->run()
10 SYSTEMPATH/Boot.php(67): CodeIgniter\Boot::runCodeIgniter(Object(CodeIgniter\CodeIgniter))
11 FCPATH/index.php(56): CodeIgniter\Boot::bootWeb(Object(Config\Paths))
WARNING - 2025-10-15 13:42:58 --> [DEPRECATED] number_format(): Passing null to parameter #1 ($num) of type float is deprecated in APPPATH/Views/reporte/imprimir_kardex.php on line 132.
 1 APPPATH/Views/reporte/imprimir_kardex.php(132): number_format(null, 2, ',', '.')
 2 SYSTEMPATH/View/View.php(234): include('/home2/usoabumg/public_html/oruro.site/app/Views/reporte/imprimir_kardex.php')
 3 SYSTEMPATH/View/View.php(237): CodeIgniter\View\View->CodeIgniter\View\{closure}()
 4 SYSTEMPATH/Common.php(1171): CodeIgniter\View\View->render('reporte/imprimir_kardex', [], true)
 5 APPPATH/Controllers/Reporte.php(105): view('reporte/imprimir_kardex', [...])
 6 SYSTEMPATH/CodeIgniter.php(933): App\Controllers\Reporte->generar_kardex_producto()
 7 SYSTEMPATH/CodeIgniter.php(509): CodeIgniter\CodeIgniter->runController(Object(App\Controllers\Reporte))
 8 SYSTEMPATH/CodeIgniter.php(355): CodeIgniter\CodeIgniter->handleRequest(null, Object(Config\Cache), false)
 9 SYSTEMPATH/Boot.php(325): CodeIgniter\CodeIgniter->run()
10 SYSTEMPATH/Boot.php(67): CodeIgniter\Boot::runCodeIgniter(Object(CodeIgniter\CodeIgniter))
11 FCPATH/index.php(56): CodeIgniter\Boot::bootWeb(Object(Config\Paths))
WARNING - 2025-10-15 13:42:58 --> [DEPRECATED] number_format(): Passing null to parameter #1 ($num) of type float is deprecated in APPPATH/Views/reporte/imprimir_kardex.php on line 129.
 1 APPPATH/Views/reporte/imprimir_kardex.php(129): number_format(null, 2, ',', '.')
 2 SYSTEMPATH/View/View.php(234): include('/home2/usoabumg/public_html/oruro.site/app/Views/reporte/imprimir_kardex.php')
 3 SYSTEMPATH/View/View.php(237): CodeIgniter\View\View->CodeIgniter\View\{closure}()
 4 SYSTEMPATH/Common.php(1171): CodeIgniter\View\View->render('reporte/imprimir_kardex', [], true)
 5 APPPATH/Controllers/Reporte.php(105): view('reporte/imprimir_kardex', [...])
 6 SYSTEMPATH/CodeIgniter.php(933): App\Controllers\Reporte->generar_kardex_producto()
 7 SYSTEMPATH/CodeIgniter.php(509): CodeIgniter\CodeIgniter->runController(Object(App\Controllers\Reporte))
 8 SYSTEMPATH/CodeIgniter.php(355): CodeIgniter\CodeIgniter->handleRequest(null, Object(Config\Cache), false)
 9 SYSTEMPATH/Boot.php(325): CodeIgniter\CodeIgniter->run()
10 SYSTEMPATH/Boot.php(67): CodeIgniter\Boot::runCodeIgniter(Object(CodeIgniter\CodeIgniter))
11 FCPATH/index.php(56): CodeIgniter\Boot::bootWeb(Object(Config\Paths))
WARNING - 2025-10-15 13:42:58 --> [DEPRECATED] number_format(): Passing null to parameter #1 ($num) of type float is deprecated in APPPATH/Views/reporte/imprimir_kardex.php on line 132.
 1 APPPATH/Views/reporte/imprimir_kardex.php(132): number_format(null, 2, ',', '.')
 2 SYSTEMPATH/View/View.php(234): include('/home2/usoabumg/public_html/oruro.site/app/Views/reporte/imprimir_kardex.php')
 3 SYSTEMPATH/View/View.php(237): CodeIgniter\View\View->CodeIgniter\View\{closure}()
 4 SYSTEMPATH/Common.php(1171): CodeIgniter\View\View->render('reporte/imprimir_kardex', [], true)
 5 APPPATH/Controllers/Reporte.php(105): view('reporte/imprimir_kardex', [...])
 6 SYSTEMPATH/CodeIgniter.php(933): App\Controllers\Reporte->generar_kardex_producto()
 7 SYSTEMPATH/CodeIgniter.php(509): CodeIgniter\CodeIgniter->runController(Object(App\Controllers\Reporte))
 8 SYSTEMPATH/CodeIgniter.php(355): CodeIgniter\CodeIgniter->handleRequest(null, Object(Config\Cache), false)
 9 SYSTEMPATH/Boot.php(325): CodeIgniter\CodeIgniter->run()
10 SYSTEMPATH/Boot.php(67): CodeIgniter\Boot::runCodeIgniter(Object(CodeIgniter\CodeIgniter))
11 FCPATH/index.php(56): CodeIgniter\Boot::bootWeb(Object(Config\Paths))
WARNING - 2025-10-15 13:42:58 --> [DEPRECATED] number_format(): Passing null to parameter #1 ($num) of type float is deprecated in APPPATH/Views/reporte/imprimir_kardex.php on line 129.
 1 APPPATH/Views/reporte/imprimir_kardex.php(129): number_format(null, 2, ',', '.')
 2 SYSTEMPATH/View/View.php(234): include('/home2/usoabumg/public_html/oruro.site/app/Views/reporte/imprimir_kardex.php')
 3 SYSTEMPATH/View/View.php(237): CodeIgniter\View\View->CodeIgniter\View\{closure}()
 4 SYSTEMPATH/Common.php(1171): CodeIgniter\View\View->render('reporte/imprimir_kardex', [], true)
 5 APPPATH/Controllers/Reporte.php(105): view('reporte/imprimir_kardex', [...])
 6 SYSTEMPATH/CodeIgniter.php(933): App\Controllers\Reporte->generar_kardex_producto()
 7 SYSTEMPATH/CodeIgniter.php(509): CodeIgniter\CodeIgniter->runController(Object(App\Controllers\Reporte))
 8 SYSTEMPATH/CodeIgniter.php(355): CodeIgniter\CodeIgniter->handleRequest(null, Object(Config\Cache), false)
 9 SYSTEMPATH/Boot.php(325): CodeIgniter\CodeIgniter->run()
10 SYSTEMPATH/Boot.php(67): CodeIgniter\Boot::runCodeIgniter(Object(CodeIgniter\CodeIgniter))
11 FCPATH/index.php(56): CodeIgniter\Boot::bootWeb(Object(Config\Paths))
WARNING - 2025-10-15 13:42:58 --> [DEPRECATED] number_format(): Passing null to parameter #1 ($num) of type float is deprecated in APPPATH/Views/reporte/imprimir_kardex.php on line 132.
 1 APPPATH/Views/reporte/imprimir_kardex.php(132): number_format(null, 2, ',', '.')
 2 SYSTEMPATH/View/View.php(234): include('/home2/usoabumg/public_html/oruro.site/app/Views/reporte/imprimir_kardex.php')
 3 SYSTEMPATH/View/View.php(237): CodeIgniter\View\View->CodeIgniter\View\{closure}()
 4 SYSTEMPATH/Common.php(1171): CodeIgniter\View\View->render('reporte/imprimir_kardex', [], true)
 5 APPPATH/Controllers/Reporte.php(105): view('reporte/imprimir_kardex', [...])
 6 SYSTEMPATH/CodeIgniter.php(933): App\Controllers\Reporte->generar_kardex_producto()
 7 SYSTEMPATH/CodeIgniter.php(509): CodeIgniter\CodeIgniter->runController(Object(App\Controllers\Reporte))
 8 SYSTEMPATH/CodeIgniter.php(355): CodeIgniter\CodeIgniter->handleRequest(null, Object(Config\Cache), false)
 9 SYSTEMPATH/Boot.php(325): CodeIgniter\CodeIgniter->run()
10 SYSTEMPATH/Boot.php(67): CodeIgniter\Boot::runCodeIgniter(Object(CodeIgniter\CodeIgniter))
11 FCPATH/index.php(56): CodeIgniter\Boot::bootWeb(Object(Config\Paths))
WARNING - 2025-10-15 13:42:58 --> [DEPRECATED] number_format(): Passing null to parameter #1 ($num) of type float is deprecated in APPPATH/Views/reporte/imprimir_kardex.php on line 129.
 1 APPPATH/Views/reporte/imprimir_kardex.php(129): number_format(null, 2, ',', '.')
 2 SYSTEMPATH/View/View.php(234): include('/home2/usoabumg/public_html/oruro.site/app/Views/reporte/imprimir_kardex.php')
 3 SYSTEMPATH/View/View.php(237): CodeIgniter\View\View->CodeIgniter\View\{closure}()
 4 SYSTEMPATH/Common.php(1171): CodeIgniter\View\View->render('reporte/imprimir_kardex', [], true)
 5 APPPATH/Controllers/Reporte.php(105): view('reporte/imprimir_kardex', [...])
 6 SYSTEMPATH/CodeIgniter.php(933): App\Controllers\Reporte->generar_kardex_producto()
 7 SYSTEMPATH/CodeIgniter.php(509): CodeIgniter\CodeIgniter->runController(Object(App\Controllers\Reporte))
 8 SYSTEMPATH/CodeIgniter.php(355): CodeIgniter\CodeIgniter->handleRequest(null, Object(Config\Cache), false)
 9 SYSTEMPATH/Boot.php(325): CodeIgniter\CodeIgniter->run()
10 SYSTEMPATH/Boot.php(67): CodeIgniter\Boot::runCodeIgniter(Object(CodeIgniter\CodeIgniter))
11 FCPATH/index.php(56): CodeIgniter\Boot::bootWeb(Object(Config\Paths))
WARNING - 2025-10-15 13:42:58 --> [DEPRECATED] number_format(): Passing null to parameter #1 ($num) of type float is deprecated in APPPATH/Views/reporte/imprimir_kardex.php on line 132.
 1 APPPATH/Views/reporte/imprimir_kardex.php(132): number_format(null, 2, ',', '.')
 2 SYSTEMPATH/View/View.php(234): include('/home2/usoabumg/public_html/oruro.site/app/Views/reporte/imprimir_kardex.php')
 3 SYSTEMPATH/View/View.php(237): CodeIgniter\View\View->CodeIgniter\View\{closure}()
 4 SYSTEMPATH/Common.php(1171): CodeIgniter\View\View->render('reporte/imprimir_kardex', [], true)
 5 APPPATH/Controllers/Reporte.php(105): view('reporte/imprimir_kardex', [...])
 6 SYSTEMPATH/CodeIgniter.php(933): App\Controllers\Reporte->generar_kardex_producto()
 7 SYSTEMPATH/CodeIgniter.php(509): CodeIgniter\CodeIgniter->runController(Object(App\Controllers\Reporte))
 8 SYSTEMPATH/CodeIgniter.php(355): CodeIgniter\CodeIgniter->handleRequest(null, Object(Config\Cache), false)
 9 SYSTEMPATH/Boot.php(325): CodeIgniter\CodeIgniter->run()
10 SYSTEMPATH/Boot.php(67): CodeIgniter\Boot::runCodeIgniter(Object(CodeIgniter\CodeIgniter))
11 FCPATH/index.php(56): CodeIgniter\Boot::bootWeb(Object(Config\Paths))
WARNING - 2025-10-15 13:42:58 --> [DEPRECATED] number_format(): Passing null to parameter #1 ($num) of type float is deprecated in APPPATH/Views/reporte/imprimir_kardex.php on line 129.
 1 APPPATH/Views/reporte/imprimir_kardex.php(129): number_format(null, 2, ',', '.')
 2 SYSTEMPATH/View/View.php(234): include('/home2/usoabumg/public_html/oruro.site/app/Views/reporte/imprimir_kardex.php')
 3 SYSTEMPATH/View/View.php(237): CodeIgniter\View\View->CodeIgniter\View\{closure}()
 4 SYSTEMPATH/Common.php(1171): CodeIgniter\View\View->render('reporte/imprimir_kardex', [], true)
 5 APPPATH/Controllers/Reporte.php(105): view('reporte/imprimir_kardex', [...])
 6 SYSTEMPATH/CodeIgniter.php(933): App\Controllers\Reporte->generar_kardex_producto()
 7 SYSTEMPATH/CodeIgniter.php(509): CodeIgniter\CodeIgniter->runController(Object(App\Controllers\Reporte))
 8 SYSTEMPATH/CodeIgniter.php(355): CodeIgniter\CodeIgniter->handleRequest(null, Object(Config\Cache), false)
 9 SYSTEMPATH/Boot.php(325): CodeIgniter\CodeIgniter->run()
10 SYSTEMPATH/Boot.php(67): CodeIgniter\Boot::runCodeIgniter(Object(CodeIgniter\CodeIgniter))
11 FCPATH/index.php(56): CodeIgniter\Boot::bootWeb(Object(Config\Paths))
WARNING - 2025-10-15 13:42:58 --> [DEPRECATED] number_format(): Passing null to parameter #1 ($num) of type float is deprecated in APPPATH/Views/reporte/imprimir_kardex.php on line 132.
 1 APPPATH/Views/reporte/imprimir_kardex.php(132): number_format(null, 2, ',', '.')
 2 SYSTEMPATH/View/View.php(234): include('/home2/usoabumg/public_html/oruro.site/app/Views/reporte/imprimir_kardex.php')
 3 SYSTEMPATH/View/View.php(237): CodeIgniter\View\View->CodeIgniter\View\{closure}()
 4 SYSTEMPATH/Common.php(1171): CodeIgniter\View\View->render('reporte/imprimir_kardex', [], true)
 5 APPPATH/Controllers/Reporte.php(105): view('reporte/imprimir_kardex', [...])
 6 SYSTEMPATH/CodeIgniter.php(933): App\Controllers\Reporte->generar_kardex_producto()
 7 SYSTEMPATH/CodeIgniter.php(509): CodeIgniter\CodeIgniter->runController(Object(App\Controllers\Reporte))
 8 SYSTEMPATH/CodeIgniter.php(355): CodeIgniter\CodeIgniter->handleRequest(null, Object(Config\Cache), false)
 9 SYSTEMPATH/Boot.php(325): CodeIgniter\CodeIgniter->run()
10 SYSTEMPATH/Boot.php(67): CodeIgniter\Boot::runCodeIgniter(Object(CodeIgniter\CodeIgniter))
11 FCPATH/index.php(56): CodeIgniter\Boot::bootWeb(Object(Config\Paths))
WARNING - 2025-10-15 13:42:58 --> [DEPRECATED] number_format(): Passing null to parameter #1 ($num) of type float is deprecated in APPPATH/Views/reporte/imprimir_kardex.php on line 129.
 1 APPPATH/Views/reporte/imprimir_kardex.php(129): number_format(null, 2, ',', '.')
 2 SYSTEMPATH/View/View.php(234): include('/home2/usoabumg/public_html/oruro.site/app/Views/reporte/imprimir_kardex.php')
 3 SYSTEMPATH/View/View.php(237): CodeIgniter\View\View->CodeIgniter\View\{closure}()
 4 SYSTEMPATH/Common.php(1171): CodeIgniter\View\View->render('reporte/imprimir_kardex', [], true)
 5 APPPATH/Controllers/Reporte.php(105): view('reporte/imprimir_kardex', [...])
 6 SYSTEMPATH/CodeIgniter.php(933): App\Controllers\Reporte->generar_kardex_producto()
 7 SYSTEMPATH/CodeIgniter.php(509): CodeIgniter\CodeIgniter->runController(Object(App\Controllers\Reporte))
 8 SYSTEMPATH/CodeIgniter.php(355): CodeIgniter\CodeIgniter->handleRequest(null, Object(Config\Cache), false)
 9 SYSTEMPATH/Boot.php(325): CodeIgniter\CodeIgniter->run()
10 SYSTEMPATH/Boot.php(67): CodeIgniter\Boot::runCodeIgniter(Object(CodeIgniter\CodeIgniter))
11 FCPATH/index.php(56): CodeIgniter\Boot::bootWeb(Object(Config\Paths))
WARNING - 2025-10-15 13:42:58 --> [DEPRECATED] number_format(): Passing null to parameter #1 ($num) of type float is deprecated in APPPATH/Views/reporte/imprimir_kardex.php on line 132.
 1 APPPATH/Views/reporte/imprimir_kardex.php(132): number_format(null, 2, ',', '.')
 2 SYSTEMPATH/View/View.php(234): include('/home2/usoabumg/public_html/oruro.site/app/Views/reporte/imprimir_kardex.php')
 3 SYSTEMPATH/View/View.php(237): CodeIgniter\View\View->CodeIgniter\View\{closure}()
 4 SYSTEMPATH/Common.php(1171): CodeIgniter\View\View->render('reporte/imprimir_kardex', [], true)
 5 APPPATH/Controllers/Reporte.php(105): view('reporte/imprimir_kardex', [...])
 6 SYSTEMPATH/CodeIgniter.php(933): App\Controllers\Reporte->generar_kardex_producto()
 7 SYSTEMPATH/CodeIgniter.php(509): CodeIgniter\CodeIgniter->runController(Object(App\Controllers\Reporte))
 8 SYSTEMPATH/CodeIgniter.php(355): CodeIgniter\CodeIgniter->handleRequest(null, Object(Config\Cache), false)
 9 SYSTEMPATH/Boot.php(325): CodeIgniter\CodeIgniter->run()
10 SYSTEMPATH/Boot.php(67): CodeIgniter\Boot::runCodeIgniter(Object(CodeIgniter\CodeIgniter))
11 FCPATH/index.php(56): CodeIgniter\Boot::bootWeb(Object(Config\Paths))
WARNING - 2025-10-15 13:42:58 --> [DEPRECATED] number_format(): Passing null to parameter #1 ($num) of type float is deprecated in APPPATH/Views/reporte/imprimir_kardex.php on line 129.
 1 APPPATH/Views/reporte/imprimir_kardex.php(129): number_format(null, 2, ',', '.')
 2 SYSTEMPATH/View/View.php(234): include('/home2/usoabumg/public_html/oruro.site/app/Views/reporte/imprimir_kardex.php')
 3 SYSTEMPATH/View/View.php(237): CodeIgniter\View\View->CodeIgniter\View\{closure}()
 4 SYSTEMPATH/Common.php(1171): CodeIgniter\View\View->render('reporte/imprimir_kardex', [], true)
 5 APPPATH/Controllers/Reporte.php(105): view('reporte/imprimir_kardex', [...])
 6 SYSTEMPATH/CodeIgniter.php(933): App\Controllers\Reporte->generar_kardex_producto()
 7 SYSTEMPATH/CodeIgniter.php(509): CodeIgniter\CodeIgniter->runController(Object(App\Controllers\Reporte))
 8 SYSTEMPATH/CodeIgniter.php(355): CodeIgniter\CodeIgniter->handleRequest(null, Object(Config\Cache), false)
 9 SYSTEMPATH/Boot.php(325): CodeIgniter\CodeIgniter->run()
10 SYSTEMPATH/Boot.php(67): CodeIgniter\Boot::runCodeIgniter(Object(CodeIgniter\CodeIgniter))
11 FCPATH/index.php(56): CodeIgniter\Boot::bootWeb(Object(Config\Paths))
WARNING - 2025-10-15 13:42:58 --> [DEPRECATED] number_format(): Passing null to parameter #1 ($num) of type float is deprecated in APPPATH/Views/reporte/imprimir_kardex.php on line 132.
 1 APPPATH/Views/reporte/imprimir_kardex.php(132): number_format(null, 2, ',', '.')
 2 SYSTEMPATH/View/View.php(234): include('/home2/usoabumg/public_html/oruro.site/app/Views/reporte/imprimir_kardex.php')
 3 SYSTEMPATH/View/View.php(237): CodeIgniter\View\View->CodeIgniter\View\{closure}()
 4 SYSTEMPATH/Common.php(1171): CodeIgniter\View\View->render('reporte/imprimir_kardex', [], true)
 5 APPPATH/Controllers/Reporte.php(105): view('reporte/imprimir_kardex', [...])
 6 SYSTEMPATH/CodeIgniter.php(933): App\Controllers\Reporte->generar_kardex_producto()
 7 SYSTEMPATH/CodeIgniter.php(509): CodeIgniter\CodeIgniter->runController(Object(App\Controllers\Reporte))
 8 SYSTEMPATH/CodeIgniter.php(355): CodeIgniter\CodeIgniter->handleRequest(null, Object(Config\Cache), false)
 9 SYSTEMPATH/Boot.php(325): CodeIgniter\CodeIgniter->run()
10 SYSTEMPATH/Boot.php(67): CodeIgniter\Boot::runCodeIgniter(Object(CodeIgniter\CodeIgniter))
11 FCPATH/index.php(56): CodeIgniter\Boot::bootWeb(Object(Config\Paths))
WARNING - 2025-10-15 13:42:58 --> [DEPRECATED] number_format(): Passing null to parameter #1 ($num) of type float is deprecated in APPPATH/Views/reporte/imprimir_kardex.php on line 129.
 1 APPPATH/Views/reporte/imprimir_kardex.php(129): number_format(null, 2, ',', '.')
 2 SYSTEMPATH/View/View.php(234): include('/home2/usoabumg/public_html/oruro.site/app/Views/reporte/imprimir_kardex.php')
 3 SYSTEMPATH/View/View.php(237): CodeIgniter\View\View->CodeIgniter\View\{closure}()
 4 SYSTEMPATH/Common.php(1171): CodeIgniter\View\View->render('reporte/imprimir_kardex', [], true)
 5 APPPATH/Controllers/Reporte.php(105): view('reporte/imprimir_kardex', [...])
 6 SYSTEMPATH/CodeIgniter.php(933): App\Controllers\Reporte->generar_kardex_producto()
 7 SYSTEMPATH/CodeIgniter.php(509): CodeIgniter\CodeIgniter->runController(Object(App\Controllers\Reporte))
 8 SYSTEMPATH/CodeIgniter.php(355): CodeIgniter\CodeIgniter->handleRequest(null, Object(Config\Cache), false)
 9 SYSTEMPATH/Boot.php(325): CodeIgniter\CodeIgniter->run()
10 SYSTEMPATH/Boot.php(67): CodeIgniter\Boot::runCodeIgniter(Object(CodeIgniter\CodeIgniter))
11 FCPATH/index.php(56): CodeIgniter\Boot::bootWeb(Object(Config\Paths))
WARNING - 2025-10-15 13:42:58 --> [DEPRECATED] number_format(): Passing null to parameter #1 ($num) of type float is deprecated in APPPATH/Views/reporte/imprimir_kardex.php on line 132.
 1 APPPATH/Views/reporte/imprimir_kardex.php(132): number_format(null, 2, ',', '.')
 2 SYSTEMPATH/View/View.php(234): include('/home2/usoabumg/public_html/oruro.site/app/Views/reporte/imprimir_kardex.php')
 3 SYSTEMPATH/View/View.php(237): CodeIgniter\View\View->CodeIgniter\View\{closure}()
 4 SYSTEMPATH/Common.php(1171): CodeIgniter\View\View->render('reporte/imprimir_kardex', [], true)
 5 APPPATH/Controllers/Reporte.php(105): view('reporte/imprimir_kardex', [...])
 6 SYSTEMPATH/CodeIgniter.php(933): App\Controllers\Reporte->generar_kardex_producto()
 7 SYSTEMPATH/CodeIgniter.php(509): CodeIgniter\CodeIgniter->runController(Object(App\Controllers\Reporte))
 8 SYSTEMPATH/CodeIgniter.php(355): CodeIgniter\CodeIgniter->handleRequest(null, Object(Config\Cache), false)
 9 SYSTEMPATH/Boot.php(325): CodeIgniter\CodeIgniter->run()
10 SYSTEMPATH/Boot.php(67): CodeIgniter\Boot::runCodeIgniter(Object(CodeIgniter\CodeIgniter))
11 FCPATH/index.php(56): CodeIgniter\Boot::bootWeb(Object(Config\Paths))
WARNING - 2025-10-15 13:42:58 --> [DEPRECATED] number_format(): Passing null to parameter #1 ($num) of type float is deprecated in APPPATH/Views/reporte/imprimir_kardex.php on line 130.
 1 APPPATH/Views/reporte/imprimir_kardex.php(130): number_format(null, 2, ',', '.')
 2 SYSTEMPATH/View/View.php(234): include('/home2/usoabumg/public_html/oruro.site/app/Views/reporte/imprimir_kardex.php')
 3 SYSTEMPATH/View/View.php(237): CodeIgniter\View\View->CodeIgniter\View\{closure}()
 4 SYSTEMPATH/Common.php(1171): CodeIgniter\View\View->render('reporte/imprimir_kardex', [], true)
 5 APPPATH/Controllers/Reporte.php(105): view('reporte/imprimir_kardex', [...])
 6 SYSTEMPATH/CodeIgniter.php(933): App\Controllers\Reporte->generar_kardex_producto()
 7 SYSTEMPATH/CodeIgniter.php(509): CodeIgniter\CodeIgniter->runController(Object(App\Controllers\Reporte))
 8 SYSTEMPATH/CodeIgniter.php(355): CodeIgniter\CodeIgniter->handleRequest(null, Object(Config\Cache), false)
 9 SYSTEMPATH/Boot.php(325): CodeIgniter\CodeIgniter->run()
10 SYSTEMPATH/Boot.php(67): CodeIgniter\Boot::runCodeIgniter(Object(CodeIgniter\CodeIgniter))
11 FCPATH/index.php(56): CodeIgniter\Boot::bootWeb(Object(Config\Paths))
WARNING - 2025-10-15 13:42:58 --> [DEPRECATED] number_format(): Passing null to parameter #1 ($num) of type float is deprecated in APPPATH/Views/reporte/imprimir_kardex.php on line 133.
 1 APPPATH/Views/reporte/imprimir_kardex.php(133): number_format(null, 2, ',', '.')
 2 SYSTEMPATH/View/View.php(234): include('/home2/usoabumg/public_html/oruro.site/app/Views/reporte/imprimir_kardex.php')
 3 SYSTEMPATH/View/View.php(237): CodeIgniter\View\View->CodeIgniter\View\{closure}()
 4 SYSTEMPATH/Common.php(1171): CodeIgniter\View\View->render('reporte/imprimir_kardex', [], true)
 5 APPPATH/Controllers/Reporte.php(105): view('reporte/imprimir_kardex', [...])
 6 SYSTEMPATH/CodeIgniter.php(933): App\Controllers\Reporte->generar_kardex_producto()
 7 SYSTEMPATH/CodeIgniter.php(509): CodeIgniter\CodeIgniter->runController(Object(App\Controllers\Reporte))
 8 SYSTEMPATH/CodeIgniter.php(355): CodeIgniter\CodeIgniter->handleRequest(null, Object(Config\Cache), false)
 9 SYSTEMPATH/Boot.php(325): CodeIgniter\CodeIgniter->run()
10 SYSTEMPATH/Boot.php(67): CodeIgniter\Boot::runCodeIgniter(Object(CodeIgniter\CodeIgniter))
11 FCPATH/index.php(56): CodeIgniter\Boot::bootWeb(Object(Config\Paths))
WARNING - 2025-10-15 13:42:58 --> [DEPRECATED] number_format(): Passing null to parameter #1 ($num) of type float is deprecated in APPPATH/Views/reporte/imprimir_kardex.php on line 129.
 1 APPPATH/Views/reporte/imprimir_kardex.php(129): number_format(null, 2, ',', '.')
 2 SYSTEMPATH/View/View.php(234): include('/home2/usoabumg/public_html/oruro.site/app/Views/reporte/imprimir_kardex.php')
 3 SYSTEMPATH/View/View.php(237): CodeIgniter\View\View->CodeIgniter\View\{closure}()
 4 SYSTEMPATH/Common.php(1171): CodeIgniter\View\View->render('reporte/imprimir_kardex', [], true)
 5 APPPATH/Controllers/Reporte.php(105): view('reporte/imprimir_kardex', [...])
 6 SYSTEMPATH/CodeIgniter.php(933): App\Controllers\Reporte->generar_kardex_producto()
 7 SYSTEMPATH/CodeIgniter.php(509): CodeIgniter\CodeIgniter->runController(Object(App\Controllers\Reporte))
 8 SYSTEMPATH/CodeIgniter.php(355): CodeIgniter\CodeIgniter->handleRequest(null, Object(Config\Cache), false)
 9 SYSTEMPATH/Boot.php(325): CodeIgniter\CodeIgniter->run()
10 SYSTEMPATH/Boot.php(67): CodeIgniter\Boot::runCodeIgniter(Object(CodeIgniter\CodeIgniter))
11 FCPATH/index.php(56): CodeIgniter\Boot::bootWeb(Object(Config\Paths))
WARNING - 2025-10-15 13:42:58 --> [DEPRECATED] number_format(): Passing null to parameter #1 ($num) of type float is deprecated in APPPATH/Views/reporte/imprimir_kardex.php on line 132.
 1 APPPATH/Views/reporte/imprimir_kardex.php(132): number_format(null, 2, ',', '.')
 2 SYSTEMPATH/View/View.php(234): include('/home2/usoabumg/public_html/oruro.site/app/Views/reporte/imprimir_kardex.php')
 3 SYSTEMPATH/View/View.php(237): CodeIgniter\View\View->CodeIgniter\View\{closure}()
 4 SYSTEMPATH/Common.php(1171): CodeIgniter\View\View->render('reporte/imprimir_kardex', [], true)
 5 APPPATH/Controllers/Reporte.php(105): view('reporte/imprimir_kardex', [...])
 6 SYSTEMPATH/CodeIgniter.php(933): App\Controllers\Reporte->generar_kardex_producto()
 7 SYSTEMPATH/CodeIgniter.php(509): CodeIgniter\CodeIgniter->runController(Object(App\Controllers\Reporte))
 8 SYSTEMPATH/CodeIgniter.php(355): CodeIgniter\CodeIgniter->handleRequest(null, Object(Config\Cache), false)
 9 SYSTEMPATH/Boot.php(325): CodeIgniter\CodeIgniter->run()
10 SYSTEMPATH/Boot.php(67): CodeIgniter\Boot::runCodeIgniter(Object(CodeIgniter\CodeIgniter))
11 FCPATH/index.php(56): CodeIgniter\Boot::bootWeb(Object(Config\Paths))
WARNING - 2025-10-15 13:42:58 --> [DEPRECATED] number_format(): Passing null to parameter #1 ($num) of type float is deprecated in APPPATH/Views/reporte/imprimir_kardex.php on line 130.
 1 APPPATH/Views/reporte/imprimir_kardex.php(130): number_format(null, 2, ',', '.')
 2 SYSTEMPATH/View/View.php(234): include('/home2/usoabumg/public_html/oruro.site/app/Views/reporte/imprimir_kardex.php')
 3 SYSTEMPATH/View/View.php(237): CodeIgniter\View\View->CodeIgniter\View\{closure}()
 4 SYSTEMPATH/Common.php(1171): CodeIgniter\View\View->render('reporte/imprimir_kardex', [], true)
 5 APPPATH/Controllers/Reporte.php(105): view('reporte/imprimir_kardex', [...])
 6 SYSTEMPATH/CodeIgniter.php(933): App\Controllers\Reporte->generar_kardex_producto()
 7 SYSTEMPATH/CodeIgniter.php(509): CodeIgniter\CodeIgniter->runController(Object(App\Controllers\Reporte))
 8 SYSTEMPATH/CodeIgniter.php(355): CodeIgniter\CodeIgniter->handleRequest(null, Object(Config\Cache), false)
 9 SYSTEMPATH/Boot.php(325): CodeIgniter\CodeIgniter->run()
10 SYSTEMPATH/Boot.php(67): CodeIgniter\Boot::runCodeIgniter(Object(CodeIgniter\CodeIgniter))
11 FCPATH/index.php(56): CodeIgniter\Boot::bootWeb(Object(Config\Paths))
WARNING - 2025-10-15 13:42:58 --> [DEPRECATED] number_format(): Passing null to parameter #1 ($num) of type float is deprecated in APPPATH/Views/reporte/imprimir_kardex.php on line 133.
 1 APPPATH/Views/reporte/imprimir_kardex.php(133): number_format(null, 2, ',', '.')
 2 SYSTEMPATH/View/View.php(234): include('/home2/usoabumg/public_html/oruro.site/app/Views/reporte/imprimir_kardex.php')
 3 SYSTEMPATH/View/View.php(237): CodeIgniter\View\View->CodeIgniter\View\{closure}()
 4 SYSTEMPATH/Common.php(1171): CodeIgniter\View\View->render('reporte/imprimir_kardex', [], true)
 5 APPPATH/Controllers/Reporte.php(105): view('reporte/imprimir_kardex', [...])
 6 SYSTEMPATH/CodeIgniter.php(933): App\Controllers\Reporte->generar_kardex_producto()
 7 SYSTEMPATH/CodeIgniter.php(509): CodeIgniter\CodeIgniter->runController(Object(App\Controllers\Reporte))
 8 SYSTEMPATH/CodeIgniter.php(355): CodeIgniter\CodeIgniter->handleRequest(null, Object(Config\Cache), false)
 9 SYSTEMPATH/Boot.php(325): CodeIgniter\CodeIgniter->run()
10 SYSTEMPATH/Boot.php(67): CodeIgniter\Boot::runCodeIgniter(Object(CodeIgniter\CodeIgniter))
11 FCPATH/index.php(56): CodeIgniter\Boot::bootWeb(Object(Config\Paths))
WARNING - 2025-10-15 13:42:58 --> [DEPRECATED] number_format(): Passing null to parameter #1 ($num) of type float is deprecated in APPPATH/Views/reporte/imprimir_kardex.php on line 129.
 1 APPPATH/Views/reporte/imprimir_kardex.php(129): number_format(null, 2, ',', '.')
 2 SYSTEMPATH/View/View.php(234): include('/home2/usoabumg/public_html/oruro.site/app/Views/reporte/imprimir_kardex.php')
 3 SYSTEMPATH/View/View.php(237): CodeIgniter\View\View->CodeIgniter\View\{closure}()
 4 SYSTEMPATH/Common.php(1171): CodeIgniter\View\View->render('reporte/imprimir_kardex', [], true)
 5 APPPATH/Controllers/Reporte.php(105): view('reporte/imprimir_kardex', [...])
 6 SYSTEMPATH/CodeIgniter.php(933): App\Controllers\Reporte->generar_kardex_producto()
 7 SYSTEMPATH/CodeIgniter.php(509): CodeIgniter\CodeIgniter->runController(Object(App\Controllers\Reporte))
 8 SYSTEMPATH/CodeIgniter.php(355): CodeIgniter\CodeIgniter->handleRequest(null, Object(Config\Cache), false)
 9 SYSTEMPATH/Boot.php(325): CodeIgniter\CodeIgniter->run()
10 SYSTEMPATH/Boot.php(67): CodeIgniter\Boot::runCodeIgniter(Object(CodeIgniter\CodeIgniter))
11 FCPATH/index.php(56): CodeIgniter\Boot::bootWeb(Object(Config\Paths))
WARNING - 2025-10-15 13:42:58 --> [DEPRECATED] number_format(): Passing null to parameter #1 ($num) of type float is deprecated in APPPATH/Views/reporte/imprimir_kardex.php on line 132.
 1 APPPATH/Views/reporte/imprimir_kardex.php(132): number_format(null, 2, ',', '.')
 2 SYSTEMPATH/View/View.php(234): include('/home2/usoabumg/public_html/oruro.site/app/Views/reporte/imprimir_kardex.php')
 3 SYSTEMPATH/View/View.php(237): CodeIgniter\View\View->CodeIgniter\View\{closure}()
 4 SYSTEMPATH/Common.php(1171): CodeIgniter\View\View->render('reporte/imprimir_kardex', [], true)
 5 APPPATH/Controllers/Reporte.php(105): view('reporte/imprimir_kardex', [...])
 6 SYSTEMPATH/CodeIgniter.php(933): App\Controllers\Reporte->generar_kardex_producto()
 7 SYSTEMPATH/CodeIgniter.php(509): CodeIgniter\CodeIgniter->runController(Object(App\Controllers\Reporte))
 8 SYSTEMPATH/CodeIgniter.php(355): CodeIgniter\CodeIgniter->handleRequest(null, Object(Config\Cache), false)
 9 SYSTEMPATH/Boot.php(325): CodeIgniter\CodeIgniter->run()
10 SYSTEMPATH/Boot.php(67): CodeIgniter\Boot::runCodeIgniter(Object(CodeIgniter\CodeIgniter))
11 FCPATH/index.php(56): CodeIgniter\Boot::bootWeb(Object(Config\Paths))
WARNING - 2025-10-15 13:42:58 --> [DEPRECATED] number_format(): Passing null to parameter #1 ($num) of type float is deprecated in APPPATH/Views/reporte/imprimir_kardex.php on line 129.
 1 APPPATH/Views/reporte/imprimir_kardex.php(129): number_format(null, 2, ',', '.')
 2 SYSTEMPATH/View/View.php(234): include('/home2/usoabumg/public_html/oruro.site/app/Views/reporte/imprimir_kardex.php')
 3 SYSTEMPATH/View/View.php(237): CodeIgniter\View\View->CodeIgniter\View\{closure}()
 4 SYSTEMPATH/Common.php(1171): CodeIgniter\View\View->render('reporte/imprimir_kardex', [], true)
 5 APPPATH/Controllers/Reporte.php(105): view('reporte/imprimir_kardex', [...])
 6 SYSTEMPATH/CodeIgniter.php(933): App\Controllers\Reporte->generar_kardex_producto()
 7 SYSTEMPATH/CodeIgniter.php(509): CodeIgniter\CodeIgniter->runController(Object(App\Controllers\Reporte))
 8 SYSTEMPATH/CodeIgniter.php(355): CodeIgniter\CodeIgniter->handleRequest(null, Object(Config\Cache), false)
 9 SYSTEMPATH/Boot.php(325): CodeIgniter\CodeIgniter->run()
10 SYSTEMPATH/Boot.php(67): CodeIgniter\Boot::runCodeIgniter(Object(CodeIgniter\CodeIgniter))
11 FCPATH/index.php(56): CodeIgniter\Boot::bootWeb(Object(Config\Paths))
WARNING - 2025-10-15 13:42:58 --> [DEPRECATED] number_format(): Passing null to parameter #1 ($num) of type float is deprecated in APPPATH/Views/reporte/imprimir_kardex.php on line 132.
 1 APPPATH/Views/reporte/imprimir_kardex.php(132): number_format(null, 2, ',', '.')
 2 SYSTEMPATH/View/View.php(234): include('/home2/usoabumg/public_html/oruro.site/app/Views/reporte/imprimir_kardex.php')
 3 SYSTEMPATH/View/View.php(237): CodeIgniter\View\View->CodeIgniter\View\{closure}()
 4 SYSTEMPATH/Common.php(1171): CodeIgniter\View\View->render('reporte/imprimir_kardex', [], true)
 5 APPPATH/Controllers/Reporte.php(105): view('reporte/imprimir_kardex', [...])
 6 SYSTEMPATH/CodeIgniter.php(933): App\Controllers\Reporte->generar_kardex_producto()
 7 SYSTEMPATH/CodeIgniter.php(509): CodeIgniter\CodeIgniter->runController(Object(App\Controllers\Reporte))
 8 SYSTEMPATH/CodeIgniter.php(355): CodeIgniter\CodeIgniter->handleRequest(null, Object(Config\Cache), false)
 9 SYSTEMPATH/Boot.php(325): CodeIgniter\CodeIgniter->run()
10 SYSTEMPATH/Boot.php(67): CodeIgniter\Boot::runCodeIgniter(Object(CodeIgniter\CodeIgniter))
11 FCPATH/index.php(56): CodeIgniter\Boot::bootWeb(Object(Config\Paths))
WARNING - 2025-10-15 13:42:58 --> [DEPRECATED] number_format(): Passing null to parameter #1 ($num) of type float is deprecated in APPPATH/Views/reporte/imprimir_kardex.php on line 129.
 1 APPPATH/Views/reporte/imprimir_kardex.php(129): number_format(null, 2, ',', '.')
 2 SYSTEMPATH/View/View.php(234): include('/home2/usoabumg/public_html/oruro.site/app/Views/reporte/imprimir_kardex.php')
 3 SYSTEMPATH/View/View.php(237): CodeIgniter\View\View->CodeIgniter\View\{closure}()
 4 SYSTEMPATH/Common.php(1171): CodeIgniter\View\View->render('reporte/imprimir_kardex', [], true)
 5 APPPATH/Controllers/Reporte.php(105): view('reporte/imprimir_kardex', [...])
 6 SYSTEMPATH/CodeIgniter.php(933): App\Controllers\Reporte->generar_kardex_producto()
 7 SYSTEMPATH/CodeIgniter.php(509): CodeIgniter\CodeIgniter->runController(Object(App\Controllers\Reporte))
 8 SYSTEMPATH/CodeIgniter.php(355): CodeIgniter\CodeIgniter->handleRequest(null, Object(Config\Cache), false)
 9 SYSTEMPATH/Boot.php(325): CodeIgniter\CodeIgniter->run()
10 SYSTEMPATH/Boot.php(67): CodeIgniter\Boot::runCodeIgniter(Object(CodeIgniter\CodeIgniter))
11 FCPATH/index.php(56): CodeIgniter\Boot::bootWeb(Object(Config\Paths))
WARNING - 2025-10-15 13:42:58 --> [DEPRECATED] number_format(): Passing null to parameter #1 ($num) of type float is deprecated in APPPATH/Views/reporte/imprimir_kardex.php on line 132.
 1 APPPATH/Views/reporte/imprimir_kardex.php(132): number_format(null, 2, ',', '.')
 2 SYSTEMPATH/View/View.php(234): include('/home2/usoabumg/public_html/oruro.site/app/Views/reporte/imprimir_kardex.php')
 3 SYSTEMPATH/View/View.php(237): CodeIgniter\View\View->CodeIgniter\View\{closure}()
 4 SYSTEMPATH/Common.php(1171): CodeIgniter\View\View->render('reporte/imprimir_kardex', [], true)
 5 APPPATH/Controllers/Reporte.php(105): view('reporte/imprimir_kardex', [...])
 6 SYSTEMPATH/CodeIgniter.php(933): App\Controllers\Reporte->generar_kardex_producto()
 7 SYSTEMPATH/CodeIgniter.php(509): CodeIgniter\CodeIgniter->runController(Object(App\Controllers\Reporte))
 8 SYSTEMPATH/CodeIgniter.php(355): CodeIgniter\CodeIgniter->handleRequest(null, Object(Config\Cache), false)
 9 SYSTEMPATH/Boot.php(325): CodeIgniter\CodeIgniter->run()
10 SYSTEMPATH/Boot.php(67): CodeIgniter\Boot::runCodeIgniter(Object(CodeIgniter\CodeIgniter))
11 FCPATH/index.php(56): CodeIgniter\Boot::bootWeb(Object(Config\Paths))
WARNING - 2025-10-15 13:42:58 --> [DEPRECATED] number_format(): Passing null to parameter #1 ($num) of type float is deprecated in APPPATH/Views/reporte/imprimir_kardex.php on line 129.
 1 APPPATH/Views/reporte/imprimir_kardex.php(129): number_format(null, 2, ',', '.')
 2 SYSTEMPATH/View/View.php(234): include('/home2/usoabumg/public_html/oruro.site/app/Views/reporte/imprimir_kardex.php')
 3 SYSTEMPATH/View/View.php(237): CodeIgniter\View\View->CodeIgniter\View\{closure}()
 4 SYSTEMPATH/Common.php(1171): CodeIgniter\View\View->render('reporte/imprimir_kardex', [], true)
 5 APPPATH/Controllers/Reporte.php(105): view('reporte/imprimir_kardex', [...])
 6 SYSTEMPATH/CodeIgniter.php(933): App\Controllers\Reporte->generar_kardex_producto()
 7 SYSTEMPATH/CodeIgniter.php(509): CodeIgniter\CodeIgniter->runController(Object(App\Controllers\Reporte))
 8 SYSTEMPATH/CodeIgniter.php(355): CodeIgniter\CodeIgniter->handleRequest(null, Object(Config\Cache), false)
 9 SYSTEMPATH/Boot.php(325): CodeIgniter\CodeIgniter->run()
10 SYSTEMPATH/Boot.php(67): CodeIgniter\Boot::runCodeIgniter(Object(CodeIgniter\CodeIgniter))
11 FCPATH/index.php(56): CodeIgniter\Boot::bootWeb(Object(Config\Paths))
WARNING - 2025-10-15 13:42:58 --> [DEPRECATED] number_format(): Passing null to parameter #1 ($num) of type float is deprecated in APPPATH/Views/reporte/imprimir_kardex.php on line 132.
 1 APPPATH/Views/reporte/imprimir_kardex.php(132): number_format(null, 2, ',', '.')
 2 SYSTEMPATH/View/View.php(234): include('/home2/usoabumg/public_html/oruro.site/app/Views/reporte/imprimir_kardex.php')
 3 SYSTEMPATH/View/View.php(237): CodeIgniter\View\View->CodeIgniter\View\{closure}()
 4 SYSTEMPATH/Common.php(1171): CodeIgniter\View\View->render('reporte/imprimir_kardex', [], true)
 5 APPPATH/Controllers/Reporte.php(105): view('reporte/imprimir_kardex', [...])
 6 SYSTEMPATH/CodeIgniter.php(933): App\Controllers\Reporte->generar_kardex_producto()
 7 SYSTEMPATH/CodeIgniter.php(509): CodeIgniter\CodeIgniter->runController(Object(App\Controllers\Reporte))
 8 SYSTEMPATH/CodeIgniter.php(355): CodeIgniter\CodeIgniter->handleRequest(null, Object(Config\Cache), false)
 9 SYSTEMPATH/Boot.php(325): CodeIgniter\CodeIgniter->run()
10 SYSTEMPATH/Boot.php(67): CodeIgniter\Boot::runCodeIgniter(Object(CodeIgniter\CodeIgniter))
11 FCPATH/index.php(56): CodeIgniter\Boot::bootWeb(Object(Config\Paths))
WARNING - 2025-10-15 13:42:58 --> [DEPRECATED] number_format(): Passing null to parameter #1 ($num) of type float is deprecated in APPPATH/Views/reporte/imprimir_kardex.php on line 129.
 1 APPPATH/Views/reporte/imprimir_kardex.php(129): number_format(null, 2, ',', '.')
 2 SYSTEMPATH/View/View.php(234): include('/home2/usoabumg/public_html/oruro.site/app/Views/reporte/imprimir_kardex.php')
 3 SYSTEMPATH/View/View.php(237): CodeIgniter\View\View->CodeIgniter\View\{closure}()
 4 SYSTEMPATH/Common.php(1171): CodeIgniter\View\View->render('reporte/imprimir_kardex', [], true)
 5 APPPATH/Controllers/Reporte.php(105): view('reporte/imprimir_kardex', [...])
 6 SYSTEMPATH/CodeIgniter.php(933): App\Controllers\Reporte->generar_kardex_producto()
 7 SYSTEMPATH/CodeIgniter.php(509): CodeIgniter\CodeIgniter->runController(Object(App\Controllers\Reporte))
 8 SYSTEMPATH/CodeIgniter.php(355): CodeIgniter\CodeIgniter->handleRequest(null, Object(Config\Cache), false)
 9 SYSTEMPATH/Boot.php(325): CodeIgniter\CodeIgniter->run()
10 SYSTEMPATH/Boot.php(67): CodeIgniter\Boot::runCodeIgniter(Object(CodeIgniter\CodeIgniter))
11 FCPATH/index.php(56): CodeIgniter\Boot::bootWeb(Object(Config\Paths))
WARNING - 2025-10-15 13:42:58 --> [DEPRECATED] number_format(): Passing null to parameter #1 ($num) of type float is deprecated in APPPATH/Views/reporte/imprimir_kardex.php on line 132.
 1 APPPATH/Views/reporte/imprimir_kardex.php(132): number_format(null, 2, ',', '.')
 2 SYSTEMPATH/View/View.php(234): include('/home2/usoabumg/public_html/oruro.site/app/Views/reporte/imprimir_kardex.php')
 3 SYSTEMPATH/View/View.php(237): CodeIgniter\View\View->CodeIgniter\View\{closure}()
 4 SYSTEMPATH/Common.php(1171): CodeIgniter\View\View->render('reporte/imprimir_kardex', [], true)
 5 APPPATH/Controllers/Reporte.php(105): view('reporte/imprimir_kardex', [...])
 6 SYSTEMPATH/CodeIgniter.php(933): App\Controllers\Reporte->generar_kardex_producto()
 7 SYSTEMPATH/CodeIgniter.php(509): CodeIgniter\CodeIgniter->runController(Object(App\Controllers\Reporte))
 8 SYSTEMPATH/CodeIgniter.php(355): CodeIgniter\CodeIgniter->handleRequest(null, Object(Config\Cache), false)
 9 SYSTEMPATH/Boot.php(325): CodeIgniter\CodeIgniter->run()
10 SYSTEMPATH/Boot.php(67): CodeIgniter\Boot::runCodeIgniter(Object(CodeIgniter\CodeIgniter))
11 FCPATH/index.php(56): CodeIgniter\Boot::bootWeb(Object(Config\Paths))
WARNING - 2025-10-15 13:42:58 --> [DEPRECATED] number_format(): Passing null to parameter #1 ($num) of type float is deprecated in APPPATH/Views/reporte/imprimir_kardex.php on line 129.
 1 APPPATH/Views/reporte/imprimir_kardex.php(129): number_format(null, 2, ',', '.')
 2 SYSTEMPATH/View/View.php(234): include('/home2/usoabumg/public_html/oruro.site/app/Views/reporte/imprimir_kardex.php')
 3 SYSTEMPATH/View/View.php(237): CodeIgniter\View\View->CodeIgniter\View\{closure}()
 4 SYSTEMPATH/Common.php(1171): CodeIgniter\View\View->render('reporte/imprimir_kardex', [], true)
 5 APPPATH/Controllers/Reporte.php(105): view('reporte/imprimir_kardex', [...])
 6 SYSTEMPATH/CodeIgniter.php(933): App\Controllers\Reporte->generar_kardex_producto()
 7 SYSTEMPATH/CodeIgniter.php(509): CodeIgniter\CodeIgniter->runController(Object(App\Controllers\Reporte))
 8 SYSTEMPATH/CodeIgniter.php(355): CodeIgniter\CodeIgniter->handleRequest(null, Object(Config\Cache), false)
 9 SYSTEMPATH/Boot.php(325): CodeIgniter\CodeIgniter->run()
10 SYSTEMPATH/Boot.php(67): CodeIgniter\Boot::runCodeIgniter(Object(CodeIgniter\CodeIgniter))
11 FCPATH/index.php(56): CodeIgniter\Boot::bootWeb(Object(Config\Paths))
WARNING - 2025-10-15 13:42:58 --> [DEPRECATED] number_format(): Passing null to parameter #1 ($num) of type float is deprecated in APPPATH/Views/reporte/imprimir_kardex.php on line 132.
 1 APPPATH/Views/reporte/imprimir_kardex.php(132): number_format(null, 2, ',', '.')
 2 SYSTEMPATH/View/View.php(234): include('/home2/usoabumg/public_html/oruro.site/app/Views/reporte/imprimir_kardex.php')
 3 SYSTEMPATH/View/View.php(237): CodeIgniter\View\View->CodeIgniter\View\{closure}()
 4 SYSTEMPATH/Common.php(1171): CodeIgniter\View\View->render('reporte/imprimir_kardex', [], true)
 5 APPPATH/Controllers/Reporte.php(105): view('reporte/imprimir_kardex', [...])
 6 SYSTEMPATH/CodeIgniter.php(933): App\Controllers\Reporte->generar_kardex_producto()
 7 SYSTEMPATH/CodeIgniter.php(509): CodeIgniter\CodeIgniter->runController(Object(App\Controllers\Reporte))
 8 SYSTEMPATH/CodeIgniter.php(355): CodeIgniter\CodeIgniter->handleRequest(null, Object(Config\Cache), false)
 9 SYSTEMPATH/Boot.php(325): CodeIgniter\CodeIgniter->run()
10 SYSTEMPATH/Boot.php(67): CodeIgniter\Boot::runCodeIgniter(Object(CodeIgniter\CodeIgniter))
11 FCPATH/index.php(56): CodeIgniter\Boot::bootWeb(Object(Config\Paths))
WARNING - 2025-10-15 13:42:58 --> [DEPRECATED] number_format(): Passing null to parameter #1 ($num) of type float is deprecated in APPPATH/Views/reporte/imprimir_kardex.php on line 129.
 1 APPPATH/Views/reporte/imprimir_kardex.php(129): number_format(null, 2, ',', '.')
 2 SYSTEMPATH/View/View.php(234): include('/home2/usoabumg/public_html/oruro.site/app/Views/reporte/imprimir_kardex.php')
 3 SYSTEMPATH/View/View.php(237): CodeIgniter\View\View->CodeIgniter\View\{closure}()
 4 SYSTEMPATH/Common.php(1171): CodeIgniter\View\View->render('reporte/imprimir_kardex', [], true)
 5 APPPATH/Controllers/Reporte.php(105): view('reporte/imprimir_kardex', [...])
 6 SYSTEMPATH/CodeIgniter.php(933): App\Controllers\Reporte->generar_kardex_producto()
 7 SYSTEMPATH/CodeIgniter.php(509): CodeIgniter\CodeIgniter->runController(Object(App\Controllers\Reporte))
 8 SYSTEMPATH/CodeIgniter.php(355): CodeIgniter\CodeIgniter->handleRequest(null, Object(Config\Cache), false)
 9 SYSTEMPATH/Boot.php(325): CodeIgniter\CodeIgniter->run()
10 SYSTEMPATH/Boot.php(67): CodeIgniter\Boot::runCodeIgniter(Object(CodeIgniter\CodeIgniter))
11 FCPATH/index.php(56): CodeIgniter\Boot::bootWeb(Object(Config\Paths))
WARNING - 2025-10-15 13:42:58 --> [DEPRECATED] number_format(): Passing null to parameter #1 ($num) of type float is deprecated in APPPATH/Views/reporte/imprimir_kardex.php on line 132.
 1 APPPATH/Views/reporte/imprimir_kardex.php(132): number_format(null, 2, ',', '.')
 2 SYSTEMPATH/View/View.php(234): include('/home2/usoabumg/public_html/oruro.site/app/Views/reporte/imprimir_kardex.php')
 3 SYSTEMPATH/View/View.php(237): CodeIgniter\View\View->CodeIgniter\View\{closure}()
 4 SYSTEMPATH/Common.php(1171): CodeIgniter\View\View->render('reporte/imprimir_kardex', [], true)
 5 APPPATH/Controllers/Reporte.php(105): view('reporte/imprimir_kardex', [...])
 6 SYSTEMPATH/CodeIgniter.php(933): App\Controllers\Reporte->generar_kardex_producto()
 7 SYSTEMPATH/CodeIgniter.php(509): CodeIgniter\CodeIgniter->runController(Object(App\Controllers\Reporte))
 8 SYSTEMPATH/CodeIgniter.php(355): CodeIgniter\CodeIgniter->handleRequest(null, Object(Config\Cache), false)
 9 SYSTEMPATH/Boot.php(325): CodeIgniter\CodeIgniter->run()
10 SYSTEMPATH/Boot.php(67): CodeIgniter\Boot::runCodeIgniter(Object(CodeIgniter\CodeIgniter))
11 FCPATH/index.php(56): CodeIgniter\Boot::bootWeb(Object(Config\Paths))
WARNING - 2025-10-15 13:42:58 --> [DEPRECATED] number_format(): Passing null to parameter #1 ($num) of type float is deprecated in APPPATH/Views/reporte/imprimir_kardex.php on line 129.
 1 APPPATH/Views/reporte/imprimir_kardex.php(129): number_format(null, 2, ',', '.')
 2 SYSTEMPATH/View/View.php(234): include('/home2/usoabumg/public_html/oruro.site/app/Views/reporte/imprimir_kardex.php')
 3 SYSTEMPATH/View/View.php(237): CodeIgniter\View\View->CodeIgniter\View\{closure}()
 4 SYSTEMPATH/Common.php(1171): CodeIgniter\View\View->render('reporte/imprimir_kardex', [], true)
 5 APPPATH/Controllers/Reporte.php(105): view('reporte/imprimir_kardex', [...])
 6 SYSTEMPATH/CodeIgniter.php(933): App\Controllers\Reporte->generar_kardex_producto()
 7 SYSTEMPATH/CodeIgniter.php(509): CodeIgniter\CodeIgniter->runController(Object(App\Controllers\Reporte))
 8 SYSTEMPATH/CodeIgniter.php(355): CodeIgniter\CodeIgniter->handleRequest(null, Object(Config\Cache), false)
 9 SYSTEMPATH/Boot.php(325): CodeIgniter\CodeIgniter->run()
10 SYSTEMPATH/Boot.php(67): CodeIgniter\Boot::runCodeIgniter(Object(CodeIgniter\CodeIgniter))
11 FCPATH/index.php(56): CodeIgniter\Boot::bootWeb(Object(Config\Paths))
WARNING - 2025-10-15 13:42:58 --> [DEPRECATED] number_format(): Passing null to parameter #1 ($num) of type float is deprecated in APPPATH/Views/reporte/imprimir_kardex.php on line 132.
 1 APPPATH/Views/reporte/imprimir_kardex.php(132): number_format(null, 2, ',', '.')
 2 SYSTEMPATH/View/View.php(234): include('/home2/usoabumg/public_html/oruro.site/app/Views/reporte/imprimir_kardex.php')
 3 SYSTEMPATH/View/View.php(237): CodeIgniter\View\View->CodeIgniter\View\{closure}()
 4 SYSTEMPATH/Common.php(1171): CodeIgniter\View\View->render('reporte/imprimir_kardex', [], true)
 5 APPPATH/Controllers/Reporte.php(105): view('reporte/imprimir_kardex', [...])
 6 SYSTEMPATH/CodeIgniter.php(933): App\Controllers\Reporte->generar_kardex_producto()
 7 SYSTEMPATH/CodeIgniter.php(509): CodeIgniter\CodeIgniter->runController(Object(App\Controllers\Reporte))
 8 SYSTEMPATH/CodeIgniter.php(355): CodeIgniter\CodeIgniter->handleRequest(null, Object(Config\Cache), false)
 9 SYSTEMPATH/Boot.php(325): CodeIgniter\CodeIgniter->run()
10 SYSTEMPATH/Boot.php(67): CodeIgniter\Boot::runCodeIgniter(Object(CodeIgniter\CodeIgniter))
11 FCPATH/index.php(56): CodeIgniter\Boot::bootWeb(Object(Config\Paths))
WARNING - 2025-10-15 13:42:58 --> [DEPRECATED] number_format(): Passing null to parameter #1 ($num) of type float is deprecated in APPPATH/Views/reporte/imprimir_kardex.php on line 129.
 1 APPPATH/Views/reporte/imprimir_kardex.php(129): number_format(null, 2, ',', '.')
 2 SYSTEMPATH/View/View.php(234): include('/home2/usoabumg/public_html/oruro.site/app/Views/reporte/imprimir_kardex.php')
 3 SYSTEMPATH/View/View.php(237): CodeIgniter\View\View->CodeIgniter\View\{closure}()
 4 SYSTEMPATH/Common.php(1171): CodeIgniter\View\View->render('reporte/imprimir_kardex', [], true)
 5 APPPATH/Controllers/Reporte.php(105): view('reporte/imprimir_kardex', [...])
 6 SYSTEMPATH/CodeIgniter.php(933): App\Controllers\Reporte->generar_kardex_producto()
 7 SYSTEMPATH/CodeIgniter.php(509): CodeIgniter\CodeIgniter->runController(Object(App\Controllers\Reporte))
 8 SYSTEMPATH/CodeIgniter.php(355): CodeIgniter\CodeIgniter->handleRequest(null, Object(Config\Cache), false)
 9 SYSTEMPATH/Boot.php(325): CodeIgniter\CodeIgniter->run()
10 SYSTEMPATH/Boot.php(67): CodeIgniter\Boot::runCodeIgniter(Object(CodeIgniter\CodeIgniter))
11 FCPATH/index.php(56): CodeIgniter\Boot::bootWeb(Object(Config\Paths))
WARNING - 2025-10-15 13:42:58 --> [DEPRECATED] number_format(): Passing null to parameter #1 ($num) of type float is deprecated in APPPATH/Views/reporte/imprimir_kardex.php on line 132.
 1 APPPATH/Views/reporte/imprimir_kardex.php(132): number_format(null, 2, ',', '.')
 2 SYSTEMPATH/View/View.php(234): include('/home2/usoabumg/public_html/oruro.site/app/Views/reporte/imprimir_kardex.php')
 3 SYSTEMPATH/View/View.php(237): CodeIgniter\View\View->CodeIgniter\View\{closure}()
 4 SYSTEMPATH/Common.php(1171): CodeIgniter\View\View->render('reporte/imprimir_kardex', [], true)
 5 APPPATH/Controllers/Reporte.php(105): view('reporte/imprimir_kardex', [...])
 6 SYSTEMPATH/CodeIgniter.php(933): App\Controllers\Reporte->generar_kardex_producto()
 7 SYSTEMPATH/CodeIgniter.php(509): CodeIgniter\CodeIgniter->runController(Object(App\Controllers\Reporte))
 8 SYSTEMPATH/CodeIgniter.php(355): CodeIgniter\CodeIgniter->handleRequest(null, Object(Config\Cache), false)
 9 SYSTEMPATH/Boot.php(325): CodeIgniter\CodeIgniter->run()
10 SYSTEMPATH/Boot.php(67): CodeIgniter\Boot::runCodeIgniter(Object(CodeIgniter\CodeIgniter))
11 FCPATH/index.php(56): CodeIgniter\Boot::bootWeb(Object(Config\Paths))
WARNING - 2025-10-15 13:42:58 --> [DEPRECATED] number_format(): Passing null to parameter #1 ($num) of type float is deprecated in APPPATH/Views/reporte/imprimir_kardex.php on line 129.
 1 APPPATH/Views/reporte/imprimir_kardex.php(129): number_format(null, 2, ',', '.')
 2 SYSTEMPATH/View/View.php(234): include('/home2/usoabumg/public_html/oruro.site/app/Views/reporte/imprimir_kardex.php')
 3 SYSTEMPATH/View/View.php(237): CodeIgniter\View\View->CodeIgniter\View\{closure}()
 4 SYSTEMPATH/Common.php(1171): CodeIgniter\View\View->render('reporte/imprimir_kardex', [], true)
 5 APPPATH/Controllers/Reporte.php(105): view('reporte/imprimir_kardex', [...])
 6 SYSTEMPATH/CodeIgniter.php(933): App\Controllers\Reporte->generar_kardex_producto()
 7 SYSTEMPATH/CodeIgniter.php(509): CodeIgniter\CodeIgniter->runController(Object(App\Controllers\Reporte))
 8 SYSTEMPATH/CodeIgniter.php(355): CodeIgniter\CodeIgniter->handleRequest(null, Object(Config\Cache), false)
 9 SYSTEMPATH/Boot.php(325): CodeIgniter\CodeIgniter->run()
10 SYSTEMPATH/Boot.php(67): CodeIgniter\Boot::runCodeIgniter(Object(CodeIgniter\CodeIgniter))
11 FCPATH/index.php(56): CodeIgniter\Boot::bootWeb(Object(Config\Paths))
WARNING - 2025-10-15 13:42:58 --> [DEPRECATED] number_format(): Passing null to parameter #1 ($num) of type float is deprecated in APPPATH/Views/reporte/imprimir_kardex.php on line 132.
 1 APPPATH/Views/reporte/imprimir_kardex.php(132): number_format(null, 2, ',', '.')
 2 SYSTEMPATH/View/View.php(234): include('/home2/usoabumg/public_html/oruro.site/app/Views/reporte/imprimir_kardex.php')
 3 SYSTEMPATH/View/View.php(237): CodeIgniter\View\View->CodeIgniter\View\{closure}()
 4 SYSTEMPATH/Common.php(1171): CodeIgniter\View\View->render('reporte/imprimir_kardex', [], true)
 5 APPPATH/Controllers/Reporte.php(105): view('reporte/imprimir_kardex', [...])
 6 SYSTEMPATH/CodeIgniter.php(933): App\Controllers\Reporte->generar_kardex_producto()
 7 SYSTEMPATH/CodeIgniter.php(509): CodeIgniter\CodeIgniter->runController(Object(App\Controllers\Reporte))
 8 SYSTEMPATH/CodeIgniter.php(355): CodeIgniter\CodeIgniter->handleRequest(null, Object(Config\Cache), false)
 9 SYSTEMPATH/Boot.php(325): CodeIgniter\CodeIgniter->run()
10 SYSTEMPATH/Boot.php(67): CodeIgniter\Boot::runCodeIgniter(Object(CodeIgniter\CodeIgniter))
11 FCPATH/index.php(56): CodeIgniter\Boot::bootWeb(Object(Config\Paths))
WARNING - 2025-10-15 13:42:58 --> [DEPRECATED] number_format(): Passing null to parameter #1 ($num) of type float is deprecated in APPPATH/Views/reporte/imprimir_kardex.php on line 129.
 1 APPPATH/Views/reporte/imprimir_kardex.php(129): number_format(null, 2, ',', '.')
 2 SYSTEMPATH/View/View.php(234): include('/home2/usoabumg/public_html/oruro.site/app/Views/reporte/imprimir_kardex.php')
 3 SYSTEMPATH/View/View.php(237): CodeIgniter\View\View->CodeIgniter\View\{closure}()
 4 SYSTEMPATH/Common.php(1171): CodeIgniter\View\View->render('reporte/imprimir_kardex', [], true)
 5 APPPATH/Controllers/Reporte.php(105): view('reporte/imprimir_kardex', [...])
 6 SYSTEMPATH/CodeIgniter.php(933): App\Controllers\Reporte->generar_kardex_producto()
 7 SYSTEMPATH/CodeIgniter.php(509): CodeIgniter\CodeIgniter->runController(Object(App\Controllers\Reporte))
 8 SYSTEMPATH/CodeIgniter.php(355): CodeIgniter\CodeIgniter->handleRequest(null, Object(Config\Cache), false)
 9 SYSTEMPATH/Boot.php(325): CodeIgniter\CodeIgniter->run()
10 SYSTEMPATH/Boot.php(67): CodeIgniter\Boot::runCodeIgniter(Object(CodeIgniter\CodeIgniter))
11 FCPATH/index.php(56): CodeIgniter\Boot::bootWeb(Object(Config\Paths))
WARNING - 2025-10-15 13:42:58 --> [DEPRECATED] number_format(): Passing null to parameter #1 ($num) of type float is deprecated in APPPATH/Views/reporte/imprimir_kardex.php on line 132.
 1 APPPATH/Views/reporte/imprimir_kardex.php(132): number_format(null, 2, ',', '.')
 2 SYSTEMPATH/View/View.php(234): include('/home2/usoabumg/public_html/oruro.site/app/Views/reporte/imprimir_kardex.php')
 3 SYSTEMPATH/View/View.php(237): CodeIgniter\View\View->CodeIgniter\View\{closure}()
 4 SYSTEMPATH/Common.php(1171): CodeIgniter\View\View->render('reporte/imprimir_kardex', [], true)
 5 APPPATH/Controllers/Reporte.php(105): view('reporte/imprimir_kardex', [...])
 6 SYSTEMPATH/CodeIgniter.php(933): App\Controllers\Reporte->generar_kardex_producto()
 7 SYSTEMPATH/CodeIgniter.php(509): CodeIgniter\CodeIgniter->runController(Object(App\Controllers\Reporte))
 8 SYSTEMPATH/CodeIgniter.php(355): CodeIgniter\CodeIgniter->handleRequest(null, Object(Config\Cache), false)
 9 SYSTEMPATH/Boot.php(325): CodeIgniter\CodeIgniter->run()
10 SYSTEMPATH/Boot.php(67): CodeIgniter\Boot::runCodeIgniter(Object(CodeIgniter\CodeIgniter))
11 FCPATH/index.php(56): CodeIgniter\Boot::bootWeb(Object(Config\Paths))
WARNING - 2025-10-15 13:42:58 --> [DEPRECATED] number_format(): Passing null to parameter #1 ($num) of type float is deprecated in APPPATH/Views/reporte/imprimir_kardex.php on line 129.
 1 APPPATH/Views/reporte/imprimir_kardex.php(129): number_format(null, 2, ',', '.')
 2 SYSTEMPATH/View/View.php(234): include('/home2/usoabumg/public_html/oruro.site/app/Views/reporte/imprimir_kardex.php')
 3 SYSTEMPATH/View/View.php(237): CodeIgniter\View\View->CodeIgniter\View\{closure}()
 4 SYSTEMPATH/Common.php(1171): CodeIgniter\View\View->render('reporte/imprimir_kardex', [], true)
 5 APPPATH/Controllers/Reporte.php(105): view('reporte/imprimir_kardex', [...])
 6 SYSTEMPATH/CodeIgniter.php(933): App\Controllers\Reporte->generar_kardex_producto()
 7 SYSTEMPATH/CodeIgniter.php(509): CodeIgniter\CodeIgniter->runController(Object(App\Controllers\Reporte))
 8 SYSTEMPATH/CodeIgniter.php(355): CodeIgniter\CodeIgniter->handleRequest(null, Object(Config\Cache), false)
 9 SYSTEMPATH/Boot.php(325): CodeIgniter\CodeIgniter->run()
10 SYSTEMPATH/Boot.php(67): CodeIgniter\Boot::runCodeIgniter(Object(CodeIgniter\CodeIgniter))
11 FCPATH/index.php(56): CodeIgniter\Boot::bootWeb(Object(Config\Paths))
WARNING - 2025-10-15 13:42:58 --> [DEPRECATED] number_format(): Passing null to parameter #1 ($num) of type float is deprecated in APPPATH/Views/reporte/imprimir_kardex.php on line 132.
 1 APPPATH/Views/reporte/imprimir_kardex.php(132): number_format(null, 2, ',', '.')
 2 SYSTEMPATH/View/View.php(234): include('/home2/usoabumg/public_html/oruro.site/app/Views/reporte/imprimir_kardex.php')
 3 SYSTEMPATH/View/View.php(237): CodeIgniter\View\View->CodeIgniter\View\{closure}()
 4 SYSTEMPATH/Common.php(1171): CodeIgniter\View\View->render('reporte/imprimir_kardex', [], true)
 5 APPPATH/Controllers/Reporte.php(105): view('reporte/imprimir_kardex', [...])
 6 SYSTEMPATH/CodeIgniter.php(933): App\Controllers\Reporte->generar_kardex_producto()
 7 SYSTEMPATH/CodeIgniter.php(509): CodeIgniter\CodeIgniter->runController(Object(App\Controllers\Reporte))
 8 SYSTEMPATH/CodeIgniter.php(355): CodeIgniter\CodeIgniter->handleRequest(null, Object(Config\Cache), false)
 9 SYSTEMPATH/Boot.php(325): CodeIgniter\CodeIgniter->run()
10 SYSTEMPATH/Boot.php(67): CodeIgniter\Boot::runCodeIgniter(Object(CodeIgniter\CodeIgniter))
11 FCPATH/index.php(56): CodeIgniter\Boot::bootWeb(Object(Config\Paths))
WARNING - 2025-10-15 13:42:58 --> [DEPRECATED] number_format(): Passing null to parameter #1 ($num) of type float is deprecated in APPPATH/Views/reporte/imprimir_kardex.php on line 129.
 1 APPPATH/Views/reporte/imprimir_kardex.php(129): number_format(null, 2, ',', '.')
 2 SYSTEMPATH/View/View.php(234): include('/home2/usoabumg/public_html/oruro.site/app/Views/reporte/imprimir_kardex.php')
 3 SYSTEMPATH/View/View.php(237): CodeIgniter\View\View->CodeIgniter\View\{closure}()
 4 SYSTEMPATH/Common.php(1171): CodeIgniter\View\View->render('reporte/imprimir_kardex', [], true)
 5 APPPATH/Controllers/Reporte.php(105): view('reporte/imprimir_kardex', [...])
 6 SYSTEMPATH/CodeIgniter.php(933): App\Controllers\Reporte->generar_kardex_producto()
 7 SYSTEMPATH/CodeIgniter.php(509): CodeIgniter\CodeIgniter->runController(Object(App\Controllers\Reporte))
 8 SYSTEMPATH/CodeIgniter.php(355): CodeIgniter\CodeIgniter->handleRequest(null, Object(Config\Cache), false)
 9 SYSTEMPATH/Boot.php(325): CodeIgniter\CodeIgniter->run()
10 SYSTEMPATH/Boot.php(67): CodeIgniter\Boot::runCodeIgniter(Object(CodeIgniter\CodeIgniter))
11 FCPATH/index.php(56): CodeIgniter\Boot::bootWeb(Object(Config\Paths))
WARNING - 2025-10-15 13:42:58 --> [DEPRECATED] number_format(): Passing null to parameter #1 ($num) of type float is deprecated in APPPATH/Views/reporte/imprimir_kardex.php on line 132.
 1 APPPATH/Views/reporte/imprimir_kardex.php(132): number_format(null, 2, ',', '.')
 2 SYSTEMPATH/View/View.php(234): include('/home2/usoabumg/public_html/oruro.site/app/Views/reporte/imprimir_kardex.php')
 3 SYSTEMPATH/View/View.php(237): CodeIgniter\View\View->CodeIgniter\View\{closure}()
 4 SYSTEMPATH/Common.php(1171): CodeIgniter\View\View->render('reporte/imprimir_kardex', [], true)
 5 APPPATH/Controllers/Reporte.php(105): view('reporte/imprimir_kardex', [...])
 6 SYSTEMPATH/CodeIgniter.php(933): App\Controllers\Reporte->generar_kardex_producto()
 7 SYSTEMPATH/CodeIgniter.php(509): CodeIgniter\CodeIgniter->runController(Object(App\Controllers\Reporte))
 8 SYSTEMPATH/CodeIgniter.php(355): CodeIgniter\CodeIgniter->handleRequest(null, Object(Config\Cache), false)
 9 SYSTEMPATH/Boot.php(325): CodeIgniter\CodeIgniter->run()
10 SYSTEMPATH/Boot.php(67): CodeIgniter\Boot::runCodeIgniter(Object(CodeIgniter\CodeIgniter))
11 FCPATH/index.php(56): CodeIgniter\Boot::bootWeb(Object(Config\Paths))
INFO - 2025-10-15 13:43:00 --> Session: Class initialized using 'CodeIgniter\Session\Handlers\FileHandler' driver.
INFO - 2025-10-15 13:45:21 --> Session: Class initialized using 'CodeIgniter\Session\Handlers\FileHandler' driver.
INFO - 2025-10-15 13:45:46 --> CSRF token verified.
INFO - 2025-10-15 13:45:47 --> Session: Class initialized using 'CodeIgniter\Session\Handlers\FileHandler' driver.
INFO - 2025-10-15 13:45:47 --> CSRF token verified.
INFO - 2025-10-15 13:45:48 --> Session: Class initialized using 'CodeIgniter\Session\Handlers\FileHandler' driver.
INFO - 2025-10-15 13:45:48 --> Session: Class initialized using 'CodeIgniter\Session\Handlers\FileHandler' driver.
INFO - 2025-10-15 13:48:10 --> Session: Class initialized using 'CodeIgniter\Session\Handlers\FileHandler' driver.
INFO - 2025-10-15 13:48:12 --> Session: Class initialized using 'CodeIgniter\Session\Handlers\FileHandler' driver.
INFO - 2025-10-15 13:48:13 --> Session: Class initialized using 'CodeIgniter\Session\Handlers\FileHandler' driver.
INFO - 2025-10-15 13:50:04 --> Session: Class initialized using 'CodeIgniter\Session\Handlers\FileHandler' driver.
INFO - 2025-10-15 13:50:05 --> Session: Class initialized using 'CodeIgniter\Session\Handlers\FileHandler' driver.
INFO - 2025-10-15 13:50:06 --> Session: Class initialized using 'CodeIgniter\Session\Handlers\FileHandler' driver.
INFO - 2025-10-15 13:52:20 --> Session: Class initialized using 'CodeIgniter\Session\Handlers\FileHandler' driver.
CRITICAL - 2025-10-15 13:52:20 --> ErrorException: Trying to access array offset on value of type null
[Method: GET, Route: items_orden/820]
in APPPATH/Controllers/ItemsOrden.php on line 17.
 1 APPPATH/Controllers/ItemsOrden.php(17): CodeIgniter\Debug\Exceptions->errorHandler(2, 'Trying to access array offset on value of type null', '/home2/usoabumg/public_html/oruro.site/app/Controllers/ItemsOrden.php', 17)
 2 SYSTEMPATH/CodeIgniter.php(903): App\Controllers\ItemsOrden->__construct()
 3 SYSTEMPATH/CodeIgniter.php(500): CodeIgniter\CodeIgniter->createController()
 4 SYSTEMPATH/CodeIgniter.php(355): CodeIgniter\CodeIgniter->handleRequest(null, Object(Config\Cache), false)
 5 SYSTEMPATH/Boot.php(325): CodeIgniter\CodeIgniter->run()
 6 SYSTEMPATH/Boot.php(67): CodeIgniter\Boot::runCodeIgniter(Object(CodeIgniter\CodeIgniter))
 7 FCPATH/index.php(56): CodeIgniter\Boot::bootWeb(Object(Config\Paths))
INFO - 2025-10-15 13:52:21 --> Session: Class initialized using 'CodeIgniter\Session\Handlers\FileHandler' driver.
INFO - 2025-10-15 13:52:29 --> Session: Class initialized using 'CodeIgniter\Session\Handlers\FileHandler' driver.
CRITICAL - 2025-10-15 13:52:29 --> ErrorException: Trying to access array offset on value of type null
[Method: GET, Route: orden]
in APPPATH/Controllers/Orden.php on line 18.
 1 APPPATH/Controllers/Orden.php(18): CodeIgniter\Debug\Exceptions->errorHandler(2, 'Trying to access array offset on value of type null', '/home2/usoabumg/public_html/oruro.site/app/Controllers/Orden.php', 18)
 2 SYSTEMPATH/CodeIgniter.php(903): App\Controllers\Orden->__construct()
 3 SYSTEMPATH/CodeIgniter.php(500): CodeIgniter\CodeIgniter->createController()
 4 SYSTEMPATH/CodeIgniter.php(355): CodeIgniter\CodeIgniter->handleRequest(null, Object(Config\Cache), false)
 5 SYSTEMPATH/Boot.php(325): CodeIgniter\CodeIgniter->run()
 6 SYSTEMPATH/Boot.php(67): CodeIgniter\Boot::runCodeIgniter(Object(CodeIgniter\CodeIgniter))
 7 FCPATH/index.php(56): CodeIgniter\Boot::bootWeb(Object(Config\Paths))
INFO - 2025-10-15 13:52:31 --> Session: Class initialized using 'CodeIgniter\Session\Handlers\FileHandler' driver.
INFO - 2025-10-15 13:54:48 --> Session: Class initialized using 'CodeIgniter\Session\Handlers\FileHandler' driver.
INFO - 2025-10-15 13:54:49 --> Session: Class initialized using 'CodeIgniter\Session\Handlers\FileHandler' driver.
INFO - 2025-10-15 13:54:51 --> Session: Class initialized using 'CodeIgniter\Session\Handlers\FileHandler' driver.
INFO - 2025-10-15 14:04:12 --> Session: Class initialized using 'CodeIgniter\Session\Handlers\FileHandler' driver.
INFO - 2025-10-15 14:04:45 --> Session: Class initialized using 'CodeIgniter\Session\Handlers\FileHandler' driver.
INFO - 2025-10-15 14:04:46 --> Session: Class initialized using 'CodeIgniter\Session\Handlers\FileHandler' driver.
INFO - 2025-10-15 14:04:47 --> Session: Class initialized using 'CodeIgniter\Session\Handlers\FileHandler' driver.
INFO - 2025-10-15 14:08:24 --> Session: Class initialized using 'CodeIgniter\Session\Handlers\FileHandler' driver.
INFO - 2025-10-15 14:08:26 --> Session: Class initialized using 'CodeIgniter\Session\Handlers\FileHandler' driver.
INFO - 2025-10-15 14:08:27 --> Session: Class initialized using 'CodeIgniter\Session\Handlers\FileHandler' driver.
INFO - 2025-10-15 14:12:12 --> Session: Class initialized using 'CodeIgniter\Session\Handlers\FileHandler' driver.
INFO - 2025-10-15 14:12:12 --> Session: Class initialized using 'CodeIgniter\Session\Handlers\FileHandler' driver.
INFO - 2025-10-15 14:12:14 --> Session: Class initialized using 'CodeIgniter\Session\Handlers\FileHandler' driver.
INFO - 2025-10-15 14:16:35 --> Session: Class initialized using 'CodeIgniter\Session\Handlers\FileHandler' driver.
INFO - 2025-10-15 14:16:49 --> CSRF token verified.
INFO - 2025-10-15 14:16:50 --> Session: Class initialized using 'CodeIgniter\Session\Handlers\FileHandler' driver.
INFO - 2025-10-15 14:16:51 --> Session: Class initialized using 'CodeIgniter\Session\Handlers\FileHandler' driver.
INFO - 2025-10-15 14:28:44 --> Session: Class initialized using 'CodeIgniter\Session\Handlers\FileHandler' driver.
INFO - 2025-10-15 14:28:49 --> Session: Class initialized using 'CodeIgniter\Session\Handlers\FileHandler' driver.
INFO - 2025-10-15 14:28:51 --> Session: Class initialized using 'CodeIgniter\Session\Handlers\FileHandler' driver.
INFO - 2025-10-15 14:31:14 --> Session: Class initialized using 'CodeIgniter\Session\Handlers\FileHandler' driver.
INFO - 2025-10-15 14:31:21 --> Session: Class initialized using 'CodeIgniter\Session\Handlers\FileHandler' driver.
INFO - 2025-10-15 14:31:26 --> Session: Class initialized using 'CodeIgniter\Session\Handlers\FileHandler' driver.
INFO - 2025-10-15 14:31:56 --> Session: Class initialized using 'CodeIgniter\Session\Handlers\FileHandler' driver.
INFO - 2025-10-15 14:31:59 --> Session: Class initialized using 'CodeIgniter\Session\Handlers\FileHandler' driver.
INFO - 2025-10-15 14:32:10 --> Session: Class initialized using 'CodeIgniter\Session\Handlers\FileHandler' driver.
INFO - 2025-10-15 14:32:13 --> Session: Class initialized using 'CodeIgniter\Session\Handlers\FileHandler' driver.
INFO - 2025-10-15 14:32:46 --> Session: Class initialized using 'CodeIgniter\Session\Handlers\FileHandler' driver.
INFO - 2025-10-15 14:32:47 --> Session: Class initialized using 'CodeIgniter\Session\Handlers\FileHandler' driver.
INFO - 2025-10-15 15:02:25 --> Session: Class initialized using 'CodeIgniter\Session\Handlers\FileHandler' driver.
INFO - 2025-10-15 15:02:27 --> Session: Class initialized using 'CodeIgniter\Session\Handlers\FileHandler' driver.
INFO - 2025-10-15 15:05:08 --> Session: Class initialized using 'CodeIgniter\Session\Handlers\FileHandler' driver.
INFO - 2025-10-15 15:05:10 --> Session: Class initialized using 'CodeIgniter\Session\Handlers\FileHandler' driver.
INFO - 2025-10-15 15:05:11 --> Session: Class initialized using 'CodeIgniter\Session\Handlers\FileHandler' driver.
INFO - 2025-10-15 15:06:41 --> Session: Class initialized using 'CodeIgniter\Session\Handlers\FileHandler' driver.
INFO - 2025-10-15 15:06:56 --> Session: Class initialized using 'CodeIgniter\Session\Handlers\FileHandler' driver.
INFO - 2025-10-15 15:06:57 --> Session: Class initialized using 'CodeIgniter\Session\Handlers\FileHandler' driver.
INFO - 2025-10-15 15:09:30 --> Session: Class initialized using 'CodeIgniter\Session\Handlers\FileHandler' driver.
INFO - 2025-10-15 15:09:31 --> Session: Class initialized using 'CodeIgniter\Session\Handlers\FileHandler' driver.
INFO - 2025-10-15 15:09:40 --> Session: Class initialized using 'CodeIgniter\Session\Handlers\FileHandler' driver.
INFO - 2025-10-15 15:09:41 --> Session: Class initialized using 'CodeIgniter\Session\Handlers\FileHandler' driver.
INFO - 2025-10-15 15:09:43 --> Session: Class initialized using 'CodeIgniter\Session\Handlers\FileHandler' driver.
INFO - 2025-10-15 15:13:29 --> Session: Class initialized using 'CodeIgniter\Session\Handlers\FileHandler' driver.
INFO - 2025-10-15 15:13:30 --> Session: Class initialized using 'CodeIgniter\Session\Handlers\FileHandler' driver.
INFO - 2025-10-15 15:13:32 --> Session: Class initialized using 'CodeIgniter\Session\Handlers\FileHandler' driver.
INFO - 2025-10-15 15:15:28 --> Session: Class initialized using 'CodeIgniter\Session\Handlers\FileHandler' driver.
INFO - 2025-10-15 15:15:30 --> Session: Class initialized using 'CodeIgniter\Session\Handlers\FileHandler' driver.
INFO - 2025-10-15 15:23:52 --> Session: Class initialized using 'CodeIgniter\Session\Handlers\FileHandler' driver.
INFO - 2025-10-15 15:23:58 --> Session: Class initialized using 'CodeIgniter\Session\Handlers\FileHandler' driver.
INFO - 2025-10-15 15:23:59 --> Session: Class initialized using 'CodeIgniter\Session\Handlers\FileHandler' driver.
INFO - 2025-10-15 15:28:49 --> Session: Class initialized using 'CodeIgniter\Session\Handlers\FileHandler' driver.
INFO - 2025-10-15 15:28:50 --> Session: Class initialized using 'CodeIgniter\Session\Handlers\FileHandler' driver.
INFO - 2025-10-15 15:28:51 --> Session: Class initialized using 'CodeIgniter\Session\Handlers\FileHandler' driver.
INFO - 2025-10-15 15:32:57 --> Session: Class initialized using 'CodeIgniter\Session\Handlers\FileHandler' driver.
INFO - 2025-10-15 15:32:58 --> Session: Class initialized using 'CodeIgniter\Session\Handlers\FileHandler' driver.
INFO - 2025-10-15 15:32:59 --> Session: Class initialized using 'CodeIgniter\Session\Handlers\FileHandler' driver.
INFO - 2025-10-15 15:33:10 --> Session: Class initialized using 'CodeIgniter\Session\Handlers\FileHandler' driver.
INFO - 2025-10-15 15:33:25 --> CSRF token verified.
INFO - 2025-10-15 15:33:25 --> Session: Class initialized using 'CodeIgniter\Session\Handlers\FileHandler' driver.
WARNING - 2025-10-15 15:33:25 --> [DEPRECATED] number_format(): Passing null to parameter #1 ($num) of type float is deprecated in APPPATH/Views/reporte/imprimir_kardex.php on line 130.
 1 APPPATH/Views/reporte/imprimir_kardex.php(130): number_format(null, 2, ',', '.')
 2 SYSTEMPATH/View/View.php(234): include('/home2/usoabumg/public_html/oruro.site/app/Views/reporte/imprimir_kardex.php')
 3 SYSTEMPATH/View/View.php(237): CodeIgniter\View\View->CodeIgniter\View\{closure}()
 4 SYSTEMPATH/Common.php(1171): CodeIgniter\View\View->render('reporte/imprimir_kardex', [], true)
 5 APPPATH/Controllers/Reporte.php(105): view('reporte/imprimir_kardex', [...])
 6 SYSTEMPATH/CodeIgniter.php(933): App\Controllers\Reporte->generar_kardex_producto()
 7 SYSTEMPATH/CodeIgniter.php(509): CodeIgniter\CodeIgniter->runController(Object(App\Controllers\Reporte))
 8 SYSTEMPATH/CodeIgniter.php(355): CodeIgniter\CodeIgniter->handleRequest(null, Object(Config\Cache), false)
 9 SYSTEMPATH/Boot.php(325): CodeIgniter\CodeIgniter->run()
10 SYSTEMPATH/Boot.php(67): CodeIgniter\Boot::runCodeIgniter(Object(CodeIgniter\CodeIgniter))
11 FCPATH/index.php(56): CodeIgniter\Boot::bootWeb(Object(Config\Paths))
WARNING - 2025-10-15 15:33:25 --> [DEPRECATED] number_format(): Passing null to parameter #1 ($num) of type float is deprecated in APPPATH/Views/reporte/imprimir_kardex.php on line 133.
 1 APPPATH/Views/reporte/imprimir_kardex.php(133): number_format(null, 2, ',', '.')
 2 SYSTEMPATH/View/View.php(234): include('/home2/usoabumg/public_html/oruro.site/app/Views/reporte/imprimir_kardex.php')
 3 SYSTEMPATH/View/View.php(237): CodeIgniter\View\View->CodeIgniter\View\{closure}()
 4 SYSTEMPATH/Common.php(1171): CodeIgniter\View\View->render('reporte/imprimir_kardex', [], true)
 5 APPPATH/Controllers/Reporte.php(105): view('reporte/imprimir_kardex', [...])
 6 SYSTEMPATH/CodeIgniter.php(933): App\Controllers\Reporte->generar_kardex_producto()
 7 SYSTEMPATH/CodeIgniter.php(509): CodeIgniter\CodeIgniter->runController(Object(App\Controllers\Reporte))
 8 SYSTEMPATH/CodeIgniter.php(355): CodeIgniter\CodeIgniter->handleRequest(null, Object(Config\Cache), false)
 9 SYSTEMPATH/Boot.php(325): CodeIgniter\CodeIgniter->run()
10 SYSTEMPATH/Boot.php(67): CodeIgniter\Boot::runCodeIgniter(Object(CodeIgniter\CodeIgniter))
11 FCPATH/index.php(56): CodeIgniter\Boot::bootWeb(Object(Config\Paths))
WARNING - 2025-10-15 15:33:25 --> [DEPRECATED] number_format(): Passing null to parameter #1 ($num) of type float is deprecated in APPPATH/Views/reporte/imprimir_kardex.php on line 129.
 1 APPPATH/Views/reporte/imprimir_kardex.php(129): number_format(null, 2, ',', '.')
 2 SYSTEMPATH/View/View.php(234): include('/home2/usoabumg/public_html/oruro.site/app/Views/reporte/imprimir_kardex.php')
 3 SYSTEMPATH/View/View.php(237): CodeIgniter\View\View->CodeIgniter\View\{closure}()
 4 SYSTEMPATH/Common.php(1171): CodeIgniter\View\View->render('reporte/imprimir_kardex', [], true)
 5 APPPATH/Controllers/Reporte.php(105): view('reporte/imprimir_kardex', [...])
 6 SYSTEMPATH/CodeIgniter.php(933): App\Controllers\Reporte->generar_kardex_producto()
 7 SYSTEMPATH/CodeIgniter.php(509): CodeIgniter\CodeIgniter->runController(Object(App\Controllers\Reporte))
 8 SYSTEMPATH/CodeIgniter.php(355): CodeIgniter\CodeIgniter->handleRequest(null, Object(Config\Cache), false)
 9 SYSTEMPATH/Boot.php(325): CodeIgniter\CodeIgniter->run()
10 SYSTEMPATH/Boot.php(67): CodeIgniter\Boot::runCodeIgniter(Object(CodeIgniter\CodeIgniter))
11 FCPATH/index.php(56): CodeIgniter\Boot::bootWeb(Object(Config\Paths))
WARNING - 2025-10-15 15:33:25 --> [DEPRECATED] number_format(): Passing null to parameter #1 ($num) of type float is deprecated in APPPATH/Views/reporte/imprimir_kardex.php on line 132.
 1 APPPATH/Views/reporte/imprimir_kardex.php(132): number_format(null, 2, ',', '.')
 2 SYSTEMPATH/View/View.php(234): include('/home2/usoabumg/public_html/oruro.site/app/Views/reporte/imprimir_kardex.php')
 3 SYSTEMPATH/View/View.php(237): CodeIgniter\View\View->CodeIgniter\View\{closure}()
 4 SYSTEMPATH/Common.php(1171): CodeIgniter\View\View->render('reporte/imprimir_kardex', [], true)
 5 APPPATH/Controllers/Reporte.php(105): view('reporte/imprimir_kardex', [...])
 6 SYSTEMPATH/CodeIgniter.php(933): App\Controllers\Reporte->generar_kardex_producto()
 7 SYSTEMPATH/CodeIgniter.php(509): CodeIgniter\CodeIgniter->runController(Object(App\Controllers\Reporte))
 8 SYSTEMPATH/CodeIgniter.php(355): CodeIgniter\CodeIgniter->handleRequest(null, Object(Config\Cache), false)
 9 SYSTEMPATH/Boot.php(325): CodeIgniter\CodeIgniter->run()
10 SYSTEMPATH/Boot.php(67): CodeIgniter\Boot::runCodeIgniter(Object(CodeIgniter\CodeIgniter))
11 FCPATH/index.php(56): CodeIgniter\Boot::bootWeb(Object(Config\Paths))
INFO - 2025-10-15 15:33:26 --> Session: Class initialized using 'CodeIgniter\Session\Handlers\FileHandler' driver.
INFO - 2025-10-15 15:34:32 --> Session: Class initialized using 'CodeIgniter\Session\Handlers\FileHandler' driver.
INFO - 2025-10-15 15:34:49 --> CSRF token verified.
INFO - 2025-10-15 15:34:49 --> Session: Class initialized using 'CodeIgniter\Session\Handlers\FileHandler' driver.
WARNING - 2025-10-15 15:34:49 --> [DEPRECATED] number_format(): Passing null to parameter #1 ($num) of type float is deprecated in APPPATH/Views/reporte/imprimir_kardex.php on line 130.
 1 APPPATH/Views/reporte/imprimir_kardex.php(130): number_format(null, 2, ',', '.')
 2 SYSTEMPATH/View/View.php(234): include('/home2/usoabumg/public_html/oruro.site/app/Views/reporte/imprimir_kardex.php')
 3 SYSTEMPATH/View/View.php(237): CodeIgniter\View\View->CodeIgniter\View\{closure}()
 4 SYSTEMPATH/Common.php(1171): CodeIgniter\View\View->render('reporte/imprimir_kardex', [], true)
 5 APPPATH/Controllers/Reporte.php(105): view('reporte/imprimir_kardex', [...])
 6 SYSTEMPATH/CodeIgniter.php(933): App\Controllers\Reporte->generar_kardex_producto()
 7 SYSTEMPATH/CodeIgniter.php(509): CodeIgniter\CodeIgniter->runController(Object(App\Controllers\Reporte))
 8 SYSTEMPATH/CodeIgniter.php(355): CodeIgniter\CodeIgniter->handleRequest(null, Object(Config\Cache), false)
 9 SYSTEMPATH/Boot.php(325): CodeIgniter\CodeIgniter->run()
10 SYSTEMPATH/Boot.php(67): CodeIgniter\Boot::runCodeIgniter(Object(CodeIgniter\CodeIgniter))
11 FCPATH/index.php(56): CodeIgniter\Boot::bootWeb(Object(Config\Paths))
WARNING - 2025-10-15 15:34:49 --> [DEPRECATED] number_format(): Passing null to parameter #1 ($num) of type float is deprecated in APPPATH/Views/reporte/imprimir_kardex.php on line 133.
 1 APPPATH/Views/reporte/imprimir_kardex.php(133): number_format(null, 2, ',', '.')
 2 SYSTEMPATH/View/View.php(234): include('/home2/usoabumg/public_html/oruro.site/app/Views/reporte/imprimir_kardex.php')
 3 SYSTEMPATH/View/View.php(237): CodeIgniter\View\View->CodeIgniter\View\{closure}()
 4 SYSTEMPATH/Common.php(1171): CodeIgniter\View\View->render('reporte/imprimir_kardex', [], true)
 5 APPPATH/Controllers/Reporte.php(105): view('reporte/imprimir_kardex', [...])
 6 SYSTEMPATH/CodeIgniter.php(933): App\Controllers\Reporte->generar_kardex_producto()
 7 SYSTEMPATH/CodeIgniter.php(509): CodeIgniter\CodeIgniter->runController(Object(App\Controllers\Reporte))
 8 SYSTEMPATH/CodeIgniter.php(355): CodeIgniter\CodeIgniter->handleRequest(null, Object(Config\Cache), false)
 9 SYSTEMPATH/Boot.php(325): CodeIgniter\CodeIgniter->run()
10 SYSTEMPATH/Boot.php(67): CodeIgniter\Boot::runCodeIgniter(Object(CodeIgniter\CodeIgniter))
11 FCPATH/index.php(56): CodeIgniter\Boot::bootWeb(Object(Config\Paths))
WARNING - 2025-10-15 15:34:49 --> [DEPRECATED] number_format(): Passing null to parameter #1 ($num) of type float is deprecated in APPPATH/Views/reporte/imprimir_kardex.php on line 129.
 1 APPPATH/Views/reporte/imprimir_kardex.php(129): number_format(null, 2, ',', '.')
 2 SYSTEMPATH/View/View.php(234): include('/home2/usoabumg/public_html/oruro.site/app/Views/reporte/imprimir_kardex.php')
 3 SYSTEMPATH/View/View.php(237): CodeIgniter\View\View->CodeIgniter\View\{closure}()
 4 SYSTEMPATH/Common.php(1171): CodeIgniter\View\View->render('reporte/imprimir_kardex', [], true)
 5 APPPATH/Controllers/Reporte.php(105): view('reporte/imprimir_kardex', [...])
 6 SYSTEMPATH/CodeIgniter.php(933): App\Controllers\Reporte->generar_kardex_producto()
 7 SYSTEMPATH/CodeIgniter.php(509): CodeIgniter\CodeIgniter->runController(Object(App\Controllers\Reporte))
 8 SYSTEMPATH/CodeIgniter.php(355): CodeIgniter\CodeIgniter->handleRequest(null, Object(Config\Cache), false)
 9 SYSTEMPATH/Boot.php(325): CodeIgniter\CodeIgniter->run()
10 SYSTEMPATH/Boot.php(67): CodeIgniter\Boot::runCodeIgniter(Object(CodeIgniter\CodeIgniter))
11 FCPATH/index.php(56): CodeIgniter\Boot::bootWeb(Object(Config\Paths))
WARNING - 2025-10-15 15:34:49 --> [DEPRECATED] number_format(): Passing null to parameter #1 ($num) of type float is deprecated in APPPATH/Views/reporte/imprimir_kardex.php on line 132.
 1 APPPATH/Views/reporte/imprimir_kardex.php(132): number_format(null, 2, ',', '.')
 2 SYSTEMPATH/View/View.php(234): include('/home2/usoabumg/public_html/oruro.site/app/Views/reporte/imprimir_kardex.php')
 3 SYSTEMPATH/View/View.php(237): CodeIgniter\View\View->CodeIgniter\View\{closure}()
 4 SYSTEMPATH/Common.php(1171): CodeIgniter\View\View->render('reporte/imprimir_kardex', [], true)
 5 APPPATH/Controllers/Reporte.php(105): view('reporte/imprimir_kardex', [...])
 6 SYSTEMPATH/CodeIgniter.php(933): App\Controllers\Reporte->generar_kardex_producto()
 7 SYSTEMPATH/CodeIgniter.php(509): CodeIgniter\CodeIgniter->runController(Object(App\Controllers\Reporte))
 8 SYSTEMPATH/CodeIgniter.php(355): CodeIgniter\CodeIgniter->handleRequest(null, Object(Config\Cache), false)
 9 SYSTEMPATH/Boot.php(325): CodeIgniter\CodeIgniter->run()
10 SYSTEMPATH/Boot.php(67): CodeIgniter\Boot::runCodeIgniter(Object(CodeIgniter\CodeIgniter))
11 FCPATH/index.php(56): CodeIgniter\Boot::bootWeb(Object(Config\Paths))
WARNING - 2025-10-15 15:34:49 --> [DEPRECATED] number_format(): Passing null to parameter #1 ($num) of type float is deprecated in APPPATH/Views/reporte/imprimir_kardex.php on line 129.
 1 APPPATH/Views/reporte/imprimir_kardex.php(129): number_format(null, 2, ',', '.')
 2 SYSTEMPATH/View/View.php(234): include('/home2/usoabumg/public_html/oruro.site/app/Views/reporte/imprimir_kardex.php')
 3 SYSTEMPATH/View/View.php(237): CodeIgniter\View\View->CodeIgniter\View\{closure}()
 4 SYSTEMPATH/Common.php(1171): CodeIgniter\View\View->render('reporte/imprimir_kardex', [], true)
 5 APPPATH/Controllers/Reporte.php(105): view('reporte/imprimir_kardex', [...])
 6 SYSTEMPATH/CodeIgniter.php(933): App\Controllers\Reporte->generar_kardex_producto()
 7 SYSTEMPATH/CodeIgniter.php(509): CodeIgniter\CodeIgniter->runController(Object(App\Controllers\Reporte))
 8 SYSTEMPATH/CodeIgniter.php(355): CodeIgniter\CodeIgniter->handleRequest(null, Object(Config\Cache), false)
 9 SYSTEMPATH/Boot.php(325): CodeIgniter\CodeIgniter->run()
10 SYSTEMPATH/Boot.php(67): CodeIgniter\Boot::runCodeIgniter(Object(CodeIgniter\CodeIgniter))
11 FCPATH/index.php(56): CodeIgniter\Boot::bootWeb(Object(Config\Paths))
WARNING - 2025-10-15 15:34:49 --> [DEPRECATED] number_format(): Passing null to parameter #1 ($num) of type float is deprecated in APPPATH/Views/reporte/imprimir_kardex.php on line 132.
 1 APPPATH/Views/reporte/imprimir_kardex.php(132): number_format(null, 2, ',', '.')
 2 SYSTEMPATH/View/View.php(234): include('/home2/usoabumg/public_html/oruro.site/app/Views/reporte/imprimir_kardex.php')
 3 SYSTEMPATH/View/View.php(237): CodeIgniter\View\View->CodeIgniter\View\{closure}()
 4 SYSTEMPATH/Common.php(1171): CodeIgniter\View\View->render('reporte/imprimir_kardex', [], true)
 5 APPPATH/Controllers/Reporte.php(105): view('reporte/imprimir_kardex', [...])
 6 SYSTEMPATH/CodeIgniter.php(933): App\Controllers\Reporte->generar_kardex_producto()
 7 SYSTEMPATH/CodeIgniter.php(509): CodeIgniter\CodeIgniter->runController(Object(App\Controllers\Reporte))
 8 SYSTEMPATH/CodeIgniter.php(355): CodeIgniter\CodeIgniter->handleRequest(null, Object(Config\Cache), false)
 9 SYSTEMPATH/Boot.php(325): CodeIgniter\CodeIgniter->run()
10 SYSTEMPATH/Boot.php(67): CodeIgniter\Boot::runCodeIgniter(Object(CodeIgniter\CodeIgniter))
11 FCPATH/index.php(56): CodeIgniter\Boot::bootWeb(Object(Config\Paths))
WARNING - 2025-10-15 15:34:49 --> [DEPRECATED] number_format(): Passing null to parameter #1 ($num) of type float is deprecated in APPPATH/Views/reporte/imprimir_kardex.php on line 129.
 1 APPPATH/Views/reporte/imprimir_kardex.php(129): number_format(null, 2, ',', '.')
 2 SYSTEMPATH/View/View.php(234): include('/home2/usoabumg/public_html/oruro.site/app/Views/reporte/imprimir_kardex.php')
 3 SYSTEMPATH/View/View.php(237): CodeIgniter\View\View->CodeIgniter\View\{closure}()
 4 SYSTEMPATH/Common.php(1171): CodeIgniter\View\View->render('reporte/imprimir_kardex', [], true)
 5 APPPATH/Controllers/Reporte.php(105): view('reporte/imprimir_kardex', [...])
 6 SYSTEMPATH/CodeIgniter.php(933): App\Controllers\Reporte->generar_kardex_producto()
 7 SYSTEMPATH/CodeIgniter.php(509): CodeIgniter\CodeIgniter->runController(Object(App\Controllers\Reporte))
 8 SYSTEMPATH/CodeIgniter.php(355): CodeIgniter\CodeIgniter->handleRequest(null, Object(Config\Cache), false)
 9 SYSTEMPATH/Boot.php(325): CodeIgniter\CodeIgniter->run()
10 SYSTEMPATH/Boot.php(67): CodeIgniter\Boot::runCodeIgniter(Object(CodeIgniter\CodeIgniter))
11 FCPATH/index.php(56): CodeIgniter\Boot::bootWeb(Object(Config\Paths))
WARNING - 2025-10-15 15:34:49 --> [DEPRECATED] number_format(): Passing null to parameter #1 ($num) of type float is deprecated in APPPATH/Views/reporte/imprimir_kardex.php on line 132.
 1 APPPATH/Views/reporte/imprimir_kardex.php(132): number_format(null, 2, ',', '.')
 2 SYSTEMPATH/View/View.php(234): include('/home2/usoabumg/public_html/oruro.site/app/Views/reporte/imprimir_kardex.php')
 3 SYSTEMPATH/View/View.php(237): CodeIgniter\View\View->CodeIgniter\View\{closure}()
 4 SYSTEMPATH/Common.php(1171): CodeIgniter\View\View->render('reporte/imprimir_kardex', [], true)
 5 APPPATH/Controllers/Reporte.php(105): view('reporte/imprimir_kardex', [...])
 6 SYSTEMPATH/CodeIgniter.php(933): App\Controllers\Reporte->generar_kardex_producto()
 7 SYSTEMPATH/CodeIgniter.php(509): CodeIgniter\CodeIgniter->runController(Object(App\Controllers\Reporte))
 8 SYSTEMPATH/CodeIgniter.php(355): CodeIgniter\CodeIgniter->handleRequest(null, Object(Config\Cache), false)
 9 SYSTEMPATH/Boot.php(325): CodeIgniter\CodeIgniter->run()
10 SYSTEMPATH/Boot.php(67): CodeIgniter\Boot::runCodeIgniter(Object(CodeIgniter\CodeIgniter))
11 FCPATH/index.php(56): CodeIgniter\Boot::bootWeb(Object(Config\Paths))
WARNING - 2025-10-15 15:34:49 --> [DEPRECATED] number_format(): Passing null to parameter #1 ($num) of type float is deprecated in APPPATH/Views/reporte/imprimir_kardex.php on line 129.
 1 APPPATH/Views/reporte/imprimir_kardex.php(129): number_format(null, 2, ',', '.')
 2 SYSTEMPATH/View/View.php(234): include('/home2/usoabumg/public_html/oruro.site/app/Views/reporte/imprimir_kardex.php')
 3 SYSTEMPATH/View/View.php(237): CodeIgniter\View\View->CodeIgniter\View\{closure}()
 4 SYSTEMPATH/Common.php(1171): CodeIgniter\View\View->render('reporte/imprimir_kardex', [], true)
 5 APPPATH/Controllers/Reporte.php(105): view('reporte/imprimir_kardex', [...])
 6 SYSTEMPATH/CodeIgniter.php(933): App\Controllers\Reporte->generar_kardex_producto()
 7 SYSTEMPATH/CodeIgniter.php(509): CodeIgniter\CodeIgniter->runController(Object(App\Controllers\Reporte))
 8 SYSTEMPATH/CodeIgniter.php(355): CodeIgniter\CodeIgniter->handleRequest(null, Object(Config\Cache), false)
 9 SYSTEMPATH/Boot.php(325): CodeIgniter\CodeIgniter->run()
10 SYSTEMPATH/Boot.php(67): CodeIgniter\Boot::runCodeIgniter(Object(CodeIgniter\CodeIgniter))
11 FCPATH/index.php(56): CodeIgniter\Boot::bootWeb(Object(Config\Paths))
WARNING - 2025-10-15 15:34:49 --> [DEPRECATED] number_format(): Passing null to parameter #1 ($num) of type float is deprecated in APPPATH/Views/reporte/imprimir_kardex.php on line 132.
 1 APPPATH/Views/reporte/imprimir_kardex.php(132): number_format(null, 2, ',', '.')
 2 SYSTEMPATH/View/View.php(234): include('/home2/usoabumg/public_html/oruro.site/app/Views/reporte/imprimir_kardex.php')
 3 SYSTEMPATH/View/View.php(237): CodeIgniter\View\View->CodeIgniter\View\{closure}()
 4 SYSTEMPATH/Common.php(1171): CodeIgniter\View\View->render('reporte/imprimir_kardex', [], true)
 5 APPPATH/Controllers/Reporte.php(105): view('reporte/imprimir_kardex', [...])
 6 SYSTEMPATH/CodeIgniter.php(933): App\Controllers\Reporte->generar_kardex_producto()
 7 SYSTEMPATH/CodeIgniter.php(509): CodeIgniter\CodeIgniter->runController(Object(App\Controllers\Reporte))
 8 SYSTEMPATH/CodeIgniter.php(355): CodeIgniter\CodeIgniter->handleRequest(null, Object(Config\Cache), false)
 9 SYSTEMPATH/Boot.php(325): CodeIgniter\CodeIgniter->run()
10 SYSTEMPATH/Boot.php(67): CodeIgniter\Boot::runCodeIgniter(Object(CodeIgniter\CodeIgniter))
11 FCPATH/index.php(56): CodeIgniter\Boot::bootWeb(Object(Config\Paths))
WARNING - 2025-10-15 15:34:49 --> [DEPRECATED] number_format(): Passing null to parameter #1 ($num) of type float is deprecated in APPPATH/Views/reporte/imprimir_kardex.php on line 129.
 1 APPPATH/Views/reporte/imprimir_kardex.php(129): number_format(null, 2, ',', '.')
 2 SYSTEMPATH/View/View.php(234): include('/home2/usoabumg/public_html/oruro.site/app/Views/reporte/imprimir_kardex.php')
 3 SYSTEMPATH/View/View.php(237): CodeIgniter\View\View->CodeIgniter\View\{closure}()
 4 SYSTEMPATH/Common.php(1171): CodeIgniter\View\View->render('reporte/imprimir_kardex', [], true)
 5 APPPATH/Controllers/Reporte.php(105): view('reporte/imprimir_kardex', [...])
 6 SYSTEMPATH/CodeIgniter.php(933): App\Controllers\Reporte->generar_kardex_producto()
 7 SYSTEMPATH/CodeIgniter.php(509): CodeIgniter\CodeIgniter->runController(Object(App\Controllers\Reporte))
 8 SYSTEMPATH/CodeIgniter.php(355): CodeIgniter\CodeIgniter->handleRequest(null, Object(Config\Cache), false)
 9 SYSTEMPATH/Boot.php(325): CodeIgniter\CodeIgniter->run()
10 SYSTEMPATH/Boot.php(67): CodeIgniter\Boot::runCodeIgniter(Object(CodeIgniter\CodeIgniter))
11 FCPATH/index.php(56): CodeIgniter\Boot::bootWeb(Object(Config\Paths))
WARNING - 2025-10-15 15:34:49 --> [DEPRECATED] number_format(): Passing null to parameter #1 ($num) of type float is deprecated in APPPATH/Views/reporte/imprimir_kardex.php on line 132.
 1 APPPATH/Views/reporte/imprimir_kardex.php(132): number_format(null, 2, ',', '.')
 2 SYSTEMPATH/View/View.php(234): include('/home2/usoabumg/public_html/oruro.site/app/Views/reporte/imprimir_kardex.php')
 3 SYSTEMPATH/View/View.php(237): CodeIgniter\View\View->CodeIgniter\View\{closure}()
 4 SYSTEMPATH/Common.php(1171): CodeIgniter\View\View->render('reporte/imprimir_kardex', [], true)
 5 APPPATH/Controllers/Reporte.php(105): view('reporte/imprimir_kardex', [...])
 6 SYSTEMPATH/CodeIgniter.php(933): App\Controllers\Reporte->generar_kardex_producto()
 7 SYSTEMPATH/CodeIgniter.php(509): CodeIgniter\CodeIgniter->runController(Object(App\Controllers\Reporte))
 8 SYSTEMPATH/CodeIgniter.php(355): CodeIgniter\CodeIgniter->handleRequest(null, Object(Config\Cache), false)
 9 SYSTEMPATH/Boot.php(325): CodeIgniter\CodeIgniter->run()
10 SYSTEMPATH/Boot.php(67): CodeIgniter\Boot::runCodeIgniter(Object(CodeIgniter\CodeIgniter))
11 FCPATH/index.php(56): CodeIgniter\Boot::bootWeb(Object(Config\Paths))
WARNING - 2025-10-15 15:34:49 --> [DEPRECATED] number_format(): Passing null to parameter #1 ($num) of type float is deprecated in APPPATH/Views/reporte/imprimir_kardex.php on line 130.
 1 APPPATH/Views/reporte/imprimir_kardex.php(130): number_format(null, 2, ',', '.')
 2 SYSTEMPATH/View/View.php(234): include('/home2/usoabumg/public_html/oruro.site/app/Views/reporte/imprimir_kardex.php')
 3 SYSTEMPATH/View/View.php(237): CodeIgniter\View\View->CodeIgniter\View\{closure}()
 4 SYSTEMPATH/Common.php(1171): CodeIgniter\View\View->render('reporte/imprimir_kardex', [], true)
 5 APPPATH/Controllers/Reporte.php(105): view('reporte/imprimir_kardex', [...])
 6 SYSTEMPATH/CodeIgniter.php(933): App\Controllers\Reporte->generar_kardex_producto()
 7 SYSTEMPATH/CodeIgniter.php(509): CodeIgniter\CodeIgniter->runController(Object(App\Controllers\Reporte))
 8 SYSTEMPATH/CodeIgniter.php(355): CodeIgniter\CodeIgniter->handleRequest(null, Object(Config\Cache), false)
 9 SYSTEMPATH/Boot.php(325): CodeIgniter\CodeIgniter->run()
10 SYSTEMPATH/Boot.php(67): CodeIgniter\Boot::runCodeIgniter(Object(CodeIgniter\CodeIgniter))
11 FCPATH/index.php(56): CodeIgniter\Boot::bootWeb(Object(Config\Paths))
WARNING - 2025-10-15 15:34:49 --> [DEPRECATED] number_format(): Passing null to parameter #1 ($num) of type float is deprecated in APPPATH/Views/reporte/imprimir_kardex.php on line 133.
 1 APPPATH/Views/reporte/imprimir_kardex.php(133): number_format(null, 2, ',', '.')
 2 SYSTEMPATH/View/View.php(234): include('/home2/usoabumg/public_html/oruro.site/app/Views/reporte/imprimir_kardex.php')
 3 SYSTEMPATH/View/View.php(237): CodeIgniter\View\View->CodeIgniter\View\{closure}()
 4 SYSTEMPATH/Common.php(1171): CodeIgniter\View\View->render('reporte/imprimir_kardex', [], true)
 5 APPPATH/Controllers/Reporte.php(105): view('reporte/imprimir_kardex', [...])
 6 SYSTEMPATH/CodeIgniter.php(933): App\Controllers\Reporte->generar_kardex_producto()
 7 SYSTEMPATH/CodeIgniter.php(509): CodeIgniter\CodeIgniter->runController(Object(App\Controllers\Reporte))
 8 SYSTEMPATH/CodeIgniter.php(355): CodeIgniter\CodeIgniter->handleRequest(null, Object(Config\Cache), false)
 9 SYSTEMPATH/Boot.php(325): CodeIgniter\CodeIgniter->run()
10 SYSTEMPATH/Boot.php(67): CodeIgniter\Boot::runCodeIgniter(Object(CodeIgniter\CodeIgniter))
11 FCPATH/index.php(56): CodeIgniter\Boot::bootWeb(Object(Config\Paths))
WARNING - 2025-10-15 15:34:49 --> [DEPRECATED] number_format(): Passing null to parameter #1 ($num) of type float is deprecated in APPPATH/Views/reporte/imprimir_kardex.php on line 129.
 1 APPPATH/Views/reporte/imprimir_kardex.php(129): number_format(null, 2, ',', '.')
 2 SYSTEMPATH/View/View.php(234): include('/home2/usoabumg/public_html/oruro.site/app/Views/reporte/imprimir_kardex.php')
 3 SYSTEMPATH/View/View.php(237): CodeIgniter\View\View->CodeIgniter\View\{closure}()
 4 SYSTEMPATH/Common.php(1171): CodeIgniter\View\View->render('reporte/imprimir_kardex', [], true)
 5 APPPATH/Controllers/Reporte.php(105): view('reporte/imprimir_kardex', [...])
 6 SYSTEMPATH/CodeIgniter.php(933): App\Controllers\Reporte->generar_kardex_producto()
 7 SYSTEMPATH/CodeIgniter.php(509): CodeIgniter\CodeIgniter->runController(Object(App\Controllers\Reporte))
 8 SYSTEMPATH/CodeIgniter.php(355): CodeIgniter\CodeIgniter->handleRequest(null, Object(Config\Cache), false)
 9 SYSTEMPATH/Boot.php(325): CodeIgniter\CodeIgniter->run()
10 SYSTEMPATH/Boot.php(67): CodeIgniter\Boot::runCodeIgniter(Object(CodeIgniter\CodeIgniter))
11 FCPATH/index.php(56): CodeIgniter\Boot::bootWeb(Object(Config\Paths))
WARNING - 2025-10-15 15:34:49 --> [DEPRECATED] number_format(): Passing null to parameter #1 ($num) of type float is deprecated in APPPATH/Views/reporte/imprimir_kardex.php on line 132.
 1 APPPATH/Views/reporte/imprimir_kardex.php(132): number_format(null, 2, ',', '.')
 2 SYSTEMPATH/View/View.php(234): include('/home2/usoabumg/public_html/oruro.site/app/Views/reporte/imprimir_kardex.php')
 3 SYSTEMPATH/View/View.php(237): CodeIgniter\View\View->CodeIgniter\View\{closure}()
 4 SYSTEMPATH/Common.php(1171): CodeIgniter\View\View->render('reporte/imprimir_kardex', [], true)
 5 APPPATH/Controllers/Reporte.php(105): view('reporte/imprimir_kardex', [...])
 6 SYSTEMPATH/CodeIgniter.php(933): App\Controllers\Reporte->generar_kardex_producto()
 7 SYSTEMPATH/CodeIgniter.php(509): CodeIgniter\CodeIgniter->runController(Object(App\Controllers\Reporte))
 8 SYSTEMPATH/CodeIgniter.php(355): CodeIgniter\CodeIgniter->handleRequest(null, Object(Config\Cache), false)
 9 SYSTEMPATH/Boot.php(325): CodeIgniter\CodeIgniter->run()
10 SYSTEMPATH/Boot.php(67): CodeIgniter\Boot::runCodeIgniter(Object(CodeIgniter\CodeIgniter))
11 FCPATH/index.php(56): CodeIgniter\Boot::bootWeb(Object(Config\Paths))
WARNING - 2025-10-15 15:34:49 --> [DEPRECATED] number_format(): Passing null to parameter #1 ($num) of type float is deprecated in APPPATH/Views/reporte/imprimir_kardex.php on line 130.
 1 APPPATH/Views/reporte/imprimir_kardex.php(130): number_format(null, 2, ',', '.')
 2 SYSTEMPATH/View/View.php(234): include('/home2/usoabumg/public_html/oruro.site/app/Views/reporte/imprimir_kardex.php')
 3 SYSTEMPATH/View/View.php(237): CodeIgniter\View\View->CodeIgniter\View\{closure}()
 4 SYSTEMPATH/Common.php(1171): CodeIgniter\View\View->render('reporte/imprimir_kardex', [], true)
 5 APPPATH/Controllers/Reporte.php(105): view('reporte/imprimir_kardex', [...])
 6 SYSTEMPATH/CodeIgniter.php(933): App\Controllers\Reporte->generar_kardex_producto()
 7 SYSTEMPATH/CodeIgniter.php(509): CodeIgniter\CodeIgniter->runController(Object(App\Controllers\Reporte))
 8 SYSTEMPATH/CodeIgniter.php(355): CodeIgniter\CodeIgniter->handleRequest(null, Object(Config\Cache), false)
 9 SYSTEMPATH/Boot.php(325): CodeIgniter\CodeIgniter->run()
10 SYSTEMPATH/Boot.php(67): CodeIgniter\Boot::runCodeIgniter(Object(CodeIgniter\CodeIgniter))
11 FCPATH/index.php(56): CodeIgniter\Boot::bootWeb(Object(Config\Paths))
WARNING - 2025-10-15 15:34:49 --> [DEPRECATED] number_format(): Passing null to parameter #1 ($num) of type float is deprecated in APPPATH/Views/reporte/imprimir_kardex.php on line 133.
 1 APPPATH/Views/reporte/imprimir_kardex.php(133): number_format(null, 2, ',', '.')
 2 SYSTEMPATH/View/View.php(234): include('/home2/usoabumg/public_html/oruro.site/app/Views/reporte/imprimir_kardex.php')
 3 SYSTEMPATH/View/View.php(237): CodeIgniter\View\View->CodeIgniter\View\{closure}()
 4 SYSTEMPATH/Common.php(1171): CodeIgniter\View\View->render('reporte/imprimir_kardex', [], true)
 5 APPPATH/Controllers/Reporte.php(105): view('reporte/imprimir_kardex', [...])
 6 SYSTEMPATH/CodeIgniter.php(933): App\Controllers\Reporte->generar_kardex_producto()
 7 SYSTEMPATH/CodeIgniter.php(509): CodeIgniter\CodeIgniter->runController(Object(App\Controllers\Reporte))
 8 SYSTEMPATH/CodeIgniter.php(355): CodeIgniter\CodeIgniter->handleRequest(null, Object(Config\Cache), false)
 9 SYSTEMPATH/Boot.php(325): CodeIgniter\CodeIgniter->run()
10 SYSTEMPATH/Boot.php(67): CodeIgniter\Boot::runCodeIgniter(Object(CodeIgniter\CodeIgniter))
11 FCPATH/index.php(56): CodeIgniter\Boot::bootWeb(Object(Config\Paths))
WARNING - 2025-10-15 15:34:49 --> [DEPRECATED] number_format(): Passing null to parameter #1 ($num) of type float is deprecated in APPPATH/Views/reporte/imprimir_kardex.php on line 129.
 1 APPPATH/Views/reporte/imprimir_kardex.php(129): number_format(null, 2, ',', '.')
 2 SYSTEMPATH/View/View.php(234): include('/home2/usoabumg/public_html/oruro.site/app/Views/reporte/imprimir_kardex.php')
 3 SYSTEMPATH/View/View.php(237): CodeIgniter\View\View->CodeIgniter\View\{closure}()
 4 SYSTEMPATH/Common.php(1171): CodeIgniter\View\View->render('reporte/imprimir_kardex', [], true)
 5 APPPATH/Controllers/Reporte.php(105): view('reporte/imprimir_kardex', [...])
 6 SYSTEMPATH/CodeIgniter.php(933): App\Controllers\Reporte->generar_kardex_producto()
 7 SYSTEMPATH/CodeIgniter.php(509): CodeIgniter\CodeIgniter->runController(Object(App\Controllers\Reporte))
 8 SYSTEMPATH/CodeIgniter.php(355): CodeIgniter\CodeIgniter->handleRequest(null, Object(Config\Cache), false)
 9 SYSTEMPATH/Boot.php(325): CodeIgniter\CodeIgniter->run()
10 SYSTEMPATH/Boot.php(67): CodeIgniter\Boot::runCodeIgniter(Object(CodeIgniter\CodeIgniter))
11 FCPATH/index.php(56): CodeIgniter\Boot::bootWeb(Object(Config\Paths))
WARNING - 2025-10-15 15:34:49 --> [DEPRECATED] number_format(): Passing null to parameter #1 ($num) of type float is deprecated in APPPATH/Views/reporte/imprimir_kardex.php on line 132.
 1 APPPATH/Views/reporte/imprimir_kardex.php(132): number_format(null, 2, ',', '.')
 2 SYSTEMPATH/View/View.php(234): include('/home2/usoabumg/public_html/oruro.site/app/Views/reporte/imprimir_kardex.php')
 3 SYSTEMPATH/View/View.php(237): CodeIgniter\View\View->CodeIgniter\View\{closure}()
 4 SYSTEMPATH/Common.php(1171): CodeIgniter\View\View->render('reporte/imprimir_kardex', [], true)
 5 APPPATH/Controllers/Reporte.php(105): view('reporte/imprimir_kardex', [...])
 6 SYSTEMPATH/CodeIgniter.php(933): App\Controllers\Reporte->generar_kardex_producto()
 7 SYSTEMPATH/CodeIgniter.php(509): CodeIgniter\CodeIgniter->runController(Object(App\Controllers\Reporte))
 8 SYSTEMPATH/CodeIgniter.php(355): CodeIgniter\CodeIgniter->handleRequest(null, Object(Config\Cache), false)
 9 SYSTEMPATH/Boot.php(325): CodeIgniter\CodeIgniter->run()
10 SYSTEMPATH/Boot.php(67): CodeIgniter\Boot::runCodeIgniter(Object(CodeIgniter\CodeIgniter))
11 FCPATH/index.php(56): CodeIgniter\Boot::bootWeb(Object(Config\Paths))
WARNING - 2025-10-15 15:34:49 --> [DEPRECATED] number_format(): Passing null to parameter #1 ($num) of type float is deprecated in APPPATH/Views/reporte/imprimir_kardex.php on line 129.
 1 APPPATH/Views/reporte/imprimir_kardex.php(129): number_format(null, 2, ',', '.')
 2 SYSTEMPATH/View/View.php(234): include('/home2/usoabumg/public_html/oruro.site/app/Views/reporte/imprimir_kardex.php')
 3 SYSTEMPATH/View/View.php(237): CodeIgniter\View\View->CodeIgniter\View\{closure}()
 4 SYSTEMPATH/Common.php(1171): CodeIgniter\View\View->render('reporte/imprimir_kardex', [], true)
 5 APPPATH/Controllers/Reporte.php(105): view('reporte/imprimir_kardex', [...])
 6 SYSTEMPATH/CodeIgniter.php(933): App\Controllers\Reporte->generar_kardex_producto()
 7 SYSTEMPATH/CodeIgniter.php(509): CodeIgniter\CodeIgniter->runController(Object(App\Controllers\Reporte))
 8 SYSTEMPATH/CodeIgniter.php(355): CodeIgniter\CodeIgniter->handleRequest(null, Object(Config\Cache), false)
 9 SYSTEMPATH/Boot.php(325): CodeIgniter\CodeIgniter->run()
10 SYSTEMPATH/Boot.php(67): CodeIgniter\Boot::runCodeIgniter(Object(CodeIgniter\CodeIgniter))
11 FCPATH/index.php(56): CodeIgniter\Boot::bootWeb(Object(Config\Paths))
WARNING - 2025-10-15 15:34:49 --> [DEPRECATED] number_format(): Passing null to parameter #1 ($num) of type float is deprecated in APPPATH/Views/reporte/imprimir_kardex.php on line 132.
 1 APPPATH/Views/reporte/imprimir_kardex.php(132): number_format(null, 2, ',', '.')
 2 SYSTEMPATH/View/View.php(234): include('/home2/usoabumg/public_html/oruro.site/app/Views/reporte/imprimir_kardex.php')
 3 SYSTEMPATH/View/View.php(237): CodeIgniter\View\View->CodeIgniter\View\{closure}()
 4 SYSTEMPATH/Common.php(1171): CodeIgniter\View\View->render('reporte/imprimir_kardex', [], true)
 5 APPPATH/Controllers/Reporte.php(105): view('reporte/imprimir_kardex', [...])
 6 SYSTEMPATH/CodeIgniter.php(933): App\Controllers\Reporte->generar_kardex_producto()
 7 SYSTEMPATH/CodeIgniter.php(509): CodeIgniter\CodeIgniter->runController(Object(App\Controllers\Reporte))
 8 SYSTEMPATH/CodeIgniter.php(355): CodeIgniter\CodeIgniter->handleRequest(null, Object(Config\Cache), false)
 9 SYSTEMPATH/Boot.php(325): CodeIgniter\CodeIgniter->run()
10 SYSTEMPATH/Boot.php(67): CodeIgniter\Boot::runCodeIgniter(Object(CodeIgniter\CodeIgniter))
11 FCPATH/index.php(56): CodeIgniter\Boot::bootWeb(Object(Config\Paths))
WARNING - 2025-10-15 15:34:49 --> [DEPRECATED] number_format(): Passing null to parameter #1 ($num) of type float is deprecated in APPPATH/Views/reporte/imprimir_kardex.php on line 129.
 1 APPPATH/Views/reporte/imprimir_kardex.php(129): number_format(null, 2, ',', '.')
 2 SYSTEMPATH/View/View.php(234): include('/home2/usoabumg/public_html/oruro.site/app/Views/reporte/imprimir_kardex.php')
 3 SYSTEMPATH/View/View.php(237): CodeIgniter\View\View->CodeIgniter\View\{closure}()
 4 SYSTEMPATH/Common.php(1171): CodeIgniter\View\View->render('reporte/imprimir_kardex', [], true)
 5 APPPATH/Controllers/Reporte.php(105): view('reporte/imprimir_kardex', [...])
 6 SYSTEMPATH/CodeIgniter.php(933): App\Controllers\Reporte->generar_kardex_producto()
 7 SYSTEMPATH/CodeIgniter.php(509): CodeIgniter\CodeIgniter->runController(Object(App\Controllers\Reporte))
 8 SYSTEMPATH/CodeIgniter.php(355): CodeIgniter\CodeIgniter->handleRequest(null, Object(Config\Cache), false)
 9 SYSTEMPATH/Boot.php(325): CodeIgniter\CodeIgniter->run()
10 SYSTEMPATH/Boot.php(67): CodeIgniter\Boot::runCodeIgniter(Object(CodeIgniter\CodeIgniter))
11 FCPATH/index.php(56): CodeIgniter\Boot::bootWeb(Object(Config\Paths))
WARNING - 2025-10-15 15:34:49 --> [DEPRECATED] number_format(): Passing null to parameter #1 ($num) of type float is deprecated in APPPATH/Views/reporte/imprimir_kardex.php on line 132.
 1 APPPATH/Views/reporte/imprimir_kardex.php(132): number_format(null, 2, ',', '.')
 2 SYSTEMPATH/View/View.php(234): include('/home2/usoabumg/public_html/oruro.site/app/Views/reporte/imprimir_kardex.php')
 3 SYSTEMPATH/View/View.php(237): CodeIgniter\View\View->CodeIgniter\View\{closure}()
 4 SYSTEMPATH/Common.php(1171): CodeIgniter\View\View->render('reporte/imprimir_kardex', [], true)
 5 APPPATH/Controllers/Reporte.php(105): view('reporte/imprimir_kardex', [...])
 6 SYSTEMPATH/CodeIgniter.php(933): App\Controllers\Reporte->generar_kardex_producto()
 7 SYSTEMPATH/CodeIgniter.php(509): CodeIgniter\CodeIgniter->runController(Object(App\Controllers\Reporte))
 8 SYSTEMPATH/CodeIgniter.php(355): CodeIgniter\CodeIgniter->handleRequest(null, Object(Config\Cache), false)
 9 SYSTEMPATH/Boot.php(325): CodeIgniter\CodeIgniter->run()
10 SYSTEMPATH/Boot.php(67): CodeIgniter\Boot::runCodeIgniter(Object(CodeIgniter\CodeIgniter))
11 FCPATH/index.php(56): CodeIgniter\Boot::bootWeb(Object(Config\Paths))
WARNING - 2025-10-15 15:34:49 --> [DEPRECATED] number_format(): Passing null to parameter #1 ($num) of type float is deprecated in APPPATH/Views/reporte/imprimir_kardex.php on line 129.
 1 APPPATH/Views/reporte/imprimir_kardex.php(129): number_format(null, 2, ',', '.')
 2 SYSTEMPATH/View/View.php(234): include('/home2/usoabumg/public_html/oruro.site/app/Views/reporte/imprimir_kardex.php')
 3 SYSTEMPATH/View/View.php(237): CodeIgniter\View\View->CodeIgniter\View\{closure}()
 4 SYSTEMPATH/Common.php(1171): CodeIgniter\View\View->render('reporte/imprimir_kardex', [], true)
 5 APPPATH/Controllers/Reporte.php(105): view('reporte/imprimir_kardex', [...])
 6 SYSTEMPATH/CodeIgniter.php(933): App\Controllers\Reporte->generar_kardex_producto()
 7 SYSTEMPATH/CodeIgniter.php(509): CodeIgniter\CodeIgniter->runController(Object(App\Controllers\Reporte))
 8 SYSTEMPATH/CodeIgniter.php(355): CodeIgniter\CodeIgniter->handleRequest(null, Object(Config\Cache), false)
 9 SYSTEMPATH/Boot.php(325): CodeIgniter\CodeIgniter->run()
10 SYSTEMPATH/Boot.php(67): CodeIgniter\Boot::runCodeIgniter(Object(CodeIgniter\CodeIgniter))
11 FCPATH/index.php(56): CodeIgniter\Boot::bootWeb(Object(Config\Paths))
WARNING - 2025-10-15 15:34:49 --> [DEPRECATED] number_format(): Passing null to parameter #1 ($num) of type float is deprecated in APPPATH/Views/reporte/imprimir_kardex.php on line 132.
 1 APPPATH/Views/reporte/imprimir_kardex.php(132): number_format(null, 2, ',', '.')
 2 SYSTEMPATH/View/View.php(234): include('/home2/usoabumg/public_html/oruro.site/app/Views/reporte/imprimir_kardex.php')
 3 SYSTEMPATH/View/View.php(237): CodeIgniter\View\View->CodeIgniter\View\{closure}()
 4 SYSTEMPATH/Common.php(1171): CodeIgniter\View\View->render('reporte/imprimir_kardex', [], true)
 5 APPPATH/Controllers/Reporte.php(105): view('reporte/imprimir_kardex', [...])
 6 SYSTEMPATH/CodeIgniter.php(933): App\Controllers\Reporte->generar_kardex_producto()
 7 SYSTEMPATH/CodeIgniter.php(509): CodeIgniter\CodeIgniter->runController(Object(App\Controllers\Reporte))
 8 SYSTEMPATH/CodeIgniter.php(355): CodeIgniter\CodeIgniter->handleRequest(null, Object(Config\Cache), false)
 9 SYSTEMPATH/Boot.php(325): CodeIgniter\CodeIgniter->run()
10 SYSTEMPATH/Boot.php(67): CodeIgniter\Boot::runCodeIgniter(Object(CodeIgniter\CodeIgniter))
11 FCPATH/index.php(56): CodeIgniter\Boot::bootWeb(Object(Config\Paths))
INFO - 2025-10-15 15:34:50 --> Session: Class initialized using 'CodeIgniter\Session\Handlers\FileHandler' driver.
INFO - 2025-10-15 15:37:31 --> Session: Class initialized using 'CodeIgniter\Session\Handlers\FileHandler' driver.
INFO - 2025-10-15 15:37:32 --> Session: Class initialized using 'CodeIgniter\Session\Handlers\FileHandler' driver.
INFO - 2025-10-15 15:37:33 --> Session: Class initialized using 'CodeIgniter\Session\Handlers\FileHandler' driver.
INFO - 2025-10-15 15:37:47 --> Session: Class initialized using 'CodeIgniter\Session\Handlers\FileHandler' driver.
INFO - 2025-10-15 15:37:56 --> Session: Class initialized using 'CodeIgniter\Session\Handlers\FileHandler' driver.
INFO - 2025-10-15 15:37:57 --> Session: Class initialized using 'CodeIgniter\Session\Handlers\FileHandler' driver.
INFO - 2025-10-15 15:40:31 --> Session: Class initialized using 'CodeIgniter\Session\Handlers\FileHandler' driver.
INFO - 2025-10-15 15:40:42 --> CSRF token verified.
INFO - 2025-10-15 15:40:42 --> Session: Class initialized using 'CodeIgniter\Session\Handlers\FileHandler' driver.
WARNING - 2025-10-15 15:40:42 --> [DEPRECATED] number_format(): Passing null to parameter #1 ($num) of type float is deprecated in APPPATH/Views/reporte/imprimir_kardex.php on line 130.
 1 APPPATH/Views/reporte/imprimir_kardex.php(130): number_format(null, 2, ',', '.')
 2 SYSTEMPATH/View/View.php(234): include('/home2/usoabumg/public_html/oruro.site/app/Views/reporte/imprimir_kardex.php')
 3 SYSTEMPATH/View/View.php(237): CodeIgniter\View\View->CodeIgniter\View\{closure}()
 4 SYSTEMPATH/Common.php(1171): CodeIgniter\View\View->render('reporte/imprimir_kardex', [], true)
 5 APPPATH/Controllers/Reporte.php(105): view('reporte/imprimir_kardex', [...])
 6 SYSTEMPATH/CodeIgniter.php(933): App\Controllers\Reporte->generar_kardex_producto()
 7 SYSTEMPATH/CodeIgniter.php(509): CodeIgniter\CodeIgniter->runController(Object(App\Controllers\Reporte))
 8 SYSTEMPATH/CodeIgniter.php(355): CodeIgniter\CodeIgniter->handleRequest(null, Object(Config\Cache), false)
 9 SYSTEMPATH/Boot.php(325): CodeIgniter\CodeIgniter->run()
10 SYSTEMPATH/Boot.php(67): CodeIgniter\Boot::runCodeIgniter(Object(CodeIgniter\CodeIgniter))
11 FCPATH/index.php(56): CodeIgniter\Boot::bootWeb(Object(Config\Paths))
WARNING - 2025-10-15 15:40:42 --> [DEPRECATED] number_format(): Passing null to parameter #1 ($num) of type float is deprecated in APPPATH/Views/reporte/imprimir_kardex.php on line 133.
 1 APPPATH/Views/reporte/imprimir_kardex.php(133): number_format(null, 2, ',', '.')
 2 SYSTEMPATH/View/View.php(234): include('/home2/usoabumg/public_html/oruro.site/app/Views/reporte/imprimir_kardex.php')
 3 SYSTEMPATH/View/View.php(237): CodeIgniter\View\View->CodeIgniter\View\{closure}()
 4 SYSTEMPATH/Common.php(1171): CodeIgniter\View\View->render('reporte/imprimir_kardex', [], true)
 5 APPPATH/Controllers/Reporte.php(105): view('reporte/imprimir_kardex', [...])
 6 SYSTEMPATH/CodeIgniter.php(933): App\Controllers\Reporte->generar_kardex_producto()
 7 SYSTEMPATH/CodeIgniter.php(509): CodeIgniter\CodeIgniter->runController(Object(App\Controllers\Reporte))
 8 SYSTEMPATH/CodeIgniter.php(355): CodeIgniter\CodeIgniter->handleRequest(null, Object(Config\Cache), false)
 9 SYSTEMPATH/Boot.php(325): CodeIgniter\CodeIgniter->run()
10 SYSTEMPATH/Boot.php(67): CodeIgniter\Boot::runCodeIgniter(Object(CodeIgniter\CodeIgniter))
11 FCPATH/index.php(56): CodeIgniter\Boot::bootWeb(Object(Config\Paths))
WARNING - 2025-10-15 15:40:42 --> [DEPRECATED] number_format(): Passing null to parameter #1 ($num) of type float is deprecated in APPPATH/Views/reporte/imprimir_kardex.php on line 129.
 1 APPPATH/Views/reporte/imprimir_kardex.php(129): number_format(null, 2, ',', '.')
 2 SYSTEMPATH/View/View.php(234): include('/home2/usoabumg/public_html/oruro.site/app/Views/reporte/imprimir_kardex.php')
 3 SYSTEMPATH/View/View.php(237): CodeIgniter\View\View->CodeIgniter\View\{closure}()
 4 SYSTEMPATH/Common.php(1171): CodeIgniter\View\View->render('reporte/imprimir_kardex', [], true)
 5 APPPATH/Controllers/Reporte.php(105): view('reporte/imprimir_kardex', [...])
 6 SYSTEMPATH/CodeIgniter.php(933): App\Controllers\Reporte->generar_kardex_producto()
 7 SYSTEMPATH/CodeIgniter.php(509): CodeIgniter\CodeIgniter->runController(Object(App\Controllers\Reporte))
 8 SYSTEMPATH/CodeIgniter.php(355): CodeIgniter\CodeIgniter->handleRequest(null, Object(Config\Cache), false)
 9 SYSTEMPATH/Boot.php(325): CodeIgniter\CodeIgniter->run()
10 SYSTEMPATH/Boot.php(67): CodeIgniter\Boot::runCodeIgniter(Object(CodeIgniter\CodeIgniter))
11 FCPATH/index.php(56): CodeIgniter\Boot::bootWeb(Object(Config\Paths))
WARNING - 2025-10-15 15:40:42 --> [DEPRECATED] number_format(): Passing null to parameter #1 ($num) of type float is deprecated in APPPATH/Views/reporte/imprimir_kardex.php on line 132.
 1 APPPATH/Views/reporte/imprimir_kardex.php(132): number_format(null, 2, ',', '.')
 2 SYSTEMPATH/View/View.php(234): include('/home2/usoabumg/public_html/oruro.site/app/Views/reporte/imprimir_kardex.php')
 3 SYSTEMPATH/View/View.php(237): CodeIgniter\View\View->CodeIgniter\View\{closure}()
 4 SYSTEMPATH/Common.php(1171): CodeIgniter\View\View->render('reporte/imprimir_kardex', [], true)
 5 APPPATH/Controllers/Reporte.php(105): view('reporte/imprimir_kardex', [...])
 6 SYSTEMPATH/CodeIgniter.php(933): App\Controllers\Reporte->generar_kardex_producto()
 7 SYSTEMPATH/CodeIgniter.php(509): CodeIgniter\CodeIgniter->runController(Object(App\Controllers\Reporte))
 8 SYSTEMPATH/CodeIgniter.php(355): CodeIgniter\CodeIgniter->handleRequest(null, Object(Config\Cache), false)
 9 SYSTEMPATH/Boot.php(325): CodeIgniter\CodeIgniter->run()
10 SYSTEMPATH/Boot.php(67): CodeIgniter\Boot::runCodeIgniter(Object(CodeIgniter\CodeIgniter))
11 FCPATH/index.php(56): CodeIgniter\Boot::bootWeb(Object(Config\Paths))
WARNING - 2025-10-15 15:40:42 --> [DEPRECATED] number_format(): Passing null to parameter #1 ($num) of type float is deprecated in APPPATH/Views/reporte/imprimir_kardex.php on line 129.
 1 APPPATH/Views/reporte/imprimir_kardex.php(129): number_format(null, 2, ',', '.')
 2 SYSTEMPATH/View/View.php(234): include('/home2/usoabumg/public_html/oruro.site/app/Views/reporte/imprimir_kardex.php')
 3 SYSTEMPATH/View/View.php(237): CodeIgniter\View\View->CodeIgniter\View\{closure}()
 4 SYSTEMPATH/Common.php(1171): CodeIgniter\View\View->render('reporte/imprimir_kardex', [], true)
 5 APPPATH/Controllers/Reporte.php(105): view('reporte/imprimir_kardex', [...])
 6 SYSTEMPATH/CodeIgniter.php(933): App\Controllers\Reporte->generar_kardex_producto()
 7 SYSTEMPATH/CodeIgniter.php(509): CodeIgniter\CodeIgniter->runController(Object(App\Controllers\Reporte))
 8 SYSTEMPATH/CodeIgniter.php(355): CodeIgniter\CodeIgniter->handleRequest(null, Object(Config\Cache), false)
 9 SYSTEMPATH/Boot.php(325): CodeIgniter\CodeIgniter->run()
10 SYSTEMPATH/Boot.php(67): CodeIgniter\Boot::runCodeIgniter(Object(CodeIgniter\CodeIgniter))
11 FCPATH/index.php(56): CodeIgniter\Boot::bootWeb(Object(Config\Paths))
WARNING - 2025-10-15 15:40:42 --> [DEPRECATED] number_format(): Passing null to parameter #1 ($num) of type float is deprecated in APPPATH/Views/reporte/imprimir_kardex.php on line 132.
 1 APPPATH/Views/reporte/imprimir_kardex.php(132): number_format(null, 2, ',', '.')
 2 SYSTEMPATH/View/View.php(234): include('/home2/usoabumg/public_html/oruro.site/app/Views/reporte/imprimir_kardex.php')
 3 SYSTEMPATH/View/View.php(237): CodeIgniter\View\View->CodeIgniter\View\{closure}()
 4 SYSTEMPATH/Common.php(1171): CodeIgniter\View\View->render('reporte/imprimir_kardex', [], true)
 5 APPPATH/Controllers/Reporte.php(105): view('reporte/imprimir_kardex', [...])
 6 SYSTEMPATH/CodeIgniter.php(933): App\Controllers\Reporte->generar_kardex_producto()
 7 SYSTEMPATH/CodeIgniter.php(509): CodeIgniter\CodeIgniter->runController(Object(App\Controllers\Reporte))
 8 SYSTEMPATH/CodeIgniter.php(355): CodeIgniter\CodeIgniter->handleRequest(null, Object(Config\Cache), false)
 9 SYSTEMPATH/Boot.php(325): CodeIgniter\CodeIgniter->run()
10 SYSTEMPATH/Boot.php(67): CodeIgniter\Boot::runCodeIgniter(Object(CodeIgniter\CodeIgniter))
11 FCPATH/index.php(56): CodeIgniter\Boot::bootWeb(Object(Config\Paths))
WARNING - 2025-10-15 15:40:42 --> [DEPRECATED] number_format(): Passing null to parameter #1 ($num) of type float is deprecated in APPPATH/Views/reporte/imprimir_kardex.php on line 129.
 1 APPPATH/Views/reporte/imprimir_kardex.php(129): number_format(null, 2, ',', '.')
 2 SYSTEMPATH/View/View.php(234): include('/home2/usoabumg/public_html/oruro.site/app/Views/reporte/imprimir_kardex.php')
 3 SYSTEMPATH/View/View.php(237): CodeIgniter\View\View->CodeIgniter\View\{closure}()
 4 SYSTEMPATH/Common.php(1171): CodeIgniter\View\View->render('reporte/imprimir_kardex', [], true)
 5 APPPATH/Controllers/Reporte.php(105): view('reporte/imprimir_kardex', [...])
 6 SYSTEMPATH/CodeIgniter.php(933): App\Controllers\Reporte->generar_kardex_producto()
 7 SYSTEMPATH/CodeIgniter.php(509): CodeIgniter\CodeIgniter->runController(Object(App\Controllers\Reporte))
 8 SYSTEMPATH/CodeIgniter.php(355): CodeIgniter\CodeIgniter->handleRequest(null, Object(Config\Cache), false)
 9 SYSTEMPATH/Boot.php(325): CodeIgniter\CodeIgniter->run()
10 SYSTEMPATH/Boot.php(67): CodeIgniter\Boot::runCodeIgniter(Object(CodeIgniter\CodeIgniter))
11 FCPATH/index.php(56): CodeIgniter\Boot::bootWeb(Object(Config\Paths))
WARNING - 2025-10-15 15:40:42 --> [DEPRECATED] number_format(): Passing null to parameter #1 ($num) of type float is deprecated in APPPATH/Views/reporte/imprimir_kardex.php on line 132.
 1 APPPATH/Views/reporte/imprimir_kardex.php(132): number_format(null, 2, ',', '.')
 2 SYSTEMPATH/View/View.php(234): include('/home2/usoabumg/public_html/oruro.site/app/Views/reporte/imprimir_kardex.php')
 3 SYSTEMPATH/View/View.php(237): CodeIgniter\View\View->CodeIgniter\View\{closure}()
 4 SYSTEMPATH/Common.php(1171): CodeIgniter\View\View->render('reporte/imprimir_kardex', [], true)
 5 APPPATH/Controllers/Reporte.php(105): view('reporte/imprimir_kardex', [...])
 6 SYSTEMPATH/CodeIgniter.php(933): App\Controllers\Reporte->generar_kardex_producto()
 7 SYSTEMPATH/CodeIgniter.php(509): CodeIgniter\CodeIgniter->runController(Object(App\Controllers\Reporte))
 8 SYSTEMPATH/CodeIgniter.php(355): CodeIgniter\CodeIgniter->handleRequest(null, Object(Config\Cache), false)
 9 SYSTEMPATH/Boot.php(325): CodeIgniter\CodeIgniter->run()
10 SYSTEMPATH/Boot.php(67): CodeIgniter\Boot::runCodeIgniter(Object(CodeIgniter\CodeIgniter))
11 FCPATH/index.php(56): CodeIgniter\Boot::bootWeb(Object(Config\Paths))
WARNING - 2025-10-15 15:40:42 --> [DEPRECATED] number_format(): Passing null to parameter #1 ($num) of type float is deprecated in APPPATH/Views/reporte/imprimir_kardex.php on line 129.
 1 APPPATH/Views/reporte/imprimir_kardex.php(129): number_format(null, 2, ',', '.')
 2 SYSTEMPATH/View/View.php(234): include('/home2/usoabumg/public_html/oruro.site/app/Views/reporte/imprimir_kardex.php')
 3 SYSTEMPATH/View/View.php(237): CodeIgniter\View\View->CodeIgniter\View\{closure}()
 4 SYSTEMPATH/Common.php(1171): CodeIgniter\View\View->render('reporte/imprimir_kardex', [], true)
 5 APPPATH/Controllers/Reporte.php(105): view('reporte/imprimir_kardex', [...])
 6 SYSTEMPATH/CodeIgniter.php(933): App\Controllers\Reporte->generar_kardex_producto()
 7 SYSTEMPATH/CodeIgniter.php(509): CodeIgniter\CodeIgniter->runController(Object(App\Controllers\Reporte))
 8 SYSTEMPATH/CodeIgniter.php(355): CodeIgniter\CodeIgniter->handleRequest(null, Object(Config\Cache), false)
 9 SYSTEMPATH/Boot.php(325): CodeIgniter\CodeIgniter->run()
10 SYSTEMPATH/Boot.php(67): CodeIgniter\Boot::runCodeIgniter(Object(CodeIgniter\CodeIgniter))
11 FCPATH/index.php(56): CodeIgniter\Boot::bootWeb(Object(Config\Paths))
WARNING - 2025-10-15 15:40:42 --> [DEPRECATED] number_format(): Passing null to parameter #1 ($num) of type float is deprecated in APPPATH/Views/reporte/imprimir_kardex.php on line 132.
 1 APPPATH/Views/reporte/imprimir_kardex.php(132): number_format(null, 2, ',', '.')
 2 SYSTEMPATH/View/View.php(234): include('/home2/usoabumg/public_html/oruro.site/app/Views/reporte/imprimir_kardex.php')
 3 SYSTEMPATH/View/View.php(237): CodeIgniter\View\View->CodeIgniter\View\{closure}()
 4 SYSTEMPATH/Common.php(1171): CodeIgniter\View\View->render('reporte/imprimir_kardex', [], true)
 5 APPPATH/Controllers/Reporte.php(105): view('reporte/imprimir_kardex', [...])
 6 SYSTEMPATH/CodeIgniter.php(933): App\Controllers\Reporte->generar_kardex_producto()
 7 SYSTEMPATH/CodeIgniter.php(509): CodeIgniter\CodeIgniter->runController(Object(App\Controllers\Reporte))
 8 SYSTEMPATH/CodeIgniter.php(355): CodeIgniter\CodeIgniter->handleRequest(null, Object(Config\Cache), false)
 9 SYSTEMPATH/Boot.php(325): CodeIgniter\CodeIgniter->run()
10 SYSTEMPATH/Boot.php(67): CodeIgniter\Boot::runCodeIgniter(Object(CodeIgniter\CodeIgniter))
11 FCPATH/index.php(56): CodeIgniter\Boot::bootWeb(Object(Config\Paths))
WARNING - 2025-10-15 15:40:42 --> [DEPRECATED] number_format(): Passing null to parameter #1 ($num) of type float is deprecated in APPPATH/Views/reporte/imprimir_kardex.php on line 129.
 1 APPPATH/Views/reporte/imprimir_kardex.php(129): number_format(null, 2, ',', '.')
 2 SYSTEMPATH/View/View.php(234): include('/home2/usoabumg/public_html/oruro.site/app/Views/reporte/imprimir_kardex.php')
 3 SYSTEMPATH/View/View.php(237): CodeIgniter\View\View->CodeIgniter\View\{closure}()
 4 SYSTEMPATH/Common.php(1171): CodeIgniter\View\View->render('reporte/imprimir_kardex', [], true)
 5 APPPATH/Controllers/Reporte.php(105): view('reporte/imprimir_kardex', [...])
 6 SYSTEMPATH/CodeIgniter.php(933): App\Controllers\Reporte->generar_kardex_producto()
 7 SYSTEMPATH/CodeIgniter.php(509): CodeIgniter\CodeIgniter->runController(Object(App\Controllers\Reporte))
 8 SYSTEMPATH/CodeIgniter.php(355): CodeIgniter\CodeIgniter->handleRequest(null, Object(Config\Cache), false)
 9 SYSTEMPATH/Boot.php(325): CodeIgniter\CodeIgniter->run()
10 SYSTEMPATH/Boot.php(67): CodeIgniter\Boot::runCodeIgniter(Object(CodeIgniter\CodeIgniter))
11 FCPATH/index.php(56): CodeIgniter\Boot::bootWeb(Object(Config\Paths))
WARNING - 2025-10-15 15:40:42 --> [DEPRECATED] number_format(): Passing null to parameter #1 ($num) of type float is deprecated in APPPATH/Views/reporte/imprimir_kardex.php on line 132.
 1 APPPATH/Views/reporte/imprimir_kardex.php(132): number_format(null, 2, ',', '.')
 2 SYSTEMPATH/View/View.php(234): include('/home2/usoabumg/public_html/oruro.site/app/Views/reporte/imprimir_kardex.php')
 3 SYSTEMPATH/View/View.php(237): CodeIgniter\View\View->CodeIgniter\View\{closure}()
 4 SYSTEMPATH/Common.php(1171): CodeIgniter\View\View->render('reporte/imprimir_kardex', [], true)
 5 APPPATH/Controllers/Reporte.php(105): view('reporte/imprimir_kardex', [...])
 6 SYSTEMPATH/CodeIgniter.php(933): App\Controllers\Reporte->generar_kardex_producto()
 7 SYSTEMPATH/CodeIgniter.php(509): CodeIgniter\CodeIgniter->runController(Object(App\Controllers\Reporte))
 8 SYSTEMPATH/CodeIgniter.php(355): CodeIgniter\CodeIgniter->handleRequest(null, Object(Config\Cache), false)
 9 SYSTEMPATH/Boot.php(325): CodeIgniter\CodeIgniter->run()
10 SYSTEMPATH/Boot.php(67): CodeIgniter\Boot::runCodeIgniter(Object(CodeIgniter\CodeIgniter))
11 FCPATH/index.php(56): CodeIgniter\Boot::bootWeb(Object(Config\Paths))
WARNING - 2025-10-15 15:40:42 --> [DEPRECATED] number_format(): Passing null to parameter #1 ($num) of type float is deprecated in APPPATH/Views/reporte/imprimir_kardex.php on line 130.
 1 APPPATH/Views/reporte/imprimir_kardex.php(130): number_format(null, 2, ',', '.')
 2 SYSTEMPATH/View/View.php(234): include('/home2/usoabumg/public_html/oruro.site/app/Views/reporte/imprimir_kardex.php')
 3 SYSTEMPATH/View/View.php(237): CodeIgniter\View\View->CodeIgniter\View\{closure}()
 4 SYSTEMPATH/Common.php(1171): CodeIgniter\View\View->render('reporte/imprimir_kardex', [], true)
 5 APPPATH/Controllers/Reporte.php(105): view('reporte/imprimir_kardex', [...])
 6 SYSTEMPATH/CodeIgniter.php(933): App\Controllers\Reporte->generar_kardex_producto()
 7 SYSTEMPATH/CodeIgniter.php(509): CodeIgniter\CodeIgniter->runController(Object(App\Controllers\Reporte))
 8 SYSTEMPATH/CodeIgniter.php(355): CodeIgniter\CodeIgniter->handleRequest(null, Object(Config\Cache), false)
 9 SYSTEMPATH/Boot.php(325): CodeIgniter\CodeIgniter->run()
10 SYSTEMPATH/Boot.php(67): CodeIgniter\Boot::runCodeIgniter(Object(CodeIgniter\CodeIgniter))
11 FCPATH/index.php(56): CodeIgniter\Boot::bootWeb(Object(Config\Paths))
WARNING - 2025-10-15 15:40:42 --> [DEPRECATED] number_format(): Passing null to parameter #1 ($num) of type float is deprecated in APPPATH/Views/reporte/imprimir_kardex.php on line 133.
 1 APPPATH/Views/reporte/imprimir_kardex.php(133): number_format(null, 2, ',', '.')
 2 SYSTEMPATH/View/View.php(234): include('/home2/usoabumg/public_html/oruro.site/app/Views/reporte/imprimir_kardex.php')
 3 SYSTEMPATH/View/View.php(237): CodeIgniter\View\View->CodeIgniter\View\{closure}()
 4 SYSTEMPATH/Common.php(1171): CodeIgniter\View\View->render('reporte/imprimir_kardex', [], true)
 5 APPPATH/Controllers/Reporte.php(105): view('reporte/imprimir_kardex', [...])
 6 SYSTEMPATH/CodeIgniter.php(933): App\Controllers\Reporte->generar_kardex_producto()
 7 SYSTEMPATH/CodeIgniter.php(509): CodeIgniter\CodeIgniter->runController(Object(App\Controllers\Reporte))
 8 SYSTEMPATH/CodeIgniter.php(355): CodeIgniter\CodeIgniter->handleRequest(null, Object(Config\Cache), false)
 9 SYSTEMPATH/Boot.php(325): CodeIgniter\CodeIgniter->run()
10 SYSTEMPATH/Boot.php(67): CodeIgniter\Boot::runCodeIgniter(Object(CodeIgniter\CodeIgniter))
11 FCPATH/index.php(56): CodeIgniter\Boot::bootWeb(Object(Config\Paths))
WARNING - 2025-10-15 15:40:42 --> [DEPRECATED] number_format(): Passing null to parameter #1 ($num) of type float is deprecated in APPPATH/Views/reporte/imprimir_kardex.php on line 129.
 1 APPPATH/Views/reporte/imprimir_kardex.php(129): number_format(null, 2, ',', '.')
 2 SYSTEMPATH/View/View.php(234): include('/home2/usoabumg/public_html/oruro.site/app/Views/reporte/imprimir_kardex.php')
 3 SYSTEMPATH/View/View.php(237): CodeIgniter\View\View->CodeIgniter\View\{closure}()
 4 SYSTEMPATH/Common.php(1171): CodeIgniter\View\View->render('reporte/imprimir_kardex', [], true)
 5 APPPATH/Controllers/Reporte.php(105): view('reporte/imprimir_kardex', [...])
 6 SYSTEMPATH/CodeIgniter.php(933): App\Controllers\Reporte->generar_kardex_producto()
 7 SYSTEMPATH/CodeIgniter.php(509): CodeIgniter\CodeIgniter->runController(Object(App\Controllers\Reporte))
 8 SYSTEMPATH/CodeIgniter.php(355): CodeIgniter\CodeIgniter->handleRequest(null, Object(Config\Cache), false)
 9 SYSTEMPATH/Boot.php(325): CodeIgniter\CodeIgniter->run()
10 SYSTEMPATH/Boot.php(67): CodeIgniter\Boot::runCodeIgniter(Object(CodeIgniter\CodeIgniter))
11 FCPATH/index.php(56): CodeIgniter\Boot::bootWeb(Object(Config\Paths))
WARNING - 2025-10-15 15:40:42 --> [DEPRECATED] number_format(): Passing null to parameter #1 ($num) of type float is deprecated in APPPATH/Views/reporte/imprimir_kardex.php on line 132.
 1 APPPATH/Views/reporte/imprimir_kardex.php(132): number_format(null, 2, ',', '.')
 2 SYSTEMPATH/View/View.php(234): include('/home2/usoabumg/public_html/oruro.site/app/Views/reporte/imprimir_kardex.php')
 3 SYSTEMPATH/View/View.php(237): CodeIgniter\View\View->CodeIgniter\View\{closure}()
 4 SYSTEMPATH/Common.php(1171): CodeIgniter\View\View->render('reporte/imprimir_kardex', [], true)
 5 APPPATH/Controllers/Reporte.php(105): view('reporte/imprimir_kardex', [...])
 6 SYSTEMPATH/CodeIgniter.php(933): App\Controllers\Reporte->generar_kardex_producto()
 7 SYSTEMPATH/CodeIgniter.php(509): CodeIgniter\CodeIgniter->runController(Object(App\Controllers\Reporte))
 8 SYSTEMPATH/CodeIgniter.php(355): CodeIgniter\CodeIgniter->handleRequest(null, Object(Config\Cache), false)
 9 SYSTEMPATH/Boot.php(325): CodeIgniter\CodeIgniter->run()
10 SYSTEMPATH/Boot.php(67): CodeIgniter\Boot::runCodeIgniter(Object(CodeIgniter\CodeIgniter))
11 FCPATH/index.php(56): CodeIgniter\Boot::bootWeb(Object(Config\Paths))
WARNING - 2025-10-15 15:40:42 --> [DEPRECATED] number_format(): Passing null to parameter #1 ($num) of type float is deprecated in APPPATH/Views/reporte/imprimir_kardex.php on line 129.
 1 APPPATH/Views/reporte/imprimir_kardex.php(129): number_format(null, 2, ',', '.')
 2 SYSTEMPATH/View/View.php(234): include('/home2/usoabumg/public_html/oruro.site/app/Views/reporte/imprimir_kardex.php')
 3 SYSTEMPATH/View/View.php(237): CodeIgniter\View\View->CodeIgniter\View\{closure}()
 4 SYSTEMPATH/Common.php(1171): CodeIgniter\View\View->render('reporte/imprimir_kardex', [], true)
 5 APPPATH/Controllers/Reporte.php(105): view('reporte/imprimir_kardex', [...])
 6 SYSTEMPATH/CodeIgniter.php(933): App\Controllers\Reporte->generar_kardex_producto()
 7 SYSTEMPATH/CodeIgniter.php(509): CodeIgniter\CodeIgniter->runController(Object(App\Controllers\Reporte))
 8 SYSTEMPATH/CodeIgniter.php(355): CodeIgniter\CodeIgniter->handleRequest(null, Object(Config\Cache), false)
 9 SYSTEMPATH/Boot.php(325): CodeIgniter\CodeIgniter->run()
10 SYSTEMPATH/Boot.php(67): CodeIgniter\Boot::runCodeIgniter(Object(CodeIgniter\CodeIgniter))
11 FCPATH/index.php(56): CodeIgniter\Boot::bootWeb(Object(Config\Paths))
WARNING - 2025-10-15 15:40:42 --> [DEPRECATED] number_format(): Passing null to parameter #1 ($num) of type float is deprecated in APPPATH/Views/reporte/imprimir_kardex.php on line 132.
 1 APPPATH/Views/reporte/imprimir_kardex.php(132): number_format(null, 2, ',', '.')
 2 SYSTEMPATH/View/View.php(234): include('/home2/usoabumg/public_html/oruro.site/app/Views/reporte/imprimir_kardex.php')
 3 SYSTEMPATH/View/View.php(237): CodeIgniter\View\View->CodeIgniter\View\{closure}()
 4 SYSTEMPATH/Common.php(1171): CodeIgniter\View\View->render('reporte/imprimir_kardex', [], true)
 5 APPPATH/Controllers/Reporte.php(105): view('reporte/imprimir_kardex', [...])
 6 SYSTEMPATH/CodeIgniter.php(933): App\Controllers\Reporte->generar_kardex_producto()
 7 SYSTEMPATH/CodeIgniter.php(509): CodeIgniter\CodeIgniter->runController(Object(App\Controllers\Reporte))
 8 SYSTEMPATH/CodeIgniter.php(355): CodeIgniter\CodeIgniter->handleRequest(null, Object(Config\Cache), false)
 9 SYSTEMPATH/Boot.php(325): CodeIgniter\CodeIgniter->run()
10 SYSTEMPATH/Boot.php(67): CodeIgniter\Boot::runCodeIgniter(Object(CodeIgniter\CodeIgniter))
11 FCPATH/index.php(56): CodeIgniter\Boot::bootWeb(Object(Config\Paths))
WARNING - 2025-10-15 15:40:42 --> [DEPRECATED] number_format(): Passing null to parameter #1 ($num) of type float is deprecated in APPPATH/Views/reporte/imprimir_kardex.php on line 129.
 1 APPPATH/Views/reporte/imprimir_kardex.php(129): number_format(null, 2, ',', '.')
 2 SYSTEMPATH/View/View.php(234): include('/home2/usoabumg/public_html/oruro.site/app/Views/reporte/imprimir_kardex.php')
 3 SYSTEMPATH/View/View.php(237): CodeIgniter\View\View->CodeIgniter\View\{closure}()
 4 SYSTEMPATH/Common.php(1171): CodeIgniter\View\View->render('reporte/imprimir_kardex', [], true)
 5 APPPATH/Controllers/Reporte.php(105): view('reporte/imprimir_kardex', [...])
 6 SYSTEMPATH/CodeIgniter.php(933): App\Controllers\Reporte->generar_kardex_producto()
 7 SYSTEMPATH/CodeIgniter.php(509): CodeIgniter\CodeIgniter->runController(Object(App\Controllers\Reporte))
 8 SYSTEMPATH/CodeIgniter.php(355): CodeIgniter\CodeIgniter->handleRequest(null, Object(Config\Cache), false)
 9 SYSTEMPATH/Boot.php(325): CodeIgniter\CodeIgniter->run()
10 SYSTEMPATH/Boot.php(67): CodeIgniter\Boot::runCodeIgniter(Object(CodeIgniter\CodeIgniter))
11 FCPATH/index.php(56): CodeIgniter\Boot::bootWeb(Object(Config\Paths))
WARNING - 2025-10-15 15:40:42 --> [DEPRECATED] number_format(): Passing null to parameter #1 ($num) of type float is deprecated in APPPATH/Views/reporte/imprimir_kardex.php on line 132.
 1 APPPATH/Views/reporte/imprimir_kardex.php(132): number_format(null, 2, ',', '.')
 2 SYSTEMPATH/View/View.php(234): include('/home2/usoabumg/public_html/oruro.site/app/Views/reporte/imprimir_kardex.php')
 3 SYSTEMPATH/View/View.php(237): CodeIgniter\View\View->CodeIgniter\View\{closure}()
 4 SYSTEMPATH/Common.php(1171): CodeIgniter\View\View->render('reporte/imprimir_kardex', [], true)
 5 APPPATH/Controllers/Reporte.php(105): view('reporte/imprimir_kardex', [...])
 6 SYSTEMPATH/CodeIgniter.php(933): App\Controllers\Reporte->generar_kardex_producto()
 7 SYSTEMPATH/CodeIgniter.php(509): CodeIgniter\CodeIgniter->runController(Object(App\Controllers\Reporte))
 8 SYSTEMPATH/CodeIgniter.php(355): CodeIgniter\CodeIgniter->handleRequest(null, Object(Config\Cache), false)
 9 SYSTEMPATH/Boot.php(325): CodeIgniter\CodeIgniter->run()
10 SYSTEMPATH/Boot.php(67): CodeIgniter\Boot::runCodeIgniter(Object(CodeIgniter\CodeIgniter))
11 FCPATH/index.php(56): CodeIgniter\Boot::bootWeb(Object(Config\Paths))
WARNING - 2025-10-15 15:40:42 --> [DEPRECATED] number_format(): Passing null to parameter #1 ($num) of type float is deprecated in APPPATH/Views/reporte/imprimir_kardex.php on line 129.
 1 APPPATH/Views/reporte/imprimir_kardex.php(129): number_format(null, 2, ',', '.')
 2 SYSTEMPATH/View/View.php(234): include('/home2/usoabumg/public_html/oruro.site/app/Views/reporte/imprimir_kardex.php')
 3 SYSTEMPATH/View/View.php(237): CodeIgniter\View\View->CodeIgniter\View\{closure}()
 4 SYSTEMPATH/Common.php(1171): CodeIgniter\View\View->render('reporte/imprimir_kardex', [], true)
 5 APPPATH/Controllers/Reporte.php(105): view('reporte/imprimir_kardex', [...])
 6 SYSTEMPATH/CodeIgniter.php(933): App\Controllers\Reporte->generar_kardex_producto()
 7 SYSTEMPATH/CodeIgniter.php(509): CodeIgniter\CodeIgniter->runController(Object(App\Controllers\Reporte))
 8 SYSTEMPATH/CodeIgniter.php(355): CodeIgniter\CodeIgniter->handleRequest(null, Object(Config\Cache), false)
 9 SYSTEMPATH/Boot.php(325): CodeIgniter\CodeIgniter->run()
10 SYSTEMPATH/Boot.php(67): CodeIgniter\Boot::runCodeIgniter(Object(CodeIgniter\CodeIgniter))
11 FCPATH/index.php(56): CodeIgniter\Boot::bootWeb(Object(Config\Paths))
WARNING - 2025-10-15 15:40:42 --> [DEPRECATED] number_format(): Passing null to parameter #1 ($num) of type float is deprecated in APPPATH/Views/reporte/imprimir_kardex.php on line 132.
 1 APPPATH/Views/reporte/imprimir_kardex.php(132): number_format(null, 2, ',', '.')
 2 SYSTEMPATH/View/View.php(234): include('/home2/usoabumg/public_html/oruro.site/app/Views/reporte/imprimir_kardex.php')
 3 SYSTEMPATH/View/View.php(237): CodeIgniter\View\View->CodeIgniter\View\{closure}()
 4 SYSTEMPATH/Common.php(1171): CodeIgniter\View\View->render('reporte/imprimir_kardex', [], true)
 5 APPPATH/Controllers/Reporte.php(105): view('reporte/imprimir_kardex', [...])
 6 SYSTEMPATH/CodeIgniter.php(933): App\Controllers\Reporte->generar_kardex_producto()
 7 SYSTEMPATH/CodeIgniter.php(509): CodeIgniter\CodeIgniter->runController(Object(App\Controllers\Reporte))
 8 SYSTEMPATH/CodeIgniter.php(355): CodeIgniter\CodeIgniter->handleRequest(null, Object(Config\Cache), false)
 9 SYSTEMPATH/Boot.php(325): CodeIgniter\CodeIgniter->run()
10 SYSTEMPATH/Boot.php(67): CodeIgniter\Boot::runCodeIgniter(Object(CodeIgniter\CodeIgniter))
11 FCPATH/index.php(56): CodeIgniter\Boot::bootWeb(Object(Config\Paths))
WARNING - 2025-10-15 15:40:42 --> [DEPRECATED] number_format(): Passing null to parameter #1 ($num) of type float is deprecated in APPPATH/Views/reporte/imprimir_kardex.php on line 129.
 1 APPPATH/Views/reporte/imprimir_kardex.php(129): number_format(null, 2, ',', '.')
 2 SYSTEMPATH/View/View.php(234): include('/home2/usoabumg/public_html/oruro.site/app/Views/reporte/imprimir_kardex.php')
 3 SYSTEMPATH/View/View.php(237): CodeIgniter\View\View->CodeIgniter\View\{closure}()
 4 SYSTEMPATH/Common.php(1171): CodeIgniter\View\View->render('reporte/imprimir_kardex', [], true)
 5 APPPATH/Controllers/Reporte.php(105): view('reporte/imprimir_kardex', [...])
 6 SYSTEMPATH/CodeIgniter.php(933): App\Controllers\Reporte->generar_kardex_producto()
 7 SYSTEMPATH/CodeIgniter.php(509): CodeIgniter\CodeIgniter->runController(Object(App\Controllers\Reporte))
 8 SYSTEMPATH/CodeIgniter.php(355): CodeIgniter\CodeIgniter->handleRequest(null, Object(Config\Cache), false)
 9 SYSTEMPATH/Boot.php(325): CodeIgniter\CodeIgniter->run()
10 SYSTEMPATH/Boot.php(67): CodeIgniter\Boot::runCodeIgniter(Object(CodeIgniter\CodeIgniter))
11 FCPATH/index.php(56): CodeIgniter\Boot::bootWeb(Object(Config\Paths))
WARNING - 2025-10-15 15:40:42 --> [DEPRECATED] number_format(): Passing null to parameter #1 ($num) of type float is deprecated in APPPATH/Views/reporte/imprimir_kardex.php on line 132.
 1 APPPATH/Views/reporte/imprimir_kardex.php(132): number_format(null, 2, ',', '.')
 2 SYSTEMPATH/View/View.php(234): include('/home2/usoabumg/public_html/oruro.site/app/Views/reporte/imprimir_kardex.php')
 3 SYSTEMPATH/View/View.php(237): CodeIgniter\View\View->CodeIgniter\View\{closure}()
 4 SYSTEMPATH/Common.php(1171): CodeIgniter\View\View->render('reporte/imprimir_kardex', [], true)
 5 APPPATH/Controllers/Reporte.php(105): view('reporte/imprimir_kardex', [...])
 6 SYSTEMPATH/CodeIgniter.php(933): App\Controllers\Reporte->generar_kardex_producto()
 7 SYSTEMPATH/CodeIgniter.php(509): CodeIgniter\CodeIgniter->runController(Object(App\Controllers\Reporte))
 8 SYSTEMPATH/CodeIgniter.php(355): CodeIgniter\CodeIgniter->handleRequest(null, Object(Config\Cache), false)
 9 SYSTEMPATH/Boot.php(325): CodeIgniter\CodeIgniter->run()
10 SYSTEMPATH/Boot.php(67): CodeIgniter\Boot::runCodeIgniter(Object(CodeIgniter\CodeIgniter))
11 FCPATH/index.php(56): CodeIgniter\Boot::bootWeb(Object(Config\Paths))
INFO - 2025-10-15 15:40:43 --> Session: Class initialized using 'CodeIgniter\Session\Handlers\FileHandler' driver.
INFO - 2025-10-15 15:41:34 --> Session: Class initialized using 'CodeIgniter\Session\Handlers\FileHandler' driver.
INFO - 2025-10-15 15:41:35 --> Session: Class initialized using 'CodeIgniter\Session\Handlers\FileHandler' driver.
INFO - 2025-10-15 15:41:36 --> Session: Class initialized using 'CodeIgniter\Session\Handlers\FileHandler' driver.
INFO - 2025-10-15 15:42:54 --> Session: Class initialized using 'CodeIgniter\Session\Handlers\FileHandler' driver.
INFO - 2025-10-15 15:42:56 --> Session: Class initialized using 'CodeIgniter\Session\Handlers\FileHandler' driver.
INFO - 2025-10-15 15:42:57 --> Session: Class initialized using 'CodeIgniter\Session\Handlers\FileHandler' driver.
INFO - 2025-10-15 15:45:46 --> Session: Class initialized using 'CodeIgniter\Session\Handlers\FileHandler' driver.
INFO - 2025-10-15 15:46:08 --> CSRF token verified.
INFO - 2025-10-15 15:46:09 --> Session: Class initialized using 'CodeIgniter\Session\Handlers\FileHandler' driver.
INFO - 2025-10-15 15:46:09 --> Session: Class initialized using 'CodeIgniter\Session\Handlers\FileHandler' driver.
INFO - 2025-10-15 15:46:28 --> Session: Class initialized using 'CodeIgniter\Session\Handlers\FileHandler' driver.
INFO - 2025-10-15 15:46:43 --> Session: Class initialized using 'CodeIgniter\Session\Handlers\FileHandler' driver.
INFO - 2025-10-15 15:46:48 --> Session: Class initialized using 'CodeIgniter\Session\Handlers\FileHandler' driver.
INFO - 2025-10-15 15:46:49 --> Session: Class initialized using 'CodeIgniter\Session\Handlers\FileHandler' driver.
INFO - 2025-10-15 15:46:50 --> CSRF token verified.
INFO - 2025-10-15 15:46:50 --> Session: Class initialized using 'CodeIgniter\Session\Handlers\FileHandler' driver.
WARNING - 2025-10-15 15:46:50 --> [DEPRECATED] number_format(): Passing null to parameter #1 ($num) of type float is deprecated in APPPATH/Views/reporte/imprimir_kardex.php on line 130.
 1 APPPATH/Views/reporte/imprimir_kardex.php(130): number_format(null, 2, ',', '.')
 2 SYSTEMPATH/View/View.php(234): include('/home2/usoabumg/public_html/oruro.site/app/Views/reporte/imprimir_kardex.php')
 3 SYSTEMPATH/View/View.php(237): CodeIgniter\View\View->CodeIgniter\View\{closure}()
 4 SYSTEMPATH/Common.php(1171): CodeIgniter\View\View->render('reporte/imprimir_kardex', [], true)
 5 APPPATH/Controllers/Reporte.php(105): view('reporte/imprimir_kardex', [...])
 6 SYSTEMPATH/CodeIgniter.php(933): App\Controllers\Reporte->generar_kardex_producto()
 7 SYSTEMPATH/CodeIgniter.php(509): CodeIgniter\CodeIgniter->runController(Object(App\Controllers\Reporte))
 8 SYSTEMPATH/CodeIgniter.php(355): CodeIgniter\CodeIgniter->handleRequest(null, Object(Config\Cache), false)
 9 SYSTEMPATH/Boot.php(325): CodeIgniter\CodeIgniter->run()
10 SYSTEMPATH/Boot.php(67): CodeIgniter\Boot::runCodeIgniter(Object(CodeIgniter\CodeIgniter))
11 FCPATH/index.php(56): CodeIgniter\Boot::bootWeb(Object(Config\Paths))
WARNING - 2025-10-15 15:46:50 --> [DEPRECATED] number_format(): Passing null to parameter #1 ($num) of type float is deprecated in APPPATH/Views/reporte/imprimir_kardex.php on line 133.
 1 APPPATH/Views/reporte/imprimir_kardex.php(133): number_format(null, 2, ',', '.')
 2 SYSTEMPATH/View/View.php(234): include('/home2/usoabumg/public_html/oruro.site/app/Views/reporte/imprimir_kardex.php')
 3 SYSTEMPATH/View/View.php(237): CodeIgniter\View\View->CodeIgniter\View\{closure}()
 4 SYSTEMPATH/Common.php(1171): CodeIgniter\View\View->render('reporte/imprimir_kardex', [], true)
 5 APPPATH/Controllers/Reporte.php(105): view('reporte/imprimir_kardex', [...])
 6 SYSTEMPATH/CodeIgniter.php(933): App\Controllers\Reporte->generar_kardex_producto()
 7 SYSTEMPATH/CodeIgniter.php(509): CodeIgniter\CodeIgniter->runController(Object(App\Controllers\Reporte))
 8 SYSTEMPATH/CodeIgniter.php(355): CodeIgniter\CodeIgniter->handleRequest(null, Object(Config\Cache), false)
 9 SYSTEMPATH/Boot.php(325): CodeIgniter\CodeIgniter->run()
10 SYSTEMPATH/Boot.php(67): CodeIgniter\Boot::runCodeIgniter(Object(CodeIgniter\CodeIgniter))
11 FCPATH/index.php(56): CodeIgniter\Boot::bootWeb(Object(Config\Paths))
WARNING - 2025-10-15 15:46:50 --> [DEPRECATED] number_format(): Passing null to parameter #1 ($num) of type float is deprecated in APPPATH/Views/reporte/imprimir_kardex.php on line 129.
 1 APPPATH/Views/reporte/imprimir_kardex.php(129): number_format(null, 2, ',', '.')
 2 SYSTEMPATH/View/View.php(234): include('/home2/usoabumg/public_html/oruro.site/app/Views/reporte/imprimir_kardex.php')
 3 SYSTEMPATH/View/View.php(237): CodeIgniter\View\View->CodeIgniter\View\{closure}()
 4 SYSTEMPATH/Common.php(1171): CodeIgniter\View\View->render('reporte/imprimir_kardex', [], true)
 5 APPPATH/Controllers/Reporte.php(105): view('reporte/imprimir_kardex', [...])
 6 SYSTEMPATH/CodeIgniter.php(933): App\Controllers\Reporte->generar_kardex_producto()
 7 SYSTEMPATH/CodeIgniter.php(509): CodeIgniter\CodeIgniter->runController(Object(App\Controllers\Reporte))
 8 SYSTEMPATH/CodeIgniter.php(355): CodeIgniter\CodeIgniter->handleRequest(null, Object(Config\Cache), false)
 9 SYSTEMPATH/Boot.php(325): CodeIgniter\CodeIgniter->run()
10 SYSTEMPATH/Boot.php(67): CodeIgniter\Boot::runCodeIgniter(Object(CodeIgniter\CodeIgniter))
11 FCPATH/index.php(56): CodeIgniter\Boot::bootWeb(Object(Config\Paths))
WARNING - 2025-10-15 15:46:50 --> [DEPRECATED] number_format(): Passing null to parameter #1 ($num) of type float is deprecated in APPPATH/Views/reporte/imprimir_kardex.php on line 132.
 1 APPPATH/Views/reporte/imprimir_kardex.php(132): number_format(null, 2, ',', '.')
 2 SYSTEMPATH/View/View.php(234): include('/home2/usoabumg/public_html/oruro.site/app/Views/reporte/imprimir_kardex.php')
 3 SYSTEMPATH/View/View.php(237): CodeIgniter\View\View->CodeIgniter\View\{closure}()
 4 SYSTEMPATH/Common.php(1171): CodeIgniter\View\View->render('reporte/imprimir_kardex', [], true)
 5 APPPATH/Controllers/Reporte.php(105): view('reporte/imprimir_kardex', [...])
 6 SYSTEMPATH/CodeIgniter.php(933): App\Controllers\Reporte->generar_kardex_producto()
 7 SYSTEMPATH/CodeIgniter.php(509): CodeIgniter\CodeIgniter->runController(Object(App\Controllers\Reporte))
 8 SYSTEMPATH/CodeIgniter.php(355): CodeIgniter\CodeIgniter->handleRequest(null, Object(Config\Cache), false)
 9 SYSTEMPATH/Boot.php(325): CodeIgniter\CodeIgniter->run()
10 SYSTEMPATH/Boot.php(67): CodeIgniter\Boot::runCodeIgniter(Object(CodeIgniter\CodeIgniter))
11 FCPATH/index.php(56): CodeIgniter\Boot::bootWeb(Object(Config\Paths))
WARNING - 2025-10-15 15:46:50 --> [DEPRECATED] number_format(): Passing null to parameter #1 ($num) of type float is deprecated in APPPATH/Views/reporte/imprimir_kardex.php on line 129.
 1 APPPATH/Views/reporte/imprimir_kardex.php(129): number_format(null, 2, ',', '.')
 2 SYSTEMPATH/View/View.php(234): include('/home2/usoabumg/public_html/oruro.site/app/Views/reporte/imprimir_kardex.php')
 3 SYSTEMPATH/View/View.php(237): CodeIgniter\View\View->CodeIgniter\View\{closure}()
 4 SYSTEMPATH/Common.php(1171): CodeIgniter\View\View->render('reporte/imprimir_kardex', [], true)
 5 APPPATH/Controllers/Reporte.php(105): view('reporte/imprimir_kardex', [...])
 6 SYSTEMPATH/CodeIgniter.php(933): App\Controllers\Reporte->generar_kardex_producto()
 7 SYSTEMPATH/CodeIgniter.php(509): CodeIgniter\CodeIgniter->runController(Object(App\Controllers\Reporte))
 8 SYSTEMPATH/CodeIgniter.php(355): CodeIgniter\CodeIgniter->handleRequest(null, Object(Config\Cache), false)
 9 SYSTEMPATH/Boot.php(325): CodeIgniter\CodeIgniter->run()
10 SYSTEMPATH/Boot.php(67): CodeIgniter\Boot::runCodeIgniter(Object(CodeIgniter\CodeIgniter))
11 FCPATH/index.php(56): CodeIgniter\Boot::bootWeb(Object(Config\Paths))
WARNING - 2025-10-15 15:46:50 --> [DEPRECATED] number_format(): Passing null to parameter #1 ($num) of type float is deprecated in APPPATH/Views/reporte/imprimir_kardex.php on line 132.
 1 APPPATH/Views/reporte/imprimir_kardex.php(132): number_format(null, 2, ',', '.')
 2 SYSTEMPATH/View/View.php(234): include('/home2/usoabumg/public_html/oruro.site/app/Views/reporte/imprimir_kardex.php')
 3 SYSTEMPATH/View/View.php(237): CodeIgniter\View\View->CodeIgniter\View\{closure}()
 4 SYSTEMPATH/Common.php(1171): CodeIgniter\View\View->render('reporte/imprimir_kardex', [], true)
 5 APPPATH/Controllers/Reporte.php(105): view('reporte/imprimir_kardex', [...])
 6 SYSTEMPATH/CodeIgniter.php(933): App\Controllers\Reporte->generar_kardex_producto()
 7 SYSTEMPATH/CodeIgniter.php(509): CodeIgniter\CodeIgniter->runController(Object(App\Controllers\Reporte))
 8 SYSTEMPATH/CodeIgniter.php(355): CodeIgniter\CodeIgniter->handleRequest(null, Object(Config\Cache), false)
 9 SYSTEMPATH/Boot.php(325): CodeIgniter\CodeIgniter->run()
10 SYSTEMPATH/Boot.php(67): CodeIgniter\Boot::runCodeIgniter(Object(CodeIgniter\CodeIgniter))
11 FCPATH/index.php(56): CodeIgniter\Boot::bootWeb(Object(Config\Paths))
WARNING - 2025-10-15 15:46:50 --> [DEPRECATED] number_format(): Passing null to parameter #1 ($num) of type float is deprecated in APPPATH/Views/reporte/imprimir_kardex.php on line 129.
 1 APPPATH/Views/reporte/imprimir_kardex.php(129): number_format(null, 2, ',', '.')
 2 SYSTEMPATH/View/View.php(234): include('/home2/usoabumg/public_html/oruro.site/app/Views/reporte/imprimir_kardex.php')
 3 SYSTEMPATH/View/View.php(237): CodeIgniter\View\View->CodeIgniter\View\{closure}()
 4 SYSTEMPATH/Common.php(1171): CodeIgniter\View\View->render('reporte/imprimir_kardex', [], true)
 5 APPPATH/Controllers/Reporte.php(105): view('reporte/imprimir_kardex', [...])
 6 SYSTEMPATH/CodeIgniter.php(933): App\Controllers\Reporte->generar_kardex_producto()
 7 SYSTEMPATH/CodeIgniter.php(509): CodeIgniter\CodeIgniter->runController(Object(App\Controllers\Reporte))
 8 SYSTEMPATH/CodeIgniter.php(355): CodeIgniter\CodeIgniter->handleRequest(null, Object(Config\Cache), false)
 9 SYSTEMPATH/Boot.php(325): CodeIgniter\CodeIgniter->run()
10 SYSTEMPATH/Boot.php(67): CodeIgniter\Boot::runCodeIgniter(Object(CodeIgniter\CodeIgniter))
11 FCPATH/index.php(56): CodeIgniter\Boot::bootWeb(Object(Config\Paths))
WARNING - 2025-10-15 15:46:50 --> [DEPRECATED] number_format(): Passing null to parameter #1 ($num) of type float is deprecated in APPPATH/Views/reporte/imprimir_kardex.php on line 132.
 1 APPPATH/Views/reporte/imprimir_kardex.php(132): number_format(null, 2, ',', '.')
 2 SYSTEMPATH/View/View.php(234): include('/home2/usoabumg/public_html/oruro.site/app/Views/reporte/imprimir_kardex.php')
 3 SYSTEMPATH/View/View.php(237): CodeIgniter\View\View->CodeIgniter\View\{closure}()
 4 SYSTEMPATH/Common.php(1171): CodeIgniter\View\View->render('reporte/imprimir_kardex', [], true)
 5 APPPATH/Controllers/Reporte.php(105): view('reporte/imprimir_kardex', [...])
 6 SYSTEMPATH/CodeIgniter.php(933): App\Controllers\Reporte->generar_kardex_producto()
 7 SYSTEMPATH/CodeIgniter.php(509): CodeIgniter\CodeIgniter->runController(Object(App\Controllers\Reporte))
 8 SYSTEMPATH/CodeIgniter.php(355): CodeIgniter\CodeIgniter->handleRequest(null, Object(Config\Cache), false)
 9 SYSTEMPATH/Boot.php(325): CodeIgniter\CodeIgniter->run()
10 SYSTEMPATH/Boot.php(67): CodeIgniter\Boot::runCodeIgniter(Object(CodeIgniter\CodeIgniter))
11 FCPATH/index.php(56): CodeIgniter\Boot::bootWeb(Object(Config\Paths))
WARNING - 2025-10-15 15:46:50 --> [DEPRECATED] number_format(): Passing null to parameter #1 ($num) of type float is deprecated in APPPATH/Views/reporte/imprimir_kardex.php on line 129.
 1 APPPATH/Views/reporte/imprimir_kardex.php(129): number_format(null, 2, ',', '.')
 2 SYSTEMPATH/View/View.php(234): include('/home2/usoabumg/public_html/oruro.site/app/Views/reporte/imprimir_kardex.php')
 3 SYSTEMPATH/View/View.php(237): CodeIgniter\View\View->CodeIgniter\View\{closure}()
 4 SYSTEMPATH/Common.php(1171): CodeIgniter\View\View->render('reporte/imprimir_kardex', [], true)
 5 APPPATH/Controllers/Reporte.php(105): view('reporte/imprimir_kardex', [...])
 6 SYSTEMPATH/CodeIgniter.php(933): App\Controllers\Reporte->generar_kardex_producto()
 7 SYSTEMPATH/CodeIgniter.php(509): CodeIgniter\CodeIgniter->runController(Object(App\Controllers\Reporte))
 8 SYSTEMPATH/CodeIgniter.php(355): CodeIgniter\CodeIgniter->handleRequest(null, Object(Config\Cache), false)
 9 SYSTEMPATH/Boot.php(325): CodeIgniter\CodeIgniter->run()
10 SYSTEMPATH/Boot.php(67): CodeIgniter\Boot::runCodeIgniter(Object(CodeIgniter\CodeIgniter))
11 FCPATH/index.php(56): CodeIgniter\Boot::bootWeb(Object(Config\Paths))
WARNING - 2025-10-15 15:46:50 --> [DEPRECATED] number_format(): Passing null to parameter #1 ($num) of type float is deprecated in APPPATH/Views/reporte/imprimir_kardex.php on line 132.
 1 APPPATH/Views/reporte/imprimir_kardex.php(132): number_format(null, 2, ',', '.')
 2 SYSTEMPATH/View/View.php(234): include('/home2/usoabumg/public_html/oruro.site/app/Views/reporte/imprimir_kardex.php')
 3 SYSTEMPATH/View/View.php(237): CodeIgniter\View\View->CodeIgniter\View\{closure}()
 4 SYSTEMPATH/Common.php(1171): CodeIgniter\View\View->render('reporte/imprimir_kardex', [], true)
 5 APPPATH/Controllers/Reporte.php(105): view('reporte/imprimir_kardex', [...])
 6 SYSTEMPATH/CodeIgniter.php(933): App\Controllers\Reporte->generar_kardex_producto()
 7 SYSTEMPATH/CodeIgniter.php(509): CodeIgniter\CodeIgniter->runController(Object(App\Controllers\Reporte))
 8 SYSTEMPATH/CodeIgniter.php(355): CodeIgniter\CodeIgniter->handleRequest(null, Object(Config\Cache), false)
 9 SYSTEMPATH/Boot.php(325): CodeIgniter\CodeIgniter->run()
10 SYSTEMPATH/Boot.php(67): CodeIgniter\Boot::runCodeIgniter(Object(CodeIgniter\CodeIgniter))
11 FCPATH/index.php(56): CodeIgniter\Boot::bootWeb(Object(Config\Paths))
WARNING - 2025-10-15 15:46:50 --> [DEPRECATED] number_format(): Passing null to parameter #1 ($num) of type float is deprecated in APPPATH/Views/reporte/imprimir_kardex.php on line 129.
 1 APPPATH/Views/reporte/imprimir_kardex.php(129): number_format(null, 2, ',', '.')
 2 SYSTEMPATH/View/View.php(234): include('/home2/usoabumg/public_html/oruro.site/app/Views/reporte/imprimir_kardex.php')
 3 SYSTEMPATH/View/View.php(237): CodeIgniter\View\View->CodeIgniter\View\{closure}()
 4 SYSTEMPATH/Common.php(1171): CodeIgniter\View\View->render('reporte/imprimir_kardex', [], true)
 5 APPPATH/Controllers/Reporte.php(105): view('reporte/imprimir_kardex', [...])
 6 SYSTEMPATH/CodeIgniter.php(933): App\Controllers\Reporte->generar_kardex_producto()
 7 SYSTEMPATH/CodeIgniter.php(509): CodeIgniter\CodeIgniter->runController(Object(App\Controllers\Reporte))
 8 SYSTEMPATH/CodeIgniter.php(355): CodeIgniter\CodeIgniter->handleRequest(null, Object(Config\Cache), false)
 9 SYSTEMPATH/Boot.php(325): CodeIgniter\CodeIgniter->run()
10 SYSTEMPATH/Boot.php(67): CodeIgniter\Boot::runCodeIgniter(Object(CodeIgniter\CodeIgniter))
11 FCPATH/index.php(56): CodeIgniter\Boot::bootWeb(Object(Config\Paths))
WARNING - 2025-10-15 15:46:50 --> [DEPRECATED] number_format(): Passing null to parameter #1 ($num) of type float is deprecated in APPPATH/Views/reporte/imprimir_kardex.php on line 132.
 1 APPPATH/Views/reporte/imprimir_kardex.php(132): number_format(null, 2, ',', '.')
 2 SYSTEMPATH/View/View.php(234): include('/home2/usoabumg/public_html/oruro.site/app/Views/reporte/imprimir_kardex.php')
 3 SYSTEMPATH/View/View.php(237): CodeIgniter\View\View->CodeIgniter\View\{closure}()
 4 SYSTEMPATH/Common.php(1171): CodeIgniter\View\View->render('reporte/imprimir_kardex', [], true)
 5 APPPATH/Controllers/Reporte.php(105): view('reporte/imprimir_kardex', [...])
 6 SYSTEMPATH/CodeIgniter.php(933): App\Controllers\Reporte->generar_kardex_producto()
 7 SYSTEMPATH/CodeIgniter.php(509): CodeIgniter\CodeIgniter->runController(Object(App\Controllers\Reporte))
 8 SYSTEMPATH/CodeIgniter.php(355): CodeIgniter\CodeIgniter->handleRequest(null, Object(Config\Cache), false)
 9 SYSTEMPATH/Boot.php(325): CodeIgniter\CodeIgniter->run()
10 SYSTEMPATH/Boot.php(67): CodeIgniter\Boot::runCodeIgniter(Object(CodeIgniter\CodeIgniter))
11 FCPATH/index.php(56): CodeIgniter\Boot::bootWeb(Object(Config\Paths))
WARNING - 2025-10-15 15:46:50 --> [DEPRECATED] number_format(): Passing null to parameter #1 ($num) of type float is deprecated in APPPATH/Views/reporte/imprimir_kardex.php on line 129.
 1 APPPATH/Views/reporte/imprimir_kardex.php(129): number_format(null, 2, ',', '.')
 2 SYSTEMPATH/View/View.php(234): include('/home2/usoabumg/public_html/oruro.site/app/Views/reporte/imprimir_kardex.php')
 3 SYSTEMPATH/View/View.php(237): CodeIgniter\View\View->CodeIgniter\View\{closure}()
 4 SYSTEMPATH/Common.php(1171): CodeIgniter\View\View->render('reporte/imprimir_kardex', [], true)
 5 APPPATH/Controllers/Reporte.php(105): view('reporte/imprimir_kardex', [...])
 6 SYSTEMPATH/CodeIgniter.php(933): App\Controllers\Reporte->generar_kardex_producto()
 7 SYSTEMPATH/CodeIgniter.php(509): CodeIgniter\CodeIgniter->runController(Object(App\Controllers\Reporte))
 8 SYSTEMPATH/CodeIgniter.php(355): CodeIgniter\CodeIgniter->handleRequest(null, Object(Config\Cache), false)
 9 SYSTEMPATH/Boot.php(325): CodeIgniter\CodeIgniter->run()
10 SYSTEMPATH/Boot.php(67): CodeIgniter\Boot::runCodeIgniter(Object(CodeIgniter\CodeIgniter))
11 FCPATH/index.php(56): CodeIgniter\Boot::bootWeb(Object(Config\Paths))
WARNING - 2025-10-15 15:46:50 --> [DEPRECATED] number_format(): Passing null to parameter #1 ($num) of type float is deprecated in APPPATH/Views/reporte/imprimir_kardex.php on line 132.
 1 APPPATH/Views/reporte/imprimir_kardex.php(132): number_format(null, 2, ',', '.')
 2 SYSTEMPATH/View/View.php(234): include('/home2/usoabumg/public_html/oruro.site/app/Views/reporte/imprimir_kardex.php')
 3 SYSTEMPATH/View/View.php(237): CodeIgniter\View\View->CodeIgniter\View\{closure}()
 4 SYSTEMPATH/Common.php(1171): CodeIgniter\View\View->render('reporte/imprimir_kardex', [], true)
 5 APPPATH/Controllers/Reporte.php(105): view('reporte/imprimir_kardex', [...])
 6 SYSTEMPATH/CodeIgniter.php(933): App\Controllers\Reporte->generar_kardex_producto()
 7 SYSTEMPATH/CodeIgniter.php(509): CodeIgniter\CodeIgniter->runController(Object(App\Controllers\Reporte))
 8 SYSTEMPATH/CodeIgniter.php(355): CodeIgniter\CodeIgniter->handleRequest(null, Object(Config\Cache), false)
 9 SYSTEMPATH/Boot.php(325): CodeIgniter\CodeIgniter->run()
10 SYSTEMPATH/Boot.php(67): CodeIgniter\Boot::runCodeIgniter(Object(CodeIgniter\CodeIgniter))
11 FCPATH/index.php(56): CodeIgniter\Boot::bootWeb(Object(Config\Paths))
WARNING - 2025-10-15 15:46:50 --> [DEPRECATED] number_format(): Passing null to parameter #1 ($num) of type float is deprecated in APPPATH/Views/reporte/imprimir_kardex.php on line 129.
 1 APPPATH/Views/reporte/imprimir_kardex.php(129): number_format(null, 2, ',', '.')
 2 SYSTEMPATH/View/View.php(234): include('/home2/usoabumg/public_html/oruro.site/app/Views/reporte/imprimir_kardex.php')
 3 SYSTEMPATH/View/View.php(237): CodeIgniter\View\View->CodeIgniter\View\{closure}()
 4 SYSTEMPATH/Common.php(1171): CodeIgniter\View\View->render('reporte/imprimir_kardex', [], true)
 5 APPPATH/Controllers/Reporte.php(105): view('reporte/imprimir_kardex', [...])
 6 SYSTEMPATH/CodeIgniter.php(933): App\Controllers\Reporte->generar_kardex_producto()
 7 SYSTEMPATH/CodeIgniter.php(509): CodeIgniter\CodeIgniter->runController(Object(App\Controllers\Reporte))
 8 SYSTEMPATH/CodeIgniter.php(355): CodeIgniter\CodeIgniter->handleRequest(null, Object(Config\Cache), false)
 9 SYSTEMPATH/Boot.php(325): CodeIgniter\CodeIgniter->run()
10 SYSTEMPATH/Boot.php(67): CodeIgniter\Boot::runCodeIgniter(Object(CodeIgniter\CodeIgniter))
11 FCPATH/index.php(56): CodeIgniter\Boot::bootWeb(Object(Config\Paths))
WARNING - 2025-10-15 15:46:50 --> [DEPRECATED] number_format(): Passing null to parameter #1 ($num) of type float is deprecated in APPPATH/Views/reporte/imprimir_kardex.php on line 132.
 1 APPPATH/Views/reporte/imprimir_kardex.php(132): number_format(null, 2, ',', '.')
 2 SYSTEMPATH/View/View.php(234): include('/home2/usoabumg/public_html/oruro.site/app/Views/reporte/imprimir_kardex.php')
 3 SYSTEMPATH/View/View.php(237): CodeIgniter\View\View->CodeIgniter\View\{closure}()
 4 SYSTEMPATH/Common.php(1171): CodeIgniter\View\View->render('reporte/imprimir_kardex', [], true)
 5 APPPATH/Controllers/Reporte.php(105): view('reporte/imprimir_kardex', [...])
 6 SYSTEMPATH/CodeIgniter.php(933): App\Controllers\Reporte->generar_kardex_producto()
 7 SYSTEMPATH/CodeIgniter.php(509): CodeIgniter\CodeIgniter->runController(Object(App\Controllers\Reporte))
 8 SYSTEMPATH/CodeIgniter.php(355): CodeIgniter\CodeIgniter->handleRequest(null, Object(Config\Cache), false)
 9 SYSTEMPATH/Boot.php(325): CodeIgniter\CodeIgniter->run()
10 SYSTEMPATH/Boot.php(67): CodeIgniter\Boot::runCodeIgniter(Object(CodeIgniter\CodeIgniter))
11 FCPATH/index.php(56): CodeIgniter\Boot::bootWeb(Object(Config\Paths))
WARNING - 2025-10-15 15:46:50 --> [DEPRECATED] number_format(): Passing null to parameter #1 ($num) of type float is deprecated in APPPATH/Views/reporte/imprimir_kardex.php on line 129.
 1 APPPATH/Views/reporte/imprimir_kardex.php(129): number_format(null, 2, ',', '.')
 2 SYSTEMPATH/View/View.php(234): include('/home2/usoabumg/public_html/oruro.site/app/Views/reporte/imprimir_kardex.php')
 3 SYSTEMPATH/View/View.php(237): CodeIgniter\View\View->CodeIgniter\View\{closure}()
 4 SYSTEMPATH/Common.php(1171): CodeIgniter\View\View->render('reporte/imprimir_kardex', [], true)
 5 APPPATH/Controllers/Reporte.php(105): view('reporte/imprimir_kardex', [...])
 6 SYSTEMPATH/CodeIgniter.php(933): App\Controllers\Reporte->generar_kardex_producto()
 7 SYSTEMPATH/CodeIgniter.php(509): CodeIgniter\CodeIgniter->runController(Object(App\Controllers\Reporte))
 8 SYSTEMPATH/CodeIgniter.php(355): CodeIgniter\CodeIgniter->handleRequest(null, Object(Config\Cache), false)
 9 SYSTEMPATH/Boot.php(325): CodeIgniter\CodeIgniter->run()
10 SYSTEMPATH/Boot.php(67): CodeIgniter\Boot::runCodeIgniter(Object(CodeIgniter\CodeIgniter))
11 FCPATH/index.php(56): CodeIgniter\Boot::bootWeb(Object(Config\Paths))
WARNING - 2025-10-15 15:46:50 --> [DEPRECATED] number_format(): Passing null to parameter #1 ($num) of type float is deprecated in APPPATH/Views/reporte/imprimir_kardex.php on line 132.
 1 APPPATH/Views/reporte/imprimir_kardex.php(132): number_format(null, 2, ',', '.')
 2 SYSTEMPATH/View/View.php(234): include('/home2/usoabumg/public_html/oruro.site/app/Views/reporte/imprimir_kardex.php')
 3 SYSTEMPATH/View/View.php(237): CodeIgniter\View\View->CodeIgniter\View\{closure}()
 4 SYSTEMPATH/Common.php(1171): CodeIgniter\View\View->render('reporte/imprimir_kardex', [], true)
 5 APPPATH/Controllers/Reporte.php(105): view('reporte/imprimir_kardex', [...])
 6 SYSTEMPATH/CodeIgniter.php(933): App\Controllers\Reporte->generar_kardex_producto()
 7 SYSTEMPATH/CodeIgniter.php(509): CodeIgniter\CodeIgniter->runController(Object(App\Controllers\Reporte))
 8 SYSTEMPATH/CodeIgniter.php(355): CodeIgniter\CodeIgniter->handleRequest(null, Object(Config\Cache), false)
 9 SYSTEMPATH/Boot.php(325): CodeIgniter\CodeIgniter->run()
10 SYSTEMPATH/Boot.php(67): CodeIgniter\Boot::runCodeIgniter(Object(CodeIgniter\CodeIgniter))
11 FCPATH/index.php(56): CodeIgniter\Boot::bootWeb(Object(Config\Paths))
WARNING - 2025-10-15 15:46:50 --> [DEPRECATED] number_format(): Passing null to parameter #1 ($num) of type float is deprecated in APPPATH/Views/reporte/imprimir_kardex.php on line 129.
 1 APPPATH/Views/reporte/imprimir_kardex.php(129): number_format(null, 2, ',', '.')
 2 SYSTEMPATH/View/View.php(234): include('/home2/usoabumg/public_html/oruro.site/app/Views/reporte/imprimir_kardex.php')
 3 SYSTEMPATH/View/View.php(237): CodeIgniter\View\View->CodeIgniter\View\{closure}()
 4 SYSTEMPATH/Common.php(1171): CodeIgniter\View\View->render('reporte/imprimir_kardex', [], true)
 5 APPPATH/Controllers/Reporte.php(105): view('reporte/imprimir_kardex', [...])
 6 SYSTEMPATH/CodeIgniter.php(933): App\Controllers\Reporte->generar_kardex_producto()
 7 SYSTEMPATH/CodeIgniter.php(509): CodeIgniter\CodeIgniter->runController(Object(App\Controllers\Reporte))
 8 SYSTEMPATH/CodeIgniter.php(355): CodeIgniter\CodeIgniter->handleRequest(null, Object(Config\Cache), false)
 9 SYSTEMPATH/Boot.php(325): CodeIgniter\CodeIgniter->run()
10 SYSTEMPATH/Boot.php(67): CodeIgniter\Boot::runCodeIgniter(Object(CodeIgniter\CodeIgniter))
11 FCPATH/index.php(56): CodeIgniter\Boot::bootWeb(Object(Config\Paths))
WARNING - 2025-10-15 15:46:50 --> [DEPRECATED] number_format(): Passing null to parameter #1 ($num) of type float is deprecated in APPPATH/Views/reporte/imprimir_kardex.php on line 132.
 1 APPPATH/Views/reporte/imprimir_kardex.php(132): number_format(null, 2, ',', '.')
 2 SYSTEMPATH/View/View.php(234): include('/home2/usoabumg/public_html/oruro.site/app/Views/reporte/imprimir_kardex.php')
 3 SYSTEMPATH/View/View.php(237): CodeIgniter\View\View->CodeIgniter\View\{closure}()
 4 SYSTEMPATH/Common.php(1171): CodeIgniter\View\View->render('reporte/imprimir_kardex', [], true)
 5 APPPATH/Controllers/Reporte.php(105): view('reporte/imprimir_kardex', [...])
 6 SYSTEMPATH/CodeIgniter.php(933): App\Controllers\Reporte->generar_kardex_producto()
 7 SYSTEMPATH/CodeIgniter.php(509): CodeIgniter\CodeIgniter->runController(Object(App\Controllers\Reporte))
 8 SYSTEMPATH/CodeIgniter.php(355): CodeIgniter\CodeIgniter->handleRequest(null, Object(Config\Cache), false)
 9 SYSTEMPATH/Boot.php(325): CodeIgniter\CodeIgniter->run()
10 SYSTEMPATH/Boot.php(67): CodeIgniter\Boot::runCodeIgniter(Object(CodeIgniter\CodeIgniter))
11 FCPATH/index.php(56): CodeIgniter\Boot::bootWeb(Object(Config\Paths))
INFO - 2025-10-15 15:46:51 --> Session: Class initialized using 'CodeIgniter\Session\Handlers\FileHandler' driver.
INFO - 2025-10-15 15:47:33 --> Session: Class initialized using 'CodeIgniter\Session\Handlers\FileHandler' driver.
INFO - 2025-10-15 15:47:35 --> Session: Class initialized using 'CodeIgniter\Session\Handlers\FileHandler' driver.
INFO - 2025-10-15 15:47:36 --> Session: Class initialized using 'CodeIgniter\Session\Handlers\FileHandler' driver.
INFO - 2025-10-15 15:52:50 --> Session: Class initialized using 'CodeIgniter\Session\Handlers\FileHandler' driver.
INFO - 2025-10-15 15:52:51 --> Session: Class initialized using 'CodeIgniter\Session\Handlers\FileHandler' driver.
INFO - 2025-10-15 15:52:52 --> Session: Class initialized using 'CodeIgniter\Session\Handlers\FileHandler' driver.
INFO - 2025-10-15 15:55:51 --> Session: Class initialized using 'CodeIgniter\Session\Handlers\FileHandler' driver.
INFO - 2025-10-15 15:56:14 --> CSRF token verified.
INFO - 2025-10-15 15:56:14 --> Session: Class initialized using 'CodeIgniter\Session\Handlers\FileHandler' driver.
WARNING - 2025-10-15 15:56:14 --> [DEPRECATED] number_format(): Passing null to parameter #1 ($num) of type float is deprecated in APPPATH/Views/reporte/imprimir_kardex.php on line 130.
 1 APPPATH/Views/reporte/imprimir_kardex.php(130): number_format(null, 2, ',', '.')
 2 SYSTEMPATH/View/View.php(234): include('/home2/usoabumg/public_html/oruro.site/app/Views/reporte/imprimir_kardex.php')
 3 SYSTEMPATH/View/View.php(237): CodeIgniter\View\View->CodeIgniter\View\{closure}()
 4 SYSTEMPATH/Common.php(1171): CodeIgniter\View\View->render('reporte/imprimir_kardex', [], true)
 5 APPPATH/Controllers/Reporte.php(105): view('reporte/imprimir_kardex', [...])
 6 SYSTEMPATH/CodeIgniter.php(933): App\Controllers\Reporte->generar_kardex_producto()
 7 SYSTEMPATH/CodeIgniter.php(509): CodeIgniter\CodeIgniter->runController(Object(App\Controllers\Reporte))
 8 SYSTEMPATH/CodeIgniter.php(355): CodeIgniter\CodeIgniter->handleRequest(null, Object(Config\Cache), false)
 9 SYSTEMPATH/Boot.php(325): CodeIgniter\CodeIgniter->run()
10 SYSTEMPATH/Boot.php(67): CodeIgniter\Boot::runCodeIgniter(Object(CodeIgniter\CodeIgniter))
11 FCPATH/index.php(56): CodeIgniter\Boot::bootWeb(Object(Config\Paths))
WARNING - 2025-10-15 15:56:14 --> [DEPRECATED] number_format(): Passing null to parameter #1 ($num) of type float is deprecated in APPPATH/Views/reporte/imprimir_kardex.php on line 133.
 1 APPPATH/Views/reporte/imprimir_kardex.php(133): number_format(null, 2, ',', '.')
 2 SYSTEMPATH/View/View.php(234): include('/home2/usoabumg/public_html/oruro.site/app/Views/reporte/imprimir_kardex.php')
 3 SYSTEMPATH/View/View.php(237): CodeIgniter\View\View->CodeIgniter\View\{closure}()
 4 SYSTEMPATH/Common.php(1171): CodeIgniter\View\View->render('reporte/imprimir_kardex', [], true)
 5 APPPATH/Controllers/Reporte.php(105): view('reporte/imprimir_kardex', [...])
 6 SYSTEMPATH/CodeIgniter.php(933): App\Controllers\Reporte->generar_kardex_producto()
 7 SYSTEMPATH/CodeIgniter.php(509): CodeIgniter\CodeIgniter->runController(Object(App\Controllers\Reporte))
 8 SYSTEMPATH/CodeIgniter.php(355): CodeIgniter\CodeIgniter->handleRequest(null, Object(Config\Cache), false)
 9 SYSTEMPATH/Boot.php(325): CodeIgniter\CodeIgniter->run()
10 SYSTEMPATH/Boot.php(67): CodeIgniter\Boot::runCodeIgniter(Object(CodeIgniter\CodeIgniter))
11 FCPATH/index.php(56): CodeIgniter\Boot::bootWeb(Object(Config\Paths))
WARNING - 2025-10-15 15:56:14 --> [DEPRECATED] number_format(): Passing null to parameter #1 ($num) of type float is deprecated in APPPATH/Views/reporte/imprimir_kardex.php on line 129.
 1 APPPATH/Views/reporte/imprimir_kardex.php(129): number_format(null, 2, ',', '.')
 2 SYSTEMPATH/View/View.php(234): include('/home2/usoabumg/public_html/oruro.site/app/Views/reporte/imprimir_kardex.php')
 3 SYSTEMPATH/View/View.php(237): CodeIgniter\View\View->CodeIgniter\View\{closure}()
 4 SYSTEMPATH/Common.php(1171): CodeIgniter\View\View->render('reporte/imprimir_kardex', [], true)
 5 APPPATH/Controllers/Reporte.php(105): view('reporte/imprimir_kardex', [...])
 6 SYSTEMPATH/CodeIgniter.php(933): App\Controllers\Reporte->generar_kardex_producto()
 7 SYSTEMPATH/CodeIgniter.php(509): CodeIgniter\CodeIgniter->runController(Object(App\Controllers\Reporte))
 8 SYSTEMPATH/CodeIgniter.php(355): CodeIgniter\CodeIgniter->handleRequest(null, Object(Config\Cache), false)
 9 SYSTEMPATH/Boot.php(325): CodeIgniter\CodeIgniter->run()
10 SYSTEMPATH/Boot.php(67): CodeIgniter\Boot::runCodeIgniter(Object(CodeIgniter\CodeIgniter))
11 FCPATH/index.php(56): CodeIgniter\Boot::bootWeb(Object(Config\Paths))
WARNING - 2025-10-15 15:56:14 --> [DEPRECATED] number_format(): Passing null to parameter #1 ($num) of type float is deprecated in APPPATH/Views/reporte/imprimir_kardex.php on line 132.
 1 APPPATH/Views/reporte/imprimir_kardex.php(132): number_format(null, 2, ',', '.')
 2 SYSTEMPATH/View/View.php(234): include('/home2/usoabumg/public_html/oruro.site/app/Views/reporte/imprimir_kardex.php')
 3 SYSTEMPATH/View/View.php(237): CodeIgniter\View\View->CodeIgniter\View\{closure}()
 4 SYSTEMPATH/Common.php(1171): CodeIgniter\View\View->render('reporte/imprimir_kardex', [], true)
 5 APPPATH/Controllers/Reporte.php(105): view('reporte/imprimir_kardex', [...])
 6 SYSTEMPATH/CodeIgniter.php(933): App\Controllers\Reporte->generar_kardex_producto()
 7 SYSTEMPATH/CodeIgniter.php(509): CodeIgniter\CodeIgniter->runController(Object(App\Controllers\Reporte))
 8 SYSTEMPATH/CodeIgniter.php(355): CodeIgniter\CodeIgniter->handleRequest(null, Object(Config\Cache), false)
 9 SYSTEMPATH/Boot.php(325): CodeIgniter\CodeIgniter->run()
10 SYSTEMPATH/Boot.php(67): CodeIgniter\Boot::runCodeIgniter(Object(CodeIgniter\CodeIgniter))
11 FCPATH/index.php(56): CodeIgniter\Boot::bootWeb(Object(Config\Paths))
INFO - 2025-10-15 15:56:15 --> Session: Class initialized using 'CodeIgniter\Session\Handlers\FileHandler' driver.
INFO - 2025-10-15 15:56:54 --> Session: Class initialized using 'CodeIgniter\Session\Handlers\FileHandler' driver.
INFO - 2025-10-15 15:57:04 --> CSRF token verified.
INFO - 2025-10-15 15:57:04 --> Session: Class initialized using 'CodeIgniter\Session\Handlers\FileHandler' driver.
WARNING - 2025-10-15 15:57:04 --> [DEPRECATED] number_format(): Passing null to parameter #1 ($num) of type float is deprecated in APPPATH/Views/reporte/imprimir_kardex.php on line 130.
 1 APPPATH/Views/reporte/imprimir_kardex.php(130): number_format(null, 2, ',', '.')
 2 SYSTEMPATH/View/View.php(234): include('/home2/usoabumg/public_html/oruro.site/app/Views/reporte/imprimir_kardex.php')
 3 SYSTEMPATH/View/View.php(237): CodeIgniter\View\View->CodeIgniter\View\{closure}()
 4 SYSTEMPATH/Common.php(1171): CodeIgniter\View\View->render('reporte/imprimir_kardex', [], true)
 5 APPPATH/Controllers/Reporte.php(105): view('reporte/imprimir_kardex', [...])
 6 SYSTEMPATH/CodeIgniter.php(933): App\Controllers\Reporte->generar_kardex_producto()
 7 SYSTEMPATH/CodeIgniter.php(509): CodeIgniter\CodeIgniter->runController(Object(App\Controllers\Reporte))
 8 SYSTEMPATH/CodeIgniter.php(355): CodeIgniter\CodeIgniter->handleRequest(null, Object(Config\Cache), false)
 9 SYSTEMPATH/Boot.php(325): CodeIgniter\CodeIgniter->run()
10 SYSTEMPATH/Boot.php(67): CodeIgniter\Boot::runCodeIgniter(Object(CodeIgniter\CodeIgniter))
11 FCPATH/index.php(56): CodeIgniter\Boot::bootWeb(Object(Config\Paths))
WARNING - 2025-10-15 15:57:04 --> [DEPRECATED] number_format(): Passing null to parameter #1 ($num) of type float is deprecated in APPPATH/Views/reporte/imprimir_kardex.php on line 133.
 1 APPPATH/Views/reporte/imprimir_kardex.php(133): number_format(null, 2, ',', '.')
 2 SYSTEMPATH/View/View.php(234): include('/home2/usoabumg/public_html/oruro.site/app/Views/reporte/imprimir_kardex.php')
 3 SYSTEMPATH/View/View.php(237): CodeIgniter\View\View->CodeIgniter\View\{closure}()
 4 SYSTEMPATH/Common.php(1171): CodeIgniter\View\View->render('reporte/imprimir_kardex', [], true)
 5 APPPATH/Controllers/Reporte.php(105): view('reporte/imprimir_kardex', [...])
 6 SYSTEMPATH/CodeIgniter.php(933): App\Controllers\Reporte->generar_kardex_producto()
 7 SYSTEMPATH/CodeIgniter.php(509): CodeIgniter\CodeIgniter->runController(Object(App\Controllers\Reporte))
 8 SYSTEMPATH/CodeIgniter.php(355): CodeIgniter\CodeIgniter->handleRequest(null, Object(Config\Cache), false)
 9 SYSTEMPATH/Boot.php(325): CodeIgniter\CodeIgniter->run()
10 SYSTEMPATH/Boot.php(67): CodeIgniter\Boot::runCodeIgniter(Object(CodeIgniter\CodeIgniter))
11 FCPATH/index.php(56): CodeIgniter\Boot::bootWeb(Object(Config\Paths))
WARNING - 2025-10-15 15:57:04 --> [DEPRECATED] number_format(): Passing null to parameter #1 ($num) of type float is deprecated in APPPATH/Views/reporte/imprimir_kardex.php on line 129.
 1 APPPATH/Views/reporte/imprimir_kardex.php(129): number_format(null, 2, ',', '.')
 2 SYSTEMPATH/View/View.php(234): include('/home2/usoabumg/public_html/oruro.site/app/Views/reporte/imprimir_kardex.php')
 3 SYSTEMPATH/View/View.php(237): CodeIgniter\View\View->CodeIgniter\View\{closure}()
 4 SYSTEMPATH/Common.php(1171): CodeIgniter\View\View->render('reporte/imprimir_kardex', [], true)
 5 APPPATH/Controllers/Reporte.php(105): view('reporte/imprimir_kardex', [...])
 6 SYSTEMPATH/CodeIgniter.php(933): App\Controllers\Reporte->generar_kardex_producto()
 7 SYSTEMPATH/CodeIgniter.php(509): CodeIgniter\CodeIgniter->runController(Object(App\Controllers\Reporte))
 8 SYSTEMPATH/CodeIgniter.php(355): CodeIgniter\CodeIgniter->handleRequest(null, Object(Config\Cache), false)
 9 SYSTEMPATH/Boot.php(325): CodeIgniter\CodeIgniter->run()
10 SYSTEMPATH/Boot.php(67): CodeIgniter\Boot::runCodeIgniter(Object(CodeIgniter\CodeIgniter))
11 FCPATH/index.php(56): CodeIgniter\Boot::bootWeb(Object(Config\Paths))
WARNING - 2025-10-15 15:57:04 --> [DEPRECATED] number_format(): Passing null to parameter #1 ($num) of type float is deprecated in APPPATH/Views/reporte/imprimir_kardex.php on line 132.
 1 APPPATH/Views/reporte/imprimir_kardex.php(132): number_format(null, 2, ',', '.')
 2 SYSTEMPATH/View/View.php(234): include('/home2/usoabumg/public_html/oruro.site/app/Views/reporte/imprimir_kardex.php')
 3 SYSTEMPATH/View/View.php(237): CodeIgniter\View\View->CodeIgniter\View\{closure}()
 4 SYSTEMPATH/Common.php(1171): CodeIgniter\View\View->render('reporte/imprimir_kardex', [], true)
 5 APPPATH/Controllers/Reporte.php(105): view('reporte/imprimir_kardex', [...])
 6 SYSTEMPATH/CodeIgniter.php(933): App\Controllers\Reporte->generar_kardex_producto()
 7 SYSTEMPATH/CodeIgniter.php(509): CodeIgniter\CodeIgniter->runController(Object(App\Controllers\Reporte))
 8 SYSTEMPATH/CodeIgniter.php(355): CodeIgniter\CodeIgniter->handleRequest(null, Object(Config\Cache), false)
 9 SYSTEMPATH/Boot.php(325): CodeIgniter\CodeIgniter->run()
10 SYSTEMPATH/Boot.php(67): CodeIgniter\Boot::runCodeIgniter(Object(CodeIgniter\CodeIgniter))
11 FCPATH/index.php(56): CodeIgniter\Boot::bootWeb(Object(Config\Paths))
WARNING - 2025-10-15 15:57:04 --> [DEPRECATED] number_format(): Passing null to parameter #1 ($num) of type float is deprecated in APPPATH/Views/reporte/imprimir_kardex.php on line 129.
 1 APPPATH/Views/reporte/imprimir_kardex.php(129): number_format(null, 2, ',', '.')
 2 SYSTEMPATH/View/View.php(234): include('/home2/usoabumg/public_html/oruro.site/app/Views/reporte/imprimir_kardex.php')
 3 SYSTEMPATH/View/View.php(237): CodeIgniter\View\View->CodeIgniter\View\{closure}()
 4 SYSTEMPATH/Common.php(1171): CodeIgniter\View\View->render('reporte/imprimir_kardex', [], true)
 5 APPPATH/Controllers/Reporte.php(105): view('reporte/imprimir_kardex', [...])
 6 SYSTEMPATH/CodeIgniter.php(933): App\Controllers\Reporte->generar_kardex_producto()
 7 SYSTEMPATH/CodeIgniter.php(509): CodeIgniter\CodeIgniter->runController(Object(App\Controllers\Reporte))
 8 SYSTEMPATH/CodeIgniter.php(355): CodeIgniter\CodeIgniter->handleRequest(null, Object(Config\Cache), false)
 9 SYSTEMPATH/Boot.php(325): CodeIgniter\CodeIgniter->run()
10 SYSTEMPATH/Boot.php(67): CodeIgniter\Boot::runCodeIgniter(Object(CodeIgniter\CodeIgniter))
11 FCPATH/index.php(56): CodeIgniter\Boot::bootWeb(Object(Config\Paths))
WARNING - 2025-10-15 15:57:04 --> [DEPRECATED] number_format(): Passing null to parameter #1 ($num) of type float is deprecated in APPPATH/Views/reporte/imprimir_kardex.php on line 132.
 1 APPPATH/Views/reporte/imprimir_kardex.php(132): number_format(null, 2, ',', '.')
 2 SYSTEMPATH/View/View.php(234): include('/home2/usoabumg/public_html/oruro.site/app/Views/reporte/imprimir_kardex.php')
 3 SYSTEMPATH/View/View.php(237): CodeIgniter\View\View->CodeIgniter\View\{closure}()
 4 SYSTEMPATH/Common.php(1171): CodeIgniter\View\View->render('reporte/imprimir_kardex', [], true)
 5 APPPATH/Controllers/Reporte.php(105): view('reporte/imprimir_kardex', [...])
 6 SYSTEMPATH/CodeIgniter.php(933): App\Controllers\Reporte->generar_kardex_producto()
 7 SYSTEMPATH/CodeIgniter.php(509): CodeIgniter\CodeIgniter->runController(Object(App\Controllers\Reporte))
 8 SYSTEMPATH/CodeIgniter.php(355): CodeIgniter\CodeIgniter->handleRequest(null, Object(Config\Cache), false)
 9 SYSTEMPATH/Boot.php(325): CodeIgniter\CodeIgniter->run()
10 SYSTEMPATH/Boot.php(67): CodeIgniter\Boot::runCodeIgniter(Object(CodeIgniter\CodeIgniter))
11 FCPATH/index.php(56): CodeIgniter\Boot::bootWeb(Object(Config\Paths))
WARNING - 2025-10-15 15:57:04 --> [DEPRECATED] number_format(): Passing null to parameter #1 ($num) of type float is deprecated in APPPATH/Views/reporte/imprimir_kardex.php on line 129.
 1 APPPATH/Views/reporte/imprimir_kardex.php(129): number_format(null, 2, ',', '.')
 2 SYSTEMPATH/View/View.php(234): include('/home2/usoabumg/public_html/oruro.site/app/Views/reporte/imprimir_kardex.php')
 3 SYSTEMPATH/View/View.php(237): CodeIgniter\View\View->CodeIgniter\View\{closure}()
 4 SYSTEMPATH/Common.php(1171): CodeIgniter\View\View->render('reporte/imprimir_kardex', [], true)
 5 APPPATH/Controllers/Reporte.php(105): view('reporte/imprimir_kardex', [...])
 6 SYSTEMPATH/CodeIgniter.php(933): App\Controllers\Reporte->generar_kardex_producto()
 7 SYSTEMPATH/CodeIgniter.php(509): CodeIgniter\CodeIgniter->runController(Object(App\Controllers\Reporte))
 8 SYSTEMPATH/CodeIgniter.php(355): CodeIgniter\CodeIgniter->handleRequest(null, Object(Config\Cache), false)
 9 SYSTEMPATH/Boot.php(325): CodeIgniter\CodeIgniter->run()
10 SYSTEMPATH/Boot.php(67): CodeIgniter\Boot::runCodeIgniter(Object(CodeIgniter\CodeIgniter))
11 FCPATH/index.php(56): CodeIgniter\Boot::bootWeb(Object(Config\Paths))
WARNING - 2025-10-15 15:57:04 --> [DEPRECATED] number_format(): Passing null to parameter #1 ($num) of type float is deprecated in APPPATH/Views/reporte/imprimir_kardex.php on line 132.
 1 APPPATH/Views/reporte/imprimir_kardex.php(132): number_format(null, 2, ',', '.')
 2 SYSTEMPATH/View/View.php(234): include('/home2/usoabumg/public_html/oruro.site/app/Views/reporte/imprimir_kardex.php')
 3 SYSTEMPATH/View/View.php(237): CodeIgniter\View\View->CodeIgniter\View\{closure}()
 4 SYSTEMPATH/Common.php(1171): CodeIgniter\View\View->render('reporte/imprimir_kardex', [], true)
 5 APPPATH/Controllers/Reporte.php(105): view('reporte/imprimir_kardex', [...])
 6 SYSTEMPATH/CodeIgniter.php(933): App\Controllers\Reporte->generar_kardex_producto()
 7 SYSTEMPATH/CodeIgniter.php(509): CodeIgniter\CodeIgniter->runController(Object(App\Controllers\Reporte))
 8 SYSTEMPATH/CodeIgniter.php(355): CodeIgniter\CodeIgniter->handleRequest(null, Object(Config\Cache), false)
 9 SYSTEMPATH/Boot.php(325): CodeIgniter\CodeIgniter->run()
10 SYSTEMPATH/Boot.php(67): CodeIgniter\Boot::runCodeIgniter(Object(CodeIgniter\CodeIgniter))
11 FCPATH/index.php(56): CodeIgniter\Boot::bootWeb(Object(Config\Paths))
WARNING - 2025-10-15 15:57:04 --> [DEPRECATED] number_format(): Passing null to parameter #1 ($num) of type float is deprecated in APPPATH/Views/reporte/imprimir_kardex.php on line 129.
 1 APPPATH/Views/reporte/imprimir_kardex.php(129): number_format(null, 2, ',', '.')
 2 SYSTEMPATH/View/View.php(234): include('/home2/usoabumg/public_html/oruro.site/app/Views/reporte/imprimir_kardex.php')
 3 SYSTEMPATH/View/View.php(237): CodeIgniter\View\View->CodeIgniter\View\{closure}()
 4 SYSTEMPATH/Common.php(1171): CodeIgniter\View\View->render('reporte/imprimir_kardex', [], true)
 5 APPPATH/Controllers/Reporte.php(105): view('reporte/imprimir_kardex', [...])
 6 SYSTEMPATH/CodeIgniter.php(933): App\Controllers\Reporte->generar_kardex_producto()
 7 SYSTEMPATH/CodeIgniter.php(509): CodeIgniter\CodeIgniter->runController(Object(App\Controllers\Reporte))
 8 SYSTEMPATH/CodeIgniter.php(355): CodeIgniter\CodeIgniter->handleRequest(null, Object(Config\Cache), false)
 9 SYSTEMPATH/Boot.php(325): CodeIgniter\CodeIgniter->run()
10 SYSTEMPATH/Boot.php(67): CodeIgniter\Boot::runCodeIgniter(Object(CodeIgniter\CodeIgniter))
11 FCPATH/index.php(56): CodeIgniter\Boot::bootWeb(Object(Config\Paths))
WARNING - 2025-10-15 15:57:04 --> [DEPRECATED] number_format(): Passing null to parameter #1 ($num) of type float is deprecated in APPPATH/Views/reporte/imprimir_kardex.php on line 132.
 1 APPPATH/Views/reporte/imprimir_kardex.php(132): number_format(null, 2, ',', '.')
 2 SYSTEMPATH/View/View.php(234): include('/home2/usoabumg/public_html/oruro.site/app/Views/reporte/imprimir_kardex.php')
 3 SYSTEMPATH/View/View.php(237): CodeIgniter\View\View->CodeIgniter\View\{closure}()
 4 SYSTEMPATH/Common.php(1171): CodeIgniter\View\View->render('reporte/imprimir_kardex', [], true)
 5 APPPATH/Controllers/Reporte.php(105): view('reporte/imprimir_kardex', [...])
 6 SYSTEMPATH/CodeIgniter.php(933): App\Controllers\Reporte->generar_kardex_producto()
 7 SYSTEMPATH/CodeIgniter.php(509): CodeIgniter\CodeIgniter->runController(Object(App\Controllers\Reporte))
 8 SYSTEMPATH/CodeIgniter.php(355): CodeIgniter\CodeIgniter->handleRequest(null, Object(Config\Cache), false)
 9 SYSTEMPATH/Boot.php(325): CodeIgniter\CodeIgniter->run()
10 SYSTEMPATH/Boot.php(67): CodeIgniter\Boot::runCodeIgniter(Object(CodeIgniter\CodeIgniter))
11 FCPATH/index.php(56): CodeIgniter\Boot::bootWeb(Object(Config\Paths))
WARNING - 2025-10-15 15:57:04 --> [DEPRECATED] number_format(): Passing null to parameter #1 ($num) of type float is deprecated in APPPATH/Views/reporte/imprimir_kardex.php on line 129.
 1 APPPATH/Views/reporte/imprimir_kardex.php(129): number_format(null, 2, ',', '.')
 2 SYSTEMPATH/View/View.php(234): include('/home2/usoabumg/public_html/oruro.site/app/Views/reporte/imprimir_kardex.php')
 3 SYSTEMPATH/View/View.php(237): CodeIgniter\View\View->CodeIgniter\View\{closure}()
 4 SYSTEMPATH/Common.php(1171): CodeIgniter\View\View->render('reporte/imprimir_kardex', [], true)
 5 APPPATH/Controllers/Reporte.php(105): view('reporte/imprimir_kardex', [...])
 6 SYSTEMPATH/CodeIgniter.php(933): App\Controllers\Reporte->generar_kardex_producto()
 7 SYSTEMPATH/CodeIgniter.php(509): CodeIgniter\CodeIgniter->runController(Object(App\Controllers\Reporte))
 8 SYSTEMPATH/CodeIgniter.php(355): CodeIgniter\CodeIgniter->handleRequest(null, Object(Config\Cache), false)
 9 SYSTEMPATH/Boot.php(325): CodeIgniter\CodeIgniter->run()
10 SYSTEMPATH/Boot.php(67): CodeIgniter\Boot::runCodeIgniter(Object(CodeIgniter\CodeIgniter))
11 FCPATH/index.php(56): CodeIgniter\Boot::bootWeb(Object(Config\Paths))
WARNING - 2025-10-15 15:57:04 --> [DEPRECATED] number_format(): Passing null to parameter #1 ($num) of type float is deprecated in APPPATH/Views/reporte/imprimir_kardex.php on line 132.
 1 APPPATH/Views/reporte/imprimir_kardex.php(132): number_format(null, 2, ',', '.')
 2 SYSTEMPATH/View/View.php(234): include('/home2/usoabumg/public_html/oruro.site/app/Views/reporte/imprimir_kardex.php')
 3 SYSTEMPATH/View/View.php(237): CodeIgniter\View\View->CodeIgniter\View\{closure}()
 4 SYSTEMPATH/Common.php(1171): CodeIgniter\View\View->render('reporte/imprimir_kardex', [], true)
 5 APPPATH/Controllers/Reporte.php(105): view('reporte/imprimir_kardex', [...])
 6 SYSTEMPATH/CodeIgniter.php(933): App\Controllers\Reporte->generar_kardex_producto()
 7 SYSTEMPATH/CodeIgniter.php(509): CodeIgniter\CodeIgniter->runController(Object(App\Controllers\Reporte))
 8 SYSTEMPATH/CodeIgniter.php(355): CodeIgniter\CodeIgniter->handleRequest(null, Object(Config\Cache), false)
 9 SYSTEMPATH/Boot.php(325): CodeIgniter\CodeIgniter->run()
10 SYSTEMPATH/Boot.php(67): CodeIgniter\Boot::runCodeIgniter(Object(CodeIgniter\CodeIgniter))
11 FCPATH/index.php(56): CodeIgniter\Boot::bootWeb(Object(Config\Paths))
WARNING - 2025-10-15 15:57:04 --> [DEPRECATED] number_format(): Passing null to parameter #1 ($num) of type float is deprecated in APPPATH/Views/reporte/imprimir_kardex.php on line 130.
 1 APPPATH/Views/reporte/imprimir_kardex.php(130): number_format(null, 2, ',', '.')
 2 SYSTEMPATH/View/View.php(234): include('/home2/usoabumg/public_html/oruro.site/app/Views/reporte/imprimir_kardex.php')
 3 SYSTEMPATH/View/View.php(237): CodeIgniter\View\View->CodeIgniter\View\{closure}()
 4 SYSTEMPATH/Common.php(1171): CodeIgniter\View\View->render('reporte/imprimir_kardex', [], true)
 5 APPPATH/Controllers/Reporte.php(105): view('reporte/imprimir_kardex', [...])
 6 SYSTEMPATH/CodeIgniter.php(933): App\Controllers\Reporte->generar_kardex_producto()
 7 SYSTEMPATH/CodeIgniter.php(509): CodeIgniter\CodeIgniter->runController(Object(App\Controllers\Reporte))
 8 SYSTEMPATH/CodeIgniter.php(355): CodeIgniter\CodeIgniter->handleRequest(null, Object(Config\Cache), false)
 9 SYSTEMPATH/Boot.php(325): CodeIgniter\CodeIgniter->run()
10 SYSTEMPATH/Boot.php(67): CodeIgniter\Boot::runCodeIgniter(Object(CodeIgniter\CodeIgniter))
11 FCPATH/index.php(56): CodeIgniter\Boot::bootWeb(Object(Config\Paths))
WARNING - 2025-10-15 15:57:04 --> [DEPRECATED] number_format(): Passing null to parameter #1 ($num) of type float is deprecated in APPPATH/Views/reporte/imprimir_kardex.php on line 133.
 1 APPPATH/Views/reporte/imprimir_kardex.php(133): number_format(null, 2, ',', '.')
 2 SYSTEMPATH/View/View.php(234): include('/home2/usoabumg/public_html/oruro.site/app/Views/reporte/imprimir_kardex.php')
 3 SYSTEMPATH/View/View.php(237): CodeIgniter\View\View->CodeIgniter\View\{closure}()
 4 SYSTEMPATH/Common.php(1171): CodeIgniter\View\View->render('reporte/imprimir_kardex', [], true)
 5 APPPATH/Controllers/Reporte.php(105): view('reporte/imprimir_kardex', [...])
 6 SYSTEMPATH/CodeIgniter.php(933): App\Controllers\Reporte->generar_kardex_producto()
 7 SYSTEMPATH/CodeIgniter.php(509): CodeIgniter\CodeIgniter->runController(Object(App\Controllers\Reporte))
 8 SYSTEMPATH/CodeIgniter.php(355): CodeIgniter\CodeIgniter->handleRequest(null, Object(Config\Cache), false)
 9 SYSTEMPATH/Boot.php(325): CodeIgniter\CodeIgniter->run()
10 SYSTEMPATH/Boot.php(67): CodeIgniter\Boot::runCodeIgniter(Object(CodeIgniter\CodeIgniter))
11 FCPATH/index.php(56): CodeIgniter\Boot::bootWeb(Object(Config\Paths))
WARNING - 2025-10-15 15:57:04 --> [DEPRECATED] number_format(): Passing null to parameter #1 ($num) of type float is deprecated in APPPATH/Views/reporte/imprimir_kardex.php on line 129.
 1 APPPATH/Views/reporte/imprimir_kardex.php(129): number_format(null, 2, ',', '.')
 2 SYSTEMPATH/View/View.php(234): include('/home2/usoabumg/public_html/oruro.site/app/Views/reporte/imprimir_kardex.php')
 3 SYSTEMPATH/View/View.php(237): CodeIgniter\View\View->CodeIgniter\View\{closure}()
 4 SYSTEMPATH/Common.php(1171): CodeIgniter\View\View->render('reporte/imprimir_kardex', [], true)
 5 APPPATH/Controllers/Reporte.php(105): view('reporte/imprimir_kardex', [...])
 6 SYSTEMPATH/CodeIgniter.php(933): App\Controllers\Reporte->generar_kardex_producto()
 7 SYSTEMPATH/CodeIgniter.php(509): CodeIgniter\CodeIgniter->runController(Object(App\Controllers\Reporte))
 8 SYSTEMPATH/CodeIgniter.php(355): CodeIgniter\CodeIgniter->handleRequest(null, Object(Config\Cache), false)
 9 SYSTEMPATH/Boot.php(325): CodeIgniter\CodeIgniter->run()
10 SYSTEMPATH/Boot.php(67): CodeIgniter\Boot::runCodeIgniter(Object(CodeIgniter\CodeIgniter))
11 FCPATH/index.php(56): CodeIgniter\Boot::bootWeb(Object(Config\Paths))
WARNING - 2025-10-15 15:57:04 --> [DEPRECATED] number_format(): Passing null to parameter #1 ($num) of type float is deprecated in APPPATH/Views/reporte/imprimir_kardex.php on line 132.
 1 APPPATH/Views/reporte/imprimir_kardex.php(132): number_format(null, 2, ',', '.')
 2 SYSTEMPATH/View/View.php(234): include('/home2/usoabumg/public_html/oruro.site/app/Views/reporte/imprimir_kardex.php')
 3 SYSTEMPATH/View/View.php(237): CodeIgniter\View\View->CodeIgniter\View\{closure}()
 4 SYSTEMPATH/Common.php(1171): CodeIgniter\View\View->render('reporte/imprimir_kardex', [], true)
 5 APPPATH/Controllers/Reporte.php(105): view('reporte/imprimir_kardex', [...])
 6 SYSTEMPATH/CodeIgniter.php(933): App\Controllers\Reporte->generar_kardex_producto()
 7 SYSTEMPATH/CodeIgniter.php(509): CodeIgniter\CodeIgniter->runController(Object(App\Controllers\Reporte))
 8 SYSTEMPATH/CodeIgniter.php(355): CodeIgniter\CodeIgniter->handleRequest(null, Object(Config\Cache), false)
 9 SYSTEMPATH/Boot.php(325): CodeIgniter\CodeIgniter->run()
10 SYSTEMPATH/Boot.php(67): CodeIgniter\Boot::runCodeIgniter(Object(CodeIgniter\CodeIgniter))
11 FCPATH/index.php(56): CodeIgniter\Boot::bootWeb(Object(Config\Paths))
WARNING - 2025-10-15 15:57:04 --> [DEPRECATED] number_format(): Passing null to parameter #1 ($num) of type float is deprecated in APPPATH/Views/reporte/imprimir_kardex.php on line 129.
 1 APPPATH/Views/reporte/imprimir_kardex.php(129): number_format(null, 2, ',', '.')
 2 SYSTEMPATH/View/View.php(234): include('/home2/usoabumg/public_html/oruro.site/app/Views/reporte/imprimir_kardex.php')
 3 SYSTEMPATH/View/View.php(237): CodeIgniter\View\View->CodeIgniter\View\{closure}()
 4 SYSTEMPATH/Common.php(1171): CodeIgniter\View\View->render('reporte/imprimir_kardex', [], true)
 5 APPPATH/Controllers/Reporte.php(105): view('reporte/imprimir_kardex', [...])
 6 SYSTEMPATH/CodeIgniter.php(933): App\Controllers\Reporte->generar_kardex_producto()
 7 SYSTEMPATH/CodeIgniter.php(509): CodeIgniter\CodeIgniter->runController(Object(App\Controllers\Reporte))
 8 SYSTEMPATH/CodeIgniter.php(355): CodeIgniter\CodeIgniter->handleRequest(null, Object(Config\Cache), false)
 9 SYSTEMPATH/Boot.php(325): CodeIgniter\CodeIgniter->run()
10 SYSTEMPATH/Boot.php(67): CodeIgniter\Boot::runCodeIgniter(Object(CodeIgniter\CodeIgniter))
11 FCPATH/index.php(56): CodeIgniter\Boot::bootWeb(Object(Config\Paths))
WARNING - 2025-10-15 15:57:04 --> [DEPRECATED] number_format(): Passing null to parameter #1 ($num) of type float is deprecated in APPPATH/Views/reporte/imprimir_kardex.php on line 132.
 1 APPPATH/Views/reporte/imprimir_kardex.php(132): number_format(null, 2, ',', '.')
 2 SYSTEMPATH/View/View.php(234): include('/home2/usoabumg/public_html/oruro.site/app/Views/reporte/imprimir_kardex.php')
 3 SYSTEMPATH/View/View.php(237): CodeIgniter\View\View->CodeIgniter\View\{closure}()
 4 SYSTEMPATH/Common.php(1171): CodeIgniter\View\View->render('reporte/imprimir_kardex', [], true)
 5 APPPATH/Controllers/Reporte.php(105): view('reporte/imprimir_kardex', [...])
 6 SYSTEMPATH/CodeIgniter.php(933): App\Controllers\Reporte->generar_kardex_producto()
 7 SYSTEMPATH/CodeIgniter.php(509): CodeIgniter\CodeIgniter->runController(Object(App\Controllers\Reporte))
 8 SYSTEMPATH/CodeIgniter.php(355): CodeIgniter\CodeIgniter->handleRequest(null, Object(Config\Cache), false)
 9 SYSTEMPATH/Boot.php(325): CodeIgniter\CodeIgniter->run()
10 SYSTEMPATH/Boot.php(67): CodeIgniter\Boot::runCodeIgniter(Object(CodeIgniter\CodeIgniter))
11 FCPATH/index.php(56): CodeIgniter\Boot::bootWeb(Object(Config\Paths))
WARNING - 2025-10-15 15:57:04 --> [DEPRECATED] number_format(): Passing null to parameter #1 ($num) of type float is deprecated in APPPATH/Views/reporte/imprimir_kardex.php on line 130.
 1 APPPATH/Views/reporte/imprimir_kardex.php(130): number_format(null, 2, ',', '.')
 2 SYSTEMPATH/View/View.php(234): include('/home2/usoabumg/public_html/oruro.site/app/Views/reporte/imprimir_kardex.php')
 3 SYSTEMPATH/View/View.php(237): CodeIgniter\View\View->CodeIgniter\View\{closure}()
 4 SYSTEMPATH/Common.php(1171): CodeIgniter\View\View->render('reporte/imprimir_kardex', [], true)
 5 APPPATH/Controllers/Reporte.php(105): view('reporte/imprimir_kardex', [...])
 6 SYSTEMPATH/CodeIgniter.php(933): App\Controllers\Reporte->generar_kardex_producto()
 7 SYSTEMPATH/CodeIgniter.php(509): CodeIgniter\CodeIgniter->runController(Object(App\Controllers\Reporte))
 8 SYSTEMPATH/CodeIgniter.php(355): CodeIgniter\CodeIgniter->handleRequest(null, Object(Config\Cache), false)
 9 SYSTEMPATH/Boot.php(325): CodeIgniter\CodeIgniter->run()
10 SYSTEMPATH/Boot.php(67): CodeIgniter\Boot::runCodeIgniter(Object(CodeIgniter\CodeIgniter))
11 FCPATH/index.php(56): CodeIgniter\Boot::bootWeb(Object(Config\Paths))
WARNING - 2025-10-15 15:57:04 --> [DEPRECATED] number_format(): Passing null to parameter #1 ($num) of type float is deprecated in APPPATH/Views/reporte/imprimir_kardex.php on line 133.
 1 APPPATH/Views/reporte/imprimir_kardex.php(133): number_format(null, 2, ',', '.')
 2 SYSTEMPATH/View/View.php(234): include('/home2/usoabumg/public_html/oruro.site/app/Views/reporte/imprimir_kardex.php')
 3 SYSTEMPATH/View/View.php(237): CodeIgniter\View\View->CodeIgniter\View\{closure}()
 4 SYSTEMPATH/Common.php(1171): CodeIgniter\View\View->render('reporte/imprimir_kardex', [], true)
 5 APPPATH/Controllers/Reporte.php(105): view('reporte/imprimir_kardex', [...])
 6 SYSTEMPATH/CodeIgniter.php(933): App\Controllers\Reporte->generar_kardex_producto()
 7 SYSTEMPATH/CodeIgniter.php(509): CodeIgniter\CodeIgniter->runController(Object(App\Controllers\Reporte))
 8 SYSTEMPATH/CodeIgniter.php(355): CodeIgniter\CodeIgniter->handleRequest(null, Object(Config\Cache), false)
 9 SYSTEMPATH/Boot.php(325): CodeIgniter\CodeIgniter->run()
10 SYSTEMPATH/Boot.php(67): CodeIgniter\Boot::runCodeIgniter(Object(CodeIgniter\CodeIgniter))
11 FCPATH/index.php(56): CodeIgniter\Boot::bootWeb(Object(Config\Paths))
WARNING - 2025-10-15 15:57:04 --> [DEPRECATED] number_format(): Passing null to parameter #1 ($num) of type float is deprecated in APPPATH/Views/reporte/imprimir_kardex.php on line 129.
 1 APPPATH/Views/reporte/imprimir_kardex.php(129): number_format(null, 2, ',', '.')
 2 SYSTEMPATH/View/View.php(234): include('/home2/usoabumg/public_html/oruro.site/app/Views/reporte/imprimir_kardex.php')
 3 SYSTEMPATH/View/View.php(237): CodeIgniter\View\View->CodeIgniter\View\{closure}()
 4 SYSTEMPATH/Common.php(1171): CodeIgniter\View\View->render('reporte/imprimir_kardex', [], true)
 5 APPPATH/Controllers/Reporte.php(105): view('reporte/imprimir_kardex', [...])
 6 SYSTEMPATH/CodeIgniter.php(933): App\Controllers\Reporte->generar_kardex_producto()
 7 SYSTEMPATH/CodeIgniter.php(509): CodeIgniter\CodeIgniter->runController(Object(App\Controllers\Reporte))
 8 SYSTEMPATH/CodeIgniter.php(355): CodeIgniter\CodeIgniter->handleRequest(null, Object(Config\Cache), false)
 9 SYSTEMPATH/Boot.php(325): CodeIgniter\CodeIgniter->run()
10 SYSTEMPATH/Boot.php(67): CodeIgniter\Boot::runCodeIgniter(Object(CodeIgniter\CodeIgniter))
11 FCPATH/index.php(56): CodeIgniter\Boot::bootWeb(Object(Config\Paths))
WARNING - 2025-10-15 15:57:04 --> [DEPRECATED] number_format(): Passing null to parameter #1 ($num) of type float is deprecated in APPPATH/Views/reporte/imprimir_kardex.php on line 132.
 1 APPPATH/Views/reporte/imprimir_kardex.php(132): number_format(null, 2, ',', '.')
 2 SYSTEMPATH/View/View.php(234): include('/home2/usoabumg/public_html/oruro.site/app/Views/reporte/imprimir_kardex.php')
 3 SYSTEMPATH/View/View.php(237): CodeIgniter\View\View->CodeIgniter\View\{closure}()
 4 SYSTEMPATH/Common.php(1171): CodeIgniter\View\View->render('reporte/imprimir_kardex', [], true)
 5 APPPATH/Controllers/Reporte.php(105): view('reporte/imprimir_kardex', [...])
 6 SYSTEMPATH/CodeIgniter.php(933): App\Controllers\Reporte->generar_kardex_producto()
 7 SYSTEMPATH/CodeIgniter.php(509): CodeIgniter\CodeIgniter->runController(Object(App\Controllers\Reporte))
 8 SYSTEMPATH/CodeIgniter.php(355): CodeIgniter\CodeIgniter->handleRequest(null, Object(Config\Cache), false)
 9 SYSTEMPATH/Boot.php(325): CodeIgniter\CodeIgniter->run()
10 SYSTEMPATH/Boot.php(67): CodeIgniter\Boot::runCodeIgniter(Object(CodeIgniter\CodeIgniter))
11 FCPATH/index.php(56): CodeIgniter\Boot::bootWeb(Object(Config\Paths))
WARNING - 2025-10-15 15:57:04 --> [DEPRECATED] number_format(): Passing null to parameter #1 ($num) of type float is deprecated in APPPATH/Views/reporte/imprimir_kardex.php on line 129.
 1 APPPATH/Views/reporte/imprimir_kardex.php(129): number_format(null, 2, ',', '.')
 2 SYSTEMPATH/View/View.php(234): include('/home2/usoabumg/public_html/oruro.site/app/Views/reporte/imprimir_kardex.php')
 3 SYSTEMPATH/View/View.php(237): CodeIgniter\View\View->CodeIgniter\View\{closure}()
 4 SYSTEMPATH/Common.php(1171): CodeIgniter\View\View->render('reporte/imprimir_kardex', [], true)
 5 APPPATH/Controllers/Reporte.php(105): view('reporte/imprimir_kardex', [...])
 6 SYSTEMPATH/CodeIgniter.php(933): App\Controllers\Reporte->generar_kardex_producto()
 7 SYSTEMPATH/CodeIgniter.php(509): CodeIgniter\CodeIgniter->runController(Object(App\Controllers\Reporte))
 8 SYSTEMPATH/CodeIgniter.php(355): CodeIgniter\CodeIgniter->handleRequest(null, Object(Config\Cache), false)
 9 SYSTEMPATH/Boot.php(325): CodeIgniter\CodeIgniter->run()
10 SYSTEMPATH/Boot.php(67): CodeIgniter\Boot::runCodeIgniter(Object(CodeIgniter\CodeIgniter))
11 FCPATH/index.php(56): CodeIgniter\Boot::bootWeb(Object(Config\Paths))
WARNING - 2025-10-15 15:57:04 --> [DEPRECATED] number_format(): Passing null to parameter #1 ($num) of type float is deprecated in APPPATH/Views/reporte/imprimir_kardex.php on line 132.
 1 APPPATH/Views/reporte/imprimir_kardex.php(132): number_format(null, 2, ',', '.')
 2 SYSTEMPATH/View/View.php(234): include('/home2/usoabumg/public_html/oruro.site/app/Views/reporte/imprimir_kardex.php')
 3 SYSTEMPATH/View/View.php(237): CodeIgniter\View\View->CodeIgniter\View\{closure}()
 4 SYSTEMPATH/Common.php(1171): CodeIgniter\View\View->render('reporte/imprimir_kardex', [], true)
 5 APPPATH/Controllers/Reporte.php(105): view('reporte/imprimir_kardex', [...])
 6 SYSTEMPATH/CodeIgniter.php(933): App\Controllers\Reporte->generar_kardex_producto()
 7 SYSTEMPATH/CodeIgniter.php(509): CodeIgniter\CodeIgniter->runController(Object(App\Controllers\Reporte))
 8 SYSTEMPATH/CodeIgniter.php(355): CodeIgniter\CodeIgniter->handleRequest(null, Object(Config\Cache), false)
 9 SYSTEMPATH/Boot.php(325): CodeIgniter\CodeIgniter->run()
10 SYSTEMPATH/Boot.php(67): CodeIgniter\Boot::runCodeIgniter(Object(CodeIgniter\CodeIgniter))
11 FCPATH/index.php(56): CodeIgniter\Boot::bootWeb(Object(Config\Paths))
WARNING - 2025-10-15 15:57:04 --> [DEPRECATED] number_format(): Passing null to parameter #1 ($num) of type float is deprecated in APPPATH/Views/reporte/imprimir_kardex.php on line 130.
 1 APPPATH/Views/reporte/imprimir_kardex.php(130): number_format(null, 2, ',', '.')
 2 SYSTEMPATH/View/View.php(234): include('/home2/usoabumg/public_html/oruro.site/app/Views/reporte/imprimir_kardex.php')
 3 SYSTEMPATH/View/View.php(237): CodeIgniter\View\View->CodeIgniter\View\{closure}()
 4 SYSTEMPATH/Common.php(1171): CodeIgniter\View\View->render('reporte/imprimir_kardex', [], true)
 5 APPPATH/Controllers/Reporte.php(105): view('reporte/imprimir_kardex', [...])
 6 SYSTEMPATH/CodeIgniter.php(933): App\Controllers\Reporte->generar_kardex_producto()
 7 SYSTEMPATH/CodeIgniter.php(509): CodeIgniter\CodeIgniter->runController(Object(App\Controllers\Reporte))
 8 SYSTEMPATH/CodeIgniter.php(355): CodeIgniter\CodeIgniter->handleRequest(null, Object(Config\Cache), false)
 9 SYSTEMPATH/Boot.php(325): CodeIgniter\CodeIgniter->run()
10 SYSTEMPATH/Boot.php(67): CodeIgniter\Boot::runCodeIgniter(Object(CodeIgniter\CodeIgniter))
11 FCPATH/index.php(56): CodeIgniter\Boot::bootWeb(Object(Config\Paths))
WARNING - 2025-10-15 15:57:04 --> [DEPRECATED] number_format(): Passing null to parameter #1 ($num) of type float is deprecated in APPPATH/Views/reporte/imprimir_kardex.php on line 133.
 1 APPPATH/Views/reporte/imprimir_kardex.php(133): number_format(null, 2, ',', '.')
 2 SYSTEMPATH/View/View.php(234): include('/home2/usoabumg/public_html/oruro.site/app/Views/reporte/imprimir_kardex.php')
 3 SYSTEMPATH/View/View.php(237): CodeIgniter\View\View->CodeIgniter\View\{closure}()
 4 SYSTEMPATH/Common.php(1171): CodeIgniter\View\View->render('reporte/imprimir_kardex', [], true)
 5 APPPATH/Controllers/Reporte.php(105): view('reporte/imprimir_kardex', [...])
 6 SYSTEMPATH/CodeIgniter.php(933): App\Controllers\Reporte->generar_kardex_producto()
 7 SYSTEMPATH/CodeIgniter.php(509): CodeIgniter\CodeIgniter->runController(Object(App\Controllers\Reporte))
 8 SYSTEMPATH/CodeIgniter.php(355): CodeIgniter\CodeIgniter->handleRequest(null, Object(Config\Cache), false)
 9 SYSTEMPATH/Boot.php(325): CodeIgniter\CodeIgniter->run()
10 SYSTEMPATH/Boot.php(67): CodeIgniter\Boot::runCodeIgniter(Object(CodeIgniter\CodeIgniter))
11 FCPATH/index.php(56): CodeIgniter\Boot::bootWeb(Object(Config\Paths))
INFO - 2025-10-15 15:57:05 --> Session: Class initialized using 'CodeIgniter\Session\Handlers\FileHandler' driver.
INFO - 2025-10-15 16:01:41 --> Session: Class initialized using 'CodeIgniter\Session\Handlers\FileHandler' driver.
INFO - 2025-10-15 16:04:24 --> CSRF token verified.
INFO - 2025-10-15 16:04:24 --> Session: Class initialized using 'CodeIgniter\Session\Handlers\FileHandler' driver.
WARNING - 2025-10-15 16:04:24 --> [DEPRECATED] number_format(): Passing null to parameter #1 ($num) of type float is deprecated in APPPATH/Views/reporte/imprimir_kardex.php on line 130.
 1 APPPATH/Views/reporte/imprimir_kardex.php(130): number_format(null, 2, ',', '.')
 2 SYSTEMPATH/View/View.php(234): include('/home2/usoabumg/public_html/oruro.site/app/Views/reporte/imprimir_kardex.php')
 3 SYSTEMPATH/View/View.php(237): CodeIgniter\View\View->CodeIgniter\View\{closure}()
 4 SYSTEMPATH/Common.php(1171): CodeIgniter\View\View->render('reporte/imprimir_kardex', [], true)
 5 APPPATH/Controllers/Reporte.php(105): view('reporte/imprimir_kardex', [...])
 6 SYSTEMPATH/CodeIgniter.php(933): App\Controllers\Reporte->generar_kardex_producto()
 7 SYSTEMPATH/CodeIgniter.php(509): CodeIgniter\CodeIgniter->runController(Object(App\Controllers\Reporte))
 8 SYSTEMPATH/CodeIgniter.php(355): CodeIgniter\CodeIgniter->handleRequest(null, Object(Config\Cache), false)
 9 SYSTEMPATH/Boot.php(325): CodeIgniter\CodeIgniter->run()
10 SYSTEMPATH/Boot.php(67): CodeIgniter\Boot::runCodeIgniter(Object(CodeIgniter\CodeIgniter))
11 FCPATH/index.php(56): CodeIgniter\Boot::bootWeb(Object(Config\Paths))
WARNING - 2025-10-15 16:04:24 --> [DEPRECATED] number_format(): Passing null to parameter #1 ($num) of type float is deprecated in APPPATH/Views/reporte/imprimir_kardex.php on line 133.
 1 APPPATH/Views/reporte/imprimir_kardex.php(133): number_format(null, 2, ',', '.')
 2 SYSTEMPATH/View/View.php(234): include('/home2/usoabumg/public_html/oruro.site/app/Views/reporte/imprimir_kardex.php')
 3 SYSTEMPATH/View/View.php(237): CodeIgniter\View\View->CodeIgniter\View\{closure}()
 4 SYSTEMPATH/Common.php(1171): CodeIgniter\View\View->render('reporte/imprimir_kardex', [], true)
 5 APPPATH/Controllers/Reporte.php(105): view('reporte/imprimir_kardex', [...])
 6 SYSTEMPATH/CodeIgniter.php(933): App\Controllers\Reporte->generar_kardex_producto()
 7 SYSTEMPATH/CodeIgniter.php(509): CodeIgniter\CodeIgniter->runController(Object(App\Controllers\Reporte))
 8 SYSTEMPATH/CodeIgniter.php(355): CodeIgniter\CodeIgniter->handleRequest(null, Object(Config\Cache), false)
 9 SYSTEMPATH/Boot.php(325): CodeIgniter\CodeIgniter->run()
10 SYSTEMPATH/Boot.php(67): CodeIgniter\Boot::runCodeIgniter(Object(CodeIgniter\CodeIgniter))
11 FCPATH/index.php(56): CodeIgniter\Boot::bootWeb(Object(Config\Paths))
WARNING - 2025-10-15 16:04:24 --> [DEPRECATED] number_format(): Passing null to parameter #1 ($num) of type float is deprecated in APPPATH/Views/reporte/imprimir_kardex.php on line 129.
 1 APPPATH/Views/reporte/imprimir_kardex.php(129): number_format(null, 2, ',', '.')
 2 SYSTEMPATH/View/View.php(234): include('/home2/usoabumg/public_html/oruro.site/app/Views/reporte/imprimir_kardex.php')
 3 SYSTEMPATH/View/View.php(237): CodeIgniter\View\View->CodeIgniter\View\{closure}()
 4 SYSTEMPATH/Common.php(1171): CodeIgniter\View\View->render('reporte/imprimir_kardex', [], true)
 5 APPPATH/Controllers/Reporte.php(105): view('reporte/imprimir_kardex', [...])
 6 SYSTEMPATH/CodeIgniter.php(933): App\Controllers\Reporte->generar_kardex_producto()
 7 SYSTEMPATH/CodeIgniter.php(509): CodeIgniter\CodeIgniter->runController(Object(App\Controllers\Reporte))
 8 SYSTEMPATH/CodeIgniter.php(355): CodeIgniter\CodeIgniter->handleRequest(null, Object(Config\Cache), false)
 9 SYSTEMPATH/Boot.php(325): CodeIgniter\CodeIgniter->run()
10 SYSTEMPATH/Boot.php(67): CodeIgniter\Boot::runCodeIgniter(Object(CodeIgniter\CodeIgniter))
11 FCPATH/index.php(56): CodeIgniter\Boot::bootWeb(Object(Config\Paths))
WARNING - 2025-10-15 16:04:24 --> [DEPRECATED] number_format(): Passing null to parameter #1 ($num) of type float is deprecated in APPPATH/Views/reporte/imprimir_kardex.php on line 132.
 1 APPPATH/Views/reporte/imprimir_kardex.php(132): number_format(null, 2, ',', '.')
 2 SYSTEMPATH/View/View.php(234): include('/home2/usoabumg/public_html/oruro.site/app/Views/reporte/imprimir_kardex.php')
 3 SYSTEMPATH/View/View.php(237): CodeIgniter\View\View->CodeIgniter\View\{closure}()
 4 SYSTEMPATH/Common.php(1171): CodeIgniter\View\View->render('reporte/imprimir_kardex', [], true)
 5 APPPATH/Controllers/Reporte.php(105): view('reporte/imprimir_kardex', [...])
 6 SYSTEMPATH/CodeIgniter.php(933): App\Controllers\Reporte->generar_kardex_producto()
 7 SYSTEMPATH/CodeIgniter.php(509): CodeIgniter\CodeIgniter->runController(Object(App\Controllers\Reporte))
 8 SYSTEMPATH/CodeIgniter.php(355): CodeIgniter\CodeIgniter->handleRequest(null, Object(Config\Cache), false)
 9 SYSTEMPATH/Boot.php(325): CodeIgniter\CodeIgniter->run()
10 SYSTEMPATH/Boot.php(67): CodeIgniter\Boot::runCodeIgniter(Object(CodeIgniter\CodeIgniter))
11 FCPATH/index.php(56): CodeIgniter\Boot::bootWeb(Object(Config\Paths))
WARNING - 2025-10-15 16:04:24 --> [DEPRECATED] number_format(): Passing null to parameter #1 ($num) of type float is deprecated in APPPATH/Views/reporte/imprimir_kardex.php on line 129.
 1 APPPATH/Views/reporte/imprimir_kardex.php(129): number_format(null, 2, ',', '.')
 2 SYSTEMPATH/View/View.php(234): include('/home2/usoabumg/public_html/oruro.site/app/Views/reporte/imprimir_kardex.php')
 3 SYSTEMPATH/View/View.php(237): CodeIgniter\View\View->CodeIgniter\View\{closure}()
 4 SYSTEMPATH/Common.php(1171): CodeIgniter\View\View->render('reporte/imprimir_kardex', [], true)
 5 APPPATH/Controllers/Reporte.php(105): view('reporte/imprimir_kardex', [...])
 6 SYSTEMPATH/CodeIgniter.php(933): App\Controllers\Reporte->generar_kardex_producto()
 7 SYSTEMPATH/CodeIgniter.php(509): CodeIgniter\CodeIgniter->runController(Object(App\Controllers\Reporte))
 8 SYSTEMPATH/CodeIgniter.php(355): CodeIgniter\CodeIgniter->handleRequest(null, Object(Config\Cache), false)
 9 SYSTEMPATH/Boot.php(325): CodeIgniter\CodeIgniter->run()
10 SYSTEMPATH/Boot.php(67): CodeIgniter\Boot::runCodeIgniter(Object(CodeIgniter\CodeIgniter))
11 FCPATH/index.php(56): CodeIgniter\Boot::bootWeb(Object(Config\Paths))
WARNING - 2025-10-15 16:04:24 --> [DEPRECATED] number_format(): Passing null to parameter #1 ($num) of type float is deprecated in APPPATH/Views/reporte/imprimir_kardex.php on line 132.
 1 APPPATH/Views/reporte/imprimir_kardex.php(132): number_format(null, 2, ',', '.')
 2 SYSTEMPATH/View/View.php(234): include('/home2/usoabumg/public_html/oruro.site/app/Views/reporte/imprimir_kardex.php')
 3 SYSTEMPATH/View/View.php(237): CodeIgniter\View\View->CodeIgniter\View\{closure}()
 4 SYSTEMPATH/Common.php(1171): CodeIgniter\View\View->render('reporte/imprimir_kardex', [], true)
 5 APPPATH/Controllers/Reporte.php(105): view('reporte/imprimir_kardex', [...])
 6 SYSTEMPATH/CodeIgniter.php(933): App\Controllers\Reporte->generar_kardex_producto()
 7 SYSTEMPATH/CodeIgniter.php(509): CodeIgniter\CodeIgniter->runController(Object(App\Controllers\Reporte))
 8 SYSTEMPATH/CodeIgniter.php(355): CodeIgniter\CodeIgniter->handleRequest(null, Object(Config\Cache), false)
 9 SYSTEMPATH/Boot.php(325): CodeIgniter\CodeIgniter->run()
10 SYSTEMPATH/Boot.php(67): CodeIgniter\Boot::runCodeIgniter(Object(CodeIgniter\CodeIgniter))
11 FCPATH/index.php(56): CodeIgniter\Boot::bootWeb(Object(Config\Paths))
WARNING - 2025-10-15 16:04:24 --> [DEPRECATED] number_format(): Passing null to parameter #1 ($num) of type float is deprecated in APPPATH/Views/reporte/imprimir_kardex.php on line 129.
 1 APPPATH/Views/reporte/imprimir_kardex.php(129): number_format(null, 2, ',', '.')
 2 SYSTEMPATH/View/View.php(234): include('/home2/usoabumg/public_html/oruro.site/app/Views/reporte/imprimir_kardex.php')
 3 SYSTEMPATH/View/View.php(237): CodeIgniter\View\View->CodeIgniter\View\{closure}()
 4 SYSTEMPATH/Common.php(1171): CodeIgniter\View\View->render('reporte/imprimir_kardex', [], true)
 5 APPPATH/Controllers/Reporte.php(105): view('reporte/imprimir_kardex', [...])
 6 SYSTEMPATH/CodeIgniter.php(933): App\Controllers\Reporte->generar_kardex_producto()
 7 SYSTEMPATH/CodeIgniter.php(509): CodeIgniter\CodeIgniter->runController(Object(App\Controllers\Reporte))
 8 SYSTEMPATH/CodeIgniter.php(355): CodeIgniter\CodeIgniter->handleRequest(null, Object(Config\Cache), false)
 9 SYSTEMPATH/Boot.php(325): CodeIgniter\CodeIgniter->run()
10 SYSTEMPATH/Boot.php(67): CodeIgniter\Boot::runCodeIgniter(Object(CodeIgniter\CodeIgniter))
11 FCPATH/index.php(56): CodeIgniter\Boot::bootWeb(Object(Config\Paths))
WARNING - 2025-10-15 16:04:24 --> [DEPRECATED] number_format(): Passing null to parameter #1 ($num) of type float is deprecated in APPPATH/Views/reporte/imprimir_kardex.php on line 132.
 1 APPPATH/Views/reporte/imprimir_kardex.php(132): number_format(null, 2, ',', '.')
 2 SYSTEMPATH/View/View.php(234): include('/home2/usoabumg/public_html/oruro.site/app/Views/reporte/imprimir_kardex.php')
 3 SYSTEMPATH/View/View.php(237): CodeIgniter\View\View->CodeIgniter\View\{closure}()
 4 SYSTEMPATH/Common.php(1171): CodeIgniter\View\View->render('reporte/imprimir_kardex', [], true)
 5 APPPATH/Controllers/Reporte.php(105): view('reporte/imprimir_kardex', [...])
 6 SYSTEMPATH/CodeIgniter.php(933): App\Controllers\Reporte->generar_kardex_producto()
 7 SYSTEMPATH/CodeIgniter.php(509): CodeIgniter\CodeIgniter->runController(Object(App\Controllers\Reporte))
 8 SYSTEMPATH/CodeIgniter.php(355): CodeIgniter\CodeIgniter->handleRequest(null, Object(Config\Cache), false)
 9 SYSTEMPATH/Boot.php(325): CodeIgniter\CodeIgniter->run()
10 SYSTEMPATH/Boot.php(67): CodeIgniter\Boot::runCodeIgniter(Object(CodeIgniter\CodeIgniter))
11 FCPATH/index.php(56): CodeIgniter\Boot::bootWeb(Object(Config\Paths))
WARNING - 2025-10-15 16:04:24 --> [DEPRECATED] number_format(): Passing null to parameter #1 ($num) of type float is deprecated in APPPATH/Views/reporte/imprimir_kardex.php on line 130.
 1 APPPATH/Views/reporte/imprimir_kardex.php(130): number_format(null, 2, ',', '.')
 2 SYSTEMPATH/View/View.php(234): include('/home2/usoabumg/public_html/oruro.site/app/Views/reporte/imprimir_kardex.php')
 3 SYSTEMPATH/View/View.php(237): CodeIgniter\View\View->CodeIgniter\View\{closure}()
 4 SYSTEMPATH/Common.php(1171): CodeIgniter\View\View->render('reporte/imprimir_kardex', [], true)
 5 APPPATH/Controllers/Reporte.php(105): view('reporte/imprimir_kardex', [...])
 6 SYSTEMPATH/CodeIgniter.php(933): App\Controllers\Reporte->generar_kardex_producto()
 7 SYSTEMPATH/CodeIgniter.php(509): CodeIgniter\CodeIgniter->runController(Object(App\Controllers\Reporte))
 8 SYSTEMPATH/CodeIgniter.php(355): CodeIgniter\CodeIgniter->handleRequest(null, Object(Config\Cache), false)
 9 SYSTEMPATH/Boot.php(325): CodeIgniter\CodeIgniter->run()
10 SYSTEMPATH/Boot.php(67): CodeIgniter\Boot::runCodeIgniter(Object(CodeIgniter\CodeIgniter))
11 FCPATH/index.php(56): CodeIgniter\Boot::bootWeb(Object(Config\Paths))
WARNING - 2025-10-15 16:04:24 --> [DEPRECATED] number_format(): Passing null to parameter #1 ($num) of type float is deprecated in APPPATH/Views/reporte/imprimir_kardex.php on line 133.
 1 APPPATH/Views/reporte/imprimir_kardex.php(133): number_format(null, 2, ',', '.')
 2 SYSTEMPATH/View/View.php(234): include('/home2/usoabumg/public_html/oruro.site/app/Views/reporte/imprimir_kardex.php')
 3 SYSTEMPATH/View/View.php(237): CodeIgniter\View\View->CodeIgniter\View\{closure}()
 4 SYSTEMPATH/Common.php(1171): CodeIgniter\View\View->render('reporte/imprimir_kardex', [], true)
 5 APPPATH/Controllers/Reporte.php(105): view('reporte/imprimir_kardex', [...])
 6 SYSTEMPATH/CodeIgniter.php(933): App\Controllers\Reporte->generar_kardex_producto()
 7 SYSTEMPATH/CodeIgniter.php(509): CodeIgniter\CodeIgniter->runController(Object(App\Controllers\Reporte))
 8 SYSTEMPATH/CodeIgniter.php(355): CodeIgniter\CodeIgniter->handleRequest(null, Object(Config\Cache), false)
 9 SYSTEMPATH/Boot.php(325): CodeIgniter\CodeIgniter->run()
10 SYSTEMPATH/Boot.php(67): CodeIgniter\Boot::runCodeIgniter(Object(CodeIgniter\CodeIgniter))
11 FCPATH/index.php(56): CodeIgniter\Boot::bootWeb(Object(Config\Paths))
WARNING - 2025-10-15 16:04:24 --> [DEPRECATED] number_format(): Passing null to parameter #1 ($num) of type float is deprecated in APPPATH/Views/reporte/imprimir_kardex.php on line 129.
 1 APPPATH/Views/reporte/imprimir_kardex.php(129): number_format(null, 2, ',', '.')
 2 SYSTEMPATH/View/View.php(234): include('/home2/usoabumg/public_html/oruro.site/app/Views/reporte/imprimir_kardex.php')
 3 SYSTEMPATH/View/View.php(237): CodeIgniter\View\View->CodeIgniter\View\{closure}()
 4 SYSTEMPATH/Common.php(1171): CodeIgniter\View\View->render('reporte/imprimir_kardex', [], true)
 5 APPPATH/Controllers/Reporte.php(105): view('reporte/imprimir_kardex', [...])
 6 SYSTEMPATH/CodeIgniter.php(933): App\Controllers\Reporte->generar_kardex_producto()
 7 SYSTEMPATH/CodeIgniter.php(509): CodeIgniter\CodeIgniter->runController(Object(App\Controllers\Reporte))
 8 SYSTEMPATH/CodeIgniter.php(355): CodeIgniter\CodeIgniter->handleRequest(null, Object(Config\Cache), false)
 9 SYSTEMPATH/Boot.php(325): CodeIgniter\CodeIgniter->run()
10 SYSTEMPATH/Boot.php(67): CodeIgniter\Boot::runCodeIgniter(Object(CodeIgniter\CodeIgniter))
11 FCPATH/index.php(56): CodeIgniter\Boot::bootWeb(Object(Config\Paths))
WARNING - 2025-10-15 16:04:24 --> [DEPRECATED] number_format(): Passing null to parameter #1 ($num) of type float is deprecated in APPPATH/Views/reporte/imprimir_kardex.php on line 132.
 1 APPPATH/Views/reporte/imprimir_kardex.php(132): number_format(null, 2, ',', '.')
 2 SYSTEMPATH/View/View.php(234): include('/home2/usoabumg/public_html/oruro.site/app/Views/reporte/imprimir_kardex.php')
 3 SYSTEMPATH/View/View.php(237): CodeIgniter\View\View->CodeIgniter\View\{closure}()
 4 SYSTEMPATH/Common.php(1171): CodeIgniter\View\View->render('reporte/imprimir_kardex', [], true)
 5 APPPATH/Controllers/Reporte.php(105): view('reporte/imprimir_kardex', [...])
 6 SYSTEMPATH/CodeIgniter.php(933): App\Controllers\Reporte->generar_kardex_producto()
 7 SYSTEMPATH/CodeIgniter.php(509): CodeIgniter\CodeIgniter->runController(Object(App\Controllers\Reporte))
 8 SYSTEMPATH/CodeIgniter.php(355): CodeIgniter\CodeIgniter->handleRequest(null, Object(Config\Cache), false)
 9 SYSTEMPATH/Boot.php(325): CodeIgniter\CodeIgniter->run()
10 SYSTEMPATH/Boot.php(67): CodeIgniter\Boot::runCodeIgniter(Object(CodeIgniter\CodeIgniter))
11 FCPATH/index.php(56): CodeIgniter\Boot::bootWeb(Object(Config\Paths))
WARNING - 2025-10-15 16:04:24 --> [DEPRECATED] number_format(): Passing null to parameter #1 ($num) of type float is deprecated in APPPATH/Views/reporte/imprimir_kardex.php on line 129.
 1 APPPATH/Views/reporte/imprimir_kardex.php(129): number_format(null, 2, ',', '.')
 2 SYSTEMPATH/View/View.php(234): include('/home2/usoabumg/public_html/oruro.site/app/Views/reporte/imprimir_kardex.php')
 3 SYSTEMPATH/View/View.php(237): CodeIgniter\View\View->CodeIgniter\View\{closure}()
 4 SYSTEMPATH/Common.php(1171): CodeIgniter\View\View->render('reporte/imprimir_kardex', [], true)
 5 APPPATH/Controllers/Reporte.php(105): view('reporte/imprimir_kardex', [...])
 6 SYSTEMPATH/CodeIgniter.php(933): App\Controllers\Reporte->generar_kardex_producto()
 7 SYSTEMPATH/CodeIgniter.php(509): CodeIgniter\CodeIgniter->runController(Object(App\Controllers\Reporte))
 8 SYSTEMPATH/CodeIgniter.php(355): CodeIgniter\CodeIgniter->handleRequest(null, Object(Config\Cache), false)
 9 SYSTEMPATH/Boot.php(325): CodeIgniter\CodeIgniter->run()
10 SYSTEMPATH/Boot.php(67): CodeIgniter\Boot::runCodeIgniter(Object(CodeIgniter\CodeIgniter))
11 FCPATH/index.php(56): CodeIgniter\Boot::bootWeb(Object(Config\Paths))
WARNING - 2025-10-15 16:04:24 --> [DEPRECATED] number_format(): Passing null to parameter #1 ($num) of type float is deprecated in APPPATH/Views/reporte/imprimir_kardex.php on line 132.
 1 APPPATH/Views/reporte/imprimir_kardex.php(132): number_format(null, 2, ',', '.')
 2 SYSTEMPATH/View/View.php(234): include('/home2/usoabumg/public_html/oruro.site/app/Views/reporte/imprimir_kardex.php')
 3 SYSTEMPATH/View/View.php(237): CodeIgniter\View\View->CodeIgniter\View\{closure}()
 4 SYSTEMPATH/Common.php(1171): CodeIgniter\View\View->render('reporte/imprimir_kardex', [], true)
 5 APPPATH/Controllers/Reporte.php(105): view('reporte/imprimir_kardex', [...])
 6 SYSTEMPATH/CodeIgniter.php(933): App\Controllers\Reporte->generar_kardex_producto()
 7 SYSTEMPATH/CodeIgniter.php(509): CodeIgniter\CodeIgniter->runController(Object(App\Controllers\Reporte))
 8 SYSTEMPATH/CodeIgniter.php(355): CodeIgniter\CodeIgniter->handleRequest(null, Object(Config\Cache), false)
 9 SYSTEMPATH/Boot.php(325): CodeIgniter\CodeIgniter->run()
10 SYSTEMPATH/Boot.php(67): CodeIgniter\Boot::runCodeIgniter(Object(CodeIgniter\CodeIgniter))
11 FCPATH/index.php(56): CodeIgniter\Boot::bootWeb(Object(Config\Paths))
INFO - 2025-10-15 16:04:26 --> Session: Class initialized using 'CodeIgniter\Session\Handlers\FileHandler' driver.
INFO - 2025-10-15 16:11:54 --> Session: Class initialized using 'CodeIgniter\Session\Handlers\FileHandler' driver.
INFO - 2025-10-15 16:14:37 --> Session: Class initialized using 'CodeIgniter\Session\Handlers\FileHandler' driver.
INFO - 2025-10-15 16:15:56 --> CSRF token verified.
INFO - 2025-10-15 16:15:57 --> Session: Class initialized using 'CodeIgniter\Session\Handlers\FileHandler' driver.
INFO - 2025-10-15 16:16:10 --> Session: Class initialized using 'CodeIgniter\Session\Handlers\FileHandler' driver.
INFO - 2025-10-15 16:16:13 --> Session: Class initialized using 'CodeIgniter\Session\Handlers\FileHandler' driver.
INFO - 2025-10-15 16:16:17 --> Session: Class initialized using 'CodeIgniter\Session\Handlers\FileHandler' driver.
INFO - 2025-10-15 16:22:17 --> Session: Class initialized using 'CodeIgniter\Session\Handlers\FileHandler' driver.
INFO - 2025-10-15 16:22:18 --> Session: Class initialized using 'CodeIgniter\Session\Handlers\FileHandler' driver.
INFO - 2025-10-15 16:22:27 --> Session: Class initialized using 'CodeIgniter\Session\Handlers\FileHandler' driver.
INFO - 2025-10-15 16:22:27 --> Session: Class initialized using 'CodeIgniter\Session\Handlers\FileHandler' driver.
INFO - 2025-10-15 16:22:31 --> Session: Class initialized using 'CodeIgniter\Session\Handlers\FileHandler' driver.
INFO - 2025-10-15 16:22:32 --> Session: Class initialized using 'CodeIgniter\Session\Handlers\FileHandler' driver.
INFO - 2025-10-15 16:22:35 --> Session: Class initialized using 'CodeIgniter\Session\Handlers\FileHandler' driver.
INFO - 2025-10-15 16:22:36 --> Session: Class initialized using 'CodeIgniter\Session\Handlers\FileHandler' driver.
INFO - 2025-10-15 16:22:59 --> Session: Class initialized using 'CodeIgniter\Session\Handlers\FileHandler' driver.
INFO - 2025-10-15 16:23:43 --> CSRF token verified.
INFO - 2025-10-15 16:23:43 --> Session: Class initialized using 'CodeIgniter\Session\Handlers\FileHandler' driver.
INFO - 2025-10-15 16:23:46 --> Session: Class initialized using 'CodeIgniter\Session\Handlers\FileHandler' driver.
INFO - 2025-10-15 16:24:02 --> Session: Class initialized using 'CodeIgniter\Session\Handlers\FileHandler' driver.
INFO - 2025-10-15 16:24:16 --> CSRF token verified.
INFO - 2025-10-15 16:24:16 --> Session: Class initialized using 'CodeIgniter\Session\Handlers\FileHandler' driver.
INFO - 2025-10-15 16:24:16 --> Session: Class initialized using 'CodeIgniter\Session\Handlers\FileHandler' driver.
INFO - 2025-10-15 16:24:28 --> Session: Class initialized using 'CodeIgniter\Session\Handlers\FileHandler' driver.
INFO - 2025-10-15 16:24:42 --> CSRF token verified.
INFO - 2025-10-15 16:24:42 --> Session: Class initialized using 'CodeIgniter\Session\Handlers\FileHandler' driver.
INFO - 2025-10-15 16:24:43 --> Session: Class initialized using 'CodeIgniter\Session\Handlers\FileHandler' driver.
INFO - 2025-10-15 16:24:52 --> Session: Class initialized using 'CodeIgniter\Session\Handlers\FileHandler' driver.
INFO - 2025-10-15 16:25:14 --> CSRF token verified.
INFO - 2025-10-15 16:25:14 --> Session: Class initialized using 'CodeIgniter\Session\Handlers\FileHandler' driver.
INFO - 2025-10-15 16:25:15 --> Session: Class initialized using 'CodeIgniter\Session\Handlers\FileHandler' driver.
INFO - 2025-10-15 16:25:27 --> Session: Class initialized using 'CodeIgniter\Session\Handlers\FileHandler' driver.
INFO - 2025-10-15 16:25:37 --> Session: Class initialized using 'CodeIgniter\Session\Handlers\FileHandler' driver.
INFO - 2025-10-15 16:25:53 --> CSRF token verified.
INFO - 2025-10-15 16:25:53 --> Session: Class initialized using 'CodeIgniter\Session\Handlers\FileHandler' driver.
INFO - 2025-10-15 16:25:56 --> Session: Class initialized using 'CodeIgniter\Session\Handlers\FileHandler' driver.
INFO - 2025-10-15 16:27:27 --> Session: Class initialized using 'CodeIgniter\Session\Handlers\FileHandler' driver.
INFO - 2025-10-15 16:27:31 --> CSRF token verified.
INFO - 2025-10-15 16:27:31 --> Session: Class initialized using 'CodeIgniter\Session\Handlers\FileHandler' driver.
INFO - 2025-10-15 16:27:37 --> CSRF token verified.
INFO - 2025-10-15 16:27:37 --> Session: Class initialized using 'CodeIgniter\Session\Handlers\FileHandler' driver.
INFO - 2025-10-15 16:27:38 --> Session: Class initialized using 'CodeIgniter\Session\Handlers\FileHandler' driver.
INFO - 2025-10-15 16:28:22 --> Session: Class initialized using 'CodeIgniter\Session\Handlers\FileHandler' driver.
INFO - 2025-10-15 16:28:37 --> Session: Class initialized using 'CodeIgniter\Session\Handlers\FileHandler' driver.
INFO - 2025-10-15 16:28:45 --> Session: Class initialized using 'CodeIgniter\Session\Handlers\FileHandler' driver.
INFO - 2025-10-15 16:32:28 --> Session: Class initialized using 'CodeIgniter\Session\Handlers\FileHandler' driver.
INFO - 2025-10-15 16:32:31 --> Session: Class initialized using 'CodeIgniter\Session\Handlers\FileHandler' driver.
INFO - 2025-10-15 16:34:24 --> Session: Class initialized using 'CodeIgniter\Session\Handlers\FileHandler' driver.
INFO - 2025-10-15 16:34:51 --> Session: Class initialized using 'CodeIgniter\Session\Handlers\FileHandler' driver.
INFO - 2025-10-15 16:35:55 --> Session: Class initialized using 'CodeIgniter\Session\Handlers\FileHandler' driver.
INFO - 2025-10-15 16:36:02 --> CSRF token verified.
INFO - 2025-10-15 16:36:03 --> Session: Class initialized using 'CodeIgniter\Session\Handlers\FileHandler' driver.
INFO - 2025-10-15 16:36:04 --> Session: Class initialized using 'CodeIgniter\Session\Handlers\FileHandler' driver.
INFO - 2025-10-15 16:36:14 --> CSRF token verified.
INFO - 2025-10-15 16:36:14 --> Session: Class initialized using 'CodeIgniter\Session\Handlers\FileHandler' driver.
INFO - 2025-10-15 16:36:15 --> Session: Class initialized using 'CodeIgniter\Session\Handlers\FileHandler' driver.
INFO - 2025-10-15 16:36:29 --> CSRF token verified.
INFO - 2025-10-15 16:36:29 --> Session: Class initialized using 'CodeIgniter\Session\Handlers\FileHandler' driver.
INFO - 2025-10-15 16:36:30 --> Session: Class initialized using 'CodeIgniter\Session\Handlers\FileHandler' driver.
INFO - 2025-10-15 16:36:31 --> CSRF token verified.
INFO - 2025-10-15 16:36:32 --> Session: Class initialized using 'CodeIgniter\Session\Handlers\FileHandler' driver.
INFO - 2025-10-15 16:36:40 --> Session: Class initialized using 'CodeIgniter\Session\Handlers\FileHandler' driver.
INFO - 2025-10-15 16:37:21 --> Session: Class initialized using 'CodeIgniter\Session\Handlers\FileHandler' driver.
INFO - 2025-10-15 16:37:32 --> Session: Class initialized using 'CodeIgniter\Session\Handlers\FileHandler' driver.
INFO - 2025-10-15 16:37:37 --> Session: Class initialized using 'CodeIgniter\Session\Handlers\FileHandler' driver.
CRITICAL - 2025-10-15 16:37:39 --> ErrorException: Allowed memory size of 33554432 bytes exhausted (tried to allocate 36864 bytes)
[Method: GET, Route: /]
in SYSTEMPATH/Debug/Toolbar.php on line 313.
 1 [internal function]: CodeIgniter\Debug\Exceptions->shutdownHandler()
INFO - 2025-10-15 16:37:40 --> Session: Class initialized using 'CodeIgniter\Session\Handlers\FileHandler' driver.
INFO - 2025-10-15 16:37:54 --> Session: Class initialized using 'CodeIgniter\Session\Handlers\FileHandler' driver.
INFO - 2025-10-15 16:38:00 --> Session: Class initialized using 'CodeIgniter\Session\Handlers\FileHandler' driver.
INFO - 2025-10-15 16:39:35 --> Session: Class initialized using 'CodeIgniter\Session\Handlers\FileHandler' driver.
INFO - 2025-10-15 16:39:39 --> Session: Class initialized using 'CodeIgniter\Session\Handlers\FileHandler' driver.
INFO - 2025-10-15 16:39:43 --> Session: Class initialized using 'CodeIgniter\Session\Handlers\FileHandler' driver.
INFO - 2025-10-15 16:39:50 --> Session: Class initialized using 'CodeIgniter\Session\Handlers\FileHandler' driver.
INFO - 2025-10-15 16:39:53 --> Session: Class initialized using 'CodeIgniter\Session\Handlers\FileHandler' driver.
INFO - 2025-10-15 16:46:25 --> Session: Class initialized using 'CodeIgniter\Session\Handlers\FileHandler' driver.
INFO - 2025-10-15 16:46:30 --> Session: Class initialized using 'CodeIgniter\Session\Handlers\FileHandler' driver.
INFO - 2025-10-15 16:46:31 --> Session: Class initialized using 'CodeIgniter\Session\Handlers\FileHandler' driver.
INFO - 2025-10-15 16:57:15 --> Session: Class initialized using 'CodeIgniter\Session\Handlers\FileHandler' driver.
INFO - 2025-10-15 17:04:45 --> CSRF token verified.
INFO - 2025-10-15 17:04:45 --> Session: Class initialized using 'CodeIgniter\Session\Handlers\FileHandler' driver.
INFO - 2025-10-15 17:04:46 --> Session: Class initialized using 'CodeIgniter\Session\Handlers\FileHandler' driver.
INFO - 2025-10-15 17:04:49 --> Session: Class initialized using 'CodeIgniter\Session\Handlers\FileHandler' driver.
INFO - 2025-10-15 17:04:58 --> Session: Class initialized using 'CodeIgniter\Session\Handlers\FileHandler' driver.
INFO - 2025-10-15 17:07:21 --> Session: Class initialized using 'CodeIgniter\Session\Handlers\FileHandler' driver.
INFO - 2025-10-15 17:07:23 --> CSRF token verified.
INFO - 2025-10-15 17:07:23 --> Session: Class initialized using 'CodeIgniter\Session\Handlers\FileHandler' driver.
INFO - 2025-10-15 17:07:23 --> Session: Class initialized using 'CodeIgniter\Session\Handlers\FileHandler' driver.
INFO - 2025-10-15 17:07:44 --> Session: Class initialized using 'CodeIgniter\Session\Handlers\FileHandler' driver.
INFO - 2025-10-15 17:07:47 --> Session: Class initialized using 'CodeIgniter\Session\Handlers\FileHandler' driver.
INFO - 2025-10-15 17:07:47 --> Session: Class initialized using 'CodeIgniter\Session\Handlers\FileHandler' driver.
INFO - 2025-10-15 17:32:00 --> Session: Class initialized using 'CodeIgniter\Session\Handlers\FileHandler' driver.
INFO - 2025-10-15 17:32:09 --> Session: Class initialized using 'CodeIgniter\Session\Handlers\FileHandler' driver.
INFO - 2025-10-15 17:32:09 --> Session: Class initialized using 'CodeIgniter\Session\Handlers\FileHandler' driver.
INFO - 2025-10-15 18:20:11 --> Session: Class initialized using 'CodeIgniter\Session\Handlers\FileHandler' driver.
INFO - 2025-10-15 19:58:54 --> Session: Class initialized using 'CodeIgniter\Session\Handlers\FileHandler' driver.
INFO - 2025-10-15 20:20:41 --> Session: Class initialized using 'CodeIgniter\Session\Handlers\FileHandler' driver.
INFO - 2025-10-15 21:33:18 --> Session: Class initialized using 'CodeIgniter\Session\Handlers\FileHandler' driver.
INFO - 2025-10-15 21:33:19 --> Session: Class initialized using 'CodeIgniter\Session\Handlers\FileHandler' driver.
INFO - 2025-10-15 22:15:30 --> Session: Class initialized using 'CodeIgniter\Session\Handlers\FileHandler' driver.
INFO - 2025-10-15 22:15:31 --> Session: Class initialized using 'CodeIgniter\Session\Handlers\FileHandler' driver.
INFO - 2025-10-15 22:28:36 --> Session: Class initialized using 'CodeIgniter\Session\Handlers\FileHandler' driver.
CRITICAL - 2025-10-15 22:28:36 --> ErrorException: Trying to access array offset on value of type null
[Method: GET, Route: orden/imprimir_solicitud_aprobada/731]
in APPPATH/Controllers/Orden.php on line 18.
 1 APPPATH/Controllers/Orden.php(18): CodeIgniter\Debug\Exceptions->errorHandler(2, 'Trying to access array offset on value of type null', '/home2/usoabumg/public_html/oruro.site/app/Controllers/Orden.php', 18)
 2 SYSTEMPATH/CodeIgniter.php(903): App\Controllers\Orden->__construct()
 3 SYSTEMPATH/CodeIgniter.php(500): CodeIgniter\CodeIgniter->createController()
 4 SYSTEMPATH/CodeIgniter.php(355): CodeIgniter\CodeIgniter->handleRequest(null, Object(Config\Cache), false)
 5 SYSTEMPATH/Boot.php(325): CodeIgniter\CodeIgniter->run()
 6 SYSTEMPATH/Boot.php(67): CodeIgniter\Boot::runCodeIgniter(Object(CodeIgniter\CodeIgniter))
 7 FCPATH/index.php(56): CodeIgniter\Boot::bootWeb(Object(Config\Paths))
INFO - 2025-10-15 22:28:37 --> Session: Class initialized using 'CodeIgniter\Session\Handlers\FileHandler' driver.
INFO - 2025-10-15 22:57:47 --> Session: Class initialized using 'CodeIgniter\Session\Handlers\FileHandler' driver.
CRITICAL - 2025-10-15 22:57:47 --> ErrorException: Trying to access array offset on value of type null
[Method: GET, Route: orden/imprimir_solicitud_aprobada/731]
in APPPATH/Controllers/Orden.php on line 18.
 1 APPPATH/Controllers/Orden.php(18): CodeIgniter\Debug\Exceptions->errorHandler(2, 'Trying to access array offset on value of type null', '/home2/usoabumg/public_html/oruro.site/app/Controllers/Orden.php', 18)
 2 SYSTEMPATH/CodeIgniter.php(903): App\Controllers\Orden->__construct()
 3 SYSTEMPATH/CodeIgniter.php(500): CodeIgniter\CodeIgniter->createController()
 4 SYSTEMPATH/CodeIgniter.php(355): CodeIgniter\CodeIgniter->handleRequest(null, Object(Config\Cache), false)
 5 SYSTEMPATH/Boot.php(325): CodeIgniter\CodeIgniter->run()
 6 SYSTEMPATH/Boot.php(67): CodeIgniter\Boot::runCodeIgniter(Object(CodeIgniter\CodeIgniter))
 7 FCPATH/index.php(56): CodeIgniter\Boot::bootWeb(Object(Config\Paths))
INFO - 2025-10-15 22:57:51 --> Session: Class initialized using 'CodeIgniter\Session\Handlers\FileHandler' driver.
INFO - 2025-10-15 23:20:39 --> Session: Class initialized using 'CodeIgniter\Session\Handlers\FileHandler' driver.
INFO - 2025-10-15 23:37:40 --> Session: Class initialized using 'CodeIgniter\Session\Handlers\FileHandler' driver.
INFO - 2025-10-15 23:42:32 --> Session: Class initialized using 'CodeIgniter\Session\Handlers\FileHandler' driver.
INFO - 2025-10-15 23:50:56 --> Session: Class initialized using 'CodeIgniter\Session\Handlers\FileHandler' driver.
