INFO - 2024-11-19 00:06:26 --> Session: Class initialized using 'CodeIgniter\Session\Handlers\FileHandler' driver.
CRITICAL - 2024-11-19 00:06:28 --> CodeIgniter\HTTP\Exceptions\BadRequestException: The URI you submitted has disallowed characters: "scrollbars=no,resizable=no,status=no,location=no,toolbar=no,menubar=no, width=0,height=0,left=-1000,top=-1000"
[Method: GET, Route: adquisicion_producto/1/scrollbars=no,resizable=no,status=no,location=no,toolbar=no,menubar=no,%20width=0,height=0,left=-1000,top=-1000]
in SYSTEMPATH\Router\Router.php on line 736.
 1 SYSTEMPATH\Router\Router.php(203): CodeIgniter\Router\Router->checkDisallowedChars('adquisicion_producto/1/scrollbars=no,resizable=no,status=no,location=no,toolbar=no,menubar=no, width=0,height=0,left=-1000,top=-1000')
 2 SYSTEMPATH\CodeIgniter.php(834): CodeIgniter\Router\Router->handle('adquisicion_producto/1/scrollbars=no,resizable=no,status=no,location=no,toolbar=no,menubar=no, width=0,height=0,left=-1000,top=-1000')
 3 SYSTEMPATH\CodeIgniter.php(457): CodeIgniter\CodeIgniter->tryToRouteIt(Object(CodeIgniter\Router\RouteCollection))
 4 SYSTEMPATH\CodeIgniter.php(355): CodeIgniter\CodeIgniter->handleRequest(null, Object(Config\Cache), false)
 5 SYSTEMPATH\Boot.php(325): CodeIgniter\CodeIgniter->run()
 6 SYSTEMPATH\Boot.php(67): CodeIgniter\Boot::runCodeIgniter(Object(CodeIgniter\CodeIgniter))
 7 FCPATH\index.php(56): CodeIgniter\Boot::bootWeb(Object(Config\Paths))
INFO - 2024-11-19 00:06:41 --> Session: Class initialized using 'CodeIgniter\Session\Handlers\FileHandler' driver.
INFO - 2024-11-19 00:06:43 --> Session: Class initialized using 'CodeIgniter\Session\Handlers\FileHandler' driver.
CRITICAL - 2024-11-19 00:06:45 --> CodeIgniter\HTTP\Exceptions\BadRequestException: The URI you submitted has disallowed characters: "scrollbars=no,resizable=no,status=no,location=no,toolbar=no,menubar=no, width=0,height=0,left=-1000,top=-1000"
[Method: GET, Route: adquisicion_producto/1/scrollbars=no,resizable=no,status=no,location=no,toolbar=no,menubar=no,%20width=0,height=0,left=-1000,top=-1000]
in SYSTEMPATH\Router\Router.php on line 736.
 1 SYSTEMPATH\Router\Router.php(203): CodeIgniter\Router\Router->checkDisallowedChars('adquisicion_producto/1/scrollbars=no,resizable=no,status=no,location=no,toolbar=no,menubar=no, width=0,height=0,left=-1000,top=-1000')
 2 SYSTEMPATH\CodeIgniter.php(834): CodeIgniter\Router\Router->handle('adquisicion_producto/1/scrollbars=no,resizable=no,status=no,location=no,toolbar=no,menubar=no, width=0,height=0,left=-1000,top=-1000')
 3 SYSTEMPATH\CodeIgniter.php(457): CodeIgniter\CodeIgniter->tryToRouteIt(Object(CodeIgniter\Router\RouteCollection))
 4 SYSTEMPATH\CodeIgniter.php(355): CodeIgniter\CodeIgniter->handleRequest(null, Object(Config\Cache), false)
 5 SYSTEMPATH\Boot.php(325): CodeIgniter\CodeIgniter->run()
 6 SYSTEMPATH\Boot.php(67): CodeIgniter\Boot::runCodeIgniter(Object(CodeIgniter\CodeIgniter))
 7 FCPATH\index.php(56): CodeIgniter\Boot::bootWeb(Object(Config\Paths))
INFO - 2024-11-19 00:07:08 --> Session: Class initialized using 'CodeIgniter\Session\Handlers\FileHandler' driver.
INFO - 2024-11-19 00:07:16 --> Session: Class initialized using 'CodeIgniter\Session\Handlers\FileHandler' driver.
INFO - 2024-11-19 00:07:25 --> Session: Class initialized using 'CodeIgniter\Session\Handlers\FileHandler' driver.
INFO - 2024-11-19 00:07:56 --> Session: Class initialized using 'CodeIgniter\Session\Handlers\FileHandler' driver.
CRITICAL - 2024-11-19 00:08:00 --> CodeIgniter\HTTP\Exceptions\BadRequestException: The URI you submitted has disallowed characters: "scrollbars=no,resizable=no,status=no,location=no,toolbar=no,menubar=no, width=0,height=0,left=-1000,top=-1000"
[Method: GET, Route: adquisicion_producto/1/scrollbars=no,resizable=no,status=no,location=no,toolbar=no,menubar=no,%20width=0,height=0,left=-1000,top=-1000]
in SYSTEMPATH\Router\Router.php on line 736.
 1 SYSTEMPATH\Router\Router.php(203): CodeIgniter\Router\Router->checkDisallowedChars('adquisicion_producto/1/scrollbars=no,resizable=no,status=no,location=no,toolbar=no,menubar=no, width=0,height=0,left=-1000,top=-1000')
 2 SYSTEMPATH\CodeIgniter.php(834): CodeIgniter\Router\Router->handle('adquisicion_producto/1/scrollbars=no,resizable=no,status=no,location=no,toolbar=no,menubar=no, width=0,height=0,left=-1000,top=-1000')
 3 SYSTEMPATH\CodeIgniter.php(457): CodeIgniter\CodeIgniter->tryToRouteIt(Object(CodeIgniter\Router\RouteCollection))
 4 SYSTEMPATH\CodeIgniter.php(355): CodeIgniter\CodeIgniter->handleRequest(null, Object(Config\Cache), false)
 5 SYSTEMPATH\Boot.php(325): CodeIgniter\CodeIgniter->run()
 6 SYSTEMPATH\Boot.php(67): CodeIgniter\Boot::runCodeIgniter(Object(CodeIgniter\CodeIgniter))
 7 FCPATH\index.php(56): CodeIgniter\Boot::bootWeb(Object(Config\Paths))
INFO - 2024-11-19 00:10:08 --> Session: Class initialized using 'CodeIgniter\Session\Handlers\FileHandler' driver.
INFO - 2024-11-19 00:16:41 --> Session: Class initialized using 'CodeIgniter\Session\Handlers\FileHandler' driver.
INFO - 2024-11-19 00:17:29 --> Session: Class initialized using 'CodeIgniter\Session\Handlers\FileHandler' driver.
INFO - 2024-11-19 00:26:23 --> Session: Class initialized using 'CodeIgniter\Session\Handlers\FileHandler' driver.
INFO - 2024-11-19 00:27:01 --> Session: Class initialized using 'CodeIgniter\Session\Handlers\FileHandler' driver.
INFO - 2024-11-19 00:27:11 --> Session: Class initialized using 'CodeIgniter\Session\Handlers\FileHandler' driver.
INFO - 2024-11-19 00:36:05 --> Session: Class initialized using 'CodeIgniter\Session\Handlers\FileHandler' driver.
INFO - 2024-11-19 00:36:07 --> Session: Class initialized using 'CodeIgniter\Session\Handlers\FileHandler' driver.
INFO - 2024-11-19 00:42:07 --> Session: Class initialized using 'CodeIgniter\Session\Handlers\FileHandler' driver.
INFO - 2024-11-19 00:42:09 --> Session: Class initialized using 'CodeIgniter\Session\Handlers\FileHandler' driver.
INFO - 2024-11-19 00:42:35 --> Session: Class initialized using 'CodeIgniter\Session\Handlers\FileHandler' driver.
INFO - 2024-11-19 00:45:55 --> Session: Class initialized using 'CodeIgniter\Session\Handlers\FileHandler' driver.
INFO - 2024-11-19 00:46:51 --> Session: Class initialized using 'CodeIgniter\Session\Handlers\FileHandler' driver.
INFO - 2024-11-19 00:47:05 --> Session: Class initialized using 'CodeIgniter\Session\Handlers\FileHandler' driver.
INFO - 2024-11-19 00:48:58 --> Session: Class initialized using 'CodeIgniter\Session\Handlers\FileHandler' driver.
INFO - 2024-11-19 00:49:04 --> Session: Class initialized using 'CodeIgniter\Session\Handlers\FileHandler' driver.
INFO - 2024-11-19 00:49:21 --> Session: Class initialized using 'CodeIgniter\Session\Handlers\FileHandler' driver.
INFO - 2024-11-19 00:49:31 --> Session: Class initialized using 'CodeIgniter\Session\Handlers\FileHandler' driver.
INFO - 2024-11-19 00:49:32 --> Session: Class initialized using 'CodeIgniter\Session\Handlers\FileHandler' driver.
INFO - 2024-11-19 00:50:42 --> Session: Class initialized using 'CodeIgniter\Session\Handlers\FileHandler' driver.
INFO - 2024-11-19 00:50:50 --> Session: Class initialized using 'CodeIgniter\Session\Handlers\FileHandler' driver.
INFO - 2024-11-19 00:51:38 --> Session: Class initialized using 'CodeIgniter\Session\Handlers\FileHandler' driver.
INFO - 2024-11-19 00:51:41 --> Session: Class initialized using 'CodeIgniter\Session\Handlers\FileHandler' driver.
INFO - 2024-11-19 00:53:04 --> Session: Class initialized using 'CodeIgniter\Session\Handlers\FileHandler' driver.
INFO - 2024-11-19 00:54:45 --> Session: Class initialized using 'CodeIgniter\Session\Handlers\FileHandler' driver.
INFO - 2024-11-19 00:55:15 --> Session: Class initialized using 'CodeIgniter\Session\Handlers\FileHandler' driver.
INFO - 2024-11-19 00:55:34 --> Session: Class initialized using 'CodeIgniter\Session\Handlers\FileHandler' driver.
INFO - 2024-11-19 00:57:50 --> Session: Class initialized using 'CodeIgniter\Session\Handlers\FileHandler' driver.
INFO - 2024-11-19 00:57:51 --> Session: Class initialized using 'CodeIgniter\Session\Handlers\FileHandler' driver.
INFO - 2024-11-19 00:57:51 --> Session: Class initialized using 'CodeIgniter\Session\Handlers\FileHandler' driver.
INFO - 2024-11-19 01:00:51 --> Session: Class initialized using 'CodeIgniter\Session\Handlers\FileHandler' driver.
INFO - 2024-11-19 01:01:00 --> Session: Class initialized using 'CodeIgniter\Session\Handlers\FileHandler' driver.
INFO - 2024-11-19 01:01:40 --> Session: Class initialized using 'CodeIgniter\Session\Handlers\FileHandler' driver.
INFO - 2024-11-19 01:02:54 --> Session: Class initialized using 'CodeIgniter\Session\Handlers\FileHandler' driver.
INFO - 2024-11-19 01:03:48 --> Session: Class initialized using 'CodeIgniter\Session\Handlers\FileHandler' driver.
INFO - 2024-11-19 01:04:15 --> Session: Class initialized using 'CodeIgniter\Session\Handlers\FileHandler' driver.
INFO - 2024-11-19 01:05:24 --> Session: Class initialized using 'CodeIgniter\Session\Handlers\FileHandler' driver.
INFO - 2024-11-19 01:06:02 --> Session: Class initialized using 'CodeIgniter\Session\Handlers\FileHandler' driver.
INFO - 2024-11-19 01:06:55 --> Session: Class initialized using 'CodeIgniter\Session\Handlers\FileHandler' driver.
INFO - 2024-11-19 01:07:11 --> Session: Class initialized using 'CodeIgniter\Session\Handlers\FileHandler' driver.
INFO - 2024-11-19 01:08:23 --> Session: Class initialized using 'CodeIgniter\Session\Handlers\FileHandler' driver.
INFO - 2024-11-19 01:08:24 --> Session: Class initialized using 'CodeIgniter\Session\Handlers\FileHandler' driver.
INFO - 2024-11-19 01:08:24 --> Session: Class initialized using 'CodeIgniter\Session\Handlers\FileHandler' driver.
INFO - 2024-11-19 01:08:25 --> Session: Class initialized using 'CodeIgniter\Session\Handlers\FileHandler' driver.
INFO - 2024-11-19 01:08:39 --> Session: Class initialized using 'CodeIgniter\Session\Handlers\FileHandler' driver.
INFO - 2024-11-19 01:08:56 --> Session: Class initialized using 'CodeIgniter\Session\Handlers\FileHandler' driver.
INFO - 2024-11-19 01:08:57 --> Session: Class initialized using 'CodeIgniter\Session\Handlers\FileHandler' driver.
INFO - 2024-11-19 01:09:12 --> Session: Class initialized using 'CodeIgniter\Session\Handlers\FileHandler' driver.
INFO - 2024-11-19 01:09:46 --> Session: Class initialized using 'CodeIgniter\Session\Handlers\FileHandler' driver.
INFO - 2024-11-19 01:10:20 --> Session: Class initialized using 'CodeIgniter\Session\Handlers\FileHandler' driver.
INFO - 2024-11-19 01:11:23 --> Session: Class initialized using 'CodeIgniter\Session\Handlers\FileHandler' driver.
INFO - 2024-11-19 01:11:28 --> Session: Class initialized using 'CodeIgniter\Session\Handlers\FileHandler' driver.
INFO - 2024-11-19 01:11:49 --> Session: Class initialized using 'CodeIgniter\Session\Handlers\FileHandler' driver.
INFO - 2024-11-19 01:11:55 --> Session: Class initialized using 'CodeIgniter\Session\Handlers\FileHandler' driver.
INFO - 2024-11-19 01:12:32 --> Session: Class initialized using 'CodeIgniter\Session\Handlers\FileHandler' driver.
INFO - 2024-11-19 01:15:12 --> Session: Class initialized using 'CodeIgniter\Session\Handlers\FileHandler' driver.
INFO - 2024-11-19 01:15:16 --> Session: Class initialized using 'CodeIgniter\Session\Handlers\FileHandler' driver.
INFO - 2024-11-19 01:15:26 --> Session: Class initialized using 'CodeIgniter\Session\Handlers\FileHandler' driver.
INFO - 2024-11-19 01:16:31 --> Session: Class initialized using 'CodeIgniter\Session\Handlers\FileHandler' driver.
INFO - 2024-11-19 01:17:12 --> Session: Class initialized using 'CodeIgniter\Session\Handlers\FileHandler' driver.
INFO - 2024-11-19 01:17:13 --> Session: Class initialized using 'CodeIgniter\Session\Handlers\FileHandler' driver.
INFO - 2024-11-19 01:17:13 --> Session: Class initialized using 'CodeIgniter\Session\Handlers\FileHandler' driver.
INFO - 2024-11-19 01:18:36 --> Session: Class initialized using 'CodeIgniter\Session\Handlers\FileHandler' driver.
INFO - 2024-11-19 01:18:37 --> Session: Class initialized using 'CodeIgniter\Session\Handlers\FileHandler' driver.
INFO - 2024-11-19 01:18:37 --> Session: Class initialized using 'CodeIgniter\Session\Handlers\FileHandler' driver.
INFO - 2024-11-19 01:18:37 --> Session: Class initialized using 'CodeIgniter\Session\Handlers\FileHandler' driver.
INFO - 2024-11-19 01:18:38 --> Session: Class initialized using 'CodeIgniter\Session\Handlers\FileHandler' driver.
INFO - 2024-11-19 01:18:38 --> Session: Class initialized using 'CodeIgniter\Session\Handlers\FileHandler' driver.
INFO - 2024-11-19 01:18:53 --> Session: Class initialized using 'CodeIgniter\Session\Handlers\FileHandler' driver.
INFO - 2024-11-19 01:18:54 --> Session: Class initialized using 'CodeIgniter\Session\Handlers\FileHandler' driver.
INFO - 2024-11-19 01:18:54 --> Session: Class initialized using 'CodeIgniter\Session\Handlers\FileHandler' driver.
INFO - 2024-11-19 01:19:42 --> Session: Class initialized using 'CodeIgniter\Session\Handlers\FileHandler' driver.
INFO - 2024-11-19 01:20:27 --> Session: Class initialized using 'CodeIgniter\Session\Handlers\FileHandler' driver.
INFO - 2024-11-19 01:20:41 --> Session: Class initialized using 'CodeIgniter\Session\Handlers\FileHandler' driver.
INFO - 2024-11-19 01:23:06 --> Session: Class initialized using 'CodeIgniter\Session\Handlers\FileHandler' driver.
INFO - 2024-11-19 01:24:14 --> Session: Class initialized using 'CodeIgniter\Session\Handlers\FileHandler' driver.
INFO - 2024-11-19 01:24:31 --> Session: Class initialized using 'CodeIgniter\Session\Handlers\FileHandler' driver.
INFO - 2024-11-19 01:25:05 --> Session: Class initialized using 'CodeIgniter\Session\Handlers\FileHandler' driver.
INFO - 2024-11-19 01:25:10 --> Session: Class initialized using 'CodeIgniter\Session\Handlers\FileHandler' driver.
INFO - 2024-11-19 01:25:48 --> Session: Class initialized using 'CodeIgniter\Session\Handlers\FileHandler' driver.
INFO - 2024-11-19 01:29:37 --> Session: Class initialized using 'CodeIgniter\Session\Handlers\FileHandler' driver.
INFO - 2024-11-19 01:30:57 --> Session: Class initialized using 'CodeIgniter\Session\Handlers\FileHandler' driver.
INFO - 2024-11-19 01:31:43 --> Session: Class initialized using 'CodeIgniter\Session\Handlers\FileHandler' driver.
INFO - 2024-11-19 01:31:46 --> Session: Class initialized using 'CodeIgniter\Session\Handlers\FileHandler' driver.
INFO - 2024-11-19 01:32:58 --> Session: Class initialized using 'CodeIgniter\Session\Handlers\FileHandler' driver.
INFO - 2024-11-19 01:34:08 --> Session: Class initialized using 'CodeIgniter\Session\Handlers\FileHandler' driver.
INFO - 2024-11-19 01:34:53 --> Session: Class initialized using 'CodeIgniter\Session\Handlers\FileHandler' driver.
INFO - 2024-11-19 01:34:55 --> Session: Class initialized using 'CodeIgniter\Session\Handlers\FileHandler' driver.
INFO - 2024-11-19 01:35:18 --> Session: Class initialized using 'CodeIgniter\Session\Handlers\FileHandler' driver.
INFO - 2024-11-19 01:35:43 --> Session: Class initialized using 'CodeIgniter\Session\Handlers\FileHandler' driver.
INFO - 2024-11-19 01:36:23 --> Session: Class initialized using 'CodeIgniter\Session\Handlers\FileHandler' driver.
INFO - 2024-11-19 01:36:50 --> Session: Class initialized using 'CodeIgniter\Session\Handlers\FileHandler' driver.
INFO - 2024-11-19 01:37:03 --> Session: Class initialized using 'CodeIgniter\Session\Handlers\FileHandler' driver.
INFO - 2024-11-19 01:38:44 --> Session: Class initialized using 'CodeIgniter\Session\Handlers\FileHandler' driver.
INFO - 2024-11-19 01:39:16 --> Session: Class initialized using 'CodeIgniter\Session\Handlers\FileHandler' driver.
INFO - 2024-11-19 01:40:02 --> Session: Class initialized using 'CodeIgniter\Session\Handlers\FileHandler' driver.
INFO - 2024-11-19 01:41:07 --> Session: Class initialized using 'CodeIgniter\Session\Handlers\FileHandler' driver.
INFO - 2024-11-19 01:45:55 --> Session: Class initialized using 'CodeIgniter\Session\Handlers\FileHandler' driver.
INFO - 2024-11-19 01:46:12 --> Session: Class initialized using 'CodeIgniter\Session\Handlers\FileHandler' driver.
INFO - 2024-11-19 01:46:19 --> Session: Class initialized using 'CodeIgniter\Session\Handlers\FileHandler' driver.
INFO - 2024-11-19 01:46:39 --> Session: Class initialized using 'CodeIgniter\Session\Handlers\FileHandler' driver.
INFO - 2024-11-19 01:48:09 --> Session: Class initialized using 'CodeIgniter\Session\Handlers\FileHandler' driver.
CRITICAL - 2024-11-19 01:48:09 --> ErrorException: Undefined array key 6
[Method: GET, Route: ingreso/imprimir_ingreso_materiales/5]
in APPPATH\Views\nro_adquisicion\imprimir_ingreso_materiales.php on line 131.
 1 APPPATH\Views\nro_adquisicion\imprimir_ingreso_materiales.php(131): CodeIgniter\Debug\Exceptions->errorHandler(2, 'Undefined array key 6', 'C:\\laragon\\www\\gador_warehouse\\app\\Views\\nro_adquisicion\\imprimir_ingreso_materiales.php', 131)
 2 SYSTEMPATH\View\View.php(234): include('C:\\laragon\\www\\gador_warehouse\\app\\Views\\nro_adquisicion\\imprimir_ingreso_materiales.php')
 3 SYSTEMPATH\View\View.php(237): CodeIgniter\View\View->CodeIgniter\View\{closure}()
 4 SYSTEMPATH\Common.php(1171): CodeIgniter\View\View->render('nro_adquisicion/imprimir_ingreso_materiales', [], true)
 5 APPPATH\Controllers\NroAdquisicion.php(162): view('nro_adquisicion/imprimir_ingreso_materiales', [...])
 6 SYSTEMPATH\CodeIgniter.php(933): App\Controllers\NroAdquisicion->imprimir_ingreso_materiales('5')
 7 SYSTEMPATH\CodeIgniter.php(509): CodeIgniter\CodeIgniter->runController(Object(App\Controllers\NroAdquisicion))
 8 SYSTEMPATH\CodeIgniter.php(355): CodeIgniter\CodeIgniter->handleRequest(null, Object(Config\Cache), false)
 9 SYSTEMPATH\Boot.php(325): CodeIgniter\CodeIgniter->run()
10 SYSTEMPATH\Boot.php(67): CodeIgniter\Boot::runCodeIgniter(Object(CodeIgniter\CodeIgniter))
11 FCPATH\index.php(56): CodeIgniter\Boot::bootWeb(Object(Config\Paths))
INFO - 2024-11-19 01:48:33 --> Session: Class initialized using 'CodeIgniter\Session\Handlers\FileHandler' driver.
INFO - 2024-11-19 01:49:12 --> Session: Class initialized using 'CodeIgniter\Session\Handlers\FileHandler' driver.
CRITICAL - 2024-11-19 01:49:12 --> ErrorException: Undefined array key "nombre_proveedor"
[Method: GET, Route: ingreso/imprimir_ingreso_materiales/5]
in APPPATH\Views\nro_adquisicion\imprimir_ingreso_materiales.php on line 131.
 1 APPPATH\Views\nro_adquisicion\imprimir_ingreso_materiales.php(131): CodeIgniter\Debug\Exceptions->errorHandler(2, 'Undefined array key "nombre_proveedor"', 'C:\\laragon\\www\\gador_warehouse\\app\\Views\\nro_adquisicion\\imprimir_ingreso_materiales.php', 131)
 2 SYSTEMPATH\View\View.php(234): include('C:\\laragon\\www\\gador_warehouse\\app\\Views\\nro_adquisicion\\imprimir_ingreso_materiales.php')
 3 SYSTEMPATH\View\View.php(237): CodeIgniter\View\View->CodeIgniter\View\{closure}()
 4 SYSTEMPATH\Common.php(1171): CodeIgniter\View\View->render('nro_adquisicion/imprimir_ingreso_materiales', [], true)
 5 APPPATH\Controllers\NroAdquisicion.php(162): view('nro_adquisicion/imprimir_ingreso_materiales', [...])
 6 SYSTEMPATH\CodeIgniter.php(933): App\Controllers\NroAdquisicion->imprimir_ingreso_materiales('5')
 7 SYSTEMPATH\CodeIgniter.php(509): CodeIgniter\CodeIgniter->runController(Object(App\Controllers\NroAdquisicion))
 8 SYSTEMPATH\CodeIgniter.php(355): CodeIgniter\CodeIgniter->handleRequest(null, Object(Config\Cache), false)
 9 SYSTEMPATH\Boot.php(325): CodeIgniter\CodeIgniter->run()
10 SYSTEMPATH\Boot.php(67): CodeIgniter\Boot::runCodeIgniter(Object(CodeIgniter\CodeIgniter))
11 FCPATH\index.php(56): CodeIgniter\Boot::bootWeb(Object(Config\Paths))
INFO - 2024-11-19 01:49:24 --> Session: Class initialized using 'CodeIgniter\Session\Handlers\FileHandler' driver.
INFO - 2024-11-19 01:49:45 --> Session: Class initialized using 'CodeIgniter\Session\Handlers\FileHandler' driver.
INFO - 2024-11-19 01:50:22 --> Session: Class initialized using 'CodeIgniter\Session\Handlers\FileHandler' driver.
INFO - 2024-11-19 01:50:42 --> Session: Class initialized using 'CodeIgniter\Session\Handlers\FileHandler' driver.
INFO - 2024-11-19 01:51:22 --> Session: Class initialized using 'CodeIgniter\Session\Handlers\FileHandler' driver.
INFO - 2024-11-19 01:52:14 --> Session: Class initialized using 'CodeIgniter\Session\Handlers\FileHandler' driver.
INFO - 2024-11-19 01:52:48 --> Session: Class initialized using 'CodeIgniter\Session\Handlers\FileHandler' driver.
INFO - 2024-11-19 01:53:08 --> Session: Class initialized using 'CodeIgniter\Session\Handlers\FileHandler' driver.
INFO - 2024-11-19 01:53:15 --> Session: Class initialized using 'CodeIgniter\Session\Handlers\FileHandler' driver.
INFO - 2024-11-19 01:53:28 --> Session: Class initialized using 'CodeIgniter\Session\Handlers\FileHandler' driver.
INFO - 2024-11-19 01:53:31 --> Session: Class initialized using 'CodeIgniter\Session\Handlers\FileHandler' driver.
INFO - 2024-11-19 01:53:43 --> Session: Class initialized using 'CodeIgniter\Session\Handlers\FileHandler' driver.
INFO - 2024-11-19 01:55:19 --> Session: Class initialized using 'CodeIgniter\Session\Handlers\FileHandler' driver.
INFO - 2024-11-19 01:56:02 --> Session: Class initialized using 'CodeIgniter\Session\Handlers\FileHandler' driver.
CRITICAL - 2024-11-19 01:56:02 --> ErrorException: Undefined array key "fecha_adquisicion"
[Method: GET, Route: ingreso/imprimir_ingreso_materiales/5]
in APPPATH\Views\nro_adquisicion\imprimir_ingreso_materiales.php on line 133.
 1 APPPATH\Views\nro_adquisicion\imprimir_ingreso_materiales.php(133): CodeIgniter\Debug\Exceptions->errorHandler(2, 'Undefined array key "fecha_adquisicion"', 'C:\\laragon\\www\\gador_warehouse\\app\\Views\\nro_adquisicion\\imprimir_ingreso_materiales.php', 133)
 2 SYSTEMPATH\View\View.php(234): include('C:\\laragon\\www\\gador_warehouse\\app\\Views\\nro_adquisicion\\imprimir_ingreso_materiales.php')
 3 SYSTEMPATH\View\View.php(237): CodeIgniter\View\View->CodeIgniter\View\{closure}()
 4 SYSTEMPATH\Common.php(1171): CodeIgniter\View\View->render('nro_adquisicion/imprimir_ingreso_materiales', [], true)
 5 APPPATH\Controllers\NroAdquisicion.php(162): view('nro_adquisicion/imprimir_ingreso_materiales', [...])
 6 SYSTEMPATH\CodeIgniter.php(933): App\Controllers\NroAdquisicion->imprimir_ingreso_materiales('5')
 7 SYSTEMPATH\CodeIgniter.php(509): CodeIgniter\CodeIgniter->runController(Object(App\Controllers\NroAdquisicion))
 8 SYSTEMPATH\CodeIgniter.php(355): CodeIgniter\CodeIgniter->handleRequest(null, Object(Config\Cache), false)
 9 SYSTEMPATH\Boot.php(325): CodeIgniter\CodeIgniter->run()
10 SYSTEMPATH\Boot.php(67): CodeIgniter\Boot::runCodeIgniter(Object(CodeIgniter\CodeIgniter))
11 FCPATH\index.php(56): CodeIgniter\Boot::bootWeb(Object(Config\Paths))
INFO - 2024-11-19 01:56:08 --> Session: Class initialized using 'CodeIgniter\Session\Handlers\FileHandler' driver.
INFO - 2024-11-19 02:00:31 --> Session: Class initialized using 'CodeIgniter\Session\Handlers\FileHandler' driver.
INFO - 2024-11-19 02:03:06 --> Session: Class initialized using 'CodeIgniter\Session\Handlers\FileHandler' driver.
INFO - 2024-11-19 02:03:42 --> Session: Class initialized using 'CodeIgniter\Session\Handlers\FileHandler' driver.
INFO - 2024-11-19 02:04:25 --> Session: Class initialized using 'CodeIgniter\Session\Handlers\FileHandler' driver.
INFO - 2024-11-19 02:08:52 --> Session: Class initialized using 'CodeIgniter\Session\Handlers\FileHandler' driver.
INFO - 2024-11-19 02:09:36 --> Session: Class initialized using 'CodeIgniter\Session\Handlers\FileHandler' driver.
INFO - 2024-11-19 02:09:43 --> Session: Class initialized using 'CodeIgniter\Session\Handlers\FileHandler' driver.
INFO - 2024-11-19 02:10:08 --> Session: Class initialized using 'CodeIgniter\Session\Handlers\FileHandler' driver.
INFO - 2024-11-19 02:10:55 --> Session: Class initialized using 'CodeIgniter\Session\Handlers\FileHandler' driver.
INFO - 2024-11-19 02:11:20 --> Session: Class initialized using 'CodeIgniter\Session\Handlers\FileHandler' driver.
INFO - 2024-11-19 02:11:57 --> Session: Class initialized using 'CodeIgniter\Session\Handlers\FileHandler' driver.
INFO - 2024-11-19 02:16:13 --> Session: Class initialized using 'CodeIgniter\Session\Handlers\FileHandler' driver.
INFO - 2024-11-19 02:18:18 --> Session: Class initialized using 'CodeIgniter\Session\Handlers\FileHandler' driver.
INFO - 2024-11-19 02:21:53 --> Session: Class initialized using 'CodeIgniter\Session\Handlers\FileHandler' driver.
INFO - 2024-11-19 02:22:38 --> Session: Class initialized using 'CodeIgniter\Session\Handlers\FileHandler' driver.
INFO - 2024-11-19 02:23:58 --> Session: Class initialized using 'CodeIgniter\Session\Handlers\FileHandler' driver.
INFO - 2024-11-19 02:28:49 --> Session: Class initialized using 'CodeIgniter\Session\Handlers\FileHandler' driver.
CRITICAL - 2024-11-19 02:28:49 --> Error: Class "UnidadesMedidaModel" not found
[Method: GET, Route: ingreso/imprimir_ingreso_materiales/5]
in APPPATH\Views\nro_adquisicion\imprimir_ingreso_materiales.php on line 205.
 1 SYSTEMPATH\View\View.php(234): include()
 2 SYSTEMPATH\View\View.php(237): CodeIgniter\View\View->CodeIgniter\View\{closure}()
 3 SYSTEMPATH\Common.php(1171): CodeIgniter\View\View->render('nro_adquisicion/imprimir_ingreso_materiales', [], true)
 4 APPPATH\Controllers\NroAdquisicion.php(179): view('nro_adquisicion/imprimir_ingreso_materiales', [...])
 5 SYSTEMPATH\CodeIgniter.php(933): App\Controllers\NroAdquisicion->imprimir_ingreso_materiales('5')
 6 SYSTEMPATH\CodeIgniter.php(509): CodeIgniter\CodeIgniter->runController(Object(App\Controllers\NroAdquisicion))
 7 SYSTEMPATH\CodeIgniter.php(355): CodeIgniter\CodeIgniter->handleRequest(null, Object(Config\Cache), false)
 8 SYSTEMPATH\Boot.php(325): CodeIgniter\CodeIgniter->run()
 9 SYSTEMPATH\Boot.php(67): CodeIgniter\Boot::runCodeIgniter(Object(CodeIgniter\CodeIgniter))
10 FCPATH\index.php(56): CodeIgniter\Boot::bootWeb(Object(Config\Paths))
INFO - 2024-11-19 02:29:39 --> Session: Class initialized using 'CodeIgniter\Session\Handlers\FileHandler' driver.
CRITICAL - 2024-11-19 02:29:39 --> ErrorException: Undefined array key "id_unidad_medida"
[Method: GET, Route: ingreso/imprimir_ingreso_materiales/5]
in APPPATH\Views\nro_adquisicion\imprimir_ingreso_materiales.php on line 205.
 1 APPPATH\Views\nro_adquisicion\imprimir_ingreso_materiales.php(205): CodeIgniter\Debug\Exceptions->errorHandler(2, 'Undefined array key "id_unidad_medida"', 'C:\\laragon\\www\\gador_warehouse\\app\\Views\\nro_adquisicion\\imprimir_ingreso_materiales.php', 205)
 2 SYSTEMPATH\View\View.php(234): include('C:\\laragon\\www\\gador_warehouse\\app\\Views\\nro_adquisicion\\imprimir_ingreso_materiales.php')
 3 SYSTEMPATH\View\View.php(237): CodeIgniter\View\View->CodeIgniter\View\{closure}()
 4 SYSTEMPATH\Common.php(1171): CodeIgniter\View\View->render('nro_adquisicion/imprimir_ingreso_materiales', [], true)
 5 APPPATH\Controllers\NroAdquisicion.php(179): view('nro_adquisicion/imprimir_ingreso_materiales', [...])
 6 SYSTEMPATH\CodeIgniter.php(933): App\Controllers\NroAdquisicion->imprimir_ingreso_materiales('5')
 7 SYSTEMPATH\CodeIgniter.php(509): CodeIgniter\CodeIgniter->runController(Object(App\Controllers\NroAdquisicion))
 8 SYSTEMPATH\CodeIgniter.php(355): CodeIgniter\CodeIgniter->handleRequest(null, Object(Config\Cache), false)
 9 SYSTEMPATH\Boot.php(325): CodeIgniter\CodeIgniter->run()
10 SYSTEMPATH\Boot.php(67): CodeIgniter\Boot::runCodeIgniter(Object(CodeIgniter\CodeIgniter))
11 FCPATH\index.php(56): CodeIgniter\Boot::bootWeb(Object(Config\Paths))
INFO - 2024-11-19 02:29:54 --> Session: Class initialized using 'CodeIgniter\Session\Handlers\FileHandler' driver.
INFO - 2024-11-19 02:30:18 --> Session: Class initialized using 'CodeIgniter\Session\Handlers\FileHandler' driver.
INFO - 2024-11-19 02:30:37 --> Session: Class initialized using 'CodeIgniter\Session\Handlers\FileHandler' driver.
CRITICAL - 2024-11-19 02:30:37 --> ErrorException: Undefined array key "precio_unidad"
[Method: GET, Route: ingreso/imprimir_ingreso_materiales/5]
in APPPATH\Views\nro_adquisicion\imprimir_ingreso_materiales.php on line 215.
 1 APPPATH\Views\nro_adquisicion\imprimir_ingreso_materiales.php(215): CodeIgniter\Debug\Exceptions->errorHandler(2, 'Undefined array key "precio_unidad"', 'C:\\laragon\\www\\gador_warehouse\\app\\Views\\nro_adquisicion\\imprimir_ingreso_materiales.php', 215)
 2 SYSTEMPATH\View\View.php(234): include('C:\\laragon\\www\\gador_warehouse\\app\\Views\\nro_adquisicion\\imprimir_ingreso_materiales.php')
 3 SYSTEMPATH\View\View.php(237): CodeIgniter\View\View->CodeIgniter\View\{closure}()
 4 SYSTEMPATH\Common.php(1171): CodeIgniter\View\View->render('nro_adquisicion/imprimir_ingreso_materiales', [], true)
 5 APPPATH\Controllers\NroAdquisicion.php(179): view('nro_adquisicion/imprimir_ingreso_materiales', [...])
 6 SYSTEMPATH\CodeIgniter.php(933): App\Controllers\NroAdquisicion->imprimir_ingreso_materiales('5')
 7 SYSTEMPATH\CodeIgniter.php(509): CodeIgniter\CodeIgniter->runController(Object(App\Controllers\NroAdquisicion))
 8 SYSTEMPATH\CodeIgniter.php(355): CodeIgniter\CodeIgniter->handleRequest(null, Object(Config\Cache), false)
 9 SYSTEMPATH\Boot.php(325): CodeIgniter\CodeIgniter->run()
10 SYSTEMPATH\Boot.php(67): CodeIgniter\Boot::runCodeIgniter(Object(CodeIgniter\CodeIgniter))
11 FCPATH\index.php(56): CodeIgniter\Boot::bootWeb(Object(Config\Paths))
INFO - 2024-11-19 02:30:51 --> Session: Class initialized using 'CodeIgniter\Session\Handlers\FileHandler' driver.
INFO - 2024-11-19 02:31:46 --> Session: Class initialized using 'CodeIgniter\Session\Handlers\FileHandler' driver.
INFO - 2024-11-19 02:32:37 --> Session: Class initialized using 'CodeIgniter\Session\Handlers\FileHandler' driver.
INFO - 2024-11-19 02:34:47 --> Session: Class initialized using 'CodeIgniter\Session\Handlers\FileHandler' driver.
INFO - 2024-11-19 02:34:55 --> Session: Class initialized using 'CodeIgniter\Session\Handlers\FileHandler' driver.
INFO - 2024-11-19 02:35:11 --> Session: Class initialized using 'CodeIgniter\Session\Handlers\FileHandler' driver.
INFO - 2024-11-19 02:35:16 --> Session: Class initialized using 'CodeIgniter\Session\Handlers\FileHandler' driver.
INFO - 2024-11-19 02:35:38 --> Session: Class initialized using 'CodeIgniter\Session\Handlers\FileHandler' driver.
INFO - 2024-11-19 02:35:45 --> Session: Class initialized using 'CodeIgniter\Session\Handlers\FileHandler' driver.
INFO - 2024-11-19 02:36:06 --> Session: Class initialized using 'CodeIgniter\Session\Handlers\FileHandler' driver.
INFO - 2024-11-19 02:37:18 --> Session: Class initialized using 'CodeIgniter\Session\Handlers\FileHandler' driver.
INFO - 2024-11-19 02:40:24 --> Session: Class initialized using 'CodeIgniter\Session\Handlers\FileHandler' driver.
CRITICAL - 2024-11-19 02:40:24 --> ErrorException: Undefined property: CodeIgniter\View\View::$load
[Method: GET, Route: ingreso/imprimir_ingreso_materiales/5]
in APPPATH\Views\nro_adquisicion\imprimir_ingreso_materiales.php on line 136.
 1 APPPATH\Views\nro_adquisicion\imprimir_ingreso_materiales.php(136): CodeIgniter\Debug\Exceptions->errorHandler(2, 'Undefined property: CodeIgniter\\View\\View::$load', 'C:\\laragon\\www\\gador_warehouse\\app\\Views\\nro_adquisicion\\imprimir_ingreso_materiales.php', 136)
 2 SYSTEMPATH\View\View.php(234): include('C:\\laragon\\www\\gador_warehouse\\app\\Views\\nro_adquisicion\\imprimir_ingreso_materiales.php')
 3 SYSTEMPATH\View\View.php(237): CodeIgniter\View\View->CodeIgniter\View\{closure}()
 4 SYSTEMPATH\Common.php(1171): CodeIgniter\View\View->render('nro_adquisicion/imprimir_ingreso_materiales', [], true)
 5 APPPATH\Controllers\NroAdquisicion.php(179): view('nro_adquisicion/imprimir_ingreso_materiales', [...])
 6 SYSTEMPATH\CodeIgniter.php(933): App\Controllers\NroAdquisicion->imprimir_ingreso_materiales('5')
 7 SYSTEMPATH\CodeIgniter.php(509): CodeIgniter\CodeIgniter->runController(Object(App\Controllers\NroAdquisicion))
 8 SYSTEMPATH\CodeIgniter.php(355): CodeIgniter\CodeIgniter->handleRequest(null, Object(Config\Cache), false)
 9 SYSTEMPATH\Boot.php(325): CodeIgniter\CodeIgniter->run()
10 SYSTEMPATH\Boot.php(67): CodeIgniter\Boot::runCodeIgniter(Object(CodeIgniter\CodeIgniter))
11 FCPATH\index.php(56): CodeIgniter\Boot::bootWeb(Object(Config\Paths))
INFO - 2024-11-19 02:48:32 --> Session: Class initialized using 'CodeIgniter\Session\Handlers\FileHandler' driver.
INFO - 2024-11-19 02:49:05 --> Session: Class initialized using 'CodeIgniter\Session\Handlers\FileHandler' driver.
INFO - 2024-11-19 02:49:17 --> Session: Class initialized using 'CodeIgniter\Session\Handlers\FileHandler' driver.
INFO - 2024-11-19 02:49:46 --> Session: Class initialized using 'CodeIgniter\Session\Handlers\FileHandler' driver.
INFO - 2024-11-19 02:50:38 --> Session: Class initialized using 'CodeIgniter\Session\Handlers\FileHandler' driver.
INFO - 2024-11-19 02:51:37 --> Session: Class initialized using 'CodeIgniter\Session\Handlers\FileHandler' driver.
INFO - 2024-11-19 02:51:46 --> Session: Class initialized using 'CodeIgniter\Session\Handlers\FileHandler' driver.
INFO - 2024-11-19 02:51:59 --> Session: Class initialized using 'CodeIgniter\Session\Handlers\FileHandler' driver.
INFO - 2024-11-19 02:56:33 --> Session: Class initialized using 'CodeIgniter\Session\Handlers\FileHandler' driver.
INFO - 2024-11-19 02:56:50 --> Session: Class initialized using 'CodeIgniter\Session\Handlers\FileHandler' driver.
INFO - 2024-11-19 02:56:50 --> Session: Class initialized using 'CodeIgniter\Session\Handlers\FileHandler' driver.
INFO - 2024-11-19 02:56:53 --> Session: Class initialized using 'CodeIgniter\Session\Handlers\FileHandler' driver.
INFO - 2024-11-19 02:57:57 --> Session: Class initialized using 'CodeIgniter\Session\Handlers\FileHandler' driver.
INFO - 2024-11-19 15:04:10 --> Session: Class initialized using 'CodeIgniter\Session\Handlers\FileHandler' driver.
CRITICAL - 2024-11-19 15:04:10 --> ErrorException: Trying to access array offset on value of type null
[Method: GET, Route: adquisicion_producto/1/5]
in APPPATH\Controllers\AdquisicionProducto.php on line 13.
 1 APPPATH\Controllers\AdquisicionProducto.php(13): CodeIgniter\Debug\Exceptions->errorHandler(2, 'Trying to access array offset on value of type null', 'C:\\laragon\\www\\gador_warehouse\\app\\Controllers\\AdquisicionProducto.php', 13)
 2 SYSTEMPATH\CodeIgniter.php(903): App\Controllers\AdquisicionProducto->__construct()
 3 SYSTEMPATH\CodeIgniter.php(500): CodeIgniter\CodeIgniter->createController()
 4 SYSTEMPATH\CodeIgniter.php(355): CodeIgniter\CodeIgniter->handleRequest(null, Object(Config\Cache), false)
 5 SYSTEMPATH\Boot.php(325): CodeIgniter\CodeIgniter->run()
 6 SYSTEMPATH\Boot.php(67): CodeIgniter\Boot::runCodeIgniter(Object(CodeIgniter\CodeIgniter))
 7 FCPATH\index.php(56): CodeIgniter\Boot::bootWeb(Object(Config\Paths))
INFO - 2024-11-19 15:04:18 --> Session: Class initialized using 'CodeIgniter\Session\Handlers\FileHandler' driver.
INFO - 2024-11-19 15:04:22 --> CSRF token verified.
INFO - 2024-11-19 15:04:23 --> Session: Class initialized using 'CodeIgniter\Session\Handlers\FileHandler' driver.
INFO - 2024-11-19 15:04:23 --> Session: Class initialized using 'CodeIgniter\Session\Handlers\FileHandler' driver.
INFO - 2024-11-19 15:04:25 --> Session: Class initialized using 'CodeIgniter\Session\Handlers\FileHandler' driver.
INFO - 2024-11-19 15:04:26 --> Session: Class initialized using 'CodeIgniter\Session\Handlers\FileHandler' driver.
INFO - 2024-11-19 15:04:28 --> Session: Class initialized using 'CodeIgniter\Session\Handlers\FileHandler' driver.
INFO - 2024-11-19 15:04:32 --> Session: Class initialized using 'CodeIgniter\Session\Handlers\FileHandler' driver.
INFO - 2024-11-19 15:04:41 --> Session: Class initialized using 'CodeIgniter\Session\Handlers\FileHandler' driver.
INFO - 2024-11-19 15:05:48 --> Session: Class initialized using 'CodeIgniter\Session\Handlers\FileHandler' driver.
INFO - 2024-11-19 15:05:49 --> Session: Class initialized using 'CodeIgniter\Session\Handlers\FileHandler' driver.
INFO - 2024-11-19 15:06:34 --> Session: Class initialized using 'CodeIgniter\Session\Handlers\FileHandler' driver.
INFO - 2024-11-19 15:06:36 --> Session: Class initialized using 'CodeIgniter\Session\Handlers\FileHandler' driver.
INFO - 2024-11-19 15:10:43 --> Session: Class initialized using 'CodeIgniter\Session\Handlers\FileHandler' driver.
INFO - 2024-11-19 15:10:45 --> Session: Class initialized using 'CodeIgniter\Session\Handlers\FileHandler' driver.
INFO - 2024-11-19 15:12:48 --> Session: Class initialized using 'CodeIgniter\Session\Handlers\FileHandler' driver.
INFO - 2024-11-19 15:14:00 --> Session: Class initialized using 'CodeIgniter\Session\Handlers\FileHandler' driver.
INFO - 2024-11-19 15:14:11 --> Session: Class initialized using 'CodeIgniter\Session\Handlers\FileHandler' driver.
INFO - 2024-11-19 15:14:21 --> Session: Class initialized using 'CodeIgniter\Session\Handlers\FileHandler' driver.
INFO - 2024-11-19 15:15:33 --> Session: Class initialized using 'CodeIgniter\Session\Handlers\FileHandler' driver.
INFO - 2024-11-19 15:15:57 --> Session: Class initialized using 'CodeIgniter\Session\Handlers\FileHandler' driver.
INFO - 2024-11-19 15:16:03 --> Session: Class initialized using 'CodeIgniter\Session\Handlers\FileHandler' driver.
INFO - 2024-11-19 15:16:13 --> Session: Class initialized using 'CodeIgniter\Session\Handlers\FileHandler' driver.
INFO - 2024-11-19 16:53:53 --> Session: Class initialized using 'CodeIgniter\Session\Handlers\FileHandler' driver.
INFO - 2024-11-19 16:54:00 --> Session: Class initialized using 'CodeIgniter\Session\Handlers\FileHandler' driver.
INFO - 2024-11-19 16:54:10 --> Session: Class initialized using 'CodeIgniter\Session\Handlers\FileHandler' driver.
INFO - 2024-11-19 16:54:13 --> Session: Class initialized using 'CodeIgniter\Session\Handlers\FileHandler' driver.
INFO - 2024-11-19 16:54:16 --> Session: Class initialized using 'CodeIgniter\Session\Handlers\FileHandler' driver.
INFO - 2024-11-19 16:54:17 --> Session: Class initialized using 'CodeIgniter\Session\Handlers\FileHandler' driver.
INFO - 2024-11-19 16:54:19 --> Session: Class initialized using 'CodeIgniter\Session\Handlers\FileHandler' driver.
INFO - 2024-11-19 16:57:11 --> Session: Class initialized using 'CodeIgniter\Session\Handlers\FileHandler' driver.
INFO - 2024-11-19 16:57:12 --> Session: Class initialized using 'CodeIgniter\Session\Handlers\FileHandler' driver.
INFO - 2024-11-19 18:02:16 --> Session: Class initialized using 'CodeIgniter\Session\Handlers\FileHandler' driver.
CRITICAL - 2024-11-19 18:02:16 --> ErrorException: Array to string conversion
[Method: GET, Route: ingreso/subir/5]
in APPPATH\Controllers\NroAdquisicion.php on line 186.
 1 APPPATH\Controllers\NroAdquisicion.php(186): CodeIgniter\Debug\Exceptions->errorHandler(2, 'Array to string conversion', 'C:\\laragon\\www\\gador_warehouse\\app\\Controllers\\NroAdquisicion.php', 186)
 2 SYSTEMPATH\CodeIgniter.php(933): App\Controllers\NroAdquisicion->subir('5')
 3 SYSTEMPATH\CodeIgniter.php(509): CodeIgniter\CodeIgniter->runController(Object(App\Controllers\NroAdquisicion))
 4 SYSTEMPATH\CodeIgniter.php(355): CodeIgniter\CodeIgniter->handleRequest(null, Object(Config\Cache), false)
 5 SYSTEMPATH\Boot.php(325): CodeIgniter\CodeIgniter->run()
 6 SYSTEMPATH\Boot.php(67): CodeIgniter\Boot::runCodeIgniter(Object(CodeIgniter\CodeIgniter))
 7 FCPATH\index.php(56): CodeIgniter\Boot::bootWeb(Object(Config\Paths))
INFO - 2024-11-19 18:02:26 --> Session: Class initialized using 'CodeIgniter\Session\Handlers\FileHandler' driver.
INFO - 2024-11-19 18:02:36 --> Session: Class initialized using 'CodeIgniter\Session\Handlers\FileHandler' driver.
INFO - 2024-11-19 18:02:38 --> Session: Class initialized using 'CodeIgniter\Session\Handlers\FileHandler' driver.
CRITICAL - 2024-11-19 18:02:38 --> ErrorException: Undefined variable $proveedores
[Method: GET, Route: ingreso/subir/5]
in APPPATH\Views\nro_adquisicion\subir.php on line 13.
 1 APPPATH\Views\nro_adquisicion\subir.php(13): CodeIgniter\Debug\Exceptions->errorHandler(2, 'Undefined variable $proveedores', 'C:\\laragon\\www\\gador_warehouse\\app\\Views\\nro_adquisicion\\subir.php', 13)
 2 SYSTEMPATH\View\View.php(234): include('C:\\laragon\\www\\gador_warehouse\\app\\Views\\nro_adquisicion\\subir.php')
 3 SYSTEMPATH\View\View.php(237): CodeIgniter\View\View->CodeIgniter\View\{closure}()
 4 SYSTEMPATH\Common.php(1171): CodeIgniter\View\View->render('nro_adquisicion/subir', [], true)
 5 APPPATH\Controllers\NroAdquisicion.php(188): view('nro_adquisicion/subir', [...])
 6 SYSTEMPATH\CodeIgniter.php(933): App\Controllers\NroAdquisicion->subir('5')
 7 SYSTEMPATH\CodeIgniter.php(509): CodeIgniter\CodeIgniter->runController(Object(App\Controllers\NroAdquisicion))
 8 SYSTEMPATH\CodeIgniter.php(355): CodeIgniter\CodeIgniter->handleRequest(null, Object(Config\Cache), false)
 9 SYSTEMPATH\Boot.php(325): CodeIgniter\CodeIgniter->run()
10 SYSTEMPATH\Boot.php(67): CodeIgniter\Boot::runCodeIgniter(Object(CodeIgniter\CodeIgniter))
11 FCPATH\index.php(56): CodeIgniter\Boot::bootWeb(Object(Config\Paths))
INFO - 2024-11-19 18:03:01 --> Session: Class initialized using 'CodeIgniter\Session\Handlers\FileHandler' driver.
INFO - 2024-11-19 18:03:12 --> Session: Class initialized using 'CodeIgniter\Session\Handlers\FileHandler' driver.
INFO - 2024-11-19 18:04:17 --> Session: Class initialized using 'CodeIgniter\Session\Handlers\FileHandler' driver.
INFO - 2024-11-19 18:08:37 --> Session: Class initialized using 'CodeIgniter\Session\Handlers\FileHandler' driver.
INFO - 2024-11-19 18:08:39 --> Session: Class initialized using 'CodeIgniter\Session\Handlers\FileHandler' driver.
CRITICAL - 2024-11-19 18:08:39 --> ErrorException: Undefined variable $id_bodega
[Method: GET, Route: ingreso/subir/5]
in APPPATH\Views\nro_adquisicion\subir.php on line 6.
 1 APPPATH\Views\nro_adquisicion\subir.php(6): CodeIgniter\Debug\Exceptions->errorHandler(2, 'Undefined variable $id_bodega', 'C:\\laragon\\www\\gador_warehouse\\app\\Views\\nro_adquisicion\\subir.php', 6)
 2 SYSTEMPATH\View\View.php(234): include('C:\\laragon\\www\\gador_warehouse\\app\\Views\\nro_adquisicion\\subir.php')
 3 SYSTEMPATH\View\View.php(237): CodeIgniter\View\View->CodeIgniter\View\{closure}()
 4 SYSTEMPATH\Common.php(1171): CodeIgniter\View\View->render('nro_adquisicion/subir', [], true)
 5 APPPATH\Controllers\NroAdquisicion.php(188): view('nro_adquisicion/subir', [...])
 6 SYSTEMPATH\CodeIgniter.php(933): App\Controllers\NroAdquisicion->subir('5')
 7 SYSTEMPATH\CodeIgniter.php(509): CodeIgniter\CodeIgniter->runController(Object(App\Controllers\NroAdquisicion))
 8 SYSTEMPATH\CodeIgniter.php(355): CodeIgniter\CodeIgniter->handleRequest(null, Object(Config\Cache), false)
 9 SYSTEMPATH\Boot.php(325): CodeIgniter\CodeIgniter->run()
10 SYSTEMPATH\Boot.php(67): CodeIgniter\Boot::runCodeIgniter(Object(CodeIgniter\CodeIgniter))
11 FCPATH\index.php(56): CodeIgniter\Boot::bootWeb(Object(Config\Paths))
INFO - 2024-11-19 18:08:59 --> Session: Class initialized using 'CodeIgniter\Session\Handlers\FileHandler' driver.
INFO - 2024-11-19 18:10:19 --> Session: Class initialized using 'CodeIgniter\Session\Handlers\FileHandler' driver.
INFO - 2024-11-19 18:10:29 --> Session: Class initialized using 'CodeIgniter\Session\Handlers\FileHandler' driver.
INFO - 2024-11-19 18:10:45 --> Session: Class initialized using 'CodeIgniter\Session\Handlers\FileHandler' driver.
INFO - 2024-11-19 18:10:58 --> Session: Class initialized using 'CodeIgniter\Session\Handlers\FileHandler' driver.
INFO - 2024-11-19 18:11:01 --> Session: Class initialized using 'CodeIgniter\Session\Handlers\FileHandler' driver.
INFO - 2024-11-19 18:11:07 --> Session: Class initialized using 'CodeIgniter\Session\Handlers\FileHandler' driver.
INFO - 2024-11-19 18:12:08 --> Session: Class initialized using 'CodeIgniter\Session\Handlers\FileHandler' driver.
INFO - 2024-11-19 18:12:10 --> Session: Class initialized using 'CodeIgniter\Session\Handlers\FileHandler' driver.
INFO - 2024-11-19 18:12:12 --> Session: Class initialized using 'CodeIgniter\Session\Handlers\FileHandler' driver.
INFO - 2024-11-19 18:12:13 --> Session: Class initialized using 'CodeIgniter\Session\Handlers\FileHandler' driver.
INFO - 2024-11-19 18:12:34 --> Session: Class initialized using 'CodeIgniter\Session\Handlers\FileHandler' driver.
INFO - 2024-11-19 18:12:39 --> Session: Class initialized using 'CodeIgniter\Session\Handlers\FileHandler' driver.
CRITICAL - 2024-11-19 18:12:39 --> ErrorException: Undefined variable $bodega
[Method: GET, Route: ingreso/subir/6]
in APPPATH\Views\nro_adquisicion\subir.php on line 11.
 1 APPPATH\Views\nro_adquisicion\subir.php(11): CodeIgniter\Debug\Exceptions->errorHandler(2, 'Undefined variable $bodega', 'C:\\laragon\\www\\gador_warehouse\\app\\Views\\nro_adquisicion\\subir.php', 11)
 2 SYSTEMPATH\View\View.php(234): include('C:\\laragon\\www\\gador_warehouse\\app\\Views\\nro_adquisicion\\subir.php')
 3 SYSTEMPATH\View\View.php(237): CodeIgniter\View\View->CodeIgniter\View\{closure}()
 4 SYSTEMPATH\Common.php(1171): CodeIgniter\View\View->render('nro_adquisicion/subir', [], true)
 5 APPPATH\Controllers\NroAdquisicion.php(188): view('nro_adquisicion/subir', [...])
 6 SYSTEMPATH\CodeIgniter.php(933): App\Controllers\NroAdquisicion->subir('6')
 7 SYSTEMPATH\CodeIgniter.php(509): CodeIgniter\CodeIgniter->runController(Object(App\Controllers\NroAdquisicion))
 8 SYSTEMPATH\CodeIgniter.php(355): CodeIgniter\CodeIgniter->handleRequest(null, Object(Config\Cache), false)
 9 SYSTEMPATH\Boot.php(325): CodeIgniter\CodeIgniter->run()
10 SYSTEMPATH\Boot.php(67): CodeIgniter\Boot::runCodeIgniter(Object(CodeIgniter\CodeIgniter))
11 FCPATH\index.php(56): CodeIgniter\Boot::bootWeb(Object(Config\Paths))
INFO - 2024-11-19 18:12:51 --> Session: Class initialized using 'CodeIgniter\Session\Handlers\FileHandler' driver.
INFO - 2024-11-19 18:20:03 --> Session: Class initialized using 'CodeIgniter\Session\Handlers\FileHandler' driver.
CRITICAL - 2024-11-19 18:20:03 --> ErrorException: Undefined variable $bodega
[Method: GET, Route: ingreso/subir/5]
in APPPATH\Views\nro_adquisicion\subir.php on line 11.
 1 APPPATH\Views\nro_adquisicion\subir.php(11): CodeIgniter\Debug\Exceptions->errorHandler(2, 'Undefined variable $bodega', 'C:\\laragon\\www\\gador_warehouse\\app\\Views\\nro_adquisicion\\subir.php', 11)
 2 SYSTEMPATH\View\View.php(234): include('C:\\laragon\\www\\gador_warehouse\\app\\Views\\nro_adquisicion\\subir.php')
 3 SYSTEMPATH\View\View.php(237): CodeIgniter\View\View->CodeIgniter\View\{closure}()
 4 SYSTEMPATH\Common.php(1171): CodeIgniter\View\View->render('nro_adquisicion/subir', [], true)
 5 APPPATH\Controllers\NroAdquisicion.php(188): view('nro_adquisicion/subir', [...])
 6 SYSTEMPATH\CodeIgniter.php(933): App\Controllers\NroAdquisicion->subir('5')
 7 SYSTEMPATH\CodeIgniter.php(509): CodeIgniter\CodeIgniter->runController(Object(App\Controllers\NroAdquisicion))
 8 SYSTEMPATH\CodeIgniter.php(355): CodeIgniter\CodeIgniter->handleRequest(null, Object(Config\Cache), false)
 9 SYSTEMPATH\Boot.php(325): CodeIgniter\CodeIgniter->run()
10 SYSTEMPATH\Boot.php(67): CodeIgniter\Boot::runCodeIgniter(Object(CodeIgniter\CodeIgniter))
11 FCPATH\index.php(56): CodeIgniter\Boot::bootWeb(Object(Config\Paths))
INFO - 2024-11-19 18:20:08 --> Session: Class initialized using 'CodeIgniter\Session\Handlers\FileHandler' driver.
INFO - 2024-11-19 18:20:12 --> Session: Class initialized using 'CodeIgniter\Session\Handlers\FileHandler' driver.
INFO - 2024-11-19 18:20:19 --> Session: Class initialized using 'CodeIgniter\Session\Handlers\FileHandler' driver.
INFO - 2024-11-19 18:23:15 --> Session: Class initialized using 'CodeIgniter\Session\Handlers\FileHandler' driver.
INFO - 2024-11-19 18:23:20 --> Session: Class initialized using 'CodeIgniter\Session\Handlers\FileHandler' driver.
INFO - 2024-11-19 18:23:23 --> Session: Class initialized using 'CodeIgniter\Session\Handlers\FileHandler' driver.
INFO - 2024-11-19 18:23:51 --> Session: Class initialized using 'CodeIgniter\Session\Handlers\FileHandler' driver.
INFO - 2024-11-19 18:23:54 --> Session: Class initialized using 'CodeIgniter\Session\Handlers\FileHandler' driver.
INFO - 2024-11-19 18:24:07 --> Session: Class initialized using 'CodeIgniter\Session\Handlers\FileHandler' driver.
INFO - 2024-11-19 18:24:16 --> Session: Class initialized using 'CodeIgniter\Session\Handlers\FileHandler' driver.
INFO - 2024-11-19 18:25:16 --> Session: Class initialized using 'CodeIgniter\Session\Handlers\FileHandler' driver.
INFO - 2024-11-19 18:25:29 --> Session: Class initialized using 'CodeIgniter\Session\Handlers\FileHandler' driver.
INFO - 2024-11-19 18:25:36 --> Session: Class initialized using 'CodeIgniter\Session\Handlers\FileHandler' driver.
INFO - 2024-11-19 18:26:19 --> Session: Class initialized using 'CodeIgniter\Session\Handlers\FileHandler' driver.
INFO - 2024-11-19 18:26:21 --> Session: Class initialized using 'CodeIgniter\Session\Handlers\FileHandler' driver.
INFO - 2024-11-19 18:26:23 --> Session: Class initialized using 'CodeIgniter\Session\Handlers\FileHandler' driver.
INFO - 2024-11-19 18:27:22 --> Session: Class initialized using 'CodeIgniter\Session\Handlers\FileHandler' driver.
INFO - 2024-11-19 18:27:27 --> Session: Class initialized using 'CodeIgniter\Session\Handlers\FileHandler' driver.
INFO - 2024-11-19 18:28:16 --> Session: Class initialized using 'CodeIgniter\Session\Handlers\FileHandler' driver.
INFO - 2024-11-19 18:28:20 --> Session: Class initialized using 'CodeIgniter\Session\Handlers\FileHandler' driver.
INFO - 2024-11-19 18:30:26 --> Session: Class initialized using 'CodeIgniter\Session\Handlers\FileHandler' driver.
INFO - 2024-11-19 18:31:16 --> Session: Class initialized using 'CodeIgniter\Session\Handlers\FileHandler' driver.
INFO - 2024-11-19 18:31:30 --> Session: Class initialized using 'CodeIgniter\Session\Handlers\FileHandler' driver.
INFO - 2024-11-19 18:32:31 --> Session: Class initialized using 'CodeIgniter\Session\Handlers\FileHandler' driver.
INFO - 2024-11-19 18:32:44 --> Session: Class initialized using 'CodeIgniter\Session\Handlers\FileHandler' driver.
INFO - 2024-11-19 18:32:54 --> Session: Class initialized using 'CodeIgniter\Session\Handlers\FileHandler' driver.
INFO - 2024-11-19 18:32:56 --> CSRF token verified.
INFO - 2024-11-19 18:32:56 --> Session: Class initialized using 'CodeIgniter\Session\Handlers\FileHandler' driver.
WARNING - 2024-11-19 18:32:56 --> [DEPRECATED] trim(): Passing null to parameter #1 ($string) of type string is deprecated in APPPATH\Controllers\NroAdquisicion.php on line 68.
 1 APPPATH\Controllers\NroAdquisicion.php(68): trim(null)
 2 SYSTEMPATH\CodeIgniter.php(933): App\Controllers\NroAdquisicion->crear()
 3 SYSTEMPATH\CodeIgniter.php(509): CodeIgniter\CodeIgniter->runController(Object(App\Controllers\NroAdquisicion))
 4 SYSTEMPATH\CodeIgniter.php(355): CodeIgniter\CodeIgniter->handleRequest(null, Object(Config\Cache), false)
 5 SYSTEMPATH\Boot.php(325): CodeIgniter\CodeIgniter->run()
 6 SYSTEMPATH\Boot.php(67): CodeIgniter\Boot::runCodeIgniter(Object(CodeIgniter\CodeIgniter))
 7 FCPATH\index.php(56): CodeIgniter\Boot::bootWeb(Object(Config\Paths))
WARNING - 2024-11-19 18:32:56 --> [DEPRECATED] trim(): Passing null to parameter #1 ($string) of type string is deprecated in APPPATH\Controllers\NroAdquisicion.php on line 69.
 1 APPPATH\Controllers\NroAdquisicion.php(69): trim(null)
 2 SYSTEMPATH\CodeIgniter.php(933): App\Controllers\NroAdquisicion->crear()
 3 SYSTEMPATH\CodeIgniter.php(509): CodeIgniter\CodeIgniter->runController(Object(App\Controllers\NroAdquisicion))
 4 SYSTEMPATH\CodeIgniter.php(355): CodeIgniter\CodeIgniter->handleRequest(null, Object(Config\Cache), false)
 5 SYSTEMPATH\Boot.php(325): CodeIgniter\CodeIgniter->run()
 6 SYSTEMPATH\Boot.php(67): CodeIgniter\Boot::runCodeIgniter(Object(CodeIgniter\CodeIgniter))
 7 FCPATH\index.php(56): CodeIgniter\Boot::bootWeb(Object(Config\Paths))
WARNING - 2024-11-19 18:32:56 --> [DEPRECATED] trim(): Passing null to parameter #1 ($string) of type string is deprecated in APPPATH\Controllers\NroAdquisicion.php on line 70.
 1 APPPATH\Controllers\NroAdquisicion.php(70): trim(null)
 2 SYSTEMPATH\CodeIgniter.php(933): App\Controllers\NroAdquisicion->crear()
 3 SYSTEMPATH\CodeIgniter.php(509): CodeIgniter\CodeIgniter->runController(Object(App\Controllers\NroAdquisicion))
 4 SYSTEMPATH\CodeIgniter.php(355): CodeIgniter\CodeIgniter->handleRequest(null, Object(Config\Cache), false)
 5 SYSTEMPATH\Boot.php(325): CodeIgniter\CodeIgniter->run()
 6 SYSTEMPATH\Boot.php(67): CodeIgniter\Boot::runCodeIgniter(Object(CodeIgniter\CodeIgniter))
 7 FCPATH\index.php(56): CodeIgniter\Boot::bootWeb(Object(Config\Paths))
WARNING - 2024-11-19 18:32:56 --> [DEPRECATED] trim(): Passing null to parameter #1 ($string) of type string is deprecated in APPPATH\Controllers\NroAdquisicion.php on line 71.
 1 APPPATH\Controllers\NroAdquisicion.php(71): trim(null)
 2 SYSTEMPATH\CodeIgniter.php(933): App\Controllers\NroAdquisicion->crear()
 3 SYSTEMPATH\CodeIgniter.php(509): CodeIgniter\CodeIgniter->runController(Object(App\Controllers\NroAdquisicion))
 4 SYSTEMPATH\CodeIgniter.php(355): CodeIgniter\CodeIgniter->handleRequest(null, Object(Config\Cache), false)
 5 SYSTEMPATH\Boot.php(325): CodeIgniter\CodeIgniter->run()
 6 SYSTEMPATH\Boot.php(67): CodeIgniter\Boot::runCodeIgniter(Object(CodeIgniter\CodeIgniter))
 7 FCPATH\index.php(56): CodeIgniter\Boot::bootWeb(Object(Config\Paths))
WARNING - 2024-11-19 18:32:56 --> [DEPRECATED] trim(): Passing null to parameter #1 ($string) of type string is deprecated in APPPATH\Controllers\NroAdquisicion.php on line 72.
 1 APPPATH\Controllers\NroAdquisicion.php(72): trim(null)
 2 SYSTEMPATH\CodeIgniter.php(933): App\Controllers\NroAdquisicion->crear()
 3 SYSTEMPATH\CodeIgniter.php(509): CodeIgniter\CodeIgniter->runController(Object(App\Controllers\NroAdquisicion))
 4 SYSTEMPATH\CodeIgniter.php(355): CodeIgniter\CodeIgniter->handleRequest(null, Object(Config\Cache), false)
 5 SYSTEMPATH\Boot.php(325): CodeIgniter\CodeIgniter->run()
 6 SYSTEMPATH\Boot.php(67): CodeIgniter\Boot::runCodeIgniter(Object(CodeIgniter\CodeIgniter))
 7 FCPATH\index.php(56): CodeIgniter\Boot::bootWeb(Object(Config\Paths))
WARNING - 2024-11-19 18:32:56 --> [DEPRECATED] trim(): Passing null to parameter #1 ($string) of type string is deprecated in APPPATH\Controllers\NroAdquisicion.php on line 73.
 1 APPPATH\Controllers\NroAdquisicion.php(73): trim(null)
 2 SYSTEMPATH\CodeIgniter.php(933): App\Controllers\NroAdquisicion->crear()
 3 SYSTEMPATH\CodeIgniter.php(509): CodeIgniter\CodeIgniter->runController(Object(App\Controllers\NroAdquisicion))
 4 SYSTEMPATH\CodeIgniter.php(355): CodeIgniter\CodeIgniter->handleRequest(null, Object(Config\Cache), false)
 5 SYSTEMPATH\Boot.php(325): CodeIgniter\CodeIgniter->run()
 6 SYSTEMPATH\Boot.php(67): CodeIgniter\Boot::runCodeIgniter(Object(CodeIgniter\CodeIgniter))
 7 FCPATH\index.php(56): CodeIgniter\Boot::bootWeb(Object(Config\Paths))
WARNING - 2024-11-19 18:32:56 --> [DEPRECATED] trim(): Passing null to parameter #1 ($string) of type string is deprecated in APPPATH\Controllers\NroAdquisicion.php on line 74.
 1 APPPATH\Controllers\NroAdquisicion.php(74): trim(null)
 2 SYSTEMPATH\CodeIgniter.php(933): App\Controllers\NroAdquisicion->crear()
 3 SYSTEMPATH\CodeIgniter.php(509): CodeIgniter\CodeIgniter->runController(Object(App\Controllers\NroAdquisicion))
 4 SYSTEMPATH\CodeIgniter.php(355): CodeIgniter\CodeIgniter->handleRequest(null, Object(Config\Cache), false)
 5 SYSTEMPATH\Boot.php(325): CodeIgniter\CodeIgniter->run()
 6 SYSTEMPATH\Boot.php(67): CodeIgniter\Boot::runCodeIgniter(Object(CodeIgniter\CodeIgniter))
 7 FCPATH\index.php(56): CodeIgniter\Boot::bootWeb(Object(Config\Paths))
WARNING - 2024-11-19 18:32:56 --> [DEPRECATED] trim(): Passing null to parameter #1 ($string) of type string is deprecated in APPPATH\Controllers\NroAdquisicion.php on line 75.
 1 APPPATH\Controllers\NroAdquisicion.php(75): trim(null)
 2 SYSTEMPATH\CodeIgniter.php(933): App\Controllers\NroAdquisicion->crear()
 3 SYSTEMPATH\CodeIgniter.php(509): CodeIgniter\CodeIgniter->runController(Object(App\Controllers\NroAdquisicion))
 4 SYSTEMPATH\CodeIgniter.php(355): CodeIgniter\CodeIgniter->handleRequest(null, Object(Config\Cache), false)
 5 SYSTEMPATH\Boot.php(325): CodeIgniter\CodeIgniter->run()
 6 SYSTEMPATH\Boot.php(67): CodeIgniter\Boot::runCodeIgniter(Object(CodeIgniter\CodeIgniter))
 7 FCPATH\index.php(56): CodeIgniter\Boot::bootWeb(Object(Config\Paths))
WARNING - 2024-11-19 18:32:56 --> [DEPRECATED] trim(): Passing null to parameter #1 ($string) of type string is deprecated in APPPATH\Controllers\NroAdquisicion.php on line 76.
 1 APPPATH\Controllers\NroAdquisicion.php(76): trim(null)
 2 SYSTEMPATH\CodeIgniter.php(933): App\Controllers\NroAdquisicion->crear()
 3 SYSTEMPATH\CodeIgniter.php(509): CodeIgniter\CodeIgniter->runController(Object(App\Controllers\NroAdquisicion))
 4 SYSTEMPATH\CodeIgniter.php(355): CodeIgniter\CodeIgniter->handleRequest(null, Object(Config\Cache), false)
 5 SYSTEMPATH\Boot.php(325): CodeIgniter\CodeIgniter->run()
 6 SYSTEMPATH\Boot.php(67): CodeIgniter\Boot::runCodeIgniter(Object(CodeIgniter\CodeIgniter))
 7 FCPATH\index.php(56): CodeIgniter\Boot::bootWeb(Object(Config\Paths))
WARNING - 2024-11-19 18:32:56 --> [DEPRECATED] trim(): Passing null to parameter #1 ($string) of type string is deprecated in APPPATH\Controllers\NroAdquisicion.php on line 77.
 1 APPPATH\Controllers\NroAdquisicion.php(77): trim(null)
 2 SYSTEMPATH\CodeIgniter.php(933): App\Controllers\NroAdquisicion->crear()
 3 SYSTEMPATH\CodeIgniter.php(509): CodeIgniter\CodeIgniter->runController(Object(App\Controllers\NroAdquisicion))
 4 SYSTEMPATH\CodeIgniter.php(355): CodeIgniter\CodeIgniter->handleRequest(null, Object(Config\Cache), false)
 5 SYSTEMPATH\Boot.php(325): CodeIgniter\CodeIgniter->run()
 6 SYSTEMPATH\Boot.php(67): CodeIgniter\Boot::runCodeIgniter(Object(CodeIgniter\CodeIgniter))
 7 FCPATH\index.php(56): CodeIgniter\Boot::bootWeb(Object(Config\Paths))
WARNING - 2024-11-19 18:32:56 --> [DEPRECATED] trim(): Passing null to parameter #1 ($string) of type string is deprecated in APPPATH\Controllers\NroAdquisicion.php on line 78.
 1 APPPATH\Controllers\NroAdquisicion.php(78): trim(null)
 2 SYSTEMPATH\CodeIgniter.php(933): App\Controllers\NroAdquisicion->crear()
 3 SYSTEMPATH\CodeIgniter.php(509): CodeIgniter\CodeIgniter->runController(Object(App\Controllers\NroAdquisicion))
 4 SYSTEMPATH\CodeIgniter.php(355): CodeIgniter\CodeIgniter->handleRequest(null, Object(Config\Cache), false)
 5 SYSTEMPATH\Boot.php(325): CodeIgniter\CodeIgniter->run()
 6 SYSTEMPATH\Boot.php(67): CodeIgniter\Boot::runCodeIgniter(Object(CodeIgniter\CodeIgniter))
 7 FCPATH\index.php(56): CodeIgniter\Boot::bootWeb(Object(Config\Paths))
WARNING - 2024-11-19 18:32:56 --> [DEPRECATED] trim(): Passing null to parameter #1 ($string) of type string is deprecated in APPPATH\Controllers\NroAdquisicion.php on line 79.
 1 APPPATH\Controllers\NroAdquisicion.php(79): trim(null)
 2 SYSTEMPATH\CodeIgniter.php(933): App\Controllers\NroAdquisicion->crear()
 3 SYSTEMPATH\CodeIgniter.php(509): CodeIgniter\CodeIgniter->runController(Object(App\Controllers\NroAdquisicion))
 4 SYSTEMPATH\CodeIgniter.php(355): CodeIgniter\CodeIgniter->handleRequest(null, Object(Config\Cache), false)
 5 SYSTEMPATH\Boot.php(325): CodeIgniter\CodeIgniter->run()
 6 SYSTEMPATH\Boot.php(67): CodeIgniter\Boot::runCodeIgniter(Object(CodeIgniter\CodeIgniter))
 7 FCPATH\index.php(56): CodeIgniter\Boot::bootWeb(Object(Config\Paths))
CRITICAL - 2024-11-19 18:32:56 --> ErrorException: Undefined array key "contador"
[Method: POST, Route: ingreso/crear]
in APPPATH\Controllers\NroAdquisicion.php on line 82.
 1 APPPATH\Controllers\NroAdquisicion.php(82): CodeIgniter\Debug\Exceptions->errorHandler(2, 'Undefined array key "contador"', 'C:\\laragon\\www\\gador_warehouse\\app\\Controllers\\NroAdquisicion.php', 82)
 2 SYSTEMPATH\CodeIgniter.php(933): App\Controllers\NroAdquisicion->crear()
 3 SYSTEMPATH\CodeIgniter.php(509): CodeIgniter\CodeIgniter->runController(Object(App\Controllers\NroAdquisicion))
 4 SYSTEMPATH\CodeIgniter.php(355): CodeIgniter\CodeIgniter->handleRequest(null, Object(Config\Cache), false)
 5 SYSTEMPATH\Boot.php(325): CodeIgniter\CodeIgniter->run()
 6 SYSTEMPATH\Boot.php(67): CodeIgniter\Boot::runCodeIgniter(Object(CodeIgniter\CodeIgniter))
 7 FCPATH\index.php(56): CodeIgniter\Boot::bootWeb(Object(Config\Paths))
INFO - 2024-11-19 18:32:57 --> Session: Class initialized using 'CodeIgniter\Session\Handlers\FileHandler' driver.
INFO - 2024-11-19 18:33:15 --> CSRF token verified.
INFO - 2024-11-19 18:33:15 --> Session: Class initialized using 'CodeIgniter\Session\Handlers\FileHandler' driver.
WARNING - 2024-11-19 18:33:15 --> [DEPRECATED] trim(): Passing null to parameter #1 ($string) of type string is deprecated in APPPATH\Controllers\NroAdquisicion.php on line 68.
 1 APPPATH\Controllers\NroAdquisicion.php(68): trim(null)
 2 SYSTEMPATH\CodeIgniter.php(933): App\Controllers\NroAdquisicion->crear()
 3 SYSTEMPATH\CodeIgniter.php(509): CodeIgniter\CodeIgniter->runController(Object(App\Controllers\NroAdquisicion))
 4 SYSTEMPATH\CodeIgniter.php(355): CodeIgniter\CodeIgniter->handleRequest(null, Object(Config\Cache), false)
 5 SYSTEMPATH\Boot.php(325): CodeIgniter\CodeIgniter->run()
 6 SYSTEMPATH\Boot.php(67): CodeIgniter\Boot::runCodeIgniter(Object(CodeIgniter\CodeIgniter))
 7 FCPATH\index.php(56): CodeIgniter\Boot::bootWeb(Object(Config\Paths))
WARNING - 2024-11-19 18:33:15 --> [DEPRECATED] trim(): Passing null to parameter #1 ($string) of type string is deprecated in APPPATH\Controllers\NroAdquisicion.php on line 69.
 1 APPPATH\Controllers\NroAdquisicion.php(69): trim(null)
 2 SYSTEMPATH\CodeIgniter.php(933): App\Controllers\NroAdquisicion->crear()
 3 SYSTEMPATH\CodeIgniter.php(509): CodeIgniter\CodeIgniter->runController(Object(App\Controllers\NroAdquisicion))
 4 SYSTEMPATH\CodeIgniter.php(355): CodeIgniter\CodeIgniter->handleRequest(null, Object(Config\Cache), false)
 5 SYSTEMPATH\Boot.php(325): CodeIgniter\CodeIgniter->run()
 6 SYSTEMPATH\Boot.php(67): CodeIgniter\Boot::runCodeIgniter(Object(CodeIgniter\CodeIgniter))
 7 FCPATH\index.php(56): CodeIgniter\Boot::bootWeb(Object(Config\Paths))
WARNING - 2024-11-19 18:33:15 --> [DEPRECATED] trim(): Passing null to parameter #1 ($string) of type string is deprecated in APPPATH\Controllers\NroAdquisicion.php on line 70.
 1 APPPATH\Controllers\NroAdquisicion.php(70): trim(null)
 2 SYSTEMPATH\CodeIgniter.php(933): App\Controllers\NroAdquisicion->crear()
 3 SYSTEMPATH\CodeIgniter.php(509): CodeIgniter\CodeIgniter->runController(Object(App\Controllers\NroAdquisicion))
 4 SYSTEMPATH\CodeIgniter.php(355): CodeIgniter\CodeIgniter->handleRequest(null, Object(Config\Cache), false)
 5 SYSTEMPATH\Boot.php(325): CodeIgniter\CodeIgniter->run()
 6 SYSTEMPATH\Boot.php(67): CodeIgniter\Boot::runCodeIgniter(Object(CodeIgniter\CodeIgniter))
 7 FCPATH\index.php(56): CodeIgniter\Boot::bootWeb(Object(Config\Paths))
WARNING - 2024-11-19 18:33:15 --> [DEPRECATED] trim(): Passing null to parameter #1 ($string) of type string is deprecated in APPPATH\Controllers\NroAdquisicion.php on line 71.
 1 APPPATH\Controllers\NroAdquisicion.php(71): trim(null)
 2 SYSTEMPATH\CodeIgniter.php(933): App\Controllers\NroAdquisicion->crear()
 3 SYSTEMPATH\CodeIgniter.php(509): CodeIgniter\CodeIgniter->runController(Object(App\Controllers\NroAdquisicion))
 4 SYSTEMPATH\CodeIgniter.php(355): CodeIgniter\CodeIgniter->handleRequest(null, Object(Config\Cache), false)
 5 SYSTEMPATH\Boot.php(325): CodeIgniter\CodeIgniter->run()
 6 SYSTEMPATH\Boot.php(67): CodeIgniter\Boot::runCodeIgniter(Object(CodeIgniter\CodeIgniter))
 7 FCPATH\index.php(56): CodeIgniter\Boot::bootWeb(Object(Config\Paths))
WARNING - 2024-11-19 18:33:15 --> [DEPRECATED] trim(): Passing null to parameter #1 ($string) of type string is deprecated in APPPATH\Controllers\NroAdquisicion.php on line 72.
 1 APPPATH\Controllers\NroAdquisicion.php(72): trim(null)
 2 SYSTEMPATH\CodeIgniter.php(933): App\Controllers\NroAdquisicion->crear()
 3 SYSTEMPATH\CodeIgniter.php(509): CodeIgniter\CodeIgniter->runController(Object(App\Controllers\NroAdquisicion))
 4 SYSTEMPATH\CodeIgniter.php(355): CodeIgniter\CodeIgniter->handleRequest(null, Object(Config\Cache), false)
 5 SYSTEMPATH\Boot.php(325): CodeIgniter\CodeIgniter->run()
 6 SYSTEMPATH\Boot.php(67): CodeIgniter\Boot::runCodeIgniter(Object(CodeIgniter\CodeIgniter))
 7 FCPATH\index.php(56): CodeIgniter\Boot::bootWeb(Object(Config\Paths))
WARNING - 2024-11-19 18:33:15 --> [DEPRECATED] trim(): Passing null to parameter #1 ($string) of type string is deprecated in APPPATH\Controllers\NroAdquisicion.php on line 73.
 1 APPPATH\Controllers\NroAdquisicion.php(73): trim(null)
 2 SYSTEMPATH\CodeIgniter.php(933): App\Controllers\NroAdquisicion->crear()
 3 SYSTEMPATH\CodeIgniter.php(509): CodeIgniter\CodeIgniter->runController(Object(App\Controllers\NroAdquisicion))
 4 SYSTEMPATH\CodeIgniter.php(355): CodeIgniter\CodeIgniter->handleRequest(null, Object(Config\Cache), false)
 5 SYSTEMPATH\Boot.php(325): CodeIgniter\CodeIgniter->run()
 6 SYSTEMPATH\Boot.php(67): CodeIgniter\Boot::runCodeIgniter(Object(CodeIgniter\CodeIgniter))
 7 FCPATH\index.php(56): CodeIgniter\Boot::bootWeb(Object(Config\Paths))
WARNING - 2024-11-19 18:33:15 --> [DEPRECATED] trim(): Passing null to parameter #1 ($string) of type string is deprecated in APPPATH\Controllers\NroAdquisicion.php on line 74.
 1 APPPATH\Controllers\NroAdquisicion.php(74): trim(null)
 2 SYSTEMPATH\CodeIgniter.php(933): App\Controllers\NroAdquisicion->crear()
 3 SYSTEMPATH\CodeIgniter.php(509): CodeIgniter\CodeIgniter->runController(Object(App\Controllers\NroAdquisicion))
 4 SYSTEMPATH\CodeIgniter.php(355): CodeIgniter\CodeIgniter->handleRequest(null, Object(Config\Cache), false)
 5 SYSTEMPATH\Boot.php(325): CodeIgniter\CodeIgniter->run()
 6 SYSTEMPATH\Boot.php(67): CodeIgniter\Boot::runCodeIgniter(Object(CodeIgniter\CodeIgniter))
 7 FCPATH\index.php(56): CodeIgniter\Boot::bootWeb(Object(Config\Paths))
WARNING - 2024-11-19 18:33:15 --> [DEPRECATED] trim(): Passing null to parameter #1 ($string) of type string is deprecated in APPPATH\Controllers\NroAdquisicion.php on line 75.
 1 APPPATH\Controllers\NroAdquisicion.php(75): trim(null)
 2 SYSTEMPATH\CodeIgniter.php(933): App\Controllers\NroAdquisicion->crear()
 3 SYSTEMPATH\CodeIgniter.php(509): CodeIgniter\CodeIgniter->runController(Object(App\Controllers\NroAdquisicion))
 4 SYSTEMPATH\CodeIgniter.php(355): CodeIgniter\CodeIgniter->handleRequest(null, Object(Config\Cache), false)
 5 SYSTEMPATH\Boot.php(325): CodeIgniter\CodeIgniter->run()
 6 SYSTEMPATH\Boot.php(67): CodeIgniter\Boot::runCodeIgniter(Object(CodeIgniter\CodeIgniter))
 7 FCPATH\index.php(56): CodeIgniter\Boot::bootWeb(Object(Config\Paths))
WARNING - 2024-11-19 18:33:15 --> [DEPRECATED] trim(): Passing null to parameter #1 ($string) of type string is deprecated in APPPATH\Controllers\NroAdquisicion.php on line 76.
 1 APPPATH\Controllers\NroAdquisicion.php(76): trim(null)
 2 SYSTEMPATH\CodeIgniter.php(933): App\Controllers\NroAdquisicion->crear()
 3 SYSTEMPATH\CodeIgniter.php(509): CodeIgniter\CodeIgniter->runController(Object(App\Controllers\NroAdquisicion))
 4 SYSTEMPATH\CodeIgniter.php(355): CodeIgniter\CodeIgniter->handleRequest(null, Object(Config\Cache), false)
 5 SYSTEMPATH\Boot.php(325): CodeIgniter\CodeIgniter->run()
 6 SYSTEMPATH\Boot.php(67): CodeIgniter\Boot::runCodeIgniter(Object(CodeIgniter\CodeIgniter))
 7 FCPATH\index.php(56): CodeIgniter\Boot::bootWeb(Object(Config\Paths))
WARNING - 2024-11-19 18:33:15 --> [DEPRECATED] trim(): Passing null to parameter #1 ($string) of type string is deprecated in APPPATH\Controllers\NroAdquisicion.php on line 77.
 1 APPPATH\Controllers\NroAdquisicion.php(77): trim(null)
 2 SYSTEMPATH\CodeIgniter.php(933): App\Controllers\NroAdquisicion->crear()
 3 SYSTEMPATH\CodeIgniter.php(509): CodeIgniter\CodeIgniter->runController(Object(App\Controllers\NroAdquisicion))
 4 SYSTEMPATH\CodeIgniter.php(355): CodeIgniter\CodeIgniter->handleRequest(null, Object(Config\Cache), false)
 5 SYSTEMPATH\Boot.php(325): CodeIgniter\CodeIgniter->run()
 6 SYSTEMPATH\Boot.php(67): CodeIgniter\Boot::runCodeIgniter(Object(CodeIgniter\CodeIgniter))
 7 FCPATH\index.php(56): CodeIgniter\Boot::bootWeb(Object(Config\Paths))
WARNING - 2024-11-19 18:33:15 --> [DEPRECATED] trim(): Passing null to parameter #1 ($string) of type string is deprecated in APPPATH\Controllers\NroAdquisicion.php on line 78.
 1 APPPATH\Controllers\NroAdquisicion.php(78): trim(null)
 2 SYSTEMPATH\CodeIgniter.php(933): App\Controllers\NroAdquisicion->crear()
 3 SYSTEMPATH\CodeIgniter.php(509): CodeIgniter\CodeIgniter->runController(Object(App\Controllers\NroAdquisicion))
 4 SYSTEMPATH\CodeIgniter.php(355): CodeIgniter\CodeIgniter->handleRequest(null, Object(Config\Cache), false)
 5 SYSTEMPATH\Boot.php(325): CodeIgniter\CodeIgniter->run()
 6 SYSTEMPATH\Boot.php(67): CodeIgniter\Boot::runCodeIgniter(Object(CodeIgniter\CodeIgniter))
 7 FCPATH\index.php(56): CodeIgniter\Boot::bootWeb(Object(Config\Paths))
WARNING - 2024-11-19 18:33:15 --> [DEPRECATED] trim(): Passing null to parameter #1 ($string) of type string is deprecated in APPPATH\Controllers\NroAdquisicion.php on line 79.
 1 APPPATH\Controllers\NroAdquisicion.php(79): trim(null)
 2 SYSTEMPATH\CodeIgniter.php(933): App\Controllers\NroAdquisicion->crear()
 3 SYSTEMPATH\CodeIgniter.php(509): CodeIgniter\CodeIgniter->runController(Object(App\Controllers\NroAdquisicion))
 4 SYSTEMPATH\CodeIgniter.php(355): CodeIgniter\CodeIgniter->handleRequest(null, Object(Config\Cache), false)
 5 SYSTEMPATH\Boot.php(325): CodeIgniter\CodeIgniter->run()
 6 SYSTEMPATH\Boot.php(67): CodeIgniter\Boot::runCodeIgniter(Object(CodeIgniter\CodeIgniter))
 7 FCPATH\index.php(56): CodeIgniter\Boot::bootWeb(Object(Config\Paths))
CRITICAL - 2024-11-19 18:33:15 --> ErrorException: Undefined array key "contador"
[Method: POST, Route: ingreso/crear]
in APPPATH\Controllers\NroAdquisicion.php on line 82.
 1 APPPATH\Controllers\NroAdquisicion.php(82): CodeIgniter\Debug\Exceptions->errorHandler(2, 'Undefined array key "contador"', 'C:\\laragon\\www\\gador_warehouse\\app\\Controllers\\NroAdquisicion.php', 82)
 2 SYSTEMPATH\CodeIgniter.php(933): App\Controllers\NroAdquisicion->crear()
 3 SYSTEMPATH\CodeIgniter.php(509): CodeIgniter\CodeIgniter->runController(Object(App\Controllers\NroAdquisicion))
 4 SYSTEMPATH\CodeIgniter.php(355): CodeIgniter\CodeIgniter->handleRequest(null, Object(Config\Cache), false)
 5 SYSTEMPATH\Boot.php(325): CodeIgniter\CodeIgniter->run()
 6 SYSTEMPATH\Boot.php(67): CodeIgniter\Boot::runCodeIgniter(Object(CodeIgniter\CodeIgniter))
 7 FCPATH\index.php(56): CodeIgniter\Boot::bootWeb(Object(Config\Paths))
INFO - 2024-11-19 18:33:16 --> Session: Class initialized using 'CodeIgniter\Session\Handlers\FileHandler' driver.
INFO - 2024-11-19 18:35:37 --> Session: Class initialized using 'CodeIgniter\Session\Handlers\FileHandler' driver.
INFO - 2024-11-19 18:35:39 --> Session: Class initialized using 'CodeIgniter\Session\Handlers\FileHandler' driver.
INFO - 2024-11-19 18:35:41 --> Session: Class initialized using 'CodeIgniter\Session\Handlers\FileHandler' driver.
INFO - 2024-11-19 18:35:43 --> Session: Class initialized using 'CodeIgniter\Session\Handlers\FileHandler' driver.
INFO - 2024-11-19 18:35:44 --> Session: Class initialized using 'CodeIgniter\Session\Handlers\FileHandler' driver.
INFO - 2024-11-19 18:38:49 --> Session: Class initialized using 'CodeIgniter\Session\Handlers\FileHandler' driver.
INFO - 2024-11-19 18:38:50 --> Session: Class initialized using 'CodeIgniter\Session\Handlers\FileHandler' driver.
INFO - 2024-11-19 18:41:05 --> Session: Class initialized using 'CodeIgniter\Session\Handlers\FileHandler' driver.
INFO - 2024-11-19 18:41:57 --> Session: Class initialized using 'CodeIgniter\Session\Handlers\FileHandler' driver.
INFO - 2024-11-19 18:44:08 --> Session: Class initialized using 'CodeIgniter\Session\Handlers\FileHandler' driver.
INFO - 2024-11-19 18:45:08 --> Session: Class initialized using 'CodeIgniter\Session\Handlers\FileHandler' driver.
INFO - 2024-11-19 18:46:53 --> Session: Class initialized using 'CodeIgniter\Session\Handlers\FileHandler' driver.
INFO - 2024-11-19 18:47:06 --> Session: Class initialized using 'CodeIgniter\Session\Handlers\FileHandler' driver.
INFO - 2024-11-19 18:48:24 --> Session: Class initialized using 'CodeIgniter\Session\Handlers\FileHandler' driver.
INFO - 2024-11-19 18:49:11 --> Session: Class initialized using 'CodeIgniter\Session\Handlers\FileHandler' driver.
INFO - 2024-11-19 18:50:26 --> Session: Class initialized using 'CodeIgniter\Session\Handlers\FileHandler' driver.
INFO - 2024-11-19 18:53:23 --> Session: Class initialized using 'CodeIgniter\Session\Handlers\FileHandler' driver.
INFO - 2024-11-19 18:54:29 --> Session: Class initialized using 'CodeIgniter\Session\Handlers\FileHandler' driver.
INFO - 2024-11-19 18:54:35 --> Session: Class initialized using 'CodeIgniter\Session\Handlers\FileHandler' driver.
INFO - 2024-11-19 19:06:59 --> Session: Class initialized using 'CodeIgniter\Session\Handlers\FileHandler' driver.
INFO - 2024-11-19 19:07:07 --> Session: Class initialized using 'CodeIgniter\Session\Handlers\FileHandler' driver.
INFO - 2024-11-19 19:07:26 --> Session: Class initialized using 'CodeIgniter\Session\Handlers\FileHandler' driver.
INFO - 2024-11-19 19:07:47 --> Session: Class initialized using 'CodeIgniter\Session\Handlers\FileHandler' driver.
INFO - 2024-11-19 19:14:40 --> Session: Class initialized using 'CodeIgniter\Session\Handlers\FileHandler' driver.
INFO - 2024-11-19 19:14:52 --> CSRF token verified.
INFO - 2024-11-19 19:14:52 --> Session: Class initialized using 'CodeIgniter\Session\Handlers\FileHandler' driver.
INFO - 2024-11-19 19:15:22 --> Session: Class initialized using 'CodeIgniter\Session\Handlers\FileHandler' driver.
INFO - 2024-11-19 19:15:23 --> Session: Class initialized using 'CodeIgniter\Session\Handlers\FileHandler' driver.
INFO - 2024-11-19 19:15:29 --> CSRF token verified.
INFO - 2024-11-19 19:15:29 --> Session: Class initialized using 'CodeIgniter\Session\Handlers\FileHandler' driver.
INFO - 2024-11-19 19:15:54 --> Session: Class initialized using 'CodeIgniter\Session\Handlers\FileHandler' driver.
INFO - 2024-11-19 19:15:59 --> CSRF token verified.
INFO - 2024-11-19 19:15:59 --> Session: Class initialized using 'CodeIgniter\Session\Handlers\FileHandler' driver.
INFO - 2024-11-19 19:19:57 --> CSRF token verified.
INFO - 2024-11-19 19:19:57 --> Session: Class initialized using 'CodeIgniter\Session\Handlers\FileHandler' driver.
INFO - 2024-11-19 19:19:59 --> Session: Class initialized using 'CodeIgniter\Session\Handlers\FileHandler' driver.
INFO - 2024-11-19 19:20:03 --> CSRF token verified.
INFO - 2024-11-19 19:20:03 --> Session: Class initialized using 'CodeIgniter\Session\Handlers\FileHandler' driver.
INFO - 2024-11-19 19:22:19 --> Session: Class initialized using 'CodeIgniter\Session\Handlers\FileHandler' driver.
INFO - 2024-11-19 19:22:24 --> CSRF token verified.
INFO - 2024-11-19 19:22:24 --> Session: Class initialized using 'CodeIgniter\Session\Handlers\FileHandler' driver.
INFO - 2024-11-19 19:26:50 --> Session: Class initialized using 'CodeIgniter\Session\Handlers\FileHandler' driver.
INFO - 2024-11-19 19:26:50 --> Session: Class initialized using 'CodeIgniter\Session\Handlers\FileHandler' driver.
INFO - 2024-11-19 19:27:14 --> Session: Class initialized using 'CodeIgniter\Session\Handlers\FileHandler' driver.
INFO - 2024-11-19 19:27:59 --> Session: Class initialized using 'CodeIgniter\Session\Handlers\FileHandler' driver.
INFO - 2024-11-19 19:29:02 --> Session: Class initialized using 'CodeIgniter\Session\Handlers\FileHandler' driver.
INFO - 2024-11-19 19:29:16 --> Session: Class initialized using 'CodeIgniter\Session\Handlers\FileHandler' driver.
INFO - 2024-11-19 19:30:12 --> Session: Class initialized using 'CodeIgniter\Session\Handlers\FileHandler' driver.
INFO - 2024-11-19 19:30:30 --> Session: Class initialized using 'CodeIgniter\Session\Handlers\FileHandler' driver.
INFO - 2024-11-19 19:30:35 --> CSRF token verified.
INFO - 2024-11-19 19:30:35 --> Session: Class initialized using 'CodeIgniter\Session\Handlers\FileHandler' driver.
INFO - 2024-11-19 19:31:52 --> Session: Class initialized using 'CodeIgniter\Session\Handlers\FileHandler' driver.
INFO - 2024-11-19 19:31:52 --> Session: Class initialized using 'CodeIgniter\Session\Handlers\FileHandler' driver.
INFO - 2024-11-19 19:32:05 --> Session: Class initialized using 'CodeIgniter\Session\Handlers\FileHandler' driver.
INFO - 2024-11-19 19:32:09 --> CSRF token verified.
INFO - 2024-11-19 19:32:09 --> Session: Class initialized using 'CodeIgniter\Session\Handlers\FileHandler' driver.
INFO - 2024-11-19 19:32:57 --> Session: Class initialized using 'CodeIgniter\Session\Handlers\FileHandler' driver.
INFO - 2024-11-19 19:34:21 --> Session: Class initialized using 'CodeIgniter\Session\Handlers\FileHandler' driver.
INFO - 2024-11-19 19:34:27 --> CSRF token verified.
INFO - 2024-11-19 19:34:27 --> Session: Class initialized using 'CodeIgniter\Session\Handlers\FileHandler' driver.
INFO - 2024-11-19 19:34:47 --> Session: Class initialized using 'CodeIgniter\Session\Handlers\FileHandler' driver.
INFO - 2024-11-19 19:34:49 --> Session: Class initialized using 'CodeIgniter\Session\Handlers\FileHandler' driver.
INFO - 2024-11-19 19:34:52 --> CSRF token verified.
INFO - 2024-11-19 19:34:52 --> Session: Class initialized using 'CodeIgniter\Session\Handlers\FileHandler' driver.
INFO - 2024-11-19 19:35:12 --> Session: Class initialized using 'CodeIgniter\Session\Handlers\FileHandler' driver.
INFO - 2024-11-19 19:40:57 --> Session: Class initialized using 'CodeIgniter\Session\Handlers\FileHandler' driver.
INFO - 2024-11-19 19:41:02 --> CSRF token verified.
INFO - 2024-11-19 19:41:02 --> Session: Class initialized using 'CodeIgniter\Session\Handlers\FileHandler' driver.
CRITICAL - 2024-11-19 19:41:43 --> CodeIgniter\Security\Exceptions\SecurityException: The action you requested is not allowed.
[Method: POST, Route: ingreso/accion_subir]
in SYSTEMPATH\Security\Security.php on line 262.
 1 SYSTEMPATH\Security\Security.php(262): CodeIgniter\Security\Exceptions\SecurityException::forDisallowedAction()
 2 SYSTEMPATH\Filters\CSRF.php(57): CodeIgniter\Security\Security->verify(Object(CodeIgniter\HTTP\IncomingRequest))
 3 SYSTEMPATH\Filters\Filters.php(205): CodeIgniter\Filters\CSRF->before(Object(CodeIgniter\HTTP\IncomingRequest), null)
 4 SYSTEMPATH\Filters\Filters.php(184): CodeIgniter\Filters\Filters->runBefore([...])
 5 SYSTEMPATH\CodeIgniter.php(481): CodeIgniter\Filters\Filters->run('ingreso/accion_subir', 'before')
 6 SYSTEMPATH\CodeIgniter.php(355): CodeIgniter\CodeIgniter->handleRequest(null, Object(Config\Cache), false)
 7 SYSTEMPATH\Boot.php(325): CodeIgniter\CodeIgniter->run()
 8 SYSTEMPATH\Boot.php(67): CodeIgniter\Boot::runCodeIgniter(Object(CodeIgniter\CodeIgniter))
 9 FCPATH\index.php(56): CodeIgniter\Boot::bootWeb(Object(Config\Paths))
INFO - 2024-11-19 19:41:45 --> Session: Class initialized using 'CodeIgniter\Session\Handlers\FileHandler' driver.
INFO - 2024-11-19 19:41:49 --> CSRF token verified.
INFO - 2024-11-19 19:41:49 --> Session: Class initialized using 'CodeIgniter\Session\Handlers\FileHandler' driver.
INFO - 2024-11-19 19:42:01 --> Session: Class initialized using 'CodeIgniter\Session\Handlers\FileHandler' driver.
INFO - 2024-11-19 19:42:05 --> CSRF token verified.
INFO - 2024-11-19 19:42:05 --> Session: Class initialized using 'CodeIgniter\Session\Handlers\FileHandler' driver.
INFO - 2024-11-19 19:45:52 --> Session: Class initialized using 'CodeIgniter\Session\Handlers\FileHandler' driver.
INFO - 2024-11-19 19:45:57 --> CSRF token verified.
INFO - 2024-11-19 19:45:57 --> Session: Class initialized using 'CodeIgniter\Session\Handlers\FileHandler' driver.
INFO - 2024-11-19 19:47:04 --> Session: Class initialized using 'CodeIgniter\Session\Handlers\FileHandler' driver.
INFO - 2024-11-19 19:47:08 --> CSRF token verified.
INFO - 2024-11-19 19:47:08 --> Session: Class initialized using 'CodeIgniter\Session\Handlers\FileHandler' driver.
INFO - 2024-11-19 19:48:33 --> Session: Class initialized using 'CodeIgniter\Session\Handlers\FileHandler' driver.
INFO - 2024-11-19 19:49:21 --> Session: Class initialized using 'CodeIgniter\Session\Handlers\FileHandler' driver.
INFO - 2024-11-19 19:49:21 --> Session: Class initialized using 'CodeIgniter\Session\Handlers\FileHandler' driver.
INFO - 2024-11-19 19:49:23 --> Session: Class initialized using 'CodeIgniter\Session\Handlers\FileHandler' driver.
INFO - 2024-11-19 19:49:24 --> Session: Class initialized using 'CodeIgniter\Session\Handlers\FileHandler' driver.
INFO - 2024-11-19 19:49:28 --> CSRF token verified.
INFO - 2024-11-19 19:49:28 --> Session: Class initialized using 'CodeIgniter\Session\Handlers\FileHandler' driver.
INFO - 2024-11-19 19:49:41 --> Session: Class initialized using 'CodeIgniter\Session\Handlers\FileHandler' driver.
INFO - 2024-11-19 19:51:16 --> Session: Class initialized using 'CodeIgniter\Session\Handlers\FileHandler' driver.
INFO - 2024-11-19 19:54:13 --> Session: Class initialized using 'CodeIgniter\Session\Handlers\FileHandler' driver.
INFO - 2024-11-19 19:57:13 --> Session: Class initialized using 'CodeIgniter\Session\Handlers\FileHandler' driver.
INFO - 2024-11-19 19:58:38 --> Session: Class initialized using 'CodeIgniter\Session\Handlers\FileHandler' driver.
INFO - 2024-11-19 19:58:41 --> CSRF token verified.
INFO - 2024-11-19 19:58:41 --> Session: Class initialized using 'CodeIgniter\Session\Handlers\FileHandler' driver.
INFO - 2024-11-19 20:39:41 --> Session: Class initialized using 'CodeIgniter\Session\Handlers\FileHandler' driver.
INFO - 2024-11-19 20:51:02 --> Session: Class initialized using 'CodeIgniter\Session\Handlers\FileHandler' driver.
INFO - 2024-11-19 20:51:08 --> CSRF token verified.
INFO - 2024-11-19 20:51:08 --> Session: Class initialized using 'CodeIgniter\Session\Handlers\FileHandler' driver.
ERROR - 2024-11-19 20:51:08 --> mysqli_sql_exception: Unknown column 'doc_respaldo' in 'field list' in C:\laragon\www\gador_warehouse\system\Database\MySQLi\Connection.php:310
Stack trace:
#0 C:\laragon\www\gador_warehouse\system\Database\MySQLi\Connection.php(310): mysqli->query('UPDATE `nro_adq...', 0)
#1 C:\laragon\www\gador_warehouse\system\Database\BaseConnection.php(732): CodeIgniter\Database\MySQLi\Connection->execute('UPDATE `nro_adq...')
#2 C:\laragon\www\gador_warehouse\system\Database\BaseConnection.php(646): CodeIgniter\Database\BaseConnection->simpleQuery('UPDATE `nro_adq...')
#3 C:\laragon\www\gador_warehouse\system\Database\BaseBuilder.php(2509): CodeIgniter\Database\BaseConnection->query('UPDATE `nro_adq...', Array, false)
#4 C:\laragon\www\gador_warehouse\system\Model.php(461): CodeIgniter\Database\BaseBuilder->update()
#5 C:\laragon\www\gador_warehouse\system\BaseModel.php(1028): CodeIgniter\Model->doUpdate(Array, Array)
#6 C:\laragon\www\gador_warehouse\system\Model.php(865): CodeIgniter\BaseModel->update(Array, Array)
#7 C:\laragon\www\gador_warehouse\app\Models\NroAdquisicionModel.php(33): CodeIgniter\Model->update('5', Array)
#8 C:\laragon\www\gador_warehouse\app\Controllers\NroAdquisicion.php(222): App\Models\NroAdquisicionModel->updateNroAdquisicion('5', Array)
#9 C:\laragon\www\gador_warehouse\system\CodeIgniter.php(933): App\Controllers\NroAdquisicion->upload('5')
#10 C:\laragon\www\gador_warehouse\system\CodeIgniter.php(509): CodeIgniter\CodeIgniter->runController(Object(App\Controllers\NroAdquisicion))
#11 C:\laragon\www\gador_warehouse\system\CodeIgniter.php(355): CodeIgniter\CodeIgniter->handleRequest(NULL, Object(Config\Cache), false)
#12 C:\laragon\www\gador_warehouse\system\Boot.php(325): CodeIgniter\CodeIgniter->run()
#13 C:\laragon\www\gador_warehouse\system\Boot.php(67): CodeIgniter\Boot::runCodeIgniter(Object(CodeIgniter\CodeIgniter))
#14 C:\laragon\www\gador_warehouse\public\index.php(56): CodeIgniter\Boot::bootWeb(Object(Config\Paths))
#15 {main}
CRITICAL - 2024-11-19 20:51:08 --> CodeIgniter\Database\Exceptions\DatabaseException: Unknown column 'doc_respaldo' in 'field list'
[Method: POST, Route: ingreso/accion_subir/5]
in SYSTEMPATH\Database\BaseConnection.php on line 686.
 1 SYSTEMPATH\Database\BaseBuilder.php(2509): CodeIgniter\Database\BaseConnection->query('UPDATE `nro_adquisicion` SET `doc_respaldo` = :doc_respaldo:
WHERE `nro_adquisicion`.`id_nro_adquisicion` IN :nro_adquisicion.id_nro_adquisicion:', [...], false)
 2 SYSTEMPATH\Model.php(461): CodeIgniter\Database\BaseBuilder->update()
 3 SYSTEMPATH\BaseModel.php(1028): CodeIgniter\Model->doUpdate([...], [...])
 4 SYSTEMPATH\Model.php(865): CodeIgniter\BaseModel->update([...], [...])
 5 APPPATH\Models\NroAdquisicionModel.php(33): CodeIgniter\Model->update('5', [...])
 6 APPPATH\Controllers\NroAdquisicion.php(222): App\Models\NroAdquisicionModel->updateNroAdquisicion('5', [...])
 7 SYSTEMPATH\CodeIgniter.php(933): App\Controllers\NroAdquisicion->upload('5')
 8 SYSTEMPATH\CodeIgniter.php(509): CodeIgniter\CodeIgniter->runController(Object(App\Controllers\NroAdquisicion))
 9 SYSTEMPATH\CodeIgniter.php(355): CodeIgniter\CodeIgniter->handleRequest(null, Object(Config\Cache), false)
10 SYSTEMPATH\Boot.php(325): CodeIgniter\CodeIgniter->run()
11 SYSTEMPATH\Boot.php(67): CodeIgniter\Boot::runCodeIgniter(Object(CodeIgniter\CodeIgniter))
12 FCPATH\index.php(56): CodeIgniter\Boot::bootWeb(Object(Config\Paths))
CRITICAL - 2024-11-19 20:51:08 --> [Caused by] CodeIgniter\Database\Exceptions\DatabaseException: Unknown column 'doc_respaldo' in 'field list'
in SYSTEMPATH\Database\MySQLi\Connection.php on line 315.
 1 SYSTEMPATH\Database\BaseConnection.php(732): CodeIgniter\Database\MySQLi\Connection->execute('UPDATE `nro_adquisicion` SET `doc_respaldo` = \'5.pdf\'
WHERE `nro_adquisicion`.`id_nro_adquisicion` IN (\'5\')')
 2 SYSTEMPATH\Database\BaseConnection.php(646): CodeIgniter\Database\BaseConnection->simpleQuery('UPDATE `nro_adquisicion` SET `doc_respaldo` = \'5.pdf\'
WHERE `nro_adquisicion`.`id_nro_adquisicion` IN (\'5\')')
 3 SYSTEMPATH\Database\BaseBuilder.php(2509): CodeIgniter\Database\BaseConnection->query('UPDATE `nro_adquisicion` SET `doc_respaldo` = :doc_respaldo:
WHERE `nro_adquisicion`.`id_nro_adquisicion` IN :nro_adquisicion.id_nro_adquisicion:', [...], false)
 4 SYSTEMPATH\Model.php(461): CodeIgniter\Database\BaseBuilder->update()
 5 SYSTEMPATH\BaseModel.php(1028): CodeIgniter\Model->doUpdate([...], [...])
 6 SYSTEMPATH\Model.php(865): CodeIgniter\BaseModel->update([...], [...])
 7 APPPATH\Models\NroAdquisicionModel.php(33): CodeIgniter\Model->update('5', [...])
 8 APPPATH\Controllers\NroAdquisicion.php(222): App\Models\NroAdquisicionModel->updateNroAdquisicion('5', [...])
 9 SYSTEMPATH\CodeIgniter.php(933): App\Controllers\NroAdquisicion->upload('5')
10 SYSTEMPATH\CodeIgniter.php(509): CodeIgniter\CodeIgniter->runController(Object(App\Controllers\NroAdquisicion))
11 SYSTEMPATH\CodeIgniter.php(355): CodeIgniter\CodeIgniter->handleRequest(null, Object(Config\Cache), false)
12 SYSTEMPATH\Boot.php(325): CodeIgniter\CodeIgniter->run()
13 SYSTEMPATH\Boot.php(67): CodeIgniter\Boot::runCodeIgniter(Object(CodeIgniter\CodeIgniter))
14 FCPATH\index.php(56): CodeIgniter\Boot::bootWeb(Object(Config\Paths))
CRITICAL - 2024-11-19 20:51:08 --> [Caused by] mysqli_sql_exception: Unknown column 'doc_respaldo' in 'field list'
in SYSTEMPATH\Database\MySQLi\Connection.php on line 310.
 1 SYSTEMPATH\Database\MySQLi\Connection.php(310): mysqli->query('UPDATE `nro_adquisicion` SET `doc_respaldo` = \'5.pdf\'
WHERE `nro_adquisicion`.`id_nro_adquisicion` IN (\'5\')', 0)
 2 SYSTEMPATH\Database\BaseConnection.php(732): CodeIgniter\Database\MySQLi\Connection->execute('UPDATE `nro_adquisicion` SET `doc_respaldo` = \'5.pdf\'
WHERE `nro_adquisicion`.`id_nro_adquisicion` IN (\'5\')')
 3 SYSTEMPATH\Database\BaseConnection.php(646): CodeIgniter\Database\BaseConnection->simpleQuery('UPDATE `nro_adquisicion` SET `doc_respaldo` = \'5.pdf\'
WHERE `nro_adquisicion`.`id_nro_adquisicion` IN (\'5\')')
 4 SYSTEMPATH\Database\BaseBuilder.php(2509): CodeIgniter\Database\BaseConnection->query('UPDATE `nro_adquisicion` SET `doc_respaldo` = :doc_respaldo:
WHERE `nro_adquisicion`.`id_nro_adquisicion` IN :nro_adquisicion.id_nro_adquisicion:', [...], false)
 5 SYSTEMPATH\Model.php(461): CodeIgniter\Database\BaseBuilder->update()
 6 SYSTEMPATH\BaseModel.php(1028): CodeIgniter\Model->doUpdate([...], [...])
 7 SYSTEMPATH\Model.php(865): CodeIgniter\BaseModel->update([...], [...])
 8 APPPATH\Models\NroAdquisicionModel.php(33): CodeIgniter\Model->update('5', [...])
 9 APPPATH\Controllers\NroAdquisicion.php(222): App\Models\NroAdquisicionModel->updateNroAdquisicion('5', [...])
10 SYSTEMPATH\CodeIgniter.php(933): App\Controllers\NroAdquisicion->upload('5')
11 SYSTEMPATH\CodeIgniter.php(509): CodeIgniter\CodeIgniter->runController(Object(App\Controllers\NroAdquisicion))
12 SYSTEMPATH\CodeIgniter.php(355): CodeIgniter\CodeIgniter->handleRequest(null, Object(Config\Cache), false)
13 SYSTEMPATH\Boot.php(325): CodeIgniter\CodeIgniter->run()
14 SYSTEMPATH\Boot.php(67): CodeIgniter\Boot::runCodeIgniter(Object(CodeIgniter\CodeIgniter))
15 FCPATH\index.php(56): CodeIgniter\Boot::bootWeb(Object(Config\Paths))
INFO - 2024-11-19 20:51:55 --> Session: Class initialized using 'CodeIgniter\Session\Handlers\FileHandler' driver.
INFO - 2024-11-19 20:52:01 --> CSRF token verified.
INFO - 2024-11-19 20:52:01 --> Session: Class initialized using 'CodeIgniter\Session\Handlers\FileHandler' driver.
INFO - 2024-11-19 20:52:10 --> Session: Class initialized using 'CodeIgniter\Session\Handlers\FileHandler' driver.
INFO - 2024-11-19 20:52:47 --> Session: Class initialized using 'CodeIgniter\Session\Handlers\FileHandler' driver.
INFO - 2024-11-19 20:58:37 --> Session: Class initialized using 'CodeIgniter\Session\Handlers\FileHandler' driver.
INFO - 2024-11-19 20:58:44 --> CSRF token verified.
INFO - 2024-11-19 20:58:44 --> Session: Class initialized using 'CodeIgniter\Session\Handlers\FileHandler' driver.
CRITICAL - 2024-11-19 20:58:44 --> ErrorException: mkdir(): No such file or directory
[Method: POST, Route: ingreso/accion_subir/5]
in SYSTEMPATH\HTTP\Files\UploadedFile.php on line 181.
 1 [internal function]: CodeIgniter\Debug\Exceptions->errorHandler(2, 'mkdir(): No such file or directory', 'C:\\laragon\\www\\gador_warehouse\\system\\HTTP\\Files\\UploadedFile.php', 181)
 2 SYSTEMPATH\HTTP\Files\UploadedFile.php(181): mkdir('C:\\laragon\\www\\gador_warehouse\\writable\\../../uploads/ingresos/5.pdf/', 511, true)
 3 SYSTEMPATH\HTTP\Files\UploadedFile.php(135): CodeIgniter\HTTP\Files\UploadedFile->setPath('C:\\laragon\\www\\gador_warehouse\\writable\\../../uploads/ingresos/5.pdf/')
 4 APPPATH\Controllers\NroAdquisicion.php(216): CodeIgniter\HTTP\Files\UploadedFile->move('C:\\laragon\\www\\gador_warehouse\\writable\\../../uploads/ingresos/5.pdf/', null, true)
 5 SYSTEMPATH\CodeIgniter.php(933): App\Controllers\NroAdquisicion->upload('5')
 6 SYSTEMPATH\CodeIgniter.php(509): CodeIgniter\CodeIgniter->runController(Object(App\Controllers\NroAdquisicion))
 7 SYSTEMPATH\CodeIgniter.php(355): CodeIgniter\CodeIgniter->handleRequest(null, Object(Config\Cache), false)
 8 SYSTEMPATH\Boot.php(325): CodeIgniter\CodeIgniter->run()
 9 SYSTEMPATH\Boot.php(67): CodeIgniter\Boot::runCodeIgniter(Object(CodeIgniter\CodeIgniter))
10 FCPATH\index.php(56): CodeIgniter\Boot::bootWeb(Object(Config\Paths))
INFO - 2024-11-19 21:00:11 --> Session: Class initialized using 'CodeIgniter\Session\Handlers\FileHandler' driver.
INFO - 2024-11-19 21:00:13 --> Session: Class initialized using 'CodeIgniter\Session\Handlers\FileHandler' driver.
INFO - 2024-11-19 21:00:19 --> CSRF token verified.
INFO - 2024-11-19 21:00:19 --> Session: Class initialized using 'CodeIgniter\Session\Handlers\FileHandler' driver.
CRITICAL - 2024-11-19 21:00:19 --> ErrorException: mkdir(): No such file or directory
[Method: POST, Route: ingreso/accion_subir/5]
in SYSTEMPATH\HTTP\Files\UploadedFile.php on line 181.
 1 [internal function]: CodeIgniter\Debug\Exceptions->errorHandler(2, 'mkdir(): No such file or directory', 'C:\\laragon\\www\\gador_warehouse\\system\\HTTP\\Files\\UploadedFile.php', 181)
 2 SYSTEMPATH\HTTP\Files\UploadedFile.php(181): mkdir('C:\\laragon\\www\\gador_warehouse\\writable\\../../uploads/ingresos/5.pdf/', 511, true)
 3 SYSTEMPATH\HTTP\Files\UploadedFile.php(135): CodeIgniter\HTTP\Files\UploadedFile->setPath('C:\\laragon\\www\\gador_warehouse\\writable\\../../uploads/ingresos/5.pdf/')
 4 APPPATH\Controllers\NroAdquisicion.php(217): CodeIgniter\HTTP\Files\UploadedFile->move('C:\\laragon\\www\\gador_warehouse\\writable\\../../uploads/ingresos/5.pdf/', null, true)
 5 SYSTEMPATH\CodeIgniter.php(933): App\Controllers\NroAdquisicion->upload('5')
 6 SYSTEMPATH\CodeIgniter.php(509): CodeIgniter\CodeIgniter->runController(Object(App\Controllers\NroAdquisicion))
 7 SYSTEMPATH\CodeIgniter.php(355): CodeIgniter\CodeIgniter->handleRequest(null, Object(Config\Cache), false)
 8 SYSTEMPATH\Boot.php(325): CodeIgniter\CodeIgniter->run()
 9 SYSTEMPATH\Boot.php(67): CodeIgniter\Boot::runCodeIgniter(Object(CodeIgniter\CodeIgniter))
10 FCPATH\index.php(56): CodeIgniter\Boot::bootWeb(Object(Config\Paths))
INFO - 2024-11-19 21:01:15 --> Session: Class initialized using 'CodeIgniter\Session\Handlers\FileHandler' driver.
INFO - 2024-11-19 21:01:20 --> CSRF token verified.
INFO - 2024-11-19 21:01:20 --> Session: Class initialized using 'CodeIgniter\Session\Handlers\FileHandler' driver.
INFO - 2024-11-19 21:02:26 --> Session: Class initialized using 'CodeIgniter\Session\Handlers\FileHandler' driver.
INFO - 2024-11-19 21:02:29 --> Session: Class initialized using 'CodeIgniter\Session\Handlers\FileHandler' driver.
INFO - 2024-11-19 21:02:32 --> Session: Class initialized using 'CodeIgniter\Session\Handlers\FileHandler' driver.
INFO - 2024-11-19 21:02:45 --> Session: Class initialized using 'CodeIgniter\Session\Handlers\FileHandler' driver.
INFO - 2024-11-19 21:02:49 --> Session: Class initialized using 'CodeIgniter\Session\Handlers\FileHandler' driver.
INFO - 2024-11-19 21:02:55 --> Session: Class initialized using 'CodeIgniter\Session\Handlers\FileHandler' driver.
INFO - 2024-11-19 21:02:56 --> Session: Class initialized using 'CodeIgniter\Session\Handlers\FileHandler' driver.
INFO - 2024-11-19 21:03:06 --> CSRF token verified.
INFO - 2024-11-19 21:03:06 --> Session: Class initialized using 'CodeIgniter\Session\Handlers\FileHandler' driver.
INFO - 2024-11-19 21:04:54 --> Session: Class initialized using 'CodeIgniter\Session\Handlers\FileHandler' driver.
INFO - 2024-11-19 21:04:56 --> Session: Class initialized using 'CodeIgniter\Session\Handlers\FileHandler' driver.
INFO - 2024-11-19 21:05:00 --> CSRF token verified.
INFO - 2024-11-19 21:05:00 --> Session: Class initialized using 'CodeIgniter\Session\Handlers\FileHandler' driver.
INFO - 2024-11-19 21:07:01 --> Session: Class initialized using 'CodeIgniter\Session\Handlers\FileHandler' driver.
INFO - 2024-11-19 21:12:53 --> Session: Class initialized using 'CodeIgniter\Session\Handlers\FileHandler' driver.
INFO - 2024-11-19 21:12:58 --> CSRF token verified.
INFO - 2024-11-19 21:12:58 --> Session: Class initialized using 'CodeIgniter\Session\Handlers\FileHandler' driver.
INFO - 2024-11-19 21:13:09 --> Session: Class initialized using 'CodeIgniter\Session\Handlers\FileHandler' driver.
INFO - 2024-11-19 21:13:13 --> CSRF token verified.
INFO - 2024-11-19 21:13:13 --> Session: Class initialized using 'CodeIgniter\Session\Handlers\FileHandler' driver.
INFO - 2024-11-19 21:13:19 --> Session: Class initialized using 'CodeIgniter\Session\Handlers\FileHandler' driver.
INFO - 2024-11-19 21:15:20 --> Session: Class initialized using 'CodeIgniter\Session\Handlers\FileHandler' driver.
INFO - 2024-11-19 21:15:23 --> Session: Class initialized using 'CodeIgniter\Session\Handlers\FileHandler' driver.
INFO - 2024-11-19 21:15:27 --> CSRF token verified.
INFO - 2024-11-19 21:15:27 --> Session: Class initialized using 'CodeIgniter\Session\Handlers\FileHandler' driver.
INFO - 2024-11-19 21:15:30 --> Session: Class initialized using 'CodeIgniter\Session\Handlers\FileHandler' driver.
INFO - 2024-11-19 21:15:43 --> Session: Class initialized using 'CodeIgniter\Session\Handlers\FileHandler' driver.
INFO - 2024-11-19 21:15:46 --> CSRF token verified.
INFO - 2024-11-19 21:15:46 --> Session: Class initialized using 'CodeIgniter\Session\Handlers\FileHandler' driver.
INFO - 2024-11-19 21:15:49 --> Session: Class initialized using 'CodeIgniter\Session\Handlers\FileHandler' driver.
INFO - 2024-11-19 21:15:53 --> Session: Class initialized using 'CodeIgniter\Session\Handlers\FileHandler' driver.
INFO - 2024-11-19 21:19:05 --> Session: Class initialized using 'CodeIgniter\Session\Handlers\FileHandler' driver.
INFO - 2024-11-19 21:19:07 --> Session: Class initialized using 'CodeIgniter\Session\Handlers\FileHandler' driver.
INFO - 2024-11-19 21:19:10 --> Session: Class initialized using 'CodeIgniter\Session\Handlers\FileHandler' driver.
INFO - 2024-11-19 21:19:11 --> Session: Class initialized using 'CodeIgniter\Session\Handlers\FileHandler' driver.
INFO - 2024-11-19 21:19:14 --> Session: Class initialized using 'CodeIgniter\Session\Handlers\FileHandler' driver.
INFO - 2024-11-19 21:20:36 --> Session: Class initialized using 'CodeIgniter\Session\Handlers\FileHandler' driver.
INFO - 2024-11-19 21:21:38 --> Session: Class initialized using 'CodeIgniter\Session\Handlers\FileHandler' driver.
INFO - 2024-11-19 21:21:39 --> Session: Class initialized using 'CodeIgniter\Session\Handlers\FileHandler' driver.
INFO - 2024-11-19 21:21:42 --> Session: Class initialized using 'CodeIgniter\Session\Handlers\FileHandler' driver.
INFO - 2024-11-19 21:21:44 --> Session: Class initialized using 'CodeIgniter\Session\Handlers\FileHandler' driver.
INFO - 2024-11-19 21:27:56 --> Session: Class initialized using 'CodeIgniter\Session\Handlers\FileHandler' driver.
INFO - 2024-11-19 21:28:25 --> Session: Class initialized using 'CodeIgniter\Session\Handlers\FileHandler' driver.
INFO - 2024-11-19 21:28:41 --> Session: Class initialized using 'CodeIgniter\Session\Handlers\FileHandler' driver.
INFO - 2024-11-19 21:28:55 --> Session: Class initialized using 'CodeIgniter\Session\Handlers\FileHandler' driver.
INFO - 2024-11-19 21:29:08 --> Session: Class initialized using 'CodeIgniter\Session\Handlers\FileHandler' driver.
INFO - 2024-11-19 21:29:27 --> Session: Class initialized using 'CodeIgniter\Session\Handlers\FileHandler' driver.
INFO - 2024-11-19 21:29:36 --> Session: Class initialized using 'CodeIgniter\Session\Handlers\FileHandler' driver.
INFO - 2024-11-19 21:32:46 --> Session: Class initialized using 'CodeIgniter\Session\Handlers\FileHandler' driver.
INFO - 2024-11-19 21:35:08 --> Session: Class initialized using 'CodeIgniter\Session\Handlers\FileHandler' driver.
INFO - 2024-11-19 21:35:31 --> Session: Class initialized using 'CodeIgniter\Session\Handlers\FileHandler' driver.
INFO - 2024-11-19 21:36:22 --> Session: Class initialized using 'CodeIgniter\Session\Handlers\FileHandler' driver.
INFO - 2024-11-19 21:36:57 --> Session: Class initialized using 'CodeIgniter\Session\Handlers\FileHandler' driver.
INFO - 2024-11-19 21:37:05 --> Session: Class initialized using 'CodeIgniter\Session\Handlers\FileHandler' driver.
INFO - 2024-11-19 21:37:48 --> Session: Class initialized using 'CodeIgniter\Session\Handlers\FileHandler' driver.
INFO - 2024-11-19 21:37:53 --> Session: Class initialized using 'CodeIgniter\Session\Handlers\FileHandler' driver.
INFO - 2024-11-19 21:38:55 --> Session: Class initialized using 'CodeIgniter\Session\Handlers\FileHandler' driver.
INFO - 2024-11-19 21:39:03 --> Session: Class initialized using 'CodeIgniter\Session\Handlers\FileHandler' driver.
INFO - 2024-11-19 21:40:41 --> Session: Class initialized using 'CodeIgniter\Session\Handlers\FileHandler' driver.
INFO - 2024-11-19 21:41:45 --> Session: Class initialized using 'CodeIgniter\Session\Handlers\FileHandler' driver.
INFO - 2024-11-19 21:41:56 --> Session: Class initialized using 'CodeIgniter\Session\Handlers\FileHandler' driver.
INFO - 2024-11-19 21:43:41 --> Session: Class initialized using 'CodeIgniter\Session\Handlers\FileHandler' driver.
INFO - 2024-11-19 21:44:21 --> Session: Class initialized using 'CodeIgniter\Session\Handlers\FileHandler' driver.
INFO - 2024-11-19 21:47:28 --> Session: Class initialized using 'CodeIgniter\Session\Handlers\FileHandler' driver.
INFO - 2024-11-19 21:47:34 --> Session: Class initialized using 'CodeIgniter\Session\Handlers\FileHandler' driver.
INFO - 2024-11-19 21:48:05 --> Session: Class initialized using 'CodeIgniter\Session\Handlers\FileHandler' driver.
INFO - 2024-11-19 21:48:13 --> Session: Class initialized using 'CodeIgniter\Session\Handlers\FileHandler' driver.
INFO - 2024-11-19 21:48:53 --> Session: Class initialized using 'CodeIgniter\Session\Handlers\FileHandler' driver.
INFO - 2024-11-19 21:49:12 --> Session: Class initialized using 'CodeIgniter\Session\Handlers\FileHandler' driver.
INFO - 2024-11-19 21:52:23 --> Session: Class initialized using 'CodeIgniter\Session\Handlers\FileHandler' driver.
INFO - 2024-11-19 21:52:28 --> Session: Class initialized using 'CodeIgniter\Session\Handlers\FileHandler' driver.
INFO - 2024-11-19 21:52:33 --> CSRF token verified.
INFO - 2024-11-19 21:52:33 --> Session: Class initialized using 'CodeIgniter\Session\Handlers\FileHandler' driver.
CRITICAL - 2024-11-19 21:52:33 --> ErrorException: fopen(http://localhost/gador_warehouse//../../uploads/ingresos/index.html): Failed to open stream: HTTP wrapper does not support writeable connections
[Method: POST, Route: ingreso/accion_subir/6]
in SYSTEMPATH\HTTP\Files\UploadedFile.php on line 184.
 1 [internal function]: CodeIgniter\Debug\Exceptions->errorHandler(2, 'fopen(http://localhost/gador_warehouse//../../uploads/ingresos/index.html): Failed to open stream: HTTP wrapper does not support writeable connections', 'C:\\laragon\\www\\gador_warehouse\\system\\HTTP\\Files\\UploadedFile.php', 184)
 2 SYSTEMPATH\HTTP\Files\UploadedFile.php(184): fopen('http://localhost/gador_warehouse//../../uploads/ingresos/index.html', 'x+b')
 3 SYSTEMPATH\HTTP\Files\UploadedFile.php(135): CodeIgniter\HTTP\Files\UploadedFile->setPath('http://localhost/gador_warehouse//../../uploads/ingresos/')
 4 APPPATH\Controllers\NroAdquisicion.php(217): CodeIgniter\HTTP\Files\UploadedFile->move('http://localhost/gador_warehouse//../../uploads/ingresos/', '6.pdf', true)
 5 SYSTEMPATH\CodeIgniter.php(933): App\Controllers\NroAdquisicion->upload('6')
 6 SYSTEMPATH\CodeIgniter.php(509): CodeIgniter\CodeIgniter->runController(Object(App\Controllers\NroAdquisicion))
 7 SYSTEMPATH\CodeIgniter.php(355): CodeIgniter\CodeIgniter->handleRequest(null, Object(Config\Cache), false)
 8 SYSTEMPATH\Boot.php(325): CodeIgniter\CodeIgniter->run()
 9 SYSTEMPATH\Boot.php(67): CodeIgniter\Boot::runCodeIgniter(Object(CodeIgniter\CodeIgniter))
10 FCPATH\index.php(56): CodeIgniter\Boot::bootWeb(Object(Config\Paths))
INFO - 2024-11-19 21:53:20 --> Session: Class initialized using 'CodeIgniter\Session\Handlers\FileHandler' driver.
INFO - 2024-11-19 21:53:25 --> CSRF token verified.
INFO - 2024-11-19 21:53:25 --> Session: Class initialized using 'CodeIgniter\Session\Handlers\FileHandler' driver.
CRITICAL - 2024-11-19 21:53:25 --> ErrorException: fopen(http://localhost/gador_warehouse//../../uploads/ingresos/index.html): Failed to open stream: HTTP wrapper does not support writeable connections
[Method: POST, Route: ingreso/accion_subir/6]
in SYSTEMPATH\HTTP\Files\UploadedFile.php on line 184.
 1 [internal function]: CodeIgniter\Debug\Exceptions->errorHandler(2, 'fopen(http://localhost/gador_warehouse//../../uploads/ingresos/index.html): Failed to open stream: HTTP wrapper does not support writeable connections', 'C:\\laragon\\www\\gador_warehouse\\system\\HTTP\\Files\\UploadedFile.php', 184)
 2 SYSTEMPATH\HTTP\Files\UploadedFile.php(184): fopen('http://localhost/gador_warehouse//../../uploads/ingresos/index.html', 'x+b')
 3 SYSTEMPATH\HTTP\Files\UploadedFile.php(135): CodeIgniter\HTTP\Files\UploadedFile->setPath('http://localhost/gador_warehouse//../../uploads/ingresos/')
 4 APPPATH\Controllers\NroAdquisicion.php(217): CodeIgniter\HTTP\Files\UploadedFile->move('http://localhost/gador_warehouse//../../uploads/ingresos/', '6.pdf', true)
 5 SYSTEMPATH\CodeIgniter.php(933): App\Controllers\NroAdquisicion->upload('6')
 6 SYSTEMPATH\CodeIgniter.php(509): CodeIgniter\CodeIgniter->runController(Object(App\Controllers\NroAdquisicion))
 7 SYSTEMPATH\CodeIgniter.php(355): CodeIgniter\CodeIgniter->handleRequest(null, Object(Config\Cache), false)
 8 SYSTEMPATH\Boot.php(325): CodeIgniter\CodeIgniter->run()
 9 SYSTEMPATH\Boot.php(67): CodeIgniter\Boot::runCodeIgniter(Object(CodeIgniter\CodeIgniter))
10 FCPATH\index.php(56): CodeIgniter\Boot::bootWeb(Object(Config\Paths))
INFO - 2024-11-19 21:54:28 --> Session: Class initialized using 'CodeIgniter\Session\Handlers\FileHandler' driver.
INFO - 2024-11-19 21:54:32 --> CSRF token verified.
INFO - 2024-11-19 21:54:32 --> Session: Class initialized using 'CodeIgniter\Session\Handlers\FileHandler' driver.
CRITICAL - 2024-11-19 21:54:32 --> ErrorException: fopen(http://localhost/gador_warehouse//../../uploads/ingresos/index.html): Failed to open stream: HTTP wrapper does not support writeable connections
[Method: POST, Route: ingreso/accion_subir/6]
in SYSTEMPATH\HTTP\Files\UploadedFile.php on line 184.
 1 [internal function]: CodeIgniter\Debug\Exceptions->errorHandler(2, 'fopen(http://localhost/gador_warehouse//../../uploads/ingresos/index.html): Failed to open stream: HTTP wrapper does not support writeable connections', 'C:\\laragon\\www\\gador_warehouse\\system\\HTTP\\Files\\UploadedFile.php', 184)
 2 SYSTEMPATH\HTTP\Files\UploadedFile.php(184): fopen('http://localhost/gador_warehouse//../../uploads/ingresos/index.html', 'x+b')
 3 SYSTEMPATH\HTTP\Files\UploadedFile.php(135): CodeIgniter\HTTP\Files\UploadedFile->setPath('http://localhost/gador_warehouse//../../uploads/ingresos/')
 4 APPPATH\Controllers\NroAdquisicion.php(217): CodeIgniter\HTTP\Files\UploadedFile->move('http://localhost/gador_warehouse//../../uploads/ingresos/', '6.pdf', true)
 5 SYSTEMPATH\CodeIgniter.php(933): App\Controllers\NroAdquisicion->upload('6')
 6 SYSTEMPATH\CodeIgniter.php(509): CodeIgniter\CodeIgniter->runController(Object(App\Controllers\NroAdquisicion))
 7 SYSTEMPATH\CodeIgniter.php(355): CodeIgniter\CodeIgniter->handleRequest(null, Object(Config\Cache), false)
 8 SYSTEMPATH\Boot.php(325): CodeIgniter\CodeIgniter->run()
 9 SYSTEMPATH\Boot.php(67): CodeIgniter\Boot::runCodeIgniter(Object(CodeIgniter\CodeIgniter))
10 FCPATH\index.php(56): CodeIgniter\Boot::bootWeb(Object(Config\Paths))
INFO - 2024-11-19 21:56:50 --> Session: Class initialized using 'CodeIgniter\Session\Handlers\FileHandler' driver.
INFO - 2024-11-19 21:56:50 --> Session: Class initialized using 'CodeIgniter\Session\Handlers\FileHandler' driver.
INFO - 2024-11-19 21:56:52 --> Session: Class initialized using 'CodeIgniter\Session\Handlers\FileHandler' driver.
INFO - 2024-11-19 21:57:00 --> CSRF token verified.
INFO - 2024-11-19 21:57:00 --> Session: Class initialized using 'CodeIgniter\Session\Handlers\FileHandler' driver.
INFO - 2024-11-19 21:57:12 --> Session: Class initialized using 'CodeIgniter\Session\Handlers\FileHandler' driver.
INFO - 2024-11-19 21:57:14 --> Session: Class initialized using 'CodeIgniter\Session\Handlers\FileHandler' driver.
INFO - 2024-11-19 21:58:00 --> Session: Class initialized using 'CodeIgniter\Session\Handlers\FileHandler' driver.
INFO - 2024-11-19 21:58:05 --> Session: Class initialized using 'CodeIgniter\Session\Handlers\FileHandler' driver.
INFO - 2024-11-19 21:58:30 --> Session: Class initialized using 'CodeIgniter\Session\Handlers\FileHandler' driver.
INFO - 2024-11-19 21:58:36 --> Session: Class initialized using 'CodeIgniter\Session\Handlers\FileHandler' driver.
INFO - 2024-11-19 21:59:03 --> Session: Class initialized using 'CodeIgniter\Session\Handlers\FileHandler' driver.
INFO - 2024-11-19 21:59:12 --> Session: Class initialized using 'CodeIgniter\Session\Handlers\FileHandler' driver.
INFO - 2024-11-19 21:59:14 --> Session: Class initialized using 'CodeIgniter\Session\Handlers\FileHandler' driver.
INFO - 2024-11-19 22:00:21 --> Session: Class initialized using 'CodeIgniter\Session\Handlers\FileHandler' driver.
INFO - 2024-11-19 22:00:24 --> Session: Class initialized using 'CodeIgniter\Session\Handlers\FileHandler' driver.
INFO - 2024-11-19 22:00:28 --> Session: Class initialized using 'CodeIgniter\Session\Handlers\FileHandler' driver.
INFO - 2024-11-19 22:00:40 --> Session: Class initialized using 'CodeIgniter\Session\Handlers\FileHandler' driver.
INFO - 2024-11-19 22:02:06 --> Session: Class initialized using 'CodeIgniter\Session\Handlers\FileHandler' driver.
INFO - 2024-11-19 22:05:11 --> Session: Class initialized using 'CodeIgniter\Session\Handlers\FileHandler' driver.
INFO - 2024-11-19 22:05:28 --> Session: Class initialized using 'CodeIgniter\Session\Handlers\FileHandler' driver.
INFO - 2024-11-19 22:06:26 --> Session: Class initialized using 'CodeIgniter\Session\Handlers\FileHandler' driver.
INFO - 2024-11-19 22:06:44 --> Session: Class initialized using 'CodeIgniter\Session\Handlers\FileHandler' driver.
INFO - 2024-11-19 22:06:48 --> CSRF token verified.
INFO - 2024-11-19 22:06:48 --> Session: Class initialized using 'CodeIgniter\Session\Handlers\FileHandler' driver.
INFO - 2024-11-19 22:07:06 --> Session: Class initialized using 'CodeIgniter\Session\Handlers\FileHandler' driver.
INFO - 2024-11-19 22:07:10 --> Session: Class initialized using 'CodeIgniter\Session\Handlers\FileHandler' driver.
INFO - 2024-11-19 22:07:17 --> Session: Class initialized using 'CodeIgniter\Session\Handlers\FileHandler' driver.
INFO - 2024-11-19 22:07:17 --> Session: Class initialized using 'CodeIgniter\Session\Handlers\FileHandler' driver.
INFO - 2024-11-19 22:08:23 --> CSRF token verified.
INFO - 2024-11-19 22:08:23 --> Session: Class initialized using 'CodeIgniter\Session\Handlers\FileHandler' driver.
INFO - 2024-11-19 22:10:09 --> Session: Class initialized using 'CodeIgniter\Session\Handlers\FileHandler' driver.
INFO - 2024-11-19 22:10:11 --> Session: Class initialized using 'CodeIgniter\Session\Handlers\FileHandler' driver.
INFO - 2024-11-19 22:10:13 --> Session: Class initialized using 'CodeIgniter\Session\Handlers\FileHandler' driver.
INFO - 2024-11-19 22:10:13 --> Session: Class initialized using 'CodeIgniter\Session\Handlers\FileHandler' driver.
INFO - 2024-11-19 22:10:17 --> CSRF token verified.
INFO - 2024-11-19 22:10:17 --> Session: Class initialized using 'CodeIgniter\Session\Handlers\FileHandler' driver.
INFO - 2024-11-19 22:10:17 --> CSRF token verified.
INFO - 2024-11-19 22:10:17 --> Session: Class initialized using 'CodeIgniter\Session\Handlers\FileHandler' driver.
INFO - 2024-11-19 22:10:35 --> Session: Class initialized using 'CodeIgniter\Session\Handlers\FileHandler' driver.
INFO - 2024-11-19 22:10:37 --> Session: Class initialized using 'CodeIgniter\Session\Handlers\FileHandler' driver.
INFO - 2024-11-19 22:10:39 --> Session: Class initialized using 'CodeIgniter\Session\Handlers\FileHandler' driver.
INFO - 2024-11-19 22:10:41 --> Session: Class initialized using 'CodeIgniter\Session\Handlers\FileHandler' driver.
INFO - 2024-11-19 22:10:46 --> CSRF token verified.
INFO - 2024-11-19 22:10:46 --> Session: Class initialized using 'CodeIgniter\Session\Handlers\FileHandler' driver.
INFO - 2024-11-19 22:10:50 --> Session: Class initialized using 'CodeIgniter\Session\Handlers\FileHandler' driver.
INFO - 2024-11-19 22:11:26 --> Session: Class initialized using 'CodeIgniter\Session\Handlers\FileHandler' driver.
INFO - 2024-11-19 22:11:27 --> Session: Class initialized using 'CodeIgniter\Session\Handlers\FileHandler' driver.
INFO - 2024-11-19 22:11:35 --> CSRF token verified.
INFO - 2024-11-19 22:11:36 --> CSRF token verified.
INFO - 2024-11-19 22:11:37 --> Session: Class initialized using 'CodeIgniter\Session\Handlers\FileHandler' driver.
INFO - 2024-11-19 22:11:37 --> Session: Class initialized using 'CodeIgniter\Session\Handlers\FileHandler' driver.
INFO - 2024-11-19 22:11:37 --> Session: Class initialized using 'CodeIgniter\Session\Handlers\FileHandler' driver.
INFO - 2024-11-19 22:11:39 --> Session: Class initialized using 'CodeIgniter\Session\Handlers\FileHandler' driver.
INFO - 2024-11-19 22:11:40 --> Session: Class initialized using 'CodeIgniter\Session\Handlers\FileHandler' driver.
INFO - 2024-11-19 22:11:42 --> Session: Class initialized using 'CodeIgniter\Session\Handlers\FileHandler' driver.
INFO - 2024-11-19 22:11:45 --> Session: Class initialized using 'CodeIgniter\Session\Handlers\FileHandler' driver.
INFO - 2024-11-19 22:11:48 --> Session: Class initialized using 'CodeIgniter\Session\Handlers\FileHandler' driver.
INFO - 2024-11-19 22:11:50 --> Session: Class initialized using 'CodeIgniter\Session\Handlers\FileHandler' driver.
INFO - 2024-11-19 22:11:54 --> Session: Class initialized using 'CodeIgniter\Session\Handlers\FileHandler' driver.
INFO - 2024-11-19 22:11:57 --> Session: Class initialized using 'CodeIgniter\Session\Handlers\FileHandler' driver.
INFO - 2024-11-19 22:12:05 --> Session: Class initialized using 'CodeIgniter\Session\Handlers\FileHandler' driver.
INFO - 2024-11-19 22:12:08 --> Session: Class initialized using 'CodeIgniter\Session\Handlers\FileHandler' driver.
INFO - 2024-11-19 22:12:10 --> Session: Class initialized using 'CodeIgniter\Session\Handlers\FileHandler' driver.
INFO - 2024-11-19 22:12:15 --> Session: Class initialized using 'CodeIgniter\Session\Handlers\FileHandler' driver.
INFO - 2024-11-19 22:12:21 --> Session: Class initialized using 'CodeIgniter\Session\Handlers\FileHandler' driver.
INFO - 2024-11-19 22:12:22 --> Session: Class initialized using 'CodeIgniter\Session\Handlers\FileHandler' driver.
INFO - 2024-11-19 22:12:25 --> Session: Class initialized using 'CodeIgniter\Session\Handlers\FileHandler' driver.
INFO - 2024-11-19 22:12:34 --> Session: Class initialized using 'CodeIgniter\Session\Handlers\FileHandler' driver.
INFO - 2024-11-19 22:12:54 --> Session: Class initialized using 'CodeIgniter\Session\Handlers\FileHandler' driver.
INFO - 2024-11-19 22:13:07 --> Session: Class initialized using 'CodeIgniter\Session\Handlers\FileHandler' driver.
INFO - 2024-11-19 22:13:08 --> Session: Class initialized using 'CodeIgniter\Session\Handlers\FileHandler' driver.
INFO - 2024-11-19 22:13:12 --> CSRF token verified.
INFO - 2024-11-19 22:13:13 --> Session: Class initialized using 'CodeIgniter\Session\Handlers\FileHandler' driver.
INFO - 2024-11-19 22:13:13 --> Session: Class initialized using 'CodeIgniter\Session\Handlers\FileHandler' driver.
INFO - 2024-11-19 22:13:16 --> Session: Class initialized using 'CodeIgniter\Session\Handlers\FileHandler' driver.
INFO - 2024-11-19 22:13:30 --> Session: Class initialized using 'CodeIgniter\Session\Handlers\FileHandler' driver.
INFO - 2024-11-19 22:13:31 --> Session: Class initialized using 'CodeIgniter\Session\Handlers\FileHandler' driver.
INFO - 2024-11-19 22:13:35 --> CSRF token verified.
INFO - 2024-11-19 22:13:38 --> Session: Class initialized using 'CodeIgniter\Session\Handlers\FileHandler' driver.
INFO - 2024-11-19 22:13:50 --> CSRF token verified.
INFO - 2024-11-19 22:13:51 --> Session: Class initialized using 'CodeIgniter\Session\Handlers\FileHandler' driver.
INFO - 2024-11-19 22:13:51 --> Session: Class initialized using 'CodeIgniter\Session\Handlers\FileHandler' driver.
INFO - 2024-11-19 22:13:53 --> Session: Class initialized using 'CodeIgniter\Session\Handlers\FileHandler' driver.
INFO - 2024-11-19 22:13:55 --> Session: Class initialized using 'CodeIgniter\Session\Handlers\FileHandler' driver.
INFO - 2024-11-19 22:14:04 --> CSRF token verified.
INFO - 2024-11-19 22:14:04 --> Session: Class initialized using 'CodeIgniter\Session\Handlers\FileHandler' driver.
INFO - 2024-11-19 22:14:04 --> Session: Class initialized using 'CodeIgniter\Session\Handlers\FileHandler' driver.
INFO - 2024-11-19 22:14:13 --> Session: Class initialized using 'CodeIgniter\Session\Handlers\FileHandler' driver.
INFO - 2024-11-19 22:14:13 --> Session: Class initialized using 'CodeIgniter\Session\Handlers\FileHandler' driver.
INFO - 2024-11-19 22:14:17 --> CSRF token verified.
INFO - 2024-11-19 22:14:18 --> Session: Class initialized using 'CodeIgniter\Session\Handlers\FileHandler' driver.
INFO - 2024-11-19 22:14:18 --> Session: Class initialized using 'CodeIgniter\Session\Handlers\FileHandler' driver.
INFO - 2024-11-19 22:16:27 --> Session: Class initialized using 'CodeIgniter\Session\Handlers\FileHandler' driver.
INFO - 2024-11-19 22:16:40 --> Session: Class initialized using 'CodeIgniter\Session\Handlers\FileHandler' driver.
INFO - 2024-11-19 22:17:16 --> Session: Class initialized using 'CodeIgniter\Session\Handlers\FileHandler' driver.
