INFO - 2025-03-31 00:12:01 --> Session: Class initialized using 'CodeIgniter\Session\Handlers\FileHandler' driver.
INFO - 2025-03-31 02:52:58 --> Session: Class initialized using 'CodeIgniter\Session\Handlers\FileHandler' driver.
INFO - 2025-03-31 03:16:29 --> Session: Class initialized using 'CodeIgniter\Session\Handlers\FileHandler' driver.
INFO - 2025-03-31 04:43:10 --> Session: Class initialized using 'CodeIgniter\Session\Handlers\FileHandler' driver.
INFO - 2025-03-31 04:50:28 --> Session: Class initialized using 'CodeIgniter\Session\Handlers\FileHandler' driver.
INFO - 2025-03-31 05:11:48 --> Session: Class initialized using 'CodeIgniter\Session\Handlers\FileHandler' driver.
INFO - 2025-03-31 08:08:39 --> Session: Class initialized using 'CodeIgniter\Session\Handlers\FileHandler' driver.
INFO - 2025-03-31 08:09:54 --> Session: Class initialized using 'CodeIgniter\Session\Handlers\FileHandler' driver.
INFO - 2025-03-31 09:00:29 --> Session: Class initialized using 'CodeIgniter\Session\Handlers\FileHandler' driver.
INFO - 2025-03-31 09:01:09 --> CSRF token verified.
INFO - 2025-03-31 09:01:11 --> Session: Class initialized using 'CodeIgniter\Session\Handlers\FileHandler' driver.
INFO - 2025-03-31 09:01:11 --> Session: Class initialized using 'CodeIgniter\Session\Handlers\FileHandler' driver.
INFO - 2025-03-31 09:01:16 --> Session: Class initialized using 'CodeIgniter\Session\Handlers\FileHandler' driver.
INFO - 2025-03-31 09:01:24 --> Session: Class initialized using 'CodeIgniter\Session\Handlers\FileHandler' driver.
INFO - 2025-03-31 09:01:25 --> Session: Class initialized using 'CodeIgniter\Session\Handlers\FileHandler' driver.
WARNING - 2025-03-31 09:01:25 --> [DEPRECATED] number_format(): Passing null to parameter #1 ($num) of type float is deprecated in APPPATH/Views/reporte/imprimir_valorado.php on line 96.
 1 APPPATH/Views/reporte/imprimir_valorado.php(96): number_format(null, 2, ',', '.')
 2 SYSTEMPATH/View/View.php(234): include('/home2/usoabumg/public_html/oruro.site/app/Views/reporte/imprimir_valorado.php')
 3 SYSTEMPATH/View/View.php(237): CodeIgniter\View\View->CodeIgniter\View\{closure}()
 4 SYSTEMPATH/Common.php(1171): CodeIgniter\View\View->render('reporte/imprimir_valorado', [], true)
 5 APPPATH/Controllers/Reporte.php(135): view('reporte/imprimir_valorado', [...])
 6 SYSTEMPATH/CodeIgniter.php(933): App\Controllers\Reporte->consolidado()
 7 SYSTEMPATH/CodeIgniter.php(509): CodeIgniter\CodeIgniter->runController(Object(App\Controllers\Reporte))
 8 SYSTEMPATH/CodeIgniter.php(355): CodeIgniter\CodeIgniter->handleRequest(null, Object(Config\Cache), false)
 9 SYSTEMPATH/Boot.php(325): CodeIgniter\CodeIgniter->run()
10 SYSTEMPATH/Boot.php(67): CodeIgniter\Boot::runCodeIgniter(Object(CodeIgniter\CodeIgniter))
11 FCPATH/index.php(56): CodeIgniter\Boot::bootWeb(Object(Config\Paths))
WARNING - 2025-03-31 09:01:25 --> [DEPRECATED] number_format(): Passing null to parameter #1 ($num) of type float is deprecated in APPPATH/Views/reporte/imprimir_valorado.php on line 99.
 1 APPPATH/Views/reporte/imprimir_valorado.php(99): number_format(null, 2, ',', '.')
 2 SYSTEMPATH/View/View.php(234): include('/home2/usoabumg/public_html/oruro.site/app/Views/reporte/imprimir_valorado.php')
 3 SYSTEMPATH/View/View.php(237): CodeIgniter\View\View->CodeIgniter\View\{closure}()
 4 SYSTEMPATH/Common.php(1171): CodeIgniter\View\View->render('reporte/imprimir_valorado', [], true)
 5 APPPATH/Controllers/Reporte.php(135): view('reporte/imprimir_valorado', [...])
 6 SYSTEMPATH/CodeIgniter.php(933): App\Controllers\Reporte->consolidado()
 7 SYSTEMPATH/CodeIgniter.php(509): CodeIgniter\CodeIgniter->runController(Object(App\Controllers\Reporte))
 8 SYSTEMPATH/CodeIgniter.php(355): CodeIgniter\CodeIgniter->handleRequest(null, Object(Config\Cache), false)
 9 SYSTEMPATH/Boot.php(325): CodeIgniter\CodeIgniter->run()
10 SYSTEMPATH/Boot.php(67): CodeIgniter\Boot::runCodeIgniter(Object(CodeIgniter\CodeIgniter))
11 FCPATH/index.php(56): CodeIgniter\Boot::bootWeb(Object(Config\Paths))
WARNING - 2025-03-31 09:01:25 --> [DEPRECATED] number_format(): Passing null to parameter #1 ($num) of type float is deprecated in APPPATH/Views/reporte/imprimir_valorado.php on line 96.
 1 APPPATH/Views/reporte/imprimir_valorado.php(96): number_format(null, 2, ',', '.')
 2 SYSTEMPATH/View/View.php(234): include('/home2/usoabumg/public_html/oruro.site/app/Views/reporte/imprimir_valorado.php')
 3 SYSTEMPATH/View/View.php(237): CodeIgniter\View\View->CodeIgniter\View\{closure}()
 4 SYSTEMPATH/Common.php(1171): CodeIgniter\View\View->render('reporte/imprimir_valorado', [], true)
 5 APPPATH/Controllers/Reporte.php(135): view('reporte/imprimir_valorado', [...])
 6 SYSTEMPATH/CodeIgniter.php(933): App\Controllers\Reporte->consolidado()
 7 SYSTEMPATH/CodeIgniter.php(509): CodeIgniter\CodeIgniter->runController(Object(App\Controllers\Reporte))
 8 SYSTEMPATH/CodeIgniter.php(355): CodeIgniter\CodeIgniter->handleRequest(null, Object(Config\Cache), false)
 9 SYSTEMPATH/Boot.php(325): CodeIgniter\CodeIgniter->run()
10 SYSTEMPATH/Boot.php(67): CodeIgniter\Boot::runCodeIgniter(Object(CodeIgniter\CodeIgniter))
11 FCPATH/index.php(56): CodeIgniter\Boot::bootWeb(Object(Config\Paths))
WARNING - 2025-03-31 09:01:25 --> [DEPRECATED] number_format(): Passing null to parameter #1 ($num) of type float is deprecated in APPPATH/Views/reporte/imprimir_valorado.php on line 99.
 1 APPPATH/Views/reporte/imprimir_valorado.php(99): number_format(null, 2, ',', '.')
 2 SYSTEMPATH/View/View.php(234): include('/home2/usoabumg/public_html/oruro.site/app/Views/reporte/imprimir_valorado.php')
 3 SYSTEMPATH/View/View.php(237): CodeIgniter\View\View->CodeIgniter\View\{closure}()
 4 SYSTEMPATH/Common.php(1171): CodeIgniter\View\View->render('reporte/imprimir_valorado', [], true)
 5 APPPATH/Controllers/Reporte.php(135): view('reporte/imprimir_valorado', [...])
 6 SYSTEMPATH/CodeIgniter.php(933): App\Controllers\Reporte->consolidado()
 7 SYSTEMPATH/CodeIgniter.php(509): CodeIgniter\CodeIgniter->runController(Object(App\Controllers\Reporte))
 8 SYSTEMPATH/CodeIgniter.php(355): CodeIgniter\CodeIgniter->handleRequest(null, Object(Config\Cache), false)
 9 SYSTEMPATH/Boot.php(325): CodeIgniter\CodeIgniter->run()
10 SYSTEMPATH/Boot.php(67): CodeIgniter\Boot::runCodeIgniter(Object(CodeIgniter\CodeIgniter))
11 FCPATH/index.php(56): CodeIgniter\Boot::bootWeb(Object(Config\Paths))
INFO - 2025-03-31 09:01:26 --> Session: Class initialized using 'CodeIgniter\Session\Handlers\FileHandler' driver.
INFO - 2025-03-31 09:12:55 --> Session: Class initialized using 'CodeIgniter\Session\Handlers\FileHandler' driver.
INFO - 2025-03-31 09:12:59 --> Session: Class initialized using 'CodeIgniter\Session\Handlers\FileHandler' driver.
INFO - 2025-03-31 09:13:09 --> Session: Class initialized using 'CodeIgniter\Session\Handlers\FileHandler' driver.
INFO - 2025-03-31 09:13:09 --> Session: Class initialized using 'CodeIgniter\Session\Handlers\FileHandler' driver.
WARNING - 2025-03-31 09:13:09 --> [DEPRECATED] number_format(): Passing null to parameter #1 ($num) of type float is deprecated in APPPATH/Views/reporte/imprimir_valorado.php on line 96.
 1 APPPATH/Views/reporte/imprimir_valorado.php(96): number_format(null, 2, ',', '.')
 2 SYSTEMPATH/View/View.php(234): include('/home2/usoabumg/public_html/oruro.site/app/Views/reporte/imprimir_valorado.php')
 3 SYSTEMPATH/View/View.php(237): CodeIgniter\View\View->CodeIgniter\View\{closure}()
 4 SYSTEMPATH/Common.php(1171): CodeIgniter\View\View->render('reporte/imprimir_valorado', [], true)
 5 APPPATH/Controllers/Reporte.php(135): view('reporte/imprimir_valorado', [...])
 6 SYSTEMPATH/CodeIgniter.php(933): App\Controllers\Reporte->consolidado()
 7 SYSTEMPATH/CodeIgniter.php(509): CodeIgniter\CodeIgniter->runController(Object(App\Controllers\Reporte))
 8 SYSTEMPATH/CodeIgniter.php(355): CodeIgniter\CodeIgniter->handleRequest(null, Object(Config\Cache), false)
 9 SYSTEMPATH/Boot.php(325): CodeIgniter\CodeIgniter->run()
10 SYSTEMPATH/Boot.php(67): CodeIgniter\Boot::runCodeIgniter(Object(CodeIgniter\CodeIgniter))
11 FCPATH/index.php(56): CodeIgniter\Boot::bootWeb(Object(Config\Paths))
WARNING - 2025-03-31 09:13:09 --> [DEPRECATED] number_format(): Passing null to parameter #1 ($num) of type float is deprecated in APPPATH/Views/reporte/imprimir_valorado.php on line 99.
 1 APPPATH/Views/reporte/imprimir_valorado.php(99): number_format(null, 2, ',', '.')
 2 SYSTEMPATH/View/View.php(234): include('/home2/usoabumg/public_html/oruro.site/app/Views/reporte/imprimir_valorado.php')
 3 SYSTEMPATH/View/View.php(237): CodeIgniter\View\View->CodeIgniter\View\{closure}()
 4 SYSTEMPATH/Common.php(1171): CodeIgniter\View\View->render('reporte/imprimir_valorado', [], true)
 5 APPPATH/Controllers/Reporte.php(135): view('reporte/imprimir_valorado', [...])
 6 SYSTEMPATH/CodeIgniter.php(933): App\Controllers\Reporte->consolidado()
 7 SYSTEMPATH/CodeIgniter.php(509): CodeIgniter\CodeIgniter->runController(Object(App\Controllers\Reporte))
 8 SYSTEMPATH/CodeIgniter.php(355): CodeIgniter\CodeIgniter->handleRequest(null, Object(Config\Cache), false)
 9 SYSTEMPATH/Boot.php(325): CodeIgniter\CodeIgniter->run()
10 SYSTEMPATH/Boot.php(67): CodeIgniter\Boot::runCodeIgniter(Object(CodeIgniter\CodeIgniter))
11 FCPATH/index.php(56): CodeIgniter\Boot::bootWeb(Object(Config\Paths))
WARNING - 2025-03-31 09:13:09 --> [DEPRECATED] number_format(): Passing null to parameter #1 ($num) of type float is deprecated in APPPATH/Views/reporte/imprimir_valorado.php on line 96.
 1 APPPATH/Views/reporte/imprimir_valorado.php(96): number_format(null, 2, ',', '.')
 2 SYSTEMPATH/View/View.php(234): include('/home2/usoabumg/public_html/oruro.site/app/Views/reporte/imprimir_valorado.php')
 3 SYSTEMPATH/View/View.php(237): CodeIgniter\View\View->CodeIgniter\View\{closure}()
 4 SYSTEMPATH/Common.php(1171): CodeIgniter\View\View->render('reporte/imprimir_valorado', [], true)
 5 APPPATH/Controllers/Reporte.php(135): view('reporte/imprimir_valorado', [...])
 6 SYSTEMPATH/CodeIgniter.php(933): App\Controllers\Reporte->consolidado()
 7 SYSTEMPATH/CodeIgniter.php(509): CodeIgniter\CodeIgniter->runController(Object(App\Controllers\Reporte))
 8 SYSTEMPATH/CodeIgniter.php(355): CodeIgniter\CodeIgniter->handleRequest(null, Object(Config\Cache), false)
 9 SYSTEMPATH/Boot.php(325): CodeIgniter\CodeIgniter->run()
10 SYSTEMPATH/Boot.php(67): CodeIgniter\Boot::runCodeIgniter(Object(CodeIgniter\CodeIgniter))
11 FCPATH/index.php(56): CodeIgniter\Boot::bootWeb(Object(Config\Paths))
WARNING - 2025-03-31 09:13:09 --> [DEPRECATED] number_format(): Passing null to parameter #1 ($num) of type float is deprecated in APPPATH/Views/reporte/imprimir_valorado.php on line 99.
 1 APPPATH/Views/reporte/imprimir_valorado.php(99): number_format(null, 2, ',', '.')
 2 SYSTEMPATH/View/View.php(234): include('/home2/usoabumg/public_html/oruro.site/app/Views/reporte/imprimir_valorado.php')
 3 SYSTEMPATH/View/View.php(237): CodeIgniter\View\View->CodeIgniter\View\{closure}()
 4 SYSTEMPATH/Common.php(1171): CodeIgniter\View\View->render('reporte/imprimir_valorado', [], true)
 5 APPPATH/Controllers/Reporte.php(135): view('reporte/imprimir_valorado', [...])
 6 SYSTEMPATH/CodeIgniter.php(933): App\Controllers\Reporte->consolidado()
 7 SYSTEMPATH/CodeIgniter.php(509): CodeIgniter\CodeIgniter->runController(Object(App\Controllers\Reporte))
 8 SYSTEMPATH/CodeIgniter.php(355): CodeIgniter\CodeIgniter->handleRequest(null, Object(Config\Cache), false)
 9 SYSTEMPATH/Boot.php(325): CodeIgniter\CodeIgniter->run()
10 SYSTEMPATH/Boot.php(67): CodeIgniter\Boot::runCodeIgniter(Object(CodeIgniter\CodeIgniter))
11 FCPATH/index.php(56): CodeIgniter\Boot::bootWeb(Object(Config\Paths))
WARNING - 2025-03-31 09:13:09 --> [DEPRECATED] number_format(): Passing null to parameter #1 ($num) of type float is deprecated in APPPATH/Views/reporte/imprimir_valorado.php on line 96.
 1 APPPATH/Views/reporte/imprimir_valorado.php(96): number_format(null, 2, ',', '.')
 2 SYSTEMPATH/View/View.php(234): include('/home2/usoabumg/public_html/oruro.site/app/Views/reporte/imprimir_valorado.php')
 3 SYSTEMPATH/View/View.php(237): CodeIgniter\View\View->CodeIgniter\View\{closure}()
 4 SYSTEMPATH/Common.php(1171): CodeIgniter\View\View->render('reporte/imprimir_valorado', [], true)
 5 APPPATH/Controllers/Reporte.php(135): view('reporte/imprimir_valorado', [...])
 6 SYSTEMPATH/CodeIgniter.php(933): App\Controllers\Reporte->consolidado()
 7 SYSTEMPATH/CodeIgniter.php(509): CodeIgniter\CodeIgniter->runController(Object(App\Controllers\Reporte))
 8 SYSTEMPATH/CodeIgniter.php(355): CodeIgniter\CodeIgniter->handleRequest(null, Object(Config\Cache), false)
 9 SYSTEMPATH/Boot.php(325): CodeIgniter\CodeIgniter->run()
10 SYSTEMPATH/Boot.php(67): CodeIgniter\Boot::runCodeIgniter(Object(CodeIgniter\CodeIgniter))
11 FCPATH/index.php(56): CodeIgniter\Boot::bootWeb(Object(Config\Paths))
WARNING - 2025-03-31 09:13:09 --> [DEPRECATED] number_format(): Passing null to parameter #1 ($num) of type float is deprecated in APPPATH/Views/reporte/imprimir_valorado.php on line 99.
 1 APPPATH/Views/reporte/imprimir_valorado.php(99): number_format(null, 2, ',', '.')
 2 SYSTEMPATH/View/View.php(234): include('/home2/usoabumg/public_html/oruro.site/app/Views/reporte/imprimir_valorado.php')
 3 SYSTEMPATH/View/View.php(237): CodeIgniter\View\View->CodeIgniter\View\{closure}()
 4 SYSTEMPATH/Common.php(1171): CodeIgniter\View\View->render('reporte/imprimir_valorado', [], true)
 5 APPPATH/Controllers/Reporte.php(135): view('reporte/imprimir_valorado', [...])
 6 SYSTEMPATH/CodeIgniter.php(933): App\Controllers\Reporte->consolidado()
 7 SYSTEMPATH/CodeIgniter.php(509): CodeIgniter\CodeIgniter->runController(Object(App\Controllers\Reporte))
 8 SYSTEMPATH/CodeIgniter.php(355): CodeIgniter\CodeIgniter->handleRequest(null, Object(Config\Cache), false)
 9 SYSTEMPATH/Boot.php(325): CodeIgniter\CodeIgniter->run()
10 SYSTEMPATH/Boot.php(67): CodeIgniter\Boot::runCodeIgniter(Object(CodeIgniter\CodeIgniter))
11 FCPATH/index.php(56): CodeIgniter\Boot::bootWeb(Object(Config\Paths))
WARNING - 2025-03-31 09:13:09 --> [DEPRECATED] number_format(): Passing null to parameter #1 ($num) of type float is deprecated in APPPATH/Views/reporte/imprimir_valorado.php on line 96.
 1 APPPATH/Views/reporte/imprimir_valorado.php(96): number_format(null, 2, ',', '.')
 2 SYSTEMPATH/View/View.php(234): include('/home2/usoabumg/public_html/oruro.site/app/Views/reporte/imprimir_valorado.php')
 3 SYSTEMPATH/View/View.php(237): CodeIgniter\View\View->CodeIgniter\View\{closure}()
 4 SYSTEMPATH/Common.php(1171): CodeIgniter\View\View->render('reporte/imprimir_valorado', [], true)
 5 APPPATH/Controllers/Reporte.php(135): view('reporte/imprimir_valorado', [...])
 6 SYSTEMPATH/CodeIgniter.php(933): App\Controllers\Reporte->consolidado()
 7 SYSTEMPATH/CodeIgniter.php(509): CodeIgniter\CodeIgniter->runController(Object(App\Controllers\Reporte))
 8 SYSTEMPATH/CodeIgniter.php(355): CodeIgniter\CodeIgniter->handleRequest(null, Object(Config\Cache), false)
 9 SYSTEMPATH/Boot.php(325): CodeIgniter\CodeIgniter->run()
10 SYSTEMPATH/Boot.php(67): CodeIgniter\Boot::runCodeIgniter(Object(CodeIgniter\CodeIgniter))
11 FCPATH/index.php(56): CodeIgniter\Boot::bootWeb(Object(Config\Paths))
WARNING - 2025-03-31 09:13:09 --> [DEPRECATED] number_format(): Passing null to parameter #1 ($num) of type float is deprecated in APPPATH/Views/reporte/imprimir_valorado.php on line 99.
 1 APPPATH/Views/reporte/imprimir_valorado.php(99): number_format(null, 2, ',', '.')
 2 SYSTEMPATH/View/View.php(234): include('/home2/usoabumg/public_html/oruro.site/app/Views/reporte/imprimir_valorado.php')
 3 SYSTEMPATH/View/View.php(237): CodeIgniter\View\View->CodeIgniter\View\{closure}()
 4 SYSTEMPATH/Common.php(1171): CodeIgniter\View\View->render('reporte/imprimir_valorado', [], true)
 5 APPPATH/Controllers/Reporte.php(135): view('reporte/imprimir_valorado', [...])
 6 SYSTEMPATH/CodeIgniter.php(933): App\Controllers\Reporte->consolidado()
 7 SYSTEMPATH/CodeIgniter.php(509): CodeIgniter\CodeIgniter->runController(Object(App\Controllers\Reporte))
 8 SYSTEMPATH/CodeIgniter.php(355): CodeIgniter\CodeIgniter->handleRequest(null, Object(Config\Cache), false)
 9 SYSTEMPATH/Boot.php(325): CodeIgniter\CodeIgniter->run()
10 SYSTEMPATH/Boot.php(67): CodeIgniter\Boot::runCodeIgniter(Object(CodeIgniter\CodeIgniter))
11 FCPATH/index.php(56): CodeIgniter\Boot::bootWeb(Object(Config\Paths))
WARNING - 2025-03-31 09:13:09 --> [DEPRECATED] number_format(): Passing null to parameter #1 ($num) of type float is deprecated in APPPATH/Views/reporte/imprimir_valorado.php on line 96.
 1 APPPATH/Views/reporte/imprimir_valorado.php(96): number_format(null, 2, ',', '.')
 2 SYSTEMPATH/View/View.php(234): include('/home2/usoabumg/public_html/oruro.site/app/Views/reporte/imprimir_valorado.php')
 3 SYSTEMPATH/View/View.php(237): CodeIgniter\View\View->CodeIgniter\View\{closure}()
 4 SYSTEMPATH/Common.php(1171): CodeIgniter\View\View->render('reporte/imprimir_valorado', [], true)
 5 APPPATH/Controllers/Reporte.php(135): view('reporte/imprimir_valorado', [...])
 6 SYSTEMPATH/CodeIgniter.php(933): App\Controllers\Reporte->consolidado()
 7 SYSTEMPATH/CodeIgniter.php(509): CodeIgniter\CodeIgniter->runController(Object(App\Controllers\Reporte))
 8 SYSTEMPATH/CodeIgniter.php(355): CodeIgniter\CodeIgniter->handleRequest(null, Object(Config\Cache), false)
 9 SYSTEMPATH/Boot.php(325): CodeIgniter\CodeIgniter->run()
10 SYSTEMPATH/Boot.php(67): CodeIgniter\Boot::runCodeIgniter(Object(CodeIgniter\CodeIgniter))
11 FCPATH/index.php(56): CodeIgniter\Boot::bootWeb(Object(Config\Paths))
WARNING - 2025-03-31 09:13:09 --> [DEPRECATED] number_format(): Passing null to parameter #1 ($num) of type float is deprecated in APPPATH/Views/reporte/imprimir_valorado.php on line 99.
 1 APPPATH/Views/reporte/imprimir_valorado.php(99): number_format(null, 2, ',', '.')
 2 SYSTEMPATH/View/View.php(234): include('/home2/usoabumg/public_html/oruro.site/app/Views/reporte/imprimir_valorado.php')
 3 SYSTEMPATH/View/View.php(237): CodeIgniter\View\View->CodeIgniter\View\{closure}()
 4 SYSTEMPATH/Common.php(1171): CodeIgniter\View\View->render('reporte/imprimir_valorado', [], true)
 5 APPPATH/Controllers/Reporte.php(135): view('reporte/imprimir_valorado', [...])
 6 SYSTEMPATH/CodeIgniter.php(933): App\Controllers\Reporte->consolidado()
 7 SYSTEMPATH/CodeIgniter.php(509): CodeIgniter\CodeIgniter->runController(Object(App\Controllers\Reporte))
 8 SYSTEMPATH/CodeIgniter.php(355): CodeIgniter\CodeIgniter->handleRequest(null, Object(Config\Cache), false)
 9 SYSTEMPATH/Boot.php(325): CodeIgniter\CodeIgniter->run()
10 SYSTEMPATH/Boot.php(67): CodeIgniter\Boot::runCodeIgniter(Object(CodeIgniter\CodeIgniter))
11 FCPATH/index.php(56): CodeIgniter\Boot::bootWeb(Object(Config\Paths))
WARNING - 2025-03-31 09:13:09 --> [DEPRECATED] number_format(): Passing null to parameter #1 ($num) of type float is deprecated in APPPATH/Views/reporte/imprimir_valorado.php on line 96.
 1 APPPATH/Views/reporte/imprimir_valorado.php(96): number_format(null, 2, ',', '.')
 2 SYSTEMPATH/View/View.php(234): include('/home2/usoabumg/public_html/oruro.site/app/Views/reporte/imprimir_valorado.php')
 3 SYSTEMPATH/View/View.php(237): CodeIgniter\View\View->CodeIgniter\View\{closure}()
 4 SYSTEMPATH/Common.php(1171): CodeIgniter\View\View->render('reporte/imprimir_valorado', [], true)
 5 APPPATH/Controllers/Reporte.php(135): view('reporte/imprimir_valorado', [...])
 6 SYSTEMPATH/CodeIgniter.php(933): App\Controllers\Reporte->consolidado()
 7 SYSTEMPATH/CodeIgniter.php(509): CodeIgniter\CodeIgniter->runController(Object(App\Controllers\Reporte))
 8 SYSTEMPATH/CodeIgniter.php(355): CodeIgniter\CodeIgniter->handleRequest(null, Object(Config\Cache), false)
 9 SYSTEMPATH/Boot.php(325): CodeIgniter\CodeIgniter->run()
10 SYSTEMPATH/Boot.php(67): CodeIgniter\Boot::runCodeIgniter(Object(CodeIgniter\CodeIgniter))
11 FCPATH/index.php(56): CodeIgniter\Boot::bootWeb(Object(Config\Paths))
WARNING - 2025-03-31 09:13:09 --> [DEPRECATED] number_format(): Passing null to parameter #1 ($num) of type float is deprecated in APPPATH/Views/reporte/imprimir_valorado.php on line 99.
 1 APPPATH/Views/reporte/imprimir_valorado.php(99): number_format(null, 2, ',', '.')
 2 SYSTEMPATH/View/View.php(234): include('/home2/usoabumg/public_html/oruro.site/app/Views/reporte/imprimir_valorado.php')
 3 SYSTEMPATH/View/View.php(237): CodeIgniter\View\View->CodeIgniter\View\{closure}()
 4 SYSTEMPATH/Common.php(1171): CodeIgniter\View\View->render('reporte/imprimir_valorado', [], true)
 5 APPPATH/Controllers/Reporte.php(135): view('reporte/imprimir_valorado', [...])
 6 SYSTEMPATH/CodeIgniter.php(933): App\Controllers\Reporte->consolidado()
 7 SYSTEMPATH/CodeIgniter.php(509): CodeIgniter\CodeIgniter->runController(Object(App\Controllers\Reporte))
 8 SYSTEMPATH/CodeIgniter.php(355): CodeIgniter\CodeIgniter->handleRequest(null, Object(Config\Cache), false)
 9 SYSTEMPATH/Boot.php(325): CodeIgniter\CodeIgniter->run()
10 SYSTEMPATH/Boot.php(67): CodeIgniter\Boot::runCodeIgniter(Object(CodeIgniter\CodeIgniter))
11 FCPATH/index.php(56): CodeIgniter\Boot::bootWeb(Object(Config\Paths))
WARNING - 2025-03-31 09:13:09 --> [DEPRECATED] number_format(): Passing null to parameter #1 ($num) of type float is deprecated in APPPATH/Views/reporte/imprimir_valorado.php on line 96.
 1 APPPATH/Views/reporte/imprimir_valorado.php(96): number_format(null, 2, ',', '.')
 2 SYSTEMPATH/View/View.php(234): include('/home2/usoabumg/public_html/oruro.site/app/Views/reporte/imprimir_valorado.php')
 3 SYSTEMPATH/View/View.php(237): CodeIgniter\View\View->CodeIgniter\View\{closure}()
 4 SYSTEMPATH/Common.php(1171): CodeIgniter\View\View->render('reporte/imprimir_valorado', [], true)
 5 APPPATH/Controllers/Reporte.php(135): view('reporte/imprimir_valorado', [...])
 6 SYSTEMPATH/CodeIgniter.php(933): App\Controllers\Reporte->consolidado()
 7 SYSTEMPATH/CodeIgniter.php(509): CodeIgniter\CodeIgniter->runController(Object(App\Controllers\Reporte))
 8 SYSTEMPATH/CodeIgniter.php(355): CodeIgniter\CodeIgniter->handleRequest(null, Object(Config\Cache), false)
 9 SYSTEMPATH/Boot.php(325): CodeIgniter\CodeIgniter->run()
10 SYSTEMPATH/Boot.php(67): CodeIgniter\Boot::runCodeIgniter(Object(CodeIgniter\CodeIgniter))
11 FCPATH/index.php(56): CodeIgniter\Boot::bootWeb(Object(Config\Paths))
WARNING - 2025-03-31 09:13:09 --> [DEPRECATED] number_format(): Passing null to parameter #1 ($num) of type float is deprecated in APPPATH/Views/reporte/imprimir_valorado.php on line 99.
 1 APPPATH/Views/reporte/imprimir_valorado.php(99): number_format(null, 2, ',', '.')
 2 SYSTEMPATH/View/View.php(234): include('/home2/usoabumg/public_html/oruro.site/app/Views/reporte/imprimir_valorado.php')
 3 SYSTEMPATH/View/View.php(237): CodeIgniter\View\View->CodeIgniter\View\{closure}()
 4 SYSTEMPATH/Common.php(1171): CodeIgniter\View\View->render('reporte/imprimir_valorado', [], true)
 5 APPPATH/Controllers/Reporte.php(135): view('reporte/imprimir_valorado', [...])
 6 SYSTEMPATH/CodeIgniter.php(933): App\Controllers\Reporte->consolidado()
 7 SYSTEMPATH/CodeIgniter.php(509): CodeIgniter\CodeIgniter->runController(Object(App\Controllers\Reporte))
 8 SYSTEMPATH/CodeIgniter.php(355): CodeIgniter\CodeIgniter->handleRequest(null, Object(Config\Cache), false)
 9 SYSTEMPATH/Boot.php(325): CodeIgniter\CodeIgniter->run()
10 SYSTEMPATH/Boot.php(67): CodeIgniter\Boot::runCodeIgniter(Object(CodeIgniter\CodeIgniter))
11 FCPATH/index.php(56): CodeIgniter\Boot::bootWeb(Object(Config\Paths))
WARNING - 2025-03-31 09:13:09 --> [DEPRECATED] number_format(): Passing null to parameter #1 ($num) of type float is deprecated in APPPATH/Views/reporte/imprimir_valorado.php on line 96.
 1 APPPATH/Views/reporte/imprimir_valorado.php(96): number_format(null, 2, ',', '.')
 2 SYSTEMPATH/View/View.php(234): include('/home2/usoabumg/public_html/oruro.site/app/Views/reporte/imprimir_valorado.php')
 3 SYSTEMPATH/View/View.php(237): CodeIgniter\View\View->CodeIgniter\View\{closure}()
 4 SYSTEMPATH/Common.php(1171): CodeIgniter\View\View->render('reporte/imprimir_valorado', [], true)
 5 APPPATH/Controllers/Reporte.php(135): view('reporte/imprimir_valorado', [...])
 6 SYSTEMPATH/CodeIgniter.php(933): App\Controllers\Reporte->consolidado()
 7 SYSTEMPATH/CodeIgniter.php(509): CodeIgniter\CodeIgniter->runController(Object(App\Controllers\Reporte))
 8 SYSTEMPATH/CodeIgniter.php(355): CodeIgniter\CodeIgniter->handleRequest(null, Object(Config\Cache), false)
 9 SYSTEMPATH/Boot.php(325): CodeIgniter\CodeIgniter->run()
10 SYSTEMPATH/Boot.php(67): CodeIgniter\Boot::runCodeIgniter(Object(CodeIgniter\CodeIgniter))
11 FCPATH/index.php(56): CodeIgniter\Boot::bootWeb(Object(Config\Paths))
WARNING - 2025-03-31 09:13:09 --> [DEPRECATED] number_format(): Passing null to parameter #1 ($num) of type float is deprecated in APPPATH/Views/reporte/imprimir_valorado.php on line 99.
 1 APPPATH/Views/reporte/imprimir_valorado.php(99): number_format(null, 2, ',', '.')
 2 SYSTEMPATH/View/View.php(234): include('/home2/usoabumg/public_html/oruro.site/app/Views/reporte/imprimir_valorado.php')
 3 SYSTEMPATH/View/View.php(237): CodeIgniter\View\View->CodeIgniter\View\{closure}()
 4 SYSTEMPATH/Common.php(1171): CodeIgniter\View\View->render('reporte/imprimir_valorado', [], true)
 5 APPPATH/Controllers/Reporte.php(135): view('reporte/imprimir_valorado', [...])
 6 SYSTEMPATH/CodeIgniter.php(933): App\Controllers\Reporte->consolidado()
 7 SYSTEMPATH/CodeIgniter.php(509): CodeIgniter\CodeIgniter->runController(Object(App\Controllers\Reporte))
 8 SYSTEMPATH/CodeIgniter.php(355): CodeIgniter\CodeIgniter->handleRequest(null, Object(Config\Cache), false)
 9 SYSTEMPATH/Boot.php(325): CodeIgniter\CodeIgniter->run()
10 SYSTEMPATH/Boot.php(67): CodeIgniter\Boot::runCodeIgniter(Object(CodeIgniter\CodeIgniter))
11 FCPATH/index.php(56): CodeIgniter\Boot::bootWeb(Object(Config\Paths))
WARNING - 2025-03-31 09:13:09 --> [DEPRECATED] number_format(): Passing null to parameter #1 ($num) of type float is deprecated in APPPATH/Views/reporte/imprimir_valorado.php on line 96.
 1 APPPATH/Views/reporte/imprimir_valorado.php(96): number_format(null, 2, ',', '.')
 2 SYSTEMPATH/View/View.php(234): include('/home2/usoabumg/public_html/oruro.site/app/Views/reporte/imprimir_valorado.php')
 3 SYSTEMPATH/View/View.php(237): CodeIgniter\View\View->CodeIgniter\View\{closure}()
 4 SYSTEMPATH/Common.php(1171): CodeIgniter\View\View->render('reporte/imprimir_valorado', [], true)
 5 APPPATH/Controllers/Reporte.php(135): view('reporte/imprimir_valorado', [...])
 6 SYSTEMPATH/CodeIgniter.php(933): App\Controllers\Reporte->consolidado()
 7 SYSTEMPATH/CodeIgniter.php(509): CodeIgniter\CodeIgniter->runController(Object(App\Controllers\Reporte))
 8 SYSTEMPATH/CodeIgniter.php(355): CodeIgniter\CodeIgniter->handleRequest(null, Object(Config\Cache), false)
 9 SYSTEMPATH/Boot.php(325): CodeIgniter\CodeIgniter->run()
10 SYSTEMPATH/Boot.php(67): CodeIgniter\Boot::runCodeIgniter(Object(CodeIgniter\CodeIgniter))
11 FCPATH/index.php(56): CodeIgniter\Boot::bootWeb(Object(Config\Paths))
WARNING - 2025-03-31 09:13:09 --> [DEPRECATED] number_format(): Passing null to parameter #1 ($num) of type float is deprecated in APPPATH/Views/reporte/imprimir_valorado.php on line 99.
 1 APPPATH/Views/reporte/imprimir_valorado.php(99): number_format(null, 2, ',', '.')
 2 SYSTEMPATH/View/View.php(234): include('/home2/usoabumg/public_html/oruro.site/app/Views/reporte/imprimir_valorado.php')
 3 SYSTEMPATH/View/View.php(237): CodeIgniter\View\View->CodeIgniter\View\{closure}()
 4 SYSTEMPATH/Common.php(1171): CodeIgniter\View\View->render('reporte/imprimir_valorado', [], true)
 5 APPPATH/Controllers/Reporte.php(135): view('reporte/imprimir_valorado', [...])
 6 SYSTEMPATH/CodeIgniter.php(933): App\Controllers\Reporte->consolidado()
 7 SYSTEMPATH/CodeIgniter.php(509): CodeIgniter\CodeIgniter->runController(Object(App\Controllers\Reporte))
 8 SYSTEMPATH/CodeIgniter.php(355): CodeIgniter\CodeIgniter->handleRequest(null, Object(Config\Cache), false)
 9 SYSTEMPATH/Boot.php(325): CodeIgniter\CodeIgniter->run()
10 SYSTEMPATH/Boot.php(67): CodeIgniter\Boot::runCodeIgniter(Object(CodeIgniter\CodeIgniter))
11 FCPATH/index.php(56): CodeIgniter\Boot::bootWeb(Object(Config\Paths))
WARNING - 2025-03-31 09:13:09 --> [DEPRECATED] number_format(): Passing null to parameter #1 ($num) of type float is deprecated in APPPATH/Views/reporte/imprimir_valorado.php on line 96.
 1 APPPATH/Views/reporte/imprimir_valorado.php(96): number_format(null, 2, ',', '.')
 2 SYSTEMPATH/View/View.php(234): include('/home2/usoabumg/public_html/oruro.site/app/Views/reporte/imprimir_valorado.php')
 3 SYSTEMPATH/View/View.php(237): CodeIgniter\View\View->CodeIgniter\View\{closure}()
 4 SYSTEMPATH/Common.php(1171): CodeIgniter\View\View->render('reporte/imprimir_valorado', [], true)
 5 APPPATH/Controllers/Reporte.php(135): view('reporte/imprimir_valorado', [...])
 6 SYSTEMPATH/CodeIgniter.php(933): App\Controllers\Reporte->consolidado()
 7 SYSTEMPATH/CodeIgniter.php(509): CodeIgniter\CodeIgniter->runController(Object(App\Controllers\Reporte))
 8 SYSTEMPATH/CodeIgniter.php(355): CodeIgniter\CodeIgniter->handleRequest(null, Object(Config\Cache), false)
 9 SYSTEMPATH/Boot.php(325): CodeIgniter\CodeIgniter->run()
10 SYSTEMPATH/Boot.php(67): CodeIgniter\Boot::runCodeIgniter(Object(CodeIgniter\CodeIgniter))
11 FCPATH/index.php(56): CodeIgniter\Boot::bootWeb(Object(Config\Paths))
WARNING - 2025-03-31 09:13:09 --> [DEPRECATED] number_format(): Passing null to parameter #1 ($num) of type float is deprecated in APPPATH/Views/reporte/imprimir_valorado.php on line 99.
 1 APPPATH/Views/reporte/imprimir_valorado.php(99): number_format(null, 2, ',', '.')
 2 SYSTEMPATH/View/View.php(234): include('/home2/usoabumg/public_html/oruro.site/app/Views/reporte/imprimir_valorado.php')
 3 SYSTEMPATH/View/View.php(237): CodeIgniter\View\View->CodeIgniter\View\{closure}()
 4 SYSTEMPATH/Common.php(1171): CodeIgniter\View\View->render('reporte/imprimir_valorado', [], true)
 5 APPPATH/Controllers/Reporte.php(135): view('reporte/imprimir_valorado', [...])
 6 SYSTEMPATH/CodeIgniter.php(933): App\Controllers\Reporte->consolidado()
 7 SYSTEMPATH/CodeIgniter.php(509): CodeIgniter\CodeIgniter->runController(Object(App\Controllers\Reporte))
 8 SYSTEMPATH/CodeIgniter.php(355): CodeIgniter\CodeIgniter->handleRequest(null, Object(Config\Cache), false)
 9 SYSTEMPATH/Boot.php(325): CodeIgniter\CodeIgniter->run()
10 SYSTEMPATH/Boot.php(67): CodeIgniter\Boot::runCodeIgniter(Object(CodeIgniter\CodeIgniter))
11 FCPATH/index.php(56): CodeIgniter\Boot::bootWeb(Object(Config\Paths))
WARNING - 2025-03-31 09:13:09 --> [DEPRECATED] number_format(): Passing null to parameter #1 ($num) of type float is deprecated in APPPATH/Views/reporte/imprimir_valorado.php on line 96.
 1 APPPATH/Views/reporte/imprimir_valorado.php(96): number_format(null, 2, ',', '.')
 2 SYSTEMPATH/View/View.php(234): include('/home2/usoabumg/public_html/oruro.site/app/Views/reporte/imprimir_valorado.php')
 3 SYSTEMPATH/View/View.php(237): CodeIgniter\View\View->CodeIgniter\View\{closure}()
 4 SYSTEMPATH/Common.php(1171): CodeIgniter\View\View->render('reporte/imprimir_valorado', [], true)
 5 APPPATH/Controllers/Reporte.php(135): view('reporte/imprimir_valorado', [...])
 6 SYSTEMPATH/CodeIgniter.php(933): App\Controllers\Reporte->consolidado()
 7 SYSTEMPATH/CodeIgniter.php(509): CodeIgniter\CodeIgniter->runController(Object(App\Controllers\Reporte))
 8 SYSTEMPATH/CodeIgniter.php(355): CodeIgniter\CodeIgniter->handleRequest(null, Object(Config\Cache), false)
 9 SYSTEMPATH/Boot.php(325): CodeIgniter\CodeIgniter->run()
10 SYSTEMPATH/Boot.php(67): CodeIgniter\Boot::runCodeIgniter(Object(CodeIgniter\CodeIgniter))
11 FCPATH/index.php(56): CodeIgniter\Boot::bootWeb(Object(Config\Paths))
WARNING - 2025-03-31 09:13:09 --> [DEPRECATED] number_format(): Passing null to parameter #1 ($num) of type float is deprecated in APPPATH/Views/reporte/imprimir_valorado.php on line 99.
 1 APPPATH/Views/reporte/imprimir_valorado.php(99): number_format(null, 2, ',', '.')
 2 SYSTEMPATH/View/View.php(234): include('/home2/usoabumg/public_html/oruro.site/app/Views/reporte/imprimir_valorado.php')
 3 SYSTEMPATH/View/View.php(237): CodeIgniter\View\View->CodeIgniter\View\{closure}()
 4 SYSTEMPATH/Common.php(1171): CodeIgniter\View\View->render('reporte/imprimir_valorado', [], true)
 5 APPPATH/Controllers/Reporte.php(135): view('reporte/imprimir_valorado', [...])
 6 SYSTEMPATH/CodeIgniter.php(933): App\Controllers\Reporte->consolidado()
 7 SYSTEMPATH/CodeIgniter.php(509): CodeIgniter\CodeIgniter->runController(Object(App\Controllers\Reporte))
 8 SYSTEMPATH/CodeIgniter.php(355): CodeIgniter\CodeIgniter->handleRequest(null, Object(Config\Cache), false)
 9 SYSTEMPATH/Boot.php(325): CodeIgniter\CodeIgniter->run()
10 SYSTEMPATH/Boot.php(67): CodeIgniter\Boot::runCodeIgniter(Object(CodeIgniter\CodeIgniter))
11 FCPATH/index.php(56): CodeIgniter\Boot::bootWeb(Object(Config\Paths))
WARNING - 2025-03-31 09:13:09 --> [DEPRECATED] number_format(): Passing null to parameter #1 ($num) of type float is deprecated in APPPATH/Views/reporte/imprimir_valorado.php on line 96.
 1 APPPATH/Views/reporte/imprimir_valorado.php(96): number_format(null, 2, ',', '.')
 2 SYSTEMPATH/View/View.php(234): include('/home2/usoabumg/public_html/oruro.site/app/Views/reporte/imprimir_valorado.php')
 3 SYSTEMPATH/View/View.php(237): CodeIgniter\View\View->CodeIgniter\View\{closure}()
 4 SYSTEMPATH/Common.php(1171): CodeIgniter\View\View->render('reporte/imprimir_valorado', [], true)
 5 APPPATH/Controllers/Reporte.php(135): view('reporte/imprimir_valorado', [...])
 6 SYSTEMPATH/CodeIgniter.php(933): App\Controllers\Reporte->consolidado()
 7 SYSTEMPATH/CodeIgniter.php(509): CodeIgniter\CodeIgniter->runController(Object(App\Controllers\Reporte))
 8 SYSTEMPATH/CodeIgniter.php(355): CodeIgniter\CodeIgniter->handleRequest(null, Object(Config\Cache), false)
 9 SYSTEMPATH/Boot.php(325): CodeIgniter\CodeIgniter->run()
10 SYSTEMPATH/Boot.php(67): CodeIgniter\Boot::runCodeIgniter(Object(CodeIgniter\CodeIgniter))
11 FCPATH/index.php(56): CodeIgniter\Boot::bootWeb(Object(Config\Paths))
WARNING - 2025-03-31 09:13:09 --> [DEPRECATED] number_format(): Passing null to parameter #1 ($num) of type float is deprecated in APPPATH/Views/reporte/imprimir_valorado.php on line 99.
 1 APPPATH/Views/reporte/imprimir_valorado.php(99): number_format(null, 2, ',', '.')
 2 SYSTEMPATH/View/View.php(234): include('/home2/usoabumg/public_html/oruro.site/app/Views/reporte/imprimir_valorado.php')
 3 SYSTEMPATH/View/View.php(237): CodeIgniter\View\View->CodeIgniter\View\{closure}()
 4 SYSTEMPATH/Common.php(1171): CodeIgniter\View\View->render('reporte/imprimir_valorado', [], true)
 5 APPPATH/Controllers/Reporte.php(135): view('reporte/imprimir_valorado', [...])
 6 SYSTEMPATH/CodeIgniter.php(933): App\Controllers\Reporte->consolidado()
 7 SYSTEMPATH/CodeIgniter.php(509): CodeIgniter\CodeIgniter->runController(Object(App\Controllers\Reporte))
 8 SYSTEMPATH/CodeIgniter.php(355): CodeIgniter\CodeIgniter->handleRequest(null, Object(Config\Cache), false)
 9 SYSTEMPATH/Boot.php(325): CodeIgniter\CodeIgniter->run()
10 SYSTEMPATH/Boot.php(67): CodeIgniter\Boot::runCodeIgniter(Object(CodeIgniter\CodeIgniter))
11 FCPATH/index.php(56): CodeIgniter\Boot::bootWeb(Object(Config\Paths))
WARNING - 2025-03-31 09:13:09 --> [DEPRECATED] number_format(): Passing null to parameter #1 ($num) of type float is deprecated in APPPATH/Views/reporte/imprimir_valorado.php on line 96.
 1 APPPATH/Views/reporte/imprimir_valorado.php(96): number_format(null, 2, ',', '.')
 2 SYSTEMPATH/View/View.php(234): include('/home2/usoabumg/public_html/oruro.site/app/Views/reporte/imprimir_valorado.php')
 3 SYSTEMPATH/View/View.php(237): CodeIgniter\View\View->CodeIgniter\View\{closure}()
 4 SYSTEMPATH/Common.php(1171): CodeIgniter\View\View->render('reporte/imprimir_valorado', [], true)
 5 APPPATH/Controllers/Reporte.php(135): view('reporte/imprimir_valorado', [...])
 6 SYSTEMPATH/CodeIgniter.php(933): App\Controllers\Reporte->consolidado()
 7 SYSTEMPATH/CodeIgniter.php(509): CodeIgniter\CodeIgniter->runController(Object(App\Controllers\Reporte))
 8 SYSTEMPATH/CodeIgniter.php(355): CodeIgniter\CodeIgniter->handleRequest(null, Object(Config\Cache), false)
 9 SYSTEMPATH/Boot.php(325): CodeIgniter\CodeIgniter->run()
10 SYSTEMPATH/Boot.php(67): CodeIgniter\Boot::runCodeIgniter(Object(CodeIgniter\CodeIgniter))
11 FCPATH/index.php(56): CodeIgniter\Boot::bootWeb(Object(Config\Paths))
WARNING - 2025-03-31 09:13:09 --> [DEPRECATED] number_format(): Passing null to parameter #1 ($num) of type float is deprecated in APPPATH/Views/reporte/imprimir_valorado.php on line 99.
 1 APPPATH/Views/reporte/imprimir_valorado.php(99): number_format(null, 2, ',', '.')
 2 SYSTEMPATH/View/View.php(234): include('/home2/usoabumg/public_html/oruro.site/app/Views/reporte/imprimir_valorado.php')
 3 SYSTEMPATH/View/View.php(237): CodeIgniter\View\View->CodeIgniter\View\{closure}()
 4 SYSTEMPATH/Common.php(1171): CodeIgniter\View\View->render('reporte/imprimir_valorado', [], true)
 5 APPPATH/Controllers/Reporte.php(135): view('reporte/imprimir_valorado', [...])
 6 SYSTEMPATH/CodeIgniter.php(933): App\Controllers\Reporte->consolidado()
 7 SYSTEMPATH/CodeIgniter.php(509): CodeIgniter\CodeIgniter->runController(Object(App\Controllers\Reporte))
 8 SYSTEMPATH/CodeIgniter.php(355): CodeIgniter\CodeIgniter->handleRequest(null, Object(Config\Cache), false)
 9 SYSTEMPATH/Boot.php(325): CodeIgniter\CodeIgniter->run()
10 SYSTEMPATH/Boot.php(67): CodeIgniter\Boot::runCodeIgniter(Object(CodeIgniter\CodeIgniter))
11 FCPATH/index.php(56): CodeIgniter\Boot::bootWeb(Object(Config\Paths))
WARNING - 2025-03-31 09:13:09 --> [DEPRECATED] number_format(): Passing null to parameter #1 ($num) of type float is deprecated in APPPATH/Views/reporte/imprimir_valorado.php on line 96.
 1 APPPATH/Views/reporte/imprimir_valorado.php(96): number_format(null, 2, ',', '.')
 2 SYSTEMPATH/View/View.php(234): include('/home2/usoabumg/public_html/oruro.site/app/Views/reporte/imprimir_valorado.php')
 3 SYSTEMPATH/View/View.php(237): CodeIgniter\View\View->CodeIgniter\View\{closure}()
 4 SYSTEMPATH/Common.php(1171): CodeIgniter\View\View->render('reporte/imprimir_valorado', [], true)
 5 APPPATH/Controllers/Reporte.php(135): view('reporte/imprimir_valorado', [...])
 6 SYSTEMPATH/CodeIgniter.php(933): App\Controllers\Reporte->consolidado()
 7 SYSTEMPATH/CodeIgniter.php(509): CodeIgniter\CodeIgniter->runController(Object(App\Controllers\Reporte))
 8 SYSTEMPATH/CodeIgniter.php(355): CodeIgniter\CodeIgniter->handleRequest(null, Object(Config\Cache), false)
 9 SYSTEMPATH/Boot.php(325): CodeIgniter\CodeIgniter->run()
10 SYSTEMPATH/Boot.php(67): CodeIgniter\Boot::runCodeIgniter(Object(CodeIgniter\CodeIgniter))
11 FCPATH/index.php(56): CodeIgniter\Boot::bootWeb(Object(Config\Paths))
WARNING - 2025-03-31 09:13:09 --> [DEPRECATED] number_format(): Passing null to parameter #1 ($num) of type float is deprecated in APPPATH/Views/reporte/imprimir_valorado.php on line 99.
 1 APPPATH/Views/reporte/imprimir_valorado.php(99): number_format(null, 2, ',', '.')
 2 SYSTEMPATH/View/View.php(234): include('/home2/usoabumg/public_html/oruro.site/app/Views/reporte/imprimir_valorado.php')
 3 SYSTEMPATH/View/View.php(237): CodeIgniter\View\View->CodeIgniter\View\{closure}()
 4 SYSTEMPATH/Common.php(1171): CodeIgniter\View\View->render('reporte/imprimir_valorado', [], true)
 5 APPPATH/Controllers/Reporte.php(135): view('reporte/imprimir_valorado', [...])
 6 SYSTEMPATH/CodeIgniter.php(933): App\Controllers\Reporte->consolidado()
 7 SYSTEMPATH/CodeIgniter.php(509): CodeIgniter\CodeIgniter->runController(Object(App\Controllers\Reporte))
 8 SYSTEMPATH/CodeIgniter.php(355): CodeIgniter\CodeIgniter->handleRequest(null, Object(Config\Cache), false)
 9 SYSTEMPATH/Boot.php(325): CodeIgniter\CodeIgniter->run()
10 SYSTEMPATH/Boot.php(67): CodeIgniter\Boot::runCodeIgniter(Object(CodeIgniter\CodeIgniter))
11 FCPATH/index.php(56): CodeIgniter\Boot::bootWeb(Object(Config\Paths))
WARNING - 2025-03-31 09:13:09 --> [DEPRECATED] number_format(): Passing null to parameter #1 ($num) of type float is deprecated in APPPATH/Views/reporte/imprimir_valorado.php on line 96.
 1 APPPATH/Views/reporte/imprimir_valorado.php(96): number_format(null, 2, ',', '.')
 2 SYSTEMPATH/View/View.php(234): include('/home2/usoabumg/public_html/oruro.site/app/Views/reporte/imprimir_valorado.php')
 3 SYSTEMPATH/View/View.php(237): CodeIgniter\View\View->CodeIgniter\View\{closure}()
 4 SYSTEMPATH/Common.php(1171): CodeIgniter\View\View->render('reporte/imprimir_valorado', [], true)
 5 APPPATH/Controllers/Reporte.php(135): view('reporte/imprimir_valorado', [...])
 6 SYSTEMPATH/CodeIgniter.php(933): App\Controllers\Reporte->consolidado()
 7 SYSTEMPATH/CodeIgniter.php(509): CodeIgniter\CodeIgniter->runController(Object(App\Controllers\Reporte))
 8 SYSTEMPATH/CodeIgniter.php(355): CodeIgniter\CodeIgniter->handleRequest(null, Object(Config\Cache), false)
 9 SYSTEMPATH/Boot.php(325): CodeIgniter\CodeIgniter->run()
10 SYSTEMPATH/Boot.php(67): CodeIgniter\Boot::runCodeIgniter(Object(CodeIgniter\CodeIgniter))
11 FCPATH/index.php(56): CodeIgniter\Boot::bootWeb(Object(Config\Paths))
WARNING - 2025-03-31 09:13:09 --> [DEPRECATED] number_format(): Passing null to parameter #1 ($num) of type float is deprecated in APPPATH/Views/reporte/imprimir_valorado.php on line 99.
 1 APPPATH/Views/reporte/imprimir_valorado.php(99): number_format(null, 2, ',', '.')
 2 SYSTEMPATH/View/View.php(234): include('/home2/usoabumg/public_html/oruro.site/app/Views/reporte/imprimir_valorado.php')
 3 SYSTEMPATH/View/View.php(237): CodeIgniter\View\View->CodeIgniter\View\{closure}()
 4 SYSTEMPATH/Common.php(1171): CodeIgniter\View\View->render('reporte/imprimir_valorado', [], true)
 5 APPPATH/Controllers/Reporte.php(135): view('reporte/imprimir_valorado', [...])
 6 SYSTEMPATH/CodeIgniter.php(933): App\Controllers\Reporte->consolidado()
 7 SYSTEMPATH/CodeIgniter.php(509): CodeIgniter\CodeIgniter->runController(Object(App\Controllers\Reporte))
 8 SYSTEMPATH/CodeIgniter.php(355): CodeIgniter\CodeIgniter->handleRequest(null, Object(Config\Cache), false)
 9 SYSTEMPATH/Boot.php(325): CodeIgniter\CodeIgniter->run()
10 SYSTEMPATH/Boot.php(67): CodeIgniter\Boot::runCodeIgniter(Object(CodeIgniter\CodeIgniter))
11 FCPATH/index.php(56): CodeIgniter\Boot::bootWeb(Object(Config\Paths))
WARNING - 2025-03-31 09:13:09 --> [DEPRECATED] number_format(): Passing null to parameter #1 ($num) of type float is deprecated in APPPATH/Views/reporte/imprimir_valorado.php on line 96.
 1 APPPATH/Views/reporte/imprimir_valorado.php(96): number_format(null, 2, ',', '.')
 2 SYSTEMPATH/View/View.php(234): include('/home2/usoabumg/public_html/oruro.site/app/Views/reporte/imprimir_valorado.php')
 3 SYSTEMPATH/View/View.php(237): CodeIgniter\View\View->CodeIgniter\View\{closure}()
 4 SYSTEMPATH/Common.php(1171): CodeIgniter\View\View->render('reporte/imprimir_valorado', [], true)
 5 APPPATH/Controllers/Reporte.php(135): view('reporte/imprimir_valorado', [...])
 6 SYSTEMPATH/CodeIgniter.php(933): App\Controllers\Reporte->consolidado()
 7 SYSTEMPATH/CodeIgniter.php(509): CodeIgniter\CodeIgniter->runController(Object(App\Controllers\Reporte))
 8 SYSTEMPATH/CodeIgniter.php(355): CodeIgniter\CodeIgniter->handleRequest(null, Object(Config\Cache), false)
 9 SYSTEMPATH/Boot.php(325): CodeIgniter\CodeIgniter->run()
10 SYSTEMPATH/Boot.php(67): CodeIgniter\Boot::runCodeIgniter(Object(CodeIgniter\CodeIgniter))
11 FCPATH/index.php(56): CodeIgniter\Boot::bootWeb(Object(Config\Paths))
WARNING - 2025-03-31 09:13:09 --> [DEPRECATED] number_format(): Passing null to parameter #1 ($num) of type float is deprecated in APPPATH/Views/reporte/imprimir_valorado.php on line 99.
 1 APPPATH/Views/reporte/imprimir_valorado.php(99): number_format(null, 2, ',', '.')
 2 SYSTEMPATH/View/View.php(234): include('/home2/usoabumg/public_html/oruro.site/app/Views/reporte/imprimir_valorado.php')
 3 SYSTEMPATH/View/View.php(237): CodeIgniter\View\View->CodeIgniter\View\{closure}()
 4 SYSTEMPATH/Common.php(1171): CodeIgniter\View\View->render('reporte/imprimir_valorado', [], true)
 5 APPPATH/Controllers/Reporte.php(135): view('reporte/imprimir_valorado', [...])
 6 SYSTEMPATH/CodeIgniter.php(933): App\Controllers\Reporte->consolidado()
 7 SYSTEMPATH/CodeIgniter.php(509): CodeIgniter\CodeIgniter->runController(Object(App\Controllers\Reporte))
 8 SYSTEMPATH/CodeIgniter.php(355): CodeIgniter\CodeIgniter->handleRequest(null, Object(Config\Cache), false)
 9 SYSTEMPATH/Boot.php(325): CodeIgniter\CodeIgniter->run()
10 SYSTEMPATH/Boot.php(67): CodeIgniter\Boot::runCodeIgniter(Object(CodeIgniter\CodeIgniter))
11 FCPATH/index.php(56): CodeIgniter\Boot::bootWeb(Object(Config\Paths))
WARNING - 2025-03-31 09:13:09 --> [DEPRECATED] number_format(): Passing null to parameter #1 ($num) of type float is deprecated in APPPATH/Views/reporte/imprimir_valorado.php on line 96.
 1 APPPATH/Views/reporte/imprimir_valorado.php(96): number_format(null, 2, ',', '.')
 2 SYSTEMPATH/View/View.php(234): include('/home2/usoabumg/public_html/oruro.site/app/Views/reporte/imprimir_valorado.php')
 3 SYSTEMPATH/View/View.php(237): CodeIgniter\View\View->CodeIgniter\View\{closure}()
 4 SYSTEMPATH/Common.php(1171): CodeIgniter\View\View->render('reporte/imprimir_valorado', [], true)
 5 APPPATH/Controllers/Reporte.php(135): view('reporte/imprimir_valorado', [...])
 6 SYSTEMPATH/CodeIgniter.php(933): App\Controllers\Reporte->consolidado()
 7 SYSTEMPATH/CodeIgniter.php(509): CodeIgniter\CodeIgniter->runController(Object(App\Controllers\Reporte))
 8 SYSTEMPATH/CodeIgniter.php(355): CodeIgniter\CodeIgniter->handleRequest(null, Object(Config\Cache), false)
 9 SYSTEMPATH/Boot.php(325): CodeIgniter\CodeIgniter->run()
10 SYSTEMPATH/Boot.php(67): CodeIgniter\Boot::runCodeIgniter(Object(CodeIgniter\CodeIgniter))
11 FCPATH/index.php(56): CodeIgniter\Boot::bootWeb(Object(Config\Paths))
WARNING - 2025-03-31 09:13:09 --> [DEPRECATED] number_format(): Passing null to parameter #1 ($num) of type float is deprecated in APPPATH/Views/reporte/imprimir_valorado.php on line 99.
 1 APPPATH/Views/reporte/imprimir_valorado.php(99): number_format(null, 2, ',', '.')
 2 SYSTEMPATH/View/View.php(234): include('/home2/usoabumg/public_html/oruro.site/app/Views/reporte/imprimir_valorado.php')
 3 SYSTEMPATH/View/View.php(237): CodeIgniter\View\View->CodeIgniter\View\{closure}()
 4 SYSTEMPATH/Common.php(1171): CodeIgniter\View\View->render('reporte/imprimir_valorado', [], true)
 5 APPPATH/Controllers/Reporte.php(135): view('reporte/imprimir_valorado', [...])
 6 SYSTEMPATH/CodeIgniter.php(933): App\Controllers\Reporte->consolidado()
 7 SYSTEMPATH/CodeIgniter.php(509): CodeIgniter\CodeIgniter->runController(Object(App\Controllers\Reporte))
 8 SYSTEMPATH/CodeIgniter.php(355): CodeIgniter\CodeIgniter->handleRequest(null, Object(Config\Cache), false)
 9 SYSTEMPATH/Boot.php(325): CodeIgniter\CodeIgniter->run()
10 SYSTEMPATH/Boot.php(67): CodeIgniter\Boot::runCodeIgniter(Object(CodeIgniter\CodeIgniter))
11 FCPATH/index.php(56): CodeIgniter\Boot::bootWeb(Object(Config\Paths))
WARNING - 2025-03-31 09:13:09 --> [DEPRECATED] number_format(): Passing null to parameter #1 ($num) of type float is deprecated in APPPATH/Views/reporte/imprimir_valorado.php on line 96.
 1 APPPATH/Views/reporte/imprimir_valorado.php(96): number_format(null, 2, ',', '.')
 2 SYSTEMPATH/View/View.php(234): include('/home2/usoabumg/public_html/oruro.site/app/Views/reporte/imprimir_valorado.php')
 3 SYSTEMPATH/View/View.php(237): CodeIgniter\View\View->CodeIgniter\View\{closure}()
 4 SYSTEMPATH/Common.php(1171): CodeIgniter\View\View->render('reporte/imprimir_valorado', [], true)
 5 APPPATH/Controllers/Reporte.php(135): view('reporte/imprimir_valorado', [...])
 6 SYSTEMPATH/CodeIgniter.php(933): App\Controllers\Reporte->consolidado()
 7 SYSTEMPATH/CodeIgniter.php(509): CodeIgniter\CodeIgniter->runController(Object(App\Controllers\Reporte))
 8 SYSTEMPATH/CodeIgniter.php(355): CodeIgniter\CodeIgniter->handleRequest(null, Object(Config\Cache), false)
 9 SYSTEMPATH/Boot.php(325): CodeIgniter\CodeIgniter->run()
10 SYSTEMPATH/Boot.php(67): CodeIgniter\Boot::runCodeIgniter(Object(CodeIgniter\CodeIgniter))
11 FCPATH/index.php(56): CodeIgniter\Boot::bootWeb(Object(Config\Paths))
WARNING - 2025-03-31 09:13:09 --> [DEPRECATED] number_format(): Passing null to parameter #1 ($num) of type float is deprecated in APPPATH/Views/reporte/imprimir_valorado.php on line 99.
 1 APPPATH/Views/reporte/imprimir_valorado.php(99): number_format(null, 2, ',', '.')
 2 SYSTEMPATH/View/View.php(234): include('/home2/usoabumg/public_html/oruro.site/app/Views/reporte/imprimir_valorado.php')
 3 SYSTEMPATH/View/View.php(237): CodeIgniter\View\View->CodeIgniter\View\{closure}()
 4 SYSTEMPATH/Common.php(1171): CodeIgniter\View\View->render('reporte/imprimir_valorado', [], true)
 5 APPPATH/Controllers/Reporte.php(135): view('reporte/imprimir_valorado', [...])
 6 SYSTEMPATH/CodeIgniter.php(933): App\Controllers\Reporte->consolidado()
 7 SYSTEMPATH/CodeIgniter.php(509): CodeIgniter\CodeIgniter->runController(Object(App\Controllers\Reporte))
 8 SYSTEMPATH/CodeIgniter.php(355): CodeIgniter\CodeIgniter->handleRequest(null, Object(Config\Cache), false)
 9 SYSTEMPATH/Boot.php(325): CodeIgniter\CodeIgniter->run()
10 SYSTEMPATH/Boot.php(67): CodeIgniter\Boot::runCodeIgniter(Object(CodeIgniter\CodeIgniter))
11 FCPATH/index.php(56): CodeIgniter\Boot::bootWeb(Object(Config\Paths))
WARNING - 2025-03-31 09:13:09 --> [DEPRECATED] number_format(): Passing null to parameter #1 ($num) of type float is deprecated in APPPATH/Views/reporte/imprimir_valorado.php on line 96.
 1 APPPATH/Views/reporte/imprimir_valorado.php(96): number_format(null, 2, ',', '.')
 2 SYSTEMPATH/View/View.php(234): include('/home2/usoabumg/public_html/oruro.site/app/Views/reporte/imprimir_valorado.php')
 3 SYSTEMPATH/View/View.php(237): CodeIgniter\View\View->CodeIgniter\View\{closure}()
 4 SYSTEMPATH/Common.php(1171): CodeIgniter\View\View->render('reporte/imprimir_valorado', [], true)
 5 APPPATH/Controllers/Reporte.php(135): view('reporte/imprimir_valorado', [...])
 6 SYSTEMPATH/CodeIgniter.php(933): App\Controllers\Reporte->consolidado()
 7 SYSTEMPATH/CodeIgniter.php(509): CodeIgniter\CodeIgniter->runController(Object(App\Controllers\Reporte))
 8 SYSTEMPATH/CodeIgniter.php(355): CodeIgniter\CodeIgniter->handleRequest(null, Object(Config\Cache), false)
 9 SYSTEMPATH/Boot.php(325): CodeIgniter\CodeIgniter->run()
10 SYSTEMPATH/Boot.php(67): CodeIgniter\Boot::runCodeIgniter(Object(CodeIgniter\CodeIgniter))
11 FCPATH/index.php(56): CodeIgniter\Boot::bootWeb(Object(Config\Paths))
WARNING - 2025-03-31 09:13:09 --> [DEPRECATED] number_format(): Passing null to parameter #1 ($num) of type float is deprecated in APPPATH/Views/reporte/imprimir_valorado.php on line 99.
 1 APPPATH/Views/reporte/imprimir_valorado.php(99): number_format(null, 2, ',', '.')
 2 SYSTEMPATH/View/View.php(234): include('/home2/usoabumg/public_html/oruro.site/app/Views/reporte/imprimir_valorado.php')
 3 SYSTEMPATH/View/View.php(237): CodeIgniter\View\View->CodeIgniter\View\{closure}()
 4 SYSTEMPATH/Common.php(1171): CodeIgniter\View\View->render('reporte/imprimir_valorado', [], true)
 5 APPPATH/Controllers/Reporte.php(135): view('reporte/imprimir_valorado', [...])
 6 SYSTEMPATH/CodeIgniter.php(933): App\Controllers\Reporte->consolidado()
 7 SYSTEMPATH/CodeIgniter.php(509): CodeIgniter\CodeIgniter->runController(Object(App\Controllers\Reporte))
 8 SYSTEMPATH/CodeIgniter.php(355): CodeIgniter\CodeIgniter->handleRequest(null, Object(Config\Cache), false)
 9 SYSTEMPATH/Boot.php(325): CodeIgniter\CodeIgniter->run()
10 SYSTEMPATH/Boot.php(67): CodeIgniter\Boot::runCodeIgniter(Object(CodeIgniter\CodeIgniter))
11 FCPATH/index.php(56): CodeIgniter\Boot::bootWeb(Object(Config\Paths))
WARNING - 2025-03-31 09:13:09 --> [DEPRECATED] number_format(): Passing null to parameter #1 ($num) of type float is deprecated in APPPATH/Views/reporte/imprimir_valorado.php on line 96.
 1 APPPATH/Views/reporte/imprimir_valorado.php(96): number_format(null, 2, ',', '.')
 2 SYSTEMPATH/View/View.php(234): include('/home2/usoabumg/public_html/oruro.site/app/Views/reporte/imprimir_valorado.php')
 3 SYSTEMPATH/View/View.php(237): CodeIgniter\View\View->CodeIgniter\View\{closure}()
 4 SYSTEMPATH/Common.php(1171): CodeIgniter\View\View->render('reporte/imprimir_valorado', [], true)
 5 APPPATH/Controllers/Reporte.php(135): view('reporte/imprimir_valorado', [...])
 6 SYSTEMPATH/CodeIgniter.php(933): App\Controllers\Reporte->consolidado()
 7 SYSTEMPATH/CodeIgniter.php(509): CodeIgniter\CodeIgniter->runController(Object(App\Controllers\Reporte))
 8 SYSTEMPATH/CodeIgniter.php(355): CodeIgniter\CodeIgniter->handleRequest(null, Object(Config\Cache), false)
 9 SYSTEMPATH/Boot.php(325): CodeIgniter\CodeIgniter->run()
10 SYSTEMPATH/Boot.php(67): CodeIgniter\Boot::runCodeIgniter(Object(CodeIgniter\CodeIgniter))
11 FCPATH/index.php(56): CodeIgniter\Boot::bootWeb(Object(Config\Paths))
WARNING - 2025-03-31 09:13:09 --> [DEPRECATED] number_format(): Passing null to parameter #1 ($num) of type float is deprecated in APPPATH/Views/reporte/imprimir_valorado.php on line 99.
 1 APPPATH/Views/reporte/imprimir_valorado.php(99): number_format(null, 2, ',', '.')
 2 SYSTEMPATH/View/View.php(234): include('/home2/usoabumg/public_html/oruro.site/app/Views/reporte/imprimir_valorado.php')
 3 SYSTEMPATH/View/View.php(237): CodeIgniter\View\View->CodeIgniter\View\{closure}()
 4 SYSTEMPATH/Common.php(1171): CodeIgniter\View\View->render('reporte/imprimir_valorado', [], true)
 5 APPPATH/Controllers/Reporte.php(135): view('reporte/imprimir_valorado', [...])
 6 SYSTEMPATH/CodeIgniter.php(933): App\Controllers\Reporte->consolidado()
 7 SYSTEMPATH/CodeIgniter.php(509): CodeIgniter\CodeIgniter->runController(Object(App\Controllers\Reporte))
 8 SYSTEMPATH/CodeIgniter.php(355): CodeIgniter\CodeIgniter->handleRequest(null, Object(Config\Cache), false)
 9 SYSTEMPATH/Boot.php(325): CodeIgniter\CodeIgniter->run()
10 SYSTEMPATH/Boot.php(67): CodeIgniter\Boot::runCodeIgniter(Object(CodeIgniter\CodeIgniter))
11 FCPATH/index.php(56): CodeIgniter\Boot::bootWeb(Object(Config\Paths))
WARNING - 2025-03-31 09:13:09 --> [DEPRECATED] number_format(): Passing null to parameter #1 ($num) of type float is deprecated in APPPATH/Views/reporte/imprimir_valorado.php on line 96.
 1 APPPATH/Views/reporte/imprimir_valorado.php(96): number_format(null, 2, ',', '.')
 2 SYSTEMPATH/View/View.php(234): include('/home2/usoabumg/public_html/oruro.site/app/Views/reporte/imprimir_valorado.php')
 3 SYSTEMPATH/View/View.php(237): CodeIgniter\View\View->CodeIgniter\View\{closure}()
 4 SYSTEMPATH/Common.php(1171): CodeIgniter\View\View->render('reporte/imprimir_valorado', [], true)
 5 APPPATH/Controllers/Reporte.php(135): view('reporte/imprimir_valorado', [...])
 6 SYSTEMPATH/CodeIgniter.php(933): App\Controllers\Reporte->consolidado()
 7 SYSTEMPATH/CodeIgniter.php(509): CodeIgniter\CodeIgniter->runController(Object(App\Controllers\Reporte))
 8 SYSTEMPATH/CodeIgniter.php(355): CodeIgniter\CodeIgniter->handleRequest(null, Object(Config\Cache), false)
 9 SYSTEMPATH/Boot.php(325): CodeIgniter\CodeIgniter->run()
10 SYSTEMPATH/Boot.php(67): CodeIgniter\Boot::runCodeIgniter(Object(CodeIgniter\CodeIgniter))
11 FCPATH/index.php(56): CodeIgniter\Boot::bootWeb(Object(Config\Paths))
WARNING - 2025-03-31 09:13:09 --> [DEPRECATED] number_format(): Passing null to parameter #1 ($num) of type float is deprecated in APPPATH/Views/reporte/imprimir_valorado.php on line 99.
 1 APPPATH/Views/reporte/imprimir_valorado.php(99): number_format(null, 2, ',', '.')
 2 SYSTEMPATH/View/View.php(234): include('/home2/usoabumg/public_html/oruro.site/app/Views/reporte/imprimir_valorado.php')
 3 SYSTEMPATH/View/View.php(237): CodeIgniter\View\View->CodeIgniter\View\{closure}()
 4 SYSTEMPATH/Common.php(1171): CodeIgniter\View\View->render('reporte/imprimir_valorado', [], true)
 5 APPPATH/Controllers/Reporte.php(135): view('reporte/imprimir_valorado', [...])
 6 SYSTEMPATH/CodeIgniter.php(933): App\Controllers\Reporte->consolidado()
 7 SYSTEMPATH/CodeIgniter.php(509): CodeIgniter\CodeIgniter->runController(Object(App\Controllers\Reporte))
 8 SYSTEMPATH/CodeIgniter.php(355): CodeIgniter\CodeIgniter->handleRequest(null, Object(Config\Cache), false)
 9 SYSTEMPATH/Boot.php(325): CodeIgniter\CodeIgniter->run()
10 SYSTEMPATH/Boot.php(67): CodeIgniter\Boot::runCodeIgniter(Object(CodeIgniter\CodeIgniter))
11 FCPATH/index.php(56): CodeIgniter\Boot::bootWeb(Object(Config\Paths))
WARNING - 2025-03-31 09:13:09 --> [DEPRECATED] number_format(): Passing null to parameter #1 ($num) of type float is deprecated in APPPATH/Views/reporte/imprimir_valorado.php on line 96.
 1 APPPATH/Views/reporte/imprimir_valorado.php(96): number_format(null, 2, ',', '.')
 2 SYSTEMPATH/View/View.php(234): include('/home2/usoabumg/public_html/oruro.site/app/Views/reporte/imprimir_valorado.php')
 3 SYSTEMPATH/View/View.php(237): CodeIgniter\View\View->CodeIgniter\View\{closure}()
 4 SYSTEMPATH/Common.php(1171): CodeIgniter\View\View->render('reporte/imprimir_valorado', [], true)
 5 APPPATH/Controllers/Reporte.php(135): view('reporte/imprimir_valorado', [...])
 6 SYSTEMPATH/CodeIgniter.php(933): App\Controllers\Reporte->consolidado()
 7 SYSTEMPATH/CodeIgniter.php(509): CodeIgniter\CodeIgniter->runController(Object(App\Controllers\Reporte))
 8 SYSTEMPATH/CodeIgniter.php(355): CodeIgniter\CodeIgniter->handleRequest(null, Object(Config\Cache), false)
 9 SYSTEMPATH/Boot.php(325): CodeIgniter\CodeIgniter->run()
10 SYSTEMPATH/Boot.php(67): CodeIgniter\Boot::runCodeIgniter(Object(CodeIgniter\CodeIgniter))
11 FCPATH/index.php(56): CodeIgniter\Boot::bootWeb(Object(Config\Paths))
WARNING - 2025-03-31 09:13:09 --> [DEPRECATED] number_format(): Passing null to parameter #1 ($num) of type float is deprecated in APPPATH/Views/reporte/imprimir_valorado.php on line 99.
 1 APPPATH/Views/reporte/imprimir_valorado.php(99): number_format(null, 2, ',', '.')
 2 SYSTEMPATH/View/View.php(234): include('/home2/usoabumg/public_html/oruro.site/app/Views/reporte/imprimir_valorado.php')
 3 SYSTEMPATH/View/View.php(237): CodeIgniter\View\View->CodeIgniter\View\{closure}()
 4 SYSTEMPATH/Common.php(1171): CodeIgniter\View\View->render('reporte/imprimir_valorado', [], true)
 5 APPPATH/Controllers/Reporte.php(135): view('reporte/imprimir_valorado', [...])
 6 SYSTEMPATH/CodeIgniter.php(933): App\Controllers\Reporte->consolidado()
 7 SYSTEMPATH/CodeIgniter.php(509): CodeIgniter\CodeIgniter->runController(Object(App\Controllers\Reporte))
 8 SYSTEMPATH/CodeIgniter.php(355): CodeIgniter\CodeIgniter->handleRequest(null, Object(Config\Cache), false)
 9 SYSTEMPATH/Boot.php(325): CodeIgniter\CodeIgniter->run()
10 SYSTEMPATH/Boot.php(67): CodeIgniter\Boot::runCodeIgniter(Object(CodeIgniter\CodeIgniter))
11 FCPATH/index.php(56): CodeIgniter\Boot::bootWeb(Object(Config\Paths))
WARNING - 2025-03-31 09:13:09 --> [DEPRECATED] number_format(): Passing null to parameter #1 ($num) of type float is deprecated in APPPATH/Views/reporte/imprimir_valorado.php on line 96.
 1 APPPATH/Views/reporte/imprimir_valorado.php(96): number_format(null, 2, ',', '.')
 2 SYSTEMPATH/View/View.php(234): include('/home2/usoabumg/public_html/oruro.site/app/Views/reporte/imprimir_valorado.php')
 3 SYSTEMPATH/View/View.php(237): CodeIgniter\View\View->CodeIgniter\View\{closure}()
 4 SYSTEMPATH/Common.php(1171): CodeIgniter\View\View->render('reporte/imprimir_valorado', [], true)
 5 APPPATH/Controllers/Reporte.php(135): view('reporte/imprimir_valorado', [...])
 6 SYSTEMPATH/CodeIgniter.php(933): App\Controllers\Reporte->consolidado()
 7 SYSTEMPATH/CodeIgniter.php(509): CodeIgniter\CodeIgniter->runController(Object(App\Controllers\Reporte))
 8 SYSTEMPATH/CodeIgniter.php(355): CodeIgniter\CodeIgniter->handleRequest(null, Object(Config\Cache), false)
 9 SYSTEMPATH/Boot.php(325): CodeIgniter\CodeIgniter->run()
10 SYSTEMPATH/Boot.php(67): CodeIgniter\Boot::runCodeIgniter(Object(CodeIgniter\CodeIgniter))
11 FCPATH/index.php(56): CodeIgniter\Boot::bootWeb(Object(Config\Paths))
WARNING - 2025-03-31 09:13:09 --> [DEPRECATED] number_format(): Passing null to parameter #1 ($num) of type float is deprecated in APPPATH/Views/reporte/imprimir_valorado.php on line 99.
 1 APPPATH/Views/reporte/imprimir_valorado.php(99): number_format(null, 2, ',', '.')
 2 SYSTEMPATH/View/View.php(234): include('/home2/usoabumg/public_html/oruro.site/app/Views/reporte/imprimir_valorado.php')
 3 SYSTEMPATH/View/View.php(237): CodeIgniter\View\View->CodeIgniter\View\{closure}()
 4 SYSTEMPATH/Common.php(1171): CodeIgniter\View\View->render('reporte/imprimir_valorado', [], true)
 5 APPPATH/Controllers/Reporte.php(135): view('reporte/imprimir_valorado', [...])
 6 SYSTEMPATH/CodeIgniter.php(933): App\Controllers\Reporte->consolidado()
 7 SYSTEMPATH/CodeIgniter.php(509): CodeIgniter\CodeIgniter->runController(Object(App\Controllers\Reporte))
 8 SYSTEMPATH/CodeIgniter.php(355): CodeIgniter\CodeIgniter->handleRequest(null, Object(Config\Cache), false)
 9 SYSTEMPATH/Boot.php(325): CodeIgniter\CodeIgniter->run()
10 SYSTEMPATH/Boot.php(67): CodeIgniter\Boot::runCodeIgniter(Object(CodeIgniter\CodeIgniter))
11 FCPATH/index.php(56): CodeIgniter\Boot::bootWeb(Object(Config\Paths))
WARNING - 2025-03-31 09:13:09 --> [DEPRECATED] number_format(): Passing null to parameter #1 ($num) of type float is deprecated in APPPATH/Views/reporte/imprimir_valorado.php on line 96.
 1 APPPATH/Views/reporte/imprimir_valorado.php(96): number_format(null, 2, ',', '.')
 2 SYSTEMPATH/View/View.php(234): include('/home2/usoabumg/public_html/oruro.site/app/Views/reporte/imprimir_valorado.php')
 3 SYSTEMPATH/View/View.php(237): CodeIgniter\View\View->CodeIgniter\View\{closure}()
 4 SYSTEMPATH/Common.php(1171): CodeIgniter\View\View->render('reporte/imprimir_valorado', [], true)
 5 APPPATH/Controllers/Reporte.php(135): view('reporte/imprimir_valorado', [...])
 6 SYSTEMPATH/CodeIgniter.php(933): App\Controllers\Reporte->consolidado()
 7 SYSTEMPATH/CodeIgniter.php(509): CodeIgniter\CodeIgniter->runController(Object(App\Controllers\Reporte))
 8 SYSTEMPATH/CodeIgniter.php(355): CodeIgniter\CodeIgniter->handleRequest(null, Object(Config\Cache), false)
 9 SYSTEMPATH/Boot.php(325): CodeIgniter\CodeIgniter->run()
10 SYSTEMPATH/Boot.php(67): CodeIgniter\Boot::runCodeIgniter(Object(CodeIgniter\CodeIgniter))
11 FCPATH/index.php(56): CodeIgniter\Boot::bootWeb(Object(Config\Paths))
WARNING - 2025-03-31 09:13:09 --> [DEPRECATED] number_format(): Passing null to parameter #1 ($num) of type float is deprecated in APPPATH/Views/reporte/imprimir_valorado.php on line 99.
 1 APPPATH/Views/reporte/imprimir_valorado.php(99): number_format(null, 2, ',', '.')
 2 SYSTEMPATH/View/View.php(234): include('/home2/usoabumg/public_html/oruro.site/app/Views/reporte/imprimir_valorado.php')
 3 SYSTEMPATH/View/View.php(237): CodeIgniter\View\View->CodeIgniter\View\{closure}()
 4 SYSTEMPATH/Common.php(1171): CodeIgniter\View\View->render('reporte/imprimir_valorado', [], true)
 5 APPPATH/Controllers/Reporte.php(135): view('reporte/imprimir_valorado', [...])
 6 SYSTEMPATH/CodeIgniter.php(933): App\Controllers\Reporte->consolidado()
 7 SYSTEMPATH/CodeIgniter.php(509): CodeIgniter\CodeIgniter->runController(Object(App\Controllers\Reporte))
 8 SYSTEMPATH/CodeIgniter.php(355): CodeIgniter\CodeIgniter->handleRequest(null, Object(Config\Cache), false)
 9 SYSTEMPATH/Boot.php(325): CodeIgniter\CodeIgniter->run()
10 SYSTEMPATH/Boot.php(67): CodeIgniter\Boot::runCodeIgniter(Object(CodeIgniter\CodeIgniter))
11 FCPATH/index.php(56): CodeIgniter\Boot::bootWeb(Object(Config\Paths))
WARNING - 2025-03-31 09:13:09 --> [DEPRECATED] number_format(): Passing null to parameter #1 ($num) of type float is deprecated in APPPATH/Views/reporte/imprimir_valorado.php on line 96.
 1 APPPATH/Views/reporte/imprimir_valorado.php(96): number_format(null, 2, ',', '.')
 2 SYSTEMPATH/View/View.php(234): include('/home2/usoabumg/public_html/oruro.site/app/Views/reporte/imprimir_valorado.php')
 3 SYSTEMPATH/View/View.php(237): CodeIgniter\View\View->CodeIgniter\View\{closure}()
 4 SYSTEMPATH/Common.php(1171): CodeIgniter\View\View->render('reporte/imprimir_valorado', [], true)
 5 APPPATH/Controllers/Reporte.php(135): view('reporte/imprimir_valorado', [...])
 6 SYSTEMPATH/CodeIgniter.php(933): App\Controllers\Reporte->consolidado()
 7 SYSTEMPATH/CodeIgniter.php(509): CodeIgniter\CodeIgniter->runController(Object(App\Controllers\Reporte))
 8 SYSTEMPATH/CodeIgniter.php(355): CodeIgniter\CodeIgniter->handleRequest(null, Object(Config\Cache), false)
 9 SYSTEMPATH/Boot.php(325): CodeIgniter\CodeIgniter->run()
10 SYSTEMPATH/Boot.php(67): CodeIgniter\Boot::runCodeIgniter(Object(CodeIgniter\CodeIgniter))
11 FCPATH/index.php(56): CodeIgniter\Boot::bootWeb(Object(Config\Paths))
WARNING - 2025-03-31 09:13:09 --> [DEPRECATED] number_format(): Passing null to parameter #1 ($num) of type float is deprecated in APPPATH/Views/reporte/imprimir_valorado.php on line 99.
 1 APPPATH/Views/reporte/imprimir_valorado.php(99): number_format(null, 2, ',', '.')
 2 SYSTEMPATH/View/View.php(234): include('/home2/usoabumg/public_html/oruro.site/app/Views/reporte/imprimir_valorado.php')
 3 SYSTEMPATH/View/View.php(237): CodeIgniter\View\View->CodeIgniter\View\{closure}()
 4 SYSTEMPATH/Common.php(1171): CodeIgniter\View\View->render('reporte/imprimir_valorado', [], true)
 5 APPPATH/Controllers/Reporte.php(135): view('reporte/imprimir_valorado', [...])
 6 SYSTEMPATH/CodeIgniter.php(933): App\Controllers\Reporte->consolidado()
 7 SYSTEMPATH/CodeIgniter.php(509): CodeIgniter\CodeIgniter->runController(Object(App\Controllers\Reporte))
 8 SYSTEMPATH/CodeIgniter.php(355): CodeIgniter\CodeIgniter->handleRequest(null, Object(Config\Cache), false)
 9 SYSTEMPATH/Boot.php(325): CodeIgniter\CodeIgniter->run()
10 SYSTEMPATH/Boot.php(67): CodeIgniter\Boot::runCodeIgniter(Object(CodeIgniter\CodeIgniter))
11 FCPATH/index.php(56): CodeIgniter\Boot::bootWeb(Object(Config\Paths))
WARNING - 2025-03-31 09:13:09 --> [DEPRECATED] number_format(): Passing null to parameter #1 ($num) of type float is deprecated in APPPATH/Views/reporte/imprimir_valorado.php on line 96.
 1 APPPATH/Views/reporte/imprimir_valorado.php(96): number_format(null, 2, ',', '.')
 2 SYSTEMPATH/View/View.php(234): include('/home2/usoabumg/public_html/oruro.site/app/Views/reporte/imprimir_valorado.php')
 3 SYSTEMPATH/View/View.php(237): CodeIgniter\View\View->CodeIgniter\View\{closure}()
 4 SYSTEMPATH/Common.php(1171): CodeIgniter\View\View->render('reporte/imprimir_valorado', [], true)
 5 APPPATH/Controllers/Reporte.php(135): view('reporte/imprimir_valorado', [...])
 6 SYSTEMPATH/CodeIgniter.php(933): App\Controllers\Reporte->consolidado()
 7 SYSTEMPATH/CodeIgniter.php(509): CodeIgniter\CodeIgniter->runController(Object(App\Controllers\Reporte))
 8 SYSTEMPATH/CodeIgniter.php(355): CodeIgniter\CodeIgniter->handleRequest(null, Object(Config\Cache), false)
 9 SYSTEMPATH/Boot.php(325): CodeIgniter\CodeIgniter->run()
10 SYSTEMPATH/Boot.php(67): CodeIgniter\Boot::runCodeIgniter(Object(CodeIgniter\CodeIgniter))
11 FCPATH/index.php(56): CodeIgniter\Boot::bootWeb(Object(Config\Paths))
WARNING - 2025-03-31 09:13:09 --> [DEPRECATED] number_format(): Passing null to parameter #1 ($num) of type float is deprecated in APPPATH/Views/reporte/imprimir_valorado.php on line 99.
 1 APPPATH/Views/reporte/imprimir_valorado.php(99): number_format(null, 2, ',', '.')
 2 SYSTEMPATH/View/View.php(234): include('/home2/usoabumg/public_html/oruro.site/app/Views/reporte/imprimir_valorado.php')
 3 SYSTEMPATH/View/View.php(237): CodeIgniter\View\View->CodeIgniter\View\{closure}()
 4 SYSTEMPATH/Common.php(1171): CodeIgniter\View\View->render('reporte/imprimir_valorado', [], true)
 5 APPPATH/Controllers/Reporte.php(135): view('reporte/imprimir_valorado', [...])
 6 SYSTEMPATH/CodeIgniter.php(933): App\Controllers\Reporte->consolidado()
 7 SYSTEMPATH/CodeIgniter.php(509): CodeIgniter\CodeIgniter->runController(Object(App\Controllers\Reporte))
 8 SYSTEMPATH/CodeIgniter.php(355): CodeIgniter\CodeIgniter->handleRequest(null, Object(Config\Cache), false)
 9 SYSTEMPATH/Boot.php(325): CodeIgniter\CodeIgniter->run()
10 SYSTEMPATH/Boot.php(67): CodeIgniter\Boot::runCodeIgniter(Object(CodeIgniter\CodeIgniter))
11 FCPATH/index.php(56): CodeIgniter\Boot::bootWeb(Object(Config\Paths))
WARNING - 2025-03-31 09:13:09 --> [DEPRECATED] number_format(): Passing null to parameter #1 ($num) of type float is deprecated in APPPATH/Views/reporte/imprimir_valorado.php on line 96.
 1 APPPATH/Views/reporte/imprimir_valorado.php(96): number_format(null, 2, ',', '.')
 2 SYSTEMPATH/View/View.php(234): include('/home2/usoabumg/public_html/oruro.site/app/Views/reporte/imprimir_valorado.php')
 3 SYSTEMPATH/View/View.php(237): CodeIgniter\View\View->CodeIgniter\View\{closure}()
 4 SYSTEMPATH/Common.php(1171): CodeIgniter\View\View->render('reporte/imprimir_valorado', [], true)
 5 APPPATH/Controllers/Reporte.php(135): view('reporte/imprimir_valorado', [...])
 6 SYSTEMPATH/CodeIgniter.php(933): App\Controllers\Reporte->consolidado()
 7 SYSTEMPATH/CodeIgniter.php(509): CodeIgniter\CodeIgniter->runController(Object(App\Controllers\Reporte))
 8 SYSTEMPATH/CodeIgniter.php(355): CodeIgniter\CodeIgniter->handleRequest(null, Object(Config\Cache), false)
 9 SYSTEMPATH/Boot.php(325): CodeIgniter\CodeIgniter->run()
10 SYSTEMPATH/Boot.php(67): CodeIgniter\Boot::runCodeIgniter(Object(CodeIgniter\CodeIgniter))
11 FCPATH/index.php(56): CodeIgniter\Boot::bootWeb(Object(Config\Paths))
WARNING - 2025-03-31 09:13:09 --> [DEPRECATED] number_format(): Passing null to parameter #1 ($num) of type float is deprecated in APPPATH/Views/reporte/imprimir_valorado.php on line 99.
 1 APPPATH/Views/reporte/imprimir_valorado.php(99): number_format(null, 2, ',', '.')
 2 SYSTEMPATH/View/View.php(234): include('/home2/usoabumg/public_html/oruro.site/app/Views/reporte/imprimir_valorado.php')
 3 SYSTEMPATH/View/View.php(237): CodeIgniter\View\View->CodeIgniter\View\{closure}()
 4 SYSTEMPATH/Common.php(1171): CodeIgniter\View\View->render('reporte/imprimir_valorado', [], true)
 5 APPPATH/Controllers/Reporte.php(135): view('reporte/imprimir_valorado', [...])
 6 SYSTEMPATH/CodeIgniter.php(933): App\Controllers\Reporte->consolidado()
 7 SYSTEMPATH/CodeIgniter.php(509): CodeIgniter\CodeIgniter->runController(Object(App\Controllers\Reporte))
 8 SYSTEMPATH/CodeIgniter.php(355): CodeIgniter\CodeIgniter->handleRequest(null, Object(Config\Cache), false)
 9 SYSTEMPATH/Boot.php(325): CodeIgniter\CodeIgniter->run()
10 SYSTEMPATH/Boot.php(67): CodeIgniter\Boot::runCodeIgniter(Object(CodeIgniter\CodeIgniter))
11 FCPATH/index.php(56): CodeIgniter\Boot::bootWeb(Object(Config\Paths))
WARNING - 2025-03-31 09:13:09 --> [DEPRECATED] number_format(): Passing null to parameter #1 ($num) of type float is deprecated in APPPATH/Views/reporte/imprimir_valorado.php on line 96.
 1 APPPATH/Views/reporte/imprimir_valorado.php(96): number_format(null, 2, ',', '.')
 2 SYSTEMPATH/View/View.php(234): include('/home2/usoabumg/public_html/oruro.site/app/Views/reporte/imprimir_valorado.php')
 3 SYSTEMPATH/View/View.php(237): CodeIgniter\View\View->CodeIgniter\View\{closure}()
 4 SYSTEMPATH/Common.php(1171): CodeIgniter\View\View->render('reporte/imprimir_valorado', [], true)
 5 APPPATH/Controllers/Reporte.php(135): view('reporte/imprimir_valorado', [...])
 6 SYSTEMPATH/CodeIgniter.php(933): App\Controllers\Reporte->consolidado()
 7 SYSTEMPATH/CodeIgniter.php(509): CodeIgniter\CodeIgniter->runController(Object(App\Controllers\Reporte))
 8 SYSTEMPATH/CodeIgniter.php(355): CodeIgniter\CodeIgniter->handleRequest(null, Object(Config\Cache), false)
 9 SYSTEMPATH/Boot.php(325): CodeIgniter\CodeIgniter->run()
10 SYSTEMPATH/Boot.php(67): CodeIgniter\Boot::runCodeIgniter(Object(CodeIgniter\CodeIgniter))
11 FCPATH/index.php(56): CodeIgniter\Boot::bootWeb(Object(Config\Paths))
WARNING - 2025-03-31 09:13:09 --> [DEPRECATED] number_format(): Passing null to parameter #1 ($num) of type float is deprecated in APPPATH/Views/reporte/imprimir_valorado.php on line 99.
 1 APPPATH/Views/reporte/imprimir_valorado.php(99): number_format(null, 2, ',', '.')
 2 SYSTEMPATH/View/View.php(234): include('/home2/usoabumg/public_html/oruro.site/app/Views/reporte/imprimir_valorado.php')
 3 SYSTEMPATH/View/View.php(237): CodeIgniter\View\View->CodeIgniter\View\{closure}()
 4 SYSTEMPATH/Common.php(1171): CodeIgniter\View\View->render('reporte/imprimir_valorado', [], true)
 5 APPPATH/Controllers/Reporte.php(135): view('reporte/imprimir_valorado', [...])
 6 SYSTEMPATH/CodeIgniter.php(933): App\Controllers\Reporte->consolidado()
 7 SYSTEMPATH/CodeIgniter.php(509): CodeIgniter\CodeIgniter->runController(Object(App\Controllers\Reporte))
 8 SYSTEMPATH/CodeIgniter.php(355): CodeIgniter\CodeIgniter->handleRequest(null, Object(Config\Cache), false)
 9 SYSTEMPATH/Boot.php(325): CodeIgniter\CodeIgniter->run()
10 SYSTEMPATH/Boot.php(67): CodeIgniter\Boot::runCodeIgniter(Object(CodeIgniter\CodeIgniter))
11 FCPATH/index.php(56): CodeIgniter\Boot::bootWeb(Object(Config\Paths))
WARNING - 2025-03-31 09:13:09 --> [DEPRECATED] number_format(): Passing null to parameter #1 ($num) of type float is deprecated in APPPATH/Views/reporte/imprimir_valorado.php on line 96.
 1 APPPATH/Views/reporte/imprimir_valorado.php(96): number_format(null, 2, ',', '.')
 2 SYSTEMPATH/View/View.php(234): include('/home2/usoabumg/public_html/oruro.site/app/Views/reporte/imprimir_valorado.php')
 3 SYSTEMPATH/View/View.php(237): CodeIgniter\View\View->CodeIgniter\View\{closure}()
 4 SYSTEMPATH/Common.php(1171): CodeIgniter\View\View->render('reporte/imprimir_valorado', [], true)
 5 APPPATH/Controllers/Reporte.php(135): view('reporte/imprimir_valorado', [...])
 6 SYSTEMPATH/CodeIgniter.php(933): App\Controllers\Reporte->consolidado()
 7 SYSTEMPATH/CodeIgniter.php(509): CodeIgniter\CodeIgniter->runController(Object(App\Controllers\Reporte))
 8 SYSTEMPATH/CodeIgniter.php(355): CodeIgniter\CodeIgniter->handleRequest(null, Object(Config\Cache), false)
 9 SYSTEMPATH/Boot.php(325): CodeIgniter\CodeIgniter->run()
10 SYSTEMPATH/Boot.php(67): CodeIgniter\Boot::runCodeIgniter(Object(CodeIgniter\CodeIgniter))
11 FCPATH/index.php(56): CodeIgniter\Boot::bootWeb(Object(Config\Paths))
WARNING - 2025-03-31 09:13:09 --> [DEPRECATED] number_format(): Passing null to parameter #1 ($num) of type float is deprecated in APPPATH/Views/reporte/imprimir_valorado.php on line 99.
 1 APPPATH/Views/reporte/imprimir_valorado.php(99): number_format(null, 2, ',', '.')
 2 SYSTEMPATH/View/View.php(234): include('/home2/usoabumg/public_html/oruro.site/app/Views/reporte/imprimir_valorado.php')
 3 SYSTEMPATH/View/View.php(237): CodeIgniter\View\View->CodeIgniter\View\{closure}()
 4 SYSTEMPATH/Common.php(1171): CodeIgniter\View\View->render('reporte/imprimir_valorado', [], true)
 5 APPPATH/Controllers/Reporte.php(135): view('reporte/imprimir_valorado', [...])
 6 SYSTEMPATH/CodeIgniter.php(933): App\Controllers\Reporte->consolidado()
 7 SYSTEMPATH/CodeIgniter.php(509): CodeIgniter\CodeIgniter->runController(Object(App\Controllers\Reporte))
 8 SYSTEMPATH/CodeIgniter.php(355): CodeIgniter\CodeIgniter->handleRequest(null, Object(Config\Cache), false)
 9 SYSTEMPATH/Boot.php(325): CodeIgniter\CodeIgniter->run()
10 SYSTEMPATH/Boot.php(67): CodeIgniter\Boot::runCodeIgniter(Object(CodeIgniter\CodeIgniter))
11 FCPATH/index.php(56): CodeIgniter\Boot::bootWeb(Object(Config\Paths))
WARNING - 2025-03-31 09:13:09 --> [DEPRECATED] number_format(): Passing null to parameter #1 ($num) of type float is deprecated in APPPATH/Views/reporte/imprimir_valorado.php on line 96.
 1 APPPATH/Views/reporte/imprimir_valorado.php(96): number_format(null, 2, ',', '.')
 2 SYSTEMPATH/View/View.php(234): include('/home2/usoabumg/public_html/oruro.site/app/Views/reporte/imprimir_valorado.php')
 3 SYSTEMPATH/View/View.php(237): CodeIgniter\View\View->CodeIgniter\View\{closure}()
 4 SYSTEMPATH/Common.php(1171): CodeIgniter\View\View->render('reporte/imprimir_valorado', [], true)
 5 APPPATH/Controllers/Reporte.php(135): view('reporte/imprimir_valorado', [...])
 6 SYSTEMPATH/CodeIgniter.php(933): App\Controllers\Reporte->consolidado()
 7 SYSTEMPATH/CodeIgniter.php(509): CodeIgniter\CodeIgniter->runController(Object(App\Controllers\Reporte))
 8 SYSTEMPATH/CodeIgniter.php(355): CodeIgniter\CodeIgniter->handleRequest(null, Object(Config\Cache), false)
 9 SYSTEMPATH/Boot.php(325): CodeIgniter\CodeIgniter->run()
10 SYSTEMPATH/Boot.php(67): CodeIgniter\Boot::runCodeIgniter(Object(CodeIgniter\CodeIgniter))
11 FCPATH/index.php(56): CodeIgniter\Boot::bootWeb(Object(Config\Paths))
WARNING - 2025-03-31 09:13:09 --> [DEPRECATED] number_format(): Passing null to parameter #1 ($num) of type float is deprecated in APPPATH/Views/reporte/imprimir_valorado.php on line 99.
 1 APPPATH/Views/reporte/imprimir_valorado.php(99): number_format(null, 2, ',', '.')
 2 SYSTEMPATH/View/View.php(234): include('/home2/usoabumg/public_html/oruro.site/app/Views/reporte/imprimir_valorado.php')
 3 SYSTEMPATH/View/View.php(237): CodeIgniter\View\View->CodeIgniter\View\{closure}()
 4 SYSTEMPATH/Common.php(1171): CodeIgniter\View\View->render('reporte/imprimir_valorado', [], true)
 5 APPPATH/Controllers/Reporte.php(135): view('reporte/imprimir_valorado', [...])
 6 SYSTEMPATH/CodeIgniter.php(933): App\Controllers\Reporte->consolidado()
 7 SYSTEMPATH/CodeIgniter.php(509): CodeIgniter\CodeIgniter->runController(Object(App\Controllers\Reporte))
 8 SYSTEMPATH/CodeIgniter.php(355): CodeIgniter\CodeIgniter->handleRequest(null, Object(Config\Cache), false)
 9 SYSTEMPATH/Boot.php(325): CodeIgniter\CodeIgniter->run()
10 SYSTEMPATH/Boot.php(67): CodeIgniter\Boot::runCodeIgniter(Object(CodeIgniter\CodeIgniter))
11 FCPATH/index.php(56): CodeIgniter\Boot::bootWeb(Object(Config\Paths))
WARNING - 2025-03-31 09:13:09 --> [DEPRECATED] number_format(): Passing null to parameter #1 ($num) of type float is deprecated in APPPATH/Views/reporte/imprimir_valorado.php on line 96.
 1 APPPATH/Views/reporte/imprimir_valorado.php(96): number_format(null, 2, ',', '.')
 2 SYSTEMPATH/View/View.php(234): include('/home2/usoabumg/public_html/oruro.site/app/Views/reporte/imprimir_valorado.php')
 3 SYSTEMPATH/View/View.php(237): CodeIgniter\View\View->CodeIgniter\View\{closure}()
 4 SYSTEMPATH/Common.php(1171): CodeIgniter\View\View->render('reporte/imprimir_valorado', [], true)
 5 APPPATH/Controllers/Reporte.php(135): view('reporte/imprimir_valorado', [...])
 6 SYSTEMPATH/CodeIgniter.php(933): App\Controllers\Reporte->consolidado()
 7 SYSTEMPATH/CodeIgniter.php(509): CodeIgniter\CodeIgniter->runController(Object(App\Controllers\Reporte))
 8 SYSTEMPATH/CodeIgniter.php(355): CodeIgniter\CodeIgniter->handleRequest(null, Object(Config\Cache), false)
 9 SYSTEMPATH/Boot.php(325): CodeIgniter\CodeIgniter->run()
10 SYSTEMPATH/Boot.php(67): CodeIgniter\Boot::runCodeIgniter(Object(CodeIgniter\CodeIgniter))
11 FCPATH/index.php(56): CodeIgniter\Boot::bootWeb(Object(Config\Paths))
WARNING - 2025-03-31 09:13:09 --> [DEPRECATED] number_format(): Passing null to parameter #1 ($num) of type float is deprecated in APPPATH/Views/reporte/imprimir_valorado.php on line 99.
 1 APPPATH/Views/reporte/imprimir_valorado.php(99): number_format(null, 2, ',', '.')
 2 SYSTEMPATH/View/View.php(234): include('/home2/usoabumg/public_html/oruro.site/app/Views/reporte/imprimir_valorado.php')
 3 SYSTEMPATH/View/View.php(237): CodeIgniter\View\View->CodeIgniter\View\{closure}()
 4 SYSTEMPATH/Common.php(1171): CodeIgniter\View\View->render('reporte/imprimir_valorado', [], true)
 5 APPPATH/Controllers/Reporte.php(135): view('reporte/imprimir_valorado', [...])
 6 SYSTEMPATH/CodeIgniter.php(933): App\Controllers\Reporte->consolidado()
 7 SYSTEMPATH/CodeIgniter.php(509): CodeIgniter\CodeIgniter->runController(Object(App\Controllers\Reporte))
 8 SYSTEMPATH/CodeIgniter.php(355): CodeIgniter\CodeIgniter->handleRequest(null, Object(Config\Cache), false)
 9 SYSTEMPATH/Boot.php(325): CodeIgniter\CodeIgniter->run()
10 SYSTEMPATH/Boot.php(67): CodeIgniter\Boot::runCodeIgniter(Object(CodeIgniter\CodeIgniter))
11 FCPATH/index.php(56): CodeIgniter\Boot::bootWeb(Object(Config\Paths))
WARNING - 2025-03-31 09:13:09 --> [DEPRECATED] number_format(): Passing null to parameter #1 ($num) of type float is deprecated in APPPATH/Views/reporte/imprimir_valorado.php on line 96.
 1 APPPATH/Views/reporte/imprimir_valorado.php(96): number_format(null, 2, ',', '.')
 2 SYSTEMPATH/View/View.php(234): include('/home2/usoabumg/public_html/oruro.site/app/Views/reporte/imprimir_valorado.php')
 3 SYSTEMPATH/View/View.php(237): CodeIgniter\View\View->CodeIgniter\View\{closure}()
 4 SYSTEMPATH/Common.php(1171): CodeIgniter\View\View->render('reporte/imprimir_valorado', [], true)
 5 APPPATH/Controllers/Reporte.php(135): view('reporte/imprimir_valorado', [...])
 6 SYSTEMPATH/CodeIgniter.php(933): App\Controllers\Reporte->consolidado()
 7 SYSTEMPATH/CodeIgniter.php(509): CodeIgniter\CodeIgniter->runController(Object(App\Controllers\Reporte))
 8 SYSTEMPATH/CodeIgniter.php(355): CodeIgniter\CodeIgniter->handleRequest(null, Object(Config\Cache), false)
 9 SYSTEMPATH/Boot.php(325): CodeIgniter\CodeIgniter->run()
10 SYSTEMPATH/Boot.php(67): CodeIgniter\Boot::runCodeIgniter(Object(CodeIgniter\CodeIgniter))
11 FCPATH/index.php(56): CodeIgniter\Boot::bootWeb(Object(Config\Paths))
WARNING - 2025-03-31 09:13:09 --> [DEPRECATED] number_format(): Passing null to parameter #1 ($num) of type float is deprecated in APPPATH/Views/reporte/imprimir_valorado.php on line 99.
 1 APPPATH/Views/reporte/imprimir_valorado.php(99): number_format(null, 2, ',', '.')
 2 SYSTEMPATH/View/View.php(234): include('/home2/usoabumg/public_html/oruro.site/app/Views/reporte/imprimir_valorado.php')
 3 SYSTEMPATH/View/View.php(237): CodeIgniter\View\View->CodeIgniter\View\{closure}()
 4 SYSTEMPATH/Common.php(1171): CodeIgniter\View\View->render('reporte/imprimir_valorado', [], true)
 5 APPPATH/Controllers/Reporte.php(135): view('reporte/imprimir_valorado', [...])
 6 SYSTEMPATH/CodeIgniter.php(933): App\Controllers\Reporte->consolidado()
 7 SYSTEMPATH/CodeIgniter.php(509): CodeIgniter\CodeIgniter->runController(Object(App\Controllers\Reporte))
 8 SYSTEMPATH/CodeIgniter.php(355): CodeIgniter\CodeIgniter->handleRequest(null, Object(Config\Cache), false)
 9 SYSTEMPATH/Boot.php(325): CodeIgniter\CodeIgniter->run()
10 SYSTEMPATH/Boot.php(67): CodeIgniter\Boot::runCodeIgniter(Object(CodeIgniter\CodeIgniter))
11 FCPATH/index.php(56): CodeIgniter\Boot::bootWeb(Object(Config\Paths))
WARNING - 2025-03-31 09:13:09 --> [DEPRECATED] number_format(): Passing null to parameter #1 ($num) of type float is deprecated in APPPATH/Views/reporte/imprimir_valorado.php on line 96.
 1 APPPATH/Views/reporte/imprimir_valorado.php(96): number_format(null, 2, ',', '.')
 2 SYSTEMPATH/View/View.php(234): include('/home2/usoabumg/public_html/oruro.site/app/Views/reporte/imprimir_valorado.php')
 3 SYSTEMPATH/View/View.php(237): CodeIgniter\View\View->CodeIgniter\View\{closure}()
 4 SYSTEMPATH/Common.php(1171): CodeIgniter\View\View->render('reporte/imprimir_valorado', [], true)
 5 APPPATH/Controllers/Reporte.php(135): view('reporte/imprimir_valorado', [...])
 6 SYSTEMPATH/CodeIgniter.php(933): App\Controllers\Reporte->consolidado()
 7 SYSTEMPATH/CodeIgniter.php(509): CodeIgniter\CodeIgniter->runController(Object(App\Controllers\Reporte))
 8 SYSTEMPATH/CodeIgniter.php(355): CodeIgniter\CodeIgniter->handleRequest(null, Object(Config\Cache), false)
 9 SYSTEMPATH/Boot.php(325): CodeIgniter\CodeIgniter->run()
10 SYSTEMPATH/Boot.php(67): CodeIgniter\Boot::runCodeIgniter(Object(CodeIgniter\CodeIgniter))
11 FCPATH/index.php(56): CodeIgniter\Boot::bootWeb(Object(Config\Paths))
WARNING - 2025-03-31 09:13:09 --> [DEPRECATED] number_format(): Passing null to parameter #1 ($num) of type float is deprecated in APPPATH/Views/reporte/imprimir_valorado.php on line 99.
 1 APPPATH/Views/reporte/imprimir_valorado.php(99): number_format(null, 2, ',', '.')
 2 SYSTEMPATH/View/View.php(234): include('/home2/usoabumg/public_html/oruro.site/app/Views/reporte/imprimir_valorado.php')
 3 SYSTEMPATH/View/View.php(237): CodeIgniter\View\View->CodeIgniter\View\{closure}()
 4 SYSTEMPATH/Common.php(1171): CodeIgniter\View\View->render('reporte/imprimir_valorado', [], true)
 5 APPPATH/Controllers/Reporte.php(135): view('reporte/imprimir_valorado', [...])
 6 SYSTEMPATH/CodeIgniter.php(933): App\Controllers\Reporte->consolidado()
 7 SYSTEMPATH/CodeIgniter.php(509): CodeIgniter\CodeIgniter->runController(Object(App\Controllers\Reporte))
 8 SYSTEMPATH/CodeIgniter.php(355): CodeIgniter\CodeIgniter->handleRequest(null, Object(Config\Cache), false)
 9 SYSTEMPATH/Boot.php(325): CodeIgniter\CodeIgniter->run()
10 SYSTEMPATH/Boot.php(67): CodeIgniter\Boot::runCodeIgniter(Object(CodeIgniter\CodeIgniter))
11 FCPATH/index.php(56): CodeIgniter\Boot::bootWeb(Object(Config\Paths))
WARNING - 2025-03-31 09:13:09 --> [DEPRECATED] number_format(): Passing null to parameter #1 ($num) of type float is deprecated in APPPATH/Views/reporte/imprimir_valorado.php on line 96.
 1 APPPATH/Views/reporte/imprimir_valorado.php(96): number_format(null, 2, ',', '.')
 2 SYSTEMPATH/View/View.php(234): include('/home2/usoabumg/public_html/oruro.site/app/Views/reporte/imprimir_valorado.php')
 3 SYSTEMPATH/View/View.php(237): CodeIgniter\View\View->CodeIgniter\View\{closure}()
 4 SYSTEMPATH/Common.php(1171): CodeIgniter\View\View->render('reporte/imprimir_valorado', [], true)
 5 APPPATH/Controllers/Reporte.php(135): view('reporte/imprimir_valorado', [...])
 6 SYSTEMPATH/CodeIgniter.php(933): App\Controllers\Reporte->consolidado()
 7 SYSTEMPATH/CodeIgniter.php(509): CodeIgniter\CodeIgniter->runController(Object(App\Controllers\Reporte))
 8 SYSTEMPATH/CodeIgniter.php(355): CodeIgniter\CodeIgniter->handleRequest(null, Object(Config\Cache), false)
 9 SYSTEMPATH/Boot.php(325): CodeIgniter\CodeIgniter->run()
10 SYSTEMPATH/Boot.php(67): CodeIgniter\Boot::runCodeIgniter(Object(CodeIgniter\CodeIgniter))
11 FCPATH/index.php(56): CodeIgniter\Boot::bootWeb(Object(Config\Paths))
WARNING - 2025-03-31 09:13:09 --> [DEPRECATED] number_format(): Passing null to parameter #1 ($num) of type float is deprecated in APPPATH/Views/reporte/imprimir_valorado.php on line 99.
 1 APPPATH/Views/reporte/imprimir_valorado.php(99): number_format(null, 2, ',', '.')
 2 SYSTEMPATH/View/View.php(234): include('/home2/usoabumg/public_html/oruro.site/app/Views/reporte/imprimir_valorado.php')
 3 SYSTEMPATH/View/View.php(237): CodeIgniter\View\View->CodeIgniter\View\{closure}()
 4 SYSTEMPATH/Common.php(1171): CodeIgniter\View\View->render('reporte/imprimir_valorado', [], true)
 5 APPPATH/Controllers/Reporte.php(135): view('reporte/imprimir_valorado', [...])
 6 SYSTEMPATH/CodeIgniter.php(933): App\Controllers\Reporte->consolidado()
 7 SYSTEMPATH/CodeIgniter.php(509): CodeIgniter\CodeIgniter->runController(Object(App\Controllers\Reporte))
 8 SYSTEMPATH/CodeIgniter.php(355): CodeIgniter\CodeIgniter->handleRequest(null, Object(Config\Cache), false)
 9 SYSTEMPATH/Boot.php(325): CodeIgniter\CodeIgniter->run()
10 SYSTEMPATH/Boot.php(67): CodeIgniter\Boot::runCodeIgniter(Object(CodeIgniter\CodeIgniter))
11 FCPATH/index.php(56): CodeIgniter\Boot::bootWeb(Object(Config\Paths))
INFO - 2025-03-31 09:13:11 --> Session: Class initialized using 'CodeIgniter\Session\Handlers\FileHandler' driver.
INFO - 2025-03-31 09:49:34 --> Session: Class initialized using 'CodeIgniter\Session\Handlers\FileHandler' driver.
INFO - 2025-03-31 09:50:29 --> Session: Class initialized using 'CodeIgniter\Session\Handlers\FileHandler' driver.
INFO - 2025-03-31 09:52:21 --> Session: Class initialized using 'CodeIgniter\Session\Handlers\FileHandler' driver.
INFO - 2025-03-31 09:54:25 --> Session: Class initialized using 'CodeIgniter\Session\Handlers\FileHandler' driver.
INFO - 2025-03-31 10:38:13 --> Session: Class initialized using 'CodeIgniter\Session\Handlers\FileHandler' driver.
CRITICAL - 2025-03-31 11:21:22 --> CodeIgniter\Security\Exceptions\SecurityException: The action you requested is not allowed.
[Method: POST, Route: inicio/login]
in SYSTEMPATH/Security/Security.php on line 262.
 1 SYSTEMPATH/Security/Security.php(262): CodeIgniter\Security\Exceptions\SecurityException::forDisallowedAction()
 2 SYSTEMPATH/Filters/CSRF.php(57): CodeIgniter\Security\Security->verify(Object(CodeIgniter\HTTP\IncomingRequest))
 3 SYSTEMPATH/Filters/Filters.php(205): CodeIgniter\Filters\CSRF->before(Object(CodeIgniter\HTTP\IncomingRequest), null)
 4 SYSTEMPATH/Filters/Filters.php(184): CodeIgniter\Filters\Filters->runBefore([...])
 5 SYSTEMPATH/CodeIgniter.php(481): CodeIgniter\Filters\Filters->run('inicio/login', 'before')
 6 SYSTEMPATH/CodeIgniter.php(355): CodeIgniter\CodeIgniter->handleRequest(null, Object(Config\Cache), false)
 7 SYSTEMPATH/Boot.php(325): CodeIgniter\CodeIgniter->run()
 8 SYSTEMPATH/Boot.php(67): CodeIgniter\Boot::runCodeIgniter(Object(CodeIgniter\CodeIgniter))
 9 FCPATH/index.php(56): CodeIgniter\Boot::bootWeb(Object(Config\Paths))
INFO - 2025-03-31 11:21:23 --> Session: Class initialized using 'CodeIgniter\Session\Handlers\FileHandler' driver.
INFO - 2025-03-31 11:22:16 --> Session: Class initialized using 'CodeIgniter\Session\Handlers\FileHandler' driver.
INFO - 2025-03-31 11:22:20 --> CSRF token verified.
INFO - 2025-03-31 11:22:21 --> Session: Class initialized using 'CodeIgniter\Session\Handlers\FileHandler' driver.
INFO - 2025-03-31 11:22:22 --> Session: Class initialized using 'CodeIgniter\Session\Handlers\FileHandler' driver.
INFO - 2025-03-31 11:28:07 --> Session: Class initialized using 'CodeIgniter\Session\Handlers\FileHandler' driver.
INFO - 2025-03-31 11:28:54 --> Session: Class initialized using 'CodeIgniter\Session\Handlers\FileHandler' driver.
INFO - 2025-03-31 11:29:10 --> Session: Class initialized using 'CodeIgniter\Session\Handlers\FileHandler' driver.
INFO - 2025-03-31 11:29:14 --> Session: Class initialized using 'CodeIgniter\Session\Handlers\FileHandler' driver.
INFO - 2025-03-31 11:29:34 --> Session: Class initialized using 'CodeIgniter\Session\Handlers\FileHandler' driver.
INFO - 2025-03-31 11:29:53 --> CSRF token verified.
INFO - 2025-03-31 11:29:53 --> Session: Class initialized using 'CodeIgniter\Session\Handlers\FileHandler' driver.
INFO - 2025-03-31 11:29:59 --> Session: Class initialized using 'CodeIgniter\Session\Handlers\FileHandler' driver.
INFO - 2025-03-31 11:30:24 --> CSRF token verified.
INFO - 2025-03-31 11:30:26 --> Session: Class initialized using 'CodeIgniter\Session\Handlers\FileHandler' driver.
INFO - 2025-03-31 11:30:26 --> Session: Class initialized using 'CodeIgniter\Session\Handlers\FileHandler' driver.
INFO - 2025-03-31 11:30:31 --> Session: Class initialized using 'CodeIgniter\Session\Handlers\FileHandler' driver.
INFO - 2025-03-31 11:30:45 --> Session: Class initialized using 'CodeIgniter\Session\Handlers\FileHandler' driver.
INFO - 2025-03-31 11:30:49 --> Session: Class initialized using 'CodeIgniter\Session\Handlers\FileHandler' driver.
INFO - 2025-03-31 11:30:53 --> CSRF token verified.
INFO - 2025-03-31 11:30:53 --> Session: Class initialized using 'CodeIgniter\Session\Handlers\FileHandler' driver.
INFO - 2025-03-31 11:30:53 --> Session: Class initialized using 'CodeIgniter\Session\Handlers\FileHandler' driver.
INFO - 2025-03-31 11:31:05 --> Session: Class initialized using 'CodeIgniter\Session\Handlers\FileHandler' driver.
INFO - 2025-03-31 11:31:12 --> Session: Class initialized using 'CodeIgniter\Session\Handlers\FileHandler' driver.
INFO - 2025-03-31 11:31:20 --> Session: Class initialized using 'CodeIgniter\Session\Handlers\FileHandler' driver.
INFO - 2025-03-31 11:31:22 --> Session: Class initialized using 'CodeIgniter\Session\Handlers\FileHandler' driver.
INFO - 2025-03-31 11:31:29 --> Session: Class initialized using 'CodeIgniter\Session\Handlers\FileHandler' driver.
INFO - 2025-03-31 11:31:32 --> Session: Class initialized using 'CodeIgniter\Session\Handlers\FileHandler' driver.
INFO - 2025-03-31 11:31:34 --> Session: Class initialized using 'CodeIgniter\Session\Handlers\FileHandler' driver.
INFO - 2025-03-31 11:31:39 --> Session: Class initialized using 'CodeIgniter\Session\Handlers\FileHandler' driver.
INFO - 2025-03-31 11:31:40 --> Session: Class initialized using 'CodeIgniter\Session\Handlers\FileHandler' driver.
INFO - 2025-03-31 11:31:53 --> Session: Class initialized using 'CodeIgniter\Session\Handlers\FileHandler' driver.
INFO - 2025-03-31 11:31:59 --> Session: Class initialized using 'CodeIgniter\Session\Handlers\FileHandler' driver.
INFO - 2025-03-31 11:32:02 --> Session: Class initialized using 'CodeIgniter\Session\Handlers\FileHandler' driver.
INFO - 2025-03-31 11:32:11 --> Session: Class initialized using 'CodeIgniter\Session\Handlers\FileHandler' driver.
INFO - 2025-03-31 11:32:17 --> Session: Class initialized using 'CodeIgniter\Session\Handlers\FileHandler' driver.
INFO - 2025-03-31 11:32:21 --> Session: Class initialized using 'CodeIgniter\Session\Handlers\FileHandler' driver.
INFO - 2025-03-31 11:32:24 --> Session: Class initialized using 'CodeIgniter\Session\Handlers\FileHandler' driver.
CRITICAL - 2025-03-31 11:32:24 --> ErrorException: Allowed memory size of 33554432 bytes exhausted (tried to allocate 266240 bytes)
[Method: GET, Route: /]
in SYSTEMPATH/Debug/Toolbar.php on line 313.
 1 [internal function]: CodeIgniter\Debug\Exceptions->shutdownHandler()
INFO - 2025-03-31 11:32:52 --> Session: Class initialized using 'CodeIgniter\Session\Handlers\FileHandler' driver.
INFO - 2025-03-31 11:32:56 --> Session: Class initialized using 'CodeIgniter\Session\Handlers\FileHandler' driver.
INFO - 2025-03-31 11:33:03 --> Session: Class initialized using 'CodeIgniter\Session\Handlers\FileHandler' driver.
INFO - 2025-03-31 11:33:08 --> Session: Class initialized using 'CodeIgniter\Session\Handlers\FileHandler' driver.
INFO - 2025-03-31 11:33:45 --> Session: Class initialized using 'CodeIgniter\Session\Handlers\FileHandler' driver.
INFO - 2025-03-31 11:33:48 --> Session: Class initialized using 'CodeIgniter\Session\Handlers\FileHandler' driver.
CRITICAL - 2025-03-31 11:33:48 --> ErrorException: Allowed memory size of 33554432 bytes exhausted (tried to allocate 266240 bytes)
[Method: GET, Route: /]
in SYSTEMPATH/Debug/Toolbar.php on line 313.
 1 [internal function]: CodeIgniter\Debug\Exceptions->shutdownHandler()
INFO - 2025-03-31 11:35:04 --> Session: Class initialized using 'CodeIgniter\Session\Handlers\FileHandler' driver.
INFO - 2025-03-31 11:35:26 --> Session: Class initialized using 'CodeIgniter\Session\Handlers\FileHandler' driver.
CRITICAL - 2025-03-31 11:35:26 --> ErrorException: Allowed memory size of 33554432 bytes exhausted (tried to allocate 266240 bytes)
[Method: GET, Route: /]
in SYSTEMPATH/Debug/Toolbar.php on line 313.
 1 [internal function]: CodeIgniter\Debug\Exceptions->shutdownHandler()
INFO - 2025-03-31 11:41:25 --> Session: Class initialized using 'CodeIgniter\Session\Handlers\FileHandler' driver.
INFO - 2025-03-31 11:41:30 --> Session: Class initialized using 'CodeIgniter\Session\Handlers\FileHandler' driver.
INFO - 2025-03-31 11:41:35 --> Session: Class initialized using 'CodeIgniter\Session\Handlers\FileHandler' driver.
INFO - 2025-03-31 11:41:45 --> Session: Class initialized using 'CodeIgniter\Session\Handlers\FileHandler' driver.
INFO - 2025-03-31 12:17:47 --> Session: Class initialized using 'CodeIgniter\Session\Handlers\FileHandler' driver.
INFO - 2025-03-31 13:26:03 --> Session: Class initialized using 'CodeIgniter\Session\Handlers\FileHandler' driver.
INFO - 2025-03-31 13:27:09 --> Session: Class initialized using 'CodeIgniter\Session\Handlers\FileHandler' driver.
INFO - 2025-03-31 13:28:02 --> Session: Class initialized using 'CodeIgniter\Session\Handlers\FileHandler' driver.
INFO - 2025-03-31 13:29:20 --> Session: Class initialized using 'CodeIgniter\Session\Handlers\FileHandler' driver.
INFO - 2025-03-31 13:33:11 --> Session: Class initialized using 'CodeIgniter\Session\Handlers\FileHandler' driver.
INFO - 2025-03-31 13:33:11 --> Session: Class initialized using 'CodeIgniter\Session\Handlers\FileHandler' driver.
INFO - 2025-03-31 13:33:12 --> Session: Class initialized using 'CodeIgniter\Session\Handlers\FileHandler' driver.
INFO - 2025-03-31 13:33:12 --> Session: Class initialized using 'CodeIgniter\Session\Handlers\FileHandler' driver.
INFO - 2025-03-31 13:33:12 --> Session: Class initialized using 'CodeIgniter\Session\Handlers\FileHandler' driver.
INFO - 2025-03-31 13:33:13 --> Session: Class initialized using 'CodeIgniter\Session\Handlers\FileHandler' driver.
INFO - 2025-03-31 13:38:58 --> Session: Class initialized using 'CodeIgniter\Session\Handlers\FileHandler' driver.
INFO - 2025-03-31 13:39:00 --> Session: Class initialized using 'CodeIgniter\Session\Handlers\FileHandler' driver.
INFO - 2025-03-31 13:46:54 --> Session: Class initialized using 'CodeIgniter\Session\Handlers\FileHandler' driver.
INFO - 2025-03-31 14:21:51 --> Session: Class initialized using 'CodeIgniter\Session\Handlers\FileHandler' driver.
INFO - 2025-03-31 14:26:01 --> Session: Class initialized using 'CodeIgniter\Session\Handlers\FileHandler' driver.
INFO - 2025-03-31 14:29:54 --> Session: Class initialized using 'CodeIgniter\Session\Handlers\FileHandler' driver.
INFO - 2025-03-31 14:33:39 --> Session: Class initialized using 'CodeIgniter\Session\Handlers\FileHandler' driver.
INFO - 2025-03-31 14:38:05 --> Session: Class initialized using 'CodeIgniter\Session\Handlers\FileHandler' driver.
INFO - 2025-03-31 14:38:09 --> CSRF token verified.
INFO - 2025-03-31 14:38:11 --> Session: Class initialized using 'CodeIgniter\Session\Handlers\FileHandler' driver.
INFO - 2025-03-31 14:38:12 --> Session: Class initialized using 'CodeIgniter\Session\Handlers\FileHandler' driver.
INFO - 2025-03-31 14:38:18 --> Session: Class initialized using 'CodeIgniter\Session\Handlers\FileHandler' driver.
INFO - 2025-03-31 14:38:22 --> Session: Class initialized using 'CodeIgniter\Session\Handlers\FileHandler' driver.
CRITICAL - 2025-03-31 14:38:24 --> ErrorException: Allowed memory size of 33554432 bytes exhausted (tried to allocate 266240 bytes)
[Method: GET, Route: /]
in SYSTEMPATH/Debug/Toolbar.php on line 313.
 1 [internal function]: CodeIgniter\Debug\Exceptions->shutdownHandler()
INFO - 2025-03-31 14:38:24 --> Session: Class initialized using 'CodeIgniter\Session\Handlers\FileHandler' driver.
INFO - 2025-03-31 14:38:46 --> Session: Class initialized using 'CodeIgniter\Session\Handlers\FileHandler' driver.
CRITICAL - 2025-03-31 14:38:48 --> ErrorException: Allowed memory size of 33554432 bytes exhausted (tried to allocate 266240 bytes)
[Method: GET, Route: /]
in SYSTEMPATH/Debug/Toolbar.php on line 313.
 1 [internal function]: CodeIgniter\Debug\Exceptions->shutdownHandler()
INFO - 2025-03-31 14:38:48 --> Session: Class initialized using 'CodeIgniter\Session\Handlers\FileHandler' driver.
INFO - 2025-03-31 14:39:09 --> Session: Class initialized using 'CodeIgniter\Session\Handlers\FileHandler' driver.
INFO - 2025-03-31 14:39:09 --> Session: Class initialized using 'CodeIgniter\Session\Handlers\FileHandler' driver.
CRITICAL - 2025-03-31 14:39:09 --> ErrorException: Undefined variable $data
[Method: GET, Route: reporte/consolidado_fisico]
in APPPATH/Controllers/Reporte.php on line 171.
 1 APPPATH/Controllers/Reporte.php(171): CodeIgniter\Debug\Exceptions->errorHandler(2, 'Undefined variable $data', '/home2/usoabumg/public_html/oruro.site/app/Controllers/Reporte.php', 171)
 2 SYSTEMPATH/CodeIgniter.php(933): App\Controllers\Reporte->consolidado_fisico()
 3 SYSTEMPATH/CodeIgniter.php(509): CodeIgniter\CodeIgniter->runController(Object(App\Controllers\Reporte))
 4 SYSTEMPATH/CodeIgniter.php(355): CodeIgniter\CodeIgniter->handleRequest(null, Object(Config\Cache), false)
 5 SYSTEMPATH/Boot.php(325): CodeIgniter\CodeIgniter->run()
 6 SYSTEMPATH/Boot.php(67): CodeIgniter\Boot::runCodeIgniter(Object(CodeIgniter\CodeIgniter))
 7 FCPATH/index.php(56): CodeIgniter\Boot::bootWeb(Object(Config\Paths))
INFO - 2025-03-31 14:39:10 --> Session: Class initialized using 'CodeIgniter\Session\Handlers\FileHandler' driver.
INFO - 2025-03-31 14:39:14 --> Session: Class initialized using 'CodeIgniter\Session\Handlers\FileHandler' driver.
INFO - 2025-03-31 14:39:14 --> Session: Class initialized using 'CodeIgniter\Session\Handlers\FileHandler' driver.
CRITICAL - 2025-03-31 14:39:14 --> ErrorException: Undefined variable $data
[Method: GET, Route: reporte/consolidado]
in APPPATH/Controllers/Reporte.php on line 132.
 1 APPPATH/Controllers/Reporte.php(132): CodeIgniter\Debug\Exceptions->errorHandler(2, 'Undefined variable $data', '/home2/usoabumg/public_html/oruro.site/app/Controllers/Reporte.php', 132)
 2 SYSTEMPATH/CodeIgniter.php(933): App\Controllers\Reporte->consolidado()
 3 SYSTEMPATH/CodeIgniter.php(509): CodeIgniter\CodeIgniter->runController(Object(App\Controllers\Reporte))
 4 SYSTEMPATH/CodeIgniter.php(355): CodeIgniter\CodeIgniter->handleRequest(null, Object(Config\Cache), false)
 5 SYSTEMPATH/Boot.php(325): CodeIgniter\CodeIgniter->run()
 6 SYSTEMPATH/Boot.php(67): CodeIgniter\Boot::runCodeIgniter(Object(CodeIgniter\CodeIgniter))
 7 FCPATH/index.php(56): CodeIgniter\Boot::bootWeb(Object(Config\Paths))
INFO - 2025-03-31 14:39:15 --> Session: Class initialized using 'CodeIgniter\Session\Handlers\FileHandler' driver.
INFO - 2025-03-31 14:39:20 --> Session: Class initialized using 'CodeIgniter\Session\Handlers\FileHandler' driver.
INFO - 2025-03-31 14:39:20 --> Session: Class initialized using 'CodeIgniter\Session\Handlers\FileHandler' driver.
WARNING - 2025-03-31 14:39:20 --> [DEPRECATED] number_format(): Passing null to parameter #1 ($num) of type float is deprecated in APPPATH/Views/reporte/imprimir_valorado.php on line 96.
 1 APPPATH/Views/reporte/imprimir_valorado.php(96): number_format(null, 2, ',', '.')
 2 SYSTEMPATH/View/View.php(234): include('/home2/usoabumg/public_html/oruro.site/app/Views/reporte/imprimir_valorado.php')
 3 SYSTEMPATH/View/View.php(237): CodeIgniter\View\View->CodeIgniter\View\{closure}()
 4 SYSTEMPATH/Common.php(1171): CodeIgniter\View\View->render('reporte/imprimir_valorado', [], true)
 5 APPPATH/Controllers/Reporte.php(135): view('reporte/imprimir_valorado', [...])
 6 SYSTEMPATH/CodeIgniter.php(933): App\Controllers\Reporte->consolidado()
 7 SYSTEMPATH/CodeIgniter.php(509): CodeIgniter\CodeIgniter->runController(Object(App\Controllers\Reporte))
 8 SYSTEMPATH/CodeIgniter.php(355): CodeIgniter\CodeIgniter->handleRequest(null, Object(Config\Cache), false)
 9 SYSTEMPATH/Boot.php(325): CodeIgniter\CodeIgniter->run()
10 SYSTEMPATH/Boot.php(67): CodeIgniter\Boot::runCodeIgniter(Object(CodeIgniter\CodeIgniter))
11 FCPATH/index.php(56): CodeIgniter\Boot::bootWeb(Object(Config\Paths))
WARNING - 2025-03-31 14:39:20 --> [DEPRECATED] number_format(): Passing null to parameter #1 ($num) of type float is deprecated in APPPATH/Views/reporte/imprimir_valorado.php on line 99.
 1 APPPATH/Views/reporte/imprimir_valorado.php(99): number_format(null, 2, ',', '.')
 2 SYSTEMPATH/View/View.php(234): include('/home2/usoabumg/public_html/oruro.site/app/Views/reporte/imprimir_valorado.php')
 3 SYSTEMPATH/View/View.php(237): CodeIgniter\View\View->CodeIgniter\View\{closure}()
 4 SYSTEMPATH/Common.php(1171): CodeIgniter\View\View->render('reporte/imprimir_valorado', [], true)
 5 APPPATH/Controllers/Reporte.php(135): view('reporte/imprimir_valorado', [...])
 6 SYSTEMPATH/CodeIgniter.php(933): App\Controllers\Reporte->consolidado()
 7 SYSTEMPATH/CodeIgniter.php(509): CodeIgniter\CodeIgniter->runController(Object(App\Controllers\Reporte))
 8 SYSTEMPATH/CodeIgniter.php(355): CodeIgniter\CodeIgniter->handleRequest(null, Object(Config\Cache), false)
 9 SYSTEMPATH/Boot.php(325): CodeIgniter\CodeIgniter->run()
10 SYSTEMPATH/Boot.php(67): CodeIgniter\Boot::runCodeIgniter(Object(CodeIgniter\CodeIgniter))
11 FCPATH/index.php(56): CodeIgniter\Boot::bootWeb(Object(Config\Paths))
WARNING - 2025-03-31 14:39:20 --> [DEPRECATED] number_format(): Passing null to parameter #1 ($num) of type float is deprecated in APPPATH/Views/reporte/imprimir_valorado.php on line 96.
 1 APPPATH/Views/reporte/imprimir_valorado.php(96): number_format(null, 2, ',', '.')
 2 SYSTEMPATH/View/View.php(234): include('/home2/usoabumg/public_html/oruro.site/app/Views/reporte/imprimir_valorado.php')
 3 SYSTEMPATH/View/View.php(237): CodeIgniter\View\View->CodeIgniter\View\{closure}()
 4 SYSTEMPATH/Common.php(1171): CodeIgniter\View\View->render('reporte/imprimir_valorado', [], true)
 5 APPPATH/Controllers/Reporte.php(135): view('reporte/imprimir_valorado', [...])
 6 SYSTEMPATH/CodeIgniter.php(933): App\Controllers\Reporte->consolidado()
 7 SYSTEMPATH/CodeIgniter.php(509): CodeIgniter\CodeIgniter->runController(Object(App\Controllers\Reporte))
 8 SYSTEMPATH/CodeIgniter.php(355): CodeIgniter\CodeIgniter->handleRequest(null, Object(Config\Cache), false)
 9 SYSTEMPATH/Boot.php(325): CodeIgniter\CodeIgniter->run()
10 SYSTEMPATH/Boot.php(67): CodeIgniter\Boot::runCodeIgniter(Object(CodeIgniter\CodeIgniter))
11 FCPATH/index.php(56): CodeIgniter\Boot::bootWeb(Object(Config\Paths))
WARNING - 2025-03-31 14:39:20 --> [DEPRECATED] number_format(): Passing null to parameter #1 ($num) of type float is deprecated in APPPATH/Views/reporte/imprimir_valorado.php on line 99.
 1 APPPATH/Views/reporte/imprimir_valorado.php(99): number_format(null, 2, ',', '.')
 2 SYSTEMPATH/View/View.php(234): include('/home2/usoabumg/public_html/oruro.site/app/Views/reporte/imprimir_valorado.php')
 3 SYSTEMPATH/View/View.php(237): CodeIgniter\View\View->CodeIgniter\View\{closure}()
 4 SYSTEMPATH/Common.php(1171): CodeIgniter\View\View->render('reporte/imprimir_valorado', [], true)
 5 APPPATH/Controllers/Reporte.php(135): view('reporte/imprimir_valorado', [...])
 6 SYSTEMPATH/CodeIgniter.php(933): App\Controllers\Reporte->consolidado()
 7 SYSTEMPATH/CodeIgniter.php(509): CodeIgniter\CodeIgniter->runController(Object(App\Controllers\Reporte))
 8 SYSTEMPATH/CodeIgniter.php(355): CodeIgniter\CodeIgniter->handleRequest(null, Object(Config\Cache), false)
 9 SYSTEMPATH/Boot.php(325): CodeIgniter\CodeIgniter->run()
10 SYSTEMPATH/Boot.php(67): CodeIgniter\Boot::runCodeIgniter(Object(CodeIgniter\CodeIgniter))
11 FCPATH/index.php(56): CodeIgniter\Boot::bootWeb(Object(Config\Paths))
WARNING - 2025-03-31 14:39:20 --> [DEPRECATED] number_format(): Passing null to parameter #1 ($num) of type float is deprecated in APPPATH/Views/reporte/imprimir_valorado.php on line 96.
 1 APPPATH/Views/reporte/imprimir_valorado.php(96): number_format(null, 2, ',', '.')
 2 SYSTEMPATH/View/View.php(234): include('/home2/usoabumg/public_html/oruro.site/app/Views/reporte/imprimir_valorado.php')
 3 SYSTEMPATH/View/View.php(237): CodeIgniter\View\View->CodeIgniter\View\{closure}()
 4 SYSTEMPATH/Common.php(1171): CodeIgniter\View\View->render('reporte/imprimir_valorado', [], true)
 5 APPPATH/Controllers/Reporte.php(135): view('reporte/imprimir_valorado', [...])
 6 SYSTEMPATH/CodeIgniter.php(933): App\Controllers\Reporte->consolidado()
 7 SYSTEMPATH/CodeIgniter.php(509): CodeIgniter\CodeIgniter->runController(Object(App\Controllers\Reporte))
 8 SYSTEMPATH/CodeIgniter.php(355): CodeIgniter\CodeIgniter->handleRequest(null, Object(Config\Cache), false)
 9 SYSTEMPATH/Boot.php(325): CodeIgniter\CodeIgniter->run()
10 SYSTEMPATH/Boot.php(67): CodeIgniter\Boot::runCodeIgniter(Object(CodeIgniter\CodeIgniter))
11 FCPATH/index.php(56): CodeIgniter\Boot::bootWeb(Object(Config\Paths))
WARNING - 2025-03-31 14:39:20 --> [DEPRECATED] number_format(): Passing null to parameter #1 ($num) of type float is deprecated in APPPATH/Views/reporte/imprimir_valorado.php on line 99.
 1 APPPATH/Views/reporte/imprimir_valorado.php(99): number_format(null, 2, ',', '.')
 2 SYSTEMPATH/View/View.php(234): include('/home2/usoabumg/public_html/oruro.site/app/Views/reporte/imprimir_valorado.php')
 3 SYSTEMPATH/View/View.php(237): CodeIgniter\View\View->CodeIgniter\View\{closure}()
 4 SYSTEMPATH/Common.php(1171): CodeIgniter\View\View->render('reporte/imprimir_valorado', [], true)
 5 APPPATH/Controllers/Reporte.php(135): view('reporte/imprimir_valorado', [...])
 6 SYSTEMPATH/CodeIgniter.php(933): App\Controllers\Reporte->consolidado()
 7 SYSTEMPATH/CodeIgniter.php(509): CodeIgniter\CodeIgniter->runController(Object(App\Controllers\Reporte))
 8 SYSTEMPATH/CodeIgniter.php(355): CodeIgniter\CodeIgniter->handleRequest(null, Object(Config\Cache), false)
 9 SYSTEMPATH/Boot.php(325): CodeIgniter\CodeIgniter->run()
10 SYSTEMPATH/Boot.php(67): CodeIgniter\Boot::runCodeIgniter(Object(CodeIgniter\CodeIgniter))
11 FCPATH/index.php(56): CodeIgniter\Boot::bootWeb(Object(Config\Paths))
WARNING - 2025-03-31 14:39:20 --> [DEPRECATED] number_format(): Passing null to parameter #1 ($num) of type float is deprecated in APPPATH/Views/reporte/imprimir_valorado.php on line 96.
 1 APPPATH/Views/reporte/imprimir_valorado.php(96): number_format(null, 2, ',', '.')
 2 SYSTEMPATH/View/View.php(234): include('/home2/usoabumg/public_html/oruro.site/app/Views/reporte/imprimir_valorado.php')
 3 SYSTEMPATH/View/View.php(237): CodeIgniter\View\View->CodeIgniter\View\{closure}()
 4 SYSTEMPATH/Common.php(1171): CodeIgniter\View\View->render('reporte/imprimir_valorado', [], true)
 5 APPPATH/Controllers/Reporte.php(135): view('reporte/imprimir_valorado', [...])
 6 SYSTEMPATH/CodeIgniter.php(933): App\Controllers\Reporte->consolidado()
 7 SYSTEMPATH/CodeIgniter.php(509): CodeIgniter\CodeIgniter->runController(Object(App\Controllers\Reporte))
 8 SYSTEMPATH/CodeIgniter.php(355): CodeIgniter\CodeIgniter->handleRequest(null, Object(Config\Cache), false)
 9 SYSTEMPATH/Boot.php(325): CodeIgniter\CodeIgniter->run()
10 SYSTEMPATH/Boot.php(67): CodeIgniter\Boot::runCodeIgniter(Object(CodeIgniter\CodeIgniter))
11 FCPATH/index.php(56): CodeIgniter\Boot::bootWeb(Object(Config\Paths))
WARNING - 2025-03-31 14:39:20 --> [DEPRECATED] number_format(): Passing null to parameter #1 ($num) of type float is deprecated in APPPATH/Views/reporte/imprimir_valorado.php on line 99.
 1 APPPATH/Views/reporte/imprimir_valorado.php(99): number_format(null, 2, ',', '.')
 2 SYSTEMPATH/View/View.php(234): include('/home2/usoabumg/public_html/oruro.site/app/Views/reporte/imprimir_valorado.php')
 3 SYSTEMPATH/View/View.php(237): CodeIgniter\View\View->CodeIgniter\View\{closure}()
 4 SYSTEMPATH/Common.php(1171): CodeIgniter\View\View->render('reporte/imprimir_valorado', [], true)
 5 APPPATH/Controllers/Reporte.php(135): view('reporte/imprimir_valorado', [...])
 6 SYSTEMPATH/CodeIgniter.php(933): App\Controllers\Reporte->consolidado()
 7 SYSTEMPATH/CodeIgniter.php(509): CodeIgniter\CodeIgniter->runController(Object(App\Controllers\Reporte))
 8 SYSTEMPATH/CodeIgniter.php(355): CodeIgniter\CodeIgniter->handleRequest(null, Object(Config\Cache), false)
 9 SYSTEMPATH/Boot.php(325): CodeIgniter\CodeIgniter->run()
10 SYSTEMPATH/Boot.php(67): CodeIgniter\Boot::runCodeIgniter(Object(CodeIgniter\CodeIgniter))
11 FCPATH/index.php(56): CodeIgniter\Boot::bootWeb(Object(Config\Paths))
WARNING - 2025-03-31 14:39:20 --> [DEPRECATED] number_format(): Passing null to parameter #1 ($num) of type float is deprecated in APPPATH/Views/reporte/imprimir_valorado.php on line 96.
 1 APPPATH/Views/reporte/imprimir_valorado.php(96): number_format(null, 2, ',', '.')
 2 SYSTEMPATH/View/View.php(234): include('/home2/usoabumg/public_html/oruro.site/app/Views/reporte/imprimir_valorado.php')
 3 SYSTEMPATH/View/View.php(237): CodeIgniter\View\View->CodeIgniter\View\{closure}()
 4 SYSTEMPATH/Common.php(1171): CodeIgniter\View\View->render('reporte/imprimir_valorado', [], true)
 5 APPPATH/Controllers/Reporte.php(135): view('reporte/imprimir_valorado', [...])
 6 SYSTEMPATH/CodeIgniter.php(933): App\Controllers\Reporte->consolidado()
 7 SYSTEMPATH/CodeIgniter.php(509): CodeIgniter\CodeIgniter->runController(Object(App\Controllers\Reporte))
 8 SYSTEMPATH/CodeIgniter.php(355): CodeIgniter\CodeIgniter->handleRequest(null, Object(Config\Cache), false)
 9 SYSTEMPATH/Boot.php(325): CodeIgniter\CodeIgniter->run()
10 SYSTEMPATH/Boot.php(67): CodeIgniter\Boot::runCodeIgniter(Object(CodeIgniter\CodeIgniter))
11 FCPATH/index.php(56): CodeIgniter\Boot::bootWeb(Object(Config\Paths))
WARNING - 2025-03-31 14:39:20 --> [DEPRECATED] number_format(): Passing null to parameter #1 ($num) of type float is deprecated in APPPATH/Views/reporte/imprimir_valorado.php on line 99.
 1 APPPATH/Views/reporte/imprimir_valorado.php(99): number_format(null, 2, ',', '.')
 2 SYSTEMPATH/View/View.php(234): include('/home2/usoabumg/public_html/oruro.site/app/Views/reporte/imprimir_valorado.php')
 3 SYSTEMPATH/View/View.php(237): CodeIgniter\View\View->CodeIgniter\View\{closure}()
 4 SYSTEMPATH/Common.php(1171): CodeIgniter\View\View->render('reporte/imprimir_valorado', [], true)
 5 APPPATH/Controllers/Reporte.php(135): view('reporte/imprimir_valorado', [...])
 6 SYSTEMPATH/CodeIgniter.php(933): App\Controllers\Reporte->consolidado()
 7 SYSTEMPATH/CodeIgniter.php(509): CodeIgniter\CodeIgniter->runController(Object(App\Controllers\Reporte))
 8 SYSTEMPATH/CodeIgniter.php(355): CodeIgniter\CodeIgniter->handleRequest(null, Object(Config\Cache), false)
 9 SYSTEMPATH/Boot.php(325): CodeIgniter\CodeIgniter->run()
10 SYSTEMPATH/Boot.php(67): CodeIgniter\Boot::runCodeIgniter(Object(CodeIgniter\CodeIgniter))
11 FCPATH/index.php(56): CodeIgniter\Boot::bootWeb(Object(Config\Paths))
WARNING - 2025-03-31 14:39:20 --> [DEPRECATED] number_format(): Passing null to parameter #1 ($num) of type float is deprecated in APPPATH/Views/reporte/imprimir_valorado.php on line 96.
 1 APPPATH/Views/reporte/imprimir_valorado.php(96): number_format(null, 2, ',', '.')
 2 SYSTEMPATH/View/View.php(234): include('/home2/usoabumg/public_html/oruro.site/app/Views/reporte/imprimir_valorado.php')
 3 SYSTEMPATH/View/View.php(237): CodeIgniter\View\View->CodeIgniter\View\{closure}()
 4 SYSTEMPATH/Common.php(1171): CodeIgniter\View\View->render('reporte/imprimir_valorado', [], true)
 5 APPPATH/Controllers/Reporte.php(135): view('reporte/imprimir_valorado', [...])
 6 SYSTEMPATH/CodeIgniter.php(933): App\Controllers\Reporte->consolidado()
 7 SYSTEMPATH/CodeIgniter.php(509): CodeIgniter\CodeIgniter->runController(Object(App\Controllers\Reporte))
 8 SYSTEMPATH/CodeIgniter.php(355): CodeIgniter\CodeIgniter->handleRequest(null, Object(Config\Cache), false)
 9 SYSTEMPATH/Boot.php(325): CodeIgniter\CodeIgniter->run()
10 SYSTEMPATH/Boot.php(67): CodeIgniter\Boot::runCodeIgniter(Object(CodeIgniter\CodeIgniter))
11 FCPATH/index.php(56): CodeIgniter\Boot::bootWeb(Object(Config\Paths))
WARNING - 2025-03-31 14:39:20 --> [DEPRECATED] number_format(): Passing null to parameter #1 ($num) of type float is deprecated in APPPATH/Views/reporte/imprimir_valorado.php on line 99.
 1 APPPATH/Views/reporte/imprimir_valorado.php(99): number_format(null, 2, ',', '.')
 2 SYSTEMPATH/View/View.php(234): include('/home2/usoabumg/public_html/oruro.site/app/Views/reporte/imprimir_valorado.php')
 3 SYSTEMPATH/View/View.php(237): CodeIgniter\View\View->CodeIgniter\View\{closure}()
 4 SYSTEMPATH/Common.php(1171): CodeIgniter\View\View->render('reporte/imprimir_valorado', [], true)
 5 APPPATH/Controllers/Reporte.php(135): view('reporte/imprimir_valorado', [...])
 6 SYSTEMPATH/CodeIgniter.php(933): App\Controllers\Reporte->consolidado()
 7 SYSTEMPATH/CodeIgniter.php(509): CodeIgniter\CodeIgniter->runController(Object(App\Controllers\Reporte))
 8 SYSTEMPATH/CodeIgniter.php(355): CodeIgniter\CodeIgniter->handleRequest(null, Object(Config\Cache), false)
 9 SYSTEMPATH/Boot.php(325): CodeIgniter\CodeIgniter->run()
10 SYSTEMPATH/Boot.php(67): CodeIgniter\Boot::runCodeIgniter(Object(CodeIgniter\CodeIgniter))
11 FCPATH/index.php(56): CodeIgniter\Boot::bootWeb(Object(Config\Paths))
WARNING - 2025-03-31 14:39:20 --> [DEPRECATED] number_format(): Passing null to parameter #1 ($num) of type float is deprecated in APPPATH/Views/reporte/imprimir_valorado.php on line 96.
 1 APPPATH/Views/reporte/imprimir_valorado.php(96): number_format(null, 2, ',', '.')
 2 SYSTEMPATH/View/View.php(234): include('/home2/usoabumg/public_html/oruro.site/app/Views/reporte/imprimir_valorado.php')
 3 SYSTEMPATH/View/View.php(237): CodeIgniter\View\View->CodeIgniter\View\{closure}()
 4 SYSTEMPATH/Common.php(1171): CodeIgniter\View\View->render('reporte/imprimir_valorado', [], true)
 5 APPPATH/Controllers/Reporte.php(135): view('reporte/imprimir_valorado', [...])
 6 SYSTEMPATH/CodeIgniter.php(933): App\Controllers\Reporte->consolidado()
 7 SYSTEMPATH/CodeIgniter.php(509): CodeIgniter\CodeIgniter->runController(Object(App\Controllers\Reporte))
 8 SYSTEMPATH/CodeIgniter.php(355): CodeIgniter\CodeIgniter->handleRequest(null, Object(Config\Cache), false)
 9 SYSTEMPATH/Boot.php(325): CodeIgniter\CodeIgniter->run()
10 SYSTEMPATH/Boot.php(67): CodeIgniter\Boot::runCodeIgniter(Object(CodeIgniter\CodeIgniter))
11 FCPATH/index.php(56): CodeIgniter\Boot::bootWeb(Object(Config\Paths))
WARNING - 2025-03-31 14:39:20 --> [DEPRECATED] number_format(): Passing null to parameter #1 ($num) of type float is deprecated in APPPATH/Views/reporte/imprimir_valorado.php on line 99.
 1 APPPATH/Views/reporte/imprimir_valorado.php(99): number_format(null, 2, ',', '.')
 2 SYSTEMPATH/View/View.php(234): include('/home2/usoabumg/public_html/oruro.site/app/Views/reporte/imprimir_valorado.php')
 3 SYSTEMPATH/View/View.php(237): CodeIgniter\View\View->CodeIgniter\View\{closure}()
 4 SYSTEMPATH/Common.php(1171): CodeIgniter\View\View->render('reporte/imprimir_valorado', [], true)
 5 APPPATH/Controllers/Reporte.php(135): view('reporte/imprimir_valorado', [...])
 6 SYSTEMPATH/CodeIgniter.php(933): App\Controllers\Reporte->consolidado()
 7 SYSTEMPATH/CodeIgniter.php(509): CodeIgniter\CodeIgniter->runController(Object(App\Controllers\Reporte))
 8 SYSTEMPATH/CodeIgniter.php(355): CodeIgniter\CodeIgniter->handleRequest(null, Object(Config\Cache), false)
 9 SYSTEMPATH/Boot.php(325): CodeIgniter\CodeIgniter->run()
10 SYSTEMPATH/Boot.php(67): CodeIgniter\Boot::runCodeIgniter(Object(CodeIgniter\CodeIgniter))
11 FCPATH/index.php(56): CodeIgniter\Boot::bootWeb(Object(Config\Paths))
WARNING - 2025-03-31 14:39:20 --> [DEPRECATED] number_format(): Passing null to parameter #1 ($num) of type float is deprecated in APPPATH/Views/reporte/imprimir_valorado.php on line 96.
 1 APPPATH/Views/reporte/imprimir_valorado.php(96): number_format(null, 2, ',', '.')
 2 SYSTEMPATH/View/View.php(234): include('/home2/usoabumg/public_html/oruro.site/app/Views/reporte/imprimir_valorado.php')
 3 SYSTEMPATH/View/View.php(237): CodeIgniter\View\View->CodeIgniter\View\{closure}()
 4 SYSTEMPATH/Common.php(1171): CodeIgniter\View\View->render('reporte/imprimir_valorado', [], true)
 5 APPPATH/Controllers/Reporte.php(135): view('reporte/imprimir_valorado', [...])
 6 SYSTEMPATH/CodeIgniter.php(933): App\Controllers\Reporte->consolidado()
 7 SYSTEMPATH/CodeIgniter.php(509): CodeIgniter\CodeIgniter->runController(Object(App\Controllers\Reporte))
 8 SYSTEMPATH/CodeIgniter.php(355): CodeIgniter\CodeIgniter->handleRequest(null, Object(Config\Cache), false)
 9 SYSTEMPATH/Boot.php(325): CodeIgniter\CodeIgniter->run()
10 SYSTEMPATH/Boot.php(67): CodeIgniter\Boot::runCodeIgniter(Object(CodeIgniter\CodeIgniter))
11 FCPATH/index.php(56): CodeIgniter\Boot::bootWeb(Object(Config\Paths))
WARNING - 2025-03-31 14:39:20 --> [DEPRECATED] number_format(): Passing null to parameter #1 ($num) of type float is deprecated in APPPATH/Views/reporte/imprimir_valorado.php on line 99.
 1 APPPATH/Views/reporte/imprimir_valorado.php(99): number_format(null, 2, ',', '.')
 2 SYSTEMPATH/View/View.php(234): include('/home2/usoabumg/public_html/oruro.site/app/Views/reporte/imprimir_valorado.php')
 3 SYSTEMPATH/View/View.php(237): CodeIgniter\View\View->CodeIgniter\View\{closure}()
 4 SYSTEMPATH/Common.php(1171): CodeIgniter\View\View->render('reporte/imprimir_valorado', [], true)
 5 APPPATH/Controllers/Reporte.php(135): view('reporte/imprimir_valorado', [...])
 6 SYSTEMPATH/CodeIgniter.php(933): App\Controllers\Reporte->consolidado()
 7 SYSTEMPATH/CodeIgniter.php(509): CodeIgniter\CodeIgniter->runController(Object(App\Controllers\Reporte))
 8 SYSTEMPATH/CodeIgniter.php(355): CodeIgniter\CodeIgniter->handleRequest(null, Object(Config\Cache), false)
 9 SYSTEMPATH/Boot.php(325): CodeIgniter\CodeIgniter->run()
10 SYSTEMPATH/Boot.php(67): CodeIgniter\Boot::runCodeIgniter(Object(CodeIgniter\CodeIgniter))
11 FCPATH/index.php(56): CodeIgniter\Boot::bootWeb(Object(Config\Paths))
WARNING - 2025-03-31 14:39:20 --> [DEPRECATED] number_format(): Passing null to parameter #1 ($num) of type float is deprecated in APPPATH/Views/reporte/imprimir_valorado.php on line 96.
 1 APPPATH/Views/reporte/imprimir_valorado.php(96): number_format(null, 2, ',', '.')
 2 SYSTEMPATH/View/View.php(234): include('/home2/usoabumg/public_html/oruro.site/app/Views/reporte/imprimir_valorado.php')
 3 SYSTEMPATH/View/View.php(237): CodeIgniter\View\View->CodeIgniter\View\{closure}()
 4 SYSTEMPATH/Common.php(1171): CodeIgniter\View\View->render('reporte/imprimir_valorado', [], true)
 5 APPPATH/Controllers/Reporte.php(135): view('reporte/imprimir_valorado', [...])
 6 SYSTEMPATH/CodeIgniter.php(933): App\Controllers\Reporte->consolidado()
 7 SYSTEMPATH/CodeIgniter.php(509): CodeIgniter\CodeIgniter->runController(Object(App\Controllers\Reporte))
 8 SYSTEMPATH/CodeIgniter.php(355): CodeIgniter\CodeIgniter->handleRequest(null, Object(Config\Cache), false)
 9 SYSTEMPATH/Boot.php(325): CodeIgniter\CodeIgniter->run()
10 SYSTEMPATH/Boot.php(67): CodeIgniter\Boot::runCodeIgniter(Object(CodeIgniter\CodeIgniter))
11 FCPATH/index.php(56): CodeIgniter\Boot::bootWeb(Object(Config\Paths))
WARNING - 2025-03-31 14:39:20 --> [DEPRECATED] number_format(): Passing null to parameter #1 ($num) of type float is deprecated in APPPATH/Views/reporte/imprimir_valorado.php on line 99.
 1 APPPATH/Views/reporte/imprimir_valorado.php(99): number_format(null, 2, ',', '.')
 2 SYSTEMPATH/View/View.php(234): include('/home2/usoabumg/public_html/oruro.site/app/Views/reporte/imprimir_valorado.php')
 3 SYSTEMPATH/View/View.php(237): CodeIgniter\View\View->CodeIgniter\View\{closure}()
 4 SYSTEMPATH/Common.php(1171): CodeIgniter\View\View->render('reporte/imprimir_valorado', [], true)
 5 APPPATH/Controllers/Reporte.php(135): view('reporte/imprimir_valorado', [...])
 6 SYSTEMPATH/CodeIgniter.php(933): App\Controllers\Reporte->consolidado()
 7 SYSTEMPATH/CodeIgniter.php(509): CodeIgniter\CodeIgniter->runController(Object(App\Controllers\Reporte))
 8 SYSTEMPATH/CodeIgniter.php(355): CodeIgniter\CodeIgniter->handleRequest(null, Object(Config\Cache), false)
 9 SYSTEMPATH/Boot.php(325): CodeIgniter\CodeIgniter->run()
10 SYSTEMPATH/Boot.php(67): CodeIgniter\Boot::runCodeIgniter(Object(CodeIgniter\CodeIgniter))
11 FCPATH/index.php(56): CodeIgniter\Boot::bootWeb(Object(Config\Paths))
WARNING - 2025-03-31 14:39:20 --> [DEPRECATED] number_format(): Passing null to parameter #1 ($num) of type float is deprecated in APPPATH/Views/reporte/imprimir_valorado.php on line 96.
 1 APPPATH/Views/reporte/imprimir_valorado.php(96): number_format(null, 2, ',', '.')
 2 SYSTEMPATH/View/View.php(234): include('/home2/usoabumg/public_html/oruro.site/app/Views/reporte/imprimir_valorado.php')
 3 SYSTEMPATH/View/View.php(237): CodeIgniter\View\View->CodeIgniter\View\{closure}()
 4 SYSTEMPATH/Common.php(1171): CodeIgniter\View\View->render('reporte/imprimir_valorado', [], true)
 5 APPPATH/Controllers/Reporte.php(135): view('reporte/imprimir_valorado', [...])
 6 SYSTEMPATH/CodeIgniter.php(933): App\Controllers\Reporte->consolidado()
 7 SYSTEMPATH/CodeIgniter.php(509): CodeIgniter\CodeIgniter->runController(Object(App\Controllers\Reporte))
 8 SYSTEMPATH/CodeIgniter.php(355): CodeIgniter\CodeIgniter->handleRequest(null, Object(Config\Cache), false)
 9 SYSTEMPATH/Boot.php(325): CodeIgniter\CodeIgniter->run()
10 SYSTEMPATH/Boot.php(67): CodeIgniter\Boot::runCodeIgniter(Object(CodeIgniter\CodeIgniter))
11 FCPATH/index.php(56): CodeIgniter\Boot::bootWeb(Object(Config\Paths))
WARNING - 2025-03-31 14:39:20 --> [DEPRECATED] number_format(): Passing null to parameter #1 ($num) of type float is deprecated in APPPATH/Views/reporte/imprimir_valorado.php on line 99.
 1 APPPATH/Views/reporte/imprimir_valorado.php(99): number_format(null, 2, ',', '.')
 2 SYSTEMPATH/View/View.php(234): include('/home2/usoabumg/public_html/oruro.site/app/Views/reporte/imprimir_valorado.php')
 3 SYSTEMPATH/View/View.php(237): CodeIgniter\View\View->CodeIgniter\View\{closure}()
 4 SYSTEMPATH/Common.php(1171): CodeIgniter\View\View->render('reporte/imprimir_valorado', [], true)
 5 APPPATH/Controllers/Reporte.php(135): view('reporte/imprimir_valorado', [...])
 6 SYSTEMPATH/CodeIgniter.php(933): App\Controllers\Reporte->consolidado()
 7 SYSTEMPATH/CodeIgniter.php(509): CodeIgniter\CodeIgniter->runController(Object(App\Controllers\Reporte))
 8 SYSTEMPATH/CodeIgniter.php(355): CodeIgniter\CodeIgniter->handleRequest(null, Object(Config\Cache), false)
 9 SYSTEMPATH/Boot.php(325): CodeIgniter\CodeIgniter->run()
10 SYSTEMPATH/Boot.php(67): CodeIgniter\Boot::runCodeIgniter(Object(CodeIgniter\CodeIgniter))
11 FCPATH/index.php(56): CodeIgniter\Boot::bootWeb(Object(Config\Paths))
WARNING - 2025-03-31 14:39:20 --> [DEPRECATED] number_format(): Passing null to parameter #1 ($num) of type float is deprecated in APPPATH/Views/reporte/imprimir_valorado.php on line 96.
 1 APPPATH/Views/reporte/imprimir_valorado.php(96): number_format(null, 2, ',', '.')
 2 SYSTEMPATH/View/View.php(234): include('/home2/usoabumg/public_html/oruro.site/app/Views/reporte/imprimir_valorado.php')
 3 SYSTEMPATH/View/View.php(237): CodeIgniter\View\View->CodeIgniter\View\{closure}()
 4 SYSTEMPATH/Common.php(1171): CodeIgniter\View\View->render('reporte/imprimir_valorado', [], true)
 5 APPPATH/Controllers/Reporte.php(135): view('reporte/imprimir_valorado', [...])
 6 SYSTEMPATH/CodeIgniter.php(933): App\Controllers\Reporte->consolidado()
 7 SYSTEMPATH/CodeIgniter.php(509): CodeIgniter\CodeIgniter->runController(Object(App\Controllers\Reporte))
 8 SYSTEMPATH/CodeIgniter.php(355): CodeIgniter\CodeIgniter->handleRequest(null, Object(Config\Cache), false)
 9 SYSTEMPATH/Boot.php(325): CodeIgniter\CodeIgniter->run()
10 SYSTEMPATH/Boot.php(67): CodeIgniter\Boot::runCodeIgniter(Object(CodeIgniter\CodeIgniter))
11 FCPATH/index.php(56): CodeIgniter\Boot::bootWeb(Object(Config\Paths))
WARNING - 2025-03-31 14:39:20 --> [DEPRECATED] number_format(): Passing null to parameter #1 ($num) of type float is deprecated in APPPATH/Views/reporte/imprimir_valorado.php on line 99.
 1 APPPATH/Views/reporte/imprimir_valorado.php(99): number_format(null, 2, ',', '.')
 2 SYSTEMPATH/View/View.php(234): include('/home2/usoabumg/public_html/oruro.site/app/Views/reporte/imprimir_valorado.php')
 3 SYSTEMPATH/View/View.php(237): CodeIgniter\View\View->CodeIgniter\View\{closure}()
 4 SYSTEMPATH/Common.php(1171): CodeIgniter\View\View->render('reporte/imprimir_valorado', [], true)
 5 APPPATH/Controllers/Reporte.php(135): view('reporte/imprimir_valorado', [...])
 6 SYSTEMPATH/CodeIgniter.php(933): App\Controllers\Reporte->consolidado()
 7 SYSTEMPATH/CodeIgniter.php(509): CodeIgniter\CodeIgniter->runController(Object(App\Controllers\Reporte))
 8 SYSTEMPATH/CodeIgniter.php(355): CodeIgniter\CodeIgniter->handleRequest(null, Object(Config\Cache), false)
 9 SYSTEMPATH/Boot.php(325): CodeIgniter\CodeIgniter->run()
10 SYSTEMPATH/Boot.php(67): CodeIgniter\Boot::runCodeIgniter(Object(CodeIgniter\CodeIgniter))
11 FCPATH/index.php(56): CodeIgniter\Boot::bootWeb(Object(Config\Paths))
WARNING - 2025-03-31 14:39:20 --> [DEPRECATED] number_format(): Passing null to parameter #1 ($num) of type float is deprecated in APPPATH/Views/reporte/imprimir_valorado.php on line 96.
 1 APPPATH/Views/reporte/imprimir_valorado.php(96): number_format(null, 2, ',', '.')
 2 SYSTEMPATH/View/View.php(234): include('/home2/usoabumg/public_html/oruro.site/app/Views/reporte/imprimir_valorado.php')
 3 SYSTEMPATH/View/View.php(237): CodeIgniter\View\View->CodeIgniter\View\{closure}()
 4 SYSTEMPATH/Common.php(1171): CodeIgniter\View\View->render('reporte/imprimir_valorado', [], true)
 5 APPPATH/Controllers/Reporte.php(135): view('reporte/imprimir_valorado', [...])
 6 SYSTEMPATH/CodeIgniter.php(933): App\Controllers\Reporte->consolidado()
 7 SYSTEMPATH/CodeIgniter.php(509): CodeIgniter\CodeIgniter->runController(Object(App\Controllers\Reporte))
 8 SYSTEMPATH/CodeIgniter.php(355): CodeIgniter\CodeIgniter->handleRequest(null, Object(Config\Cache), false)
 9 SYSTEMPATH/Boot.php(325): CodeIgniter\CodeIgniter->run()
10 SYSTEMPATH/Boot.php(67): CodeIgniter\Boot::runCodeIgniter(Object(CodeIgniter\CodeIgniter))
11 FCPATH/index.php(56): CodeIgniter\Boot::bootWeb(Object(Config\Paths))
WARNING - 2025-03-31 14:39:20 --> [DEPRECATED] number_format(): Passing null to parameter #1 ($num) of type float is deprecated in APPPATH/Views/reporte/imprimir_valorado.php on line 99.
 1 APPPATH/Views/reporte/imprimir_valorado.php(99): number_format(null, 2, ',', '.')
 2 SYSTEMPATH/View/View.php(234): include('/home2/usoabumg/public_html/oruro.site/app/Views/reporte/imprimir_valorado.php')
 3 SYSTEMPATH/View/View.php(237): CodeIgniter\View\View->CodeIgniter\View\{closure}()
 4 SYSTEMPATH/Common.php(1171): CodeIgniter\View\View->render('reporte/imprimir_valorado', [], true)
 5 APPPATH/Controllers/Reporte.php(135): view('reporte/imprimir_valorado', [...])
 6 SYSTEMPATH/CodeIgniter.php(933): App\Controllers\Reporte->consolidado()
 7 SYSTEMPATH/CodeIgniter.php(509): CodeIgniter\CodeIgniter->runController(Object(App\Controllers\Reporte))
 8 SYSTEMPATH/CodeIgniter.php(355): CodeIgniter\CodeIgniter->handleRequest(null, Object(Config\Cache), false)
 9 SYSTEMPATH/Boot.php(325): CodeIgniter\CodeIgniter->run()
10 SYSTEMPATH/Boot.php(67): CodeIgniter\Boot::runCodeIgniter(Object(CodeIgniter\CodeIgniter))
11 FCPATH/index.php(56): CodeIgniter\Boot::bootWeb(Object(Config\Paths))
WARNING - 2025-03-31 14:39:20 --> [DEPRECATED] number_format(): Passing null to parameter #1 ($num) of type float is deprecated in APPPATH/Views/reporte/imprimir_valorado.php on line 96.
 1 APPPATH/Views/reporte/imprimir_valorado.php(96): number_format(null, 2, ',', '.')
 2 SYSTEMPATH/View/View.php(234): include('/home2/usoabumg/public_html/oruro.site/app/Views/reporte/imprimir_valorado.php')
 3 SYSTEMPATH/View/View.php(237): CodeIgniter\View\View->CodeIgniter\View\{closure}()
 4 SYSTEMPATH/Common.php(1171): CodeIgniter\View\View->render('reporte/imprimir_valorado', [], true)
 5 APPPATH/Controllers/Reporte.php(135): view('reporte/imprimir_valorado', [...])
 6 SYSTEMPATH/CodeIgniter.php(933): App\Controllers\Reporte->consolidado()
 7 SYSTEMPATH/CodeIgniter.php(509): CodeIgniter\CodeIgniter->runController(Object(App\Controllers\Reporte))
 8 SYSTEMPATH/CodeIgniter.php(355): CodeIgniter\CodeIgniter->handleRequest(null, Object(Config\Cache), false)
 9 SYSTEMPATH/Boot.php(325): CodeIgniter\CodeIgniter->run()
10 SYSTEMPATH/Boot.php(67): CodeIgniter\Boot::runCodeIgniter(Object(CodeIgniter\CodeIgniter))
11 FCPATH/index.php(56): CodeIgniter\Boot::bootWeb(Object(Config\Paths))
WARNING - 2025-03-31 14:39:20 --> [DEPRECATED] number_format(): Passing null to parameter #1 ($num) of type float is deprecated in APPPATH/Views/reporte/imprimir_valorado.php on line 99.
 1 APPPATH/Views/reporte/imprimir_valorado.php(99): number_format(null, 2, ',', '.')
 2 SYSTEMPATH/View/View.php(234): include('/home2/usoabumg/public_html/oruro.site/app/Views/reporte/imprimir_valorado.php')
 3 SYSTEMPATH/View/View.php(237): CodeIgniter\View\View->CodeIgniter\View\{closure}()
 4 SYSTEMPATH/Common.php(1171): CodeIgniter\View\View->render('reporte/imprimir_valorado', [], true)
 5 APPPATH/Controllers/Reporte.php(135): view('reporte/imprimir_valorado', [...])
 6 SYSTEMPATH/CodeIgniter.php(933): App\Controllers\Reporte->consolidado()
 7 SYSTEMPATH/CodeIgniter.php(509): CodeIgniter\CodeIgniter->runController(Object(App\Controllers\Reporte))
 8 SYSTEMPATH/CodeIgniter.php(355): CodeIgniter\CodeIgniter->handleRequest(null, Object(Config\Cache), false)
 9 SYSTEMPATH/Boot.php(325): CodeIgniter\CodeIgniter->run()
10 SYSTEMPATH/Boot.php(67): CodeIgniter\Boot::runCodeIgniter(Object(CodeIgniter\CodeIgniter))
11 FCPATH/index.php(56): CodeIgniter\Boot::bootWeb(Object(Config\Paths))
WARNING - 2025-03-31 14:39:20 --> [DEPRECATED] number_format(): Passing null to parameter #1 ($num) of type float is deprecated in APPPATH/Views/reporte/imprimir_valorado.php on line 96.
 1 APPPATH/Views/reporte/imprimir_valorado.php(96): number_format(null, 2, ',', '.')
 2 SYSTEMPATH/View/View.php(234): include('/home2/usoabumg/public_html/oruro.site/app/Views/reporte/imprimir_valorado.php')
 3 SYSTEMPATH/View/View.php(237): CodeIgniter\View\View->CodeIgniter\View\{closure}()
 4 SYSTEMPATH/Common.php(1171): CodeIgniter\View\View->render('reporte/imprimir_valorado', [], true)
 5 APPPATH/Controllers/Reporte.php(135): view('reporte/imprimir_valorado', [...])
 6 SYSTEMPATH/CodeIgniter.php(933): App\Controllers\Reporte->consolidado()
 7 SYSTEMPATH/CodeIgniter.php(509): CodeIgniter\CodeIgniter->runController(Object(App\Controllers\Reporte))
 8 SYSTEMPATH/CodeIgniter.php(355): CodeIgniter\CodeIgniter->handleRequest(null, Object(Config\Cache), false)
 9 SYSTEMPATH/Boot.php(325): CodeIgniter\CodeIgniter->run()
10 SYSTEMPATH/Boot.php(67): CodeIgniter\Boot::runCodeIgniter(Object(CodeIgniter\CodeIgniter))
11 FCPATH/index.php(56): CodeIgniter\Boot::bootWeb(Object(Config\Paths))
WARNING - 2025-03-31 14:39:20 --> [DEPRECATED] number_format(): Passing null to parameter #1 ($num) of type float is deprecated in APPPATH/Views/reporte/imprimir_valorado.php on line 99.
 1 APPPATH/Views/reporte/imprimir_valorado.php(99): number_format(null, 2, ',', '.')
 2 SYSTEMPATH/View/View.php(234): include('/home2/usoabumg/public_html/oruro.site/app/Views/reporte/imprimir_valorado.php')
 3 SYSTEMPATH/View/View.php(237): CodeIgniter\View\View->CodeIgniter\View\{closure}()
 4 SYSTEMPATH/Common.php(1171): CodeIgniter\View\View->render('reporte/imprimir_valorado', [], true)
 5 APPPATH/Controllers/Reporte.php(135): view('reporte/imprimir_valorado', [...])
 6 SYSTEMPATH/CodeIgniter.php(933): App\Controllers\Reporte->consolidado()
 7 SYSTEMPATH/CodeIgniter.php(509): CodeIgniter\CodeIgniter->runController(Object(App\Controllers\Reporte))
 8 SYSTEMPATH/CodeIgniter.php(355): CodeIgniter\CodeIgniter->handleRequest(null, Object(Config\Cache), false)
 9 SYSTEMPATH/Boot.php(325): CodeIgniter\CodeIgniter->run()
10 SYSTEMPATH/Boot.php(67): CodeIgniter\Boot::runCodeIgniter(Object(CodeIgniter\CodeIgniter))
11 FCPATH/index.php(56): CodeIgniter\Boot::bootWeb(Object(Config\Paths))
WARNING - 2025-03-31 14:39:20 --> [DEPRECATED] number_format(): Passing null to parameter #1 ($num) of type float is deprecated in APPPATH/Views/reporte/imprimir_valorado.php on line 96.
 1 APPPATH/Views/reporte/imprimir_valorado.php(96): number_format(null, 2, ',', '.')
 2 SYSTEMPATH/View/View.php(234): include('/home2/usoabumg/public_html/oruro.site/app/Views/reporte/imprimir_valorado.php')
 3 SYSTEMPATH/View/View.php(237): CodeIgniter\View\View->CodeIgniter\View\{closure}()
 4 SYSTEMPATH/Common.php(1171): CodeIgniter\View\View->render('reporte/imprimir_valorado', [], true)
 5 APPPATH/Controllers/Reporte.php(135): view('reporte/imprimir_valorado', [...])
 6 SYSTEMPATH/CodeIgniter.php(933): App\Controllers\Reporte->consolidado()
 7 SYSTEMPATH/CodeIgniter.php(509): CodeIgniter\CodeIgniter->runController(Object(App\Controllers\Reporte))
 8 SYSTEMPATH/CodeIgniter.php(355): CodeIgniter\CodeIgniter->handleRequest(null, Object(Config\Cache), false)
 9 SYSTEMPATH/Boot.php(325): CodeIgniter\CodeIgniter->run()
10 SYSTEMPATH/Boot.php(67): CodeIgniter\Boot::runCodeIgniter(Object(CodeIgniter\CodeIgniter))
11 FCPATH/index.php(56): CodeIgniter\Boot::bootWeb(Object(Config\Paths))
WARNING - 2025-03-31 14:39:20 --> [DEPRECATED] number_format(): Passing null to parameter #1 ($num) of type float is deprecated in APPPATH/Views/reporte/imprimir_valorado.php on line 99.
 1 APPPATH/Views/reporte/imprimir_valorado.php(99): number_format(null, 2, ',', '.')
 2 SYSTEMPATH/View/View.php(234): include('/home2/usoabumg/public_html/oruro.site/app/Views/reporte/imprimir_valorado.php')
 3 SYSTEMPATH/View/View.php(237): CodeIgniter\View\View->CodeIgniter\View\{closure}()
 4 SYSTEMPATH/Common.php(1171): CodeIgniter\View\View->render('reporte/imprimir_valorado', [], true)
 5 APPPATH/Controllers/Reporte.php(135): view('reporte/imprimir_valorado', [...])
 6 SYSTEMPATH/CodeIgniter.php(933): App\Controllers\Reporte->consolidado()
 7 SYSTEMPATH/CodeIgniter.php(509): CodeIgniter\CodeIgniter->runController(Object(App\Controllers\Reporte))
 8 SYSTEMPATH/CodeIgniter.php(355): CodeIgniter\CodeIgniter->handleRequest(null, Object(Config\Cache), false)
 9 SYSTEMPATH/Boot.php(325): CodeIgniter\CodeIgniter->run()
10 SYSTEMPATH/Boot.php(67): CodeIgniter\Boot::runCodeIgniter(Object(CodeIgniter\CodeIgniter))
11 FCPATH/index.php(56): CodeIgniter\Boot::bootWeb(Object(Config\Paths))
WARNING - 2025-03-31 14:39:20 --> [DEPRECATED] number_format(): Passing null to parameter #1 ($num) of type float is deprecated in APPPATH/Views/reporte/imprimir_valorado.php on line 96.
 1 APPPATH/Views/reporte/imprimir_valorado.php(96): number_format(null, 2, ',', '.')
 2 SYSTEMPATH/View/View.php(234): include('/home2/usoabumg/public_html/oruro.site/app/Views/reporte/imprimir_valorado.php')
 3 SYSTEMPATH/View/View.php(237): CodeIgniter\View\View->CodeIgniter\View\{closure}()
 4 SYSTEMPATH/Common.php(1171): CodeIgniter\View\View->render('reporte/imprimir_valorado', [], true)
 5 APPPATH/Controllers/Reporte.php(135): view('reporte/imprimir_valorado', [...])
 6 SYSTEMPATH/CodeIgniter.php(933): App\Controllers\Reporte->consolidado()
 7 SYSTEMPATH/CodeIgniter.php(509): CodeIgniter\CodeIgniter->runController(Object(App\Controllers\Reporte))
 8 SYSTEMPATH/CodeIgniter.php(355): CodeIgniter\CodeIgniter->handleRequest(null, Object(Config\Cache), false)
 9 SYSTEMPATH/Boot.php(325): CodeIgniter\CodeIgniter->run()
10 SYSTEMPATH/Boot.php(67): CodeIgniter\Boot::runCodeIgniter(Object(CodeIgniter\CodeIgniter))
11 FCPATH/index.php(56): CodeIgniter\Boot::bootWeb(Object(Config\Paths))
WARNING - 2025-03-31 14:39:20 --> [DEPRECATED] number_format(): Passing null to parameter #1 ($num) of type float is deprecated in APPPATH/Views/reporte/imprimir_valorado.php on line 99.
 1 APPPATH/Views/reporte/imprimir_valorado.php(99): number_format(null, 2, ',', '.')
 2 SYSTEMPATH/View/View.php(234): include('/home2/usoabumg/public_html/oruro.site/app/Views/reporte/imprimir_valorado.php')
 3 SYSTEMPATH/View/View.php(237): CodeIgniter\View\View->CodeIgniter\View\{closure}()
 4 SYSTEMPATH/Common.php(1171): CodeIgniter\View\View->render('reporte/imprimir_valorado', [], true)
 5 APPPATH/Controllers/Reporte.php(135): view('reporte/imprimir_valorado', [...])
 6 SYSTEMPATH/CodeIgniter.php(933): App\Controllers\Reporte->consolidado()
 7 SYSTEMPATH/CodeIgniter.php(509): CodeIgniter\CodeIgniter->runController(Object(App\Controllers\Reporte))
 8 SYSTEMPATH/CodeIgniter.php(355): CodeIgniter\CodeIgniter->handleRequest(null, Object(Config\Cache), false)
 9 SYSTEMPATH/Boot.php(325): CodeIgniter\CodeIgniter->run()
10 SYSTEMPATH/Boot.php(67): CodeIgniter\Boot::runCodeIgniter(Object(CodeIgniter\CodeIgniter))
11 FCPATH/index.php(56): CodeIgniter\Boot::bootWeb(Object(Config\Paths))
WARNING - 2025-03-31 14:39:20 --> [DEPRECATED] number_format(): Passing null to parameter #1 ($num) of type float is deprecated in APPPATH/Views/reporte/imprimir_valorado.php on line 96.
 1 APPPATH/Views/reporte/imprimir_valorado.php(96): number_format(null, 2, ',', '.')
 2 SYSTEMPATH/View/View.php(234): include('/home2/usoabumg/public_html/oruro.site/app/Views/reporte/imprimir_valorado.php')
 3 SYSTEMPATH/View/View.php(237): CodeIgniter\View\View->CodeIgniter\View\{closure}()
 4 SYSTEMPATH/Common.php(1171): CodeIgniter\View\View->render('reporte/imprimir_valorado', [], true)
 5 APPPATH/Controllers/Reporte.php(135): view('reporte/imprimir_valorado', [...])
 6 SYSTEMPATH/CodeIgniter.php(933): App\Controllers\Reporte->consolidado()
 7 SYSTEMPATH/CodeIgniter.php(509): CodeIgniter\CodeIgniter->runController(Object(App\Controllers\Reporte))
 8 SYSTEMPATH/CodeIgniter.php(355): CodeIgniter\CodeIgniter->handleRequest(null, Object(Config\Cache), false)
 9 SYSTEMPATH/Boot.php(325): CodeIgniter\CodeIgniter->run()
10 SYSTEMPATH/Boot.php(67): CodeIgniter\Boot::runCodeIgniter(Object(CodeIgniter\CodeIgniter))
11 FCPATH/index.php(56): CodeIgniter\Boot::bootWeb(Object(Config\Paths))
WARNING - 2025-03-31 14:39:20 --> [DEPRECATED] number_format(): Passing null to parameter #1 ($num) of type float is deprecated in APPPATH/Views/reporte/imprimir_valorado.php on line 99.
 1 APPPATH/Views/reporte/imprimir_valorado.php(99): number_format(null, 2, ',', '.')
 2 SYSTEMPATH/View/View.php(234): include('/home2/usoabumg/public_html/oruro.site/app/Views/reporte/imprimir_valorado.php')
 3 SYSTEMPATH/View/View.php(237): CodeIgniter\View\View->CodeIgniter\View\{closure}()
 4 SYSTEMPATH/Common.php(1171): CodeIgniter\View\View->render('reporte/imprimir_valorado', [], true)
 5 APPPATH/Controllers/Reporte.php(135): view('reporte/imprimir_valorado', [...])
 6 SYSTEMPATH/CodeIgniter.php(933): App\Controllers\Reporte->consolidado()
 7 SYSTEMPATH/CodeIgniter.php(509): CodeIgniter\CodeIgniter->runController(Object(App\Controllers\Reporte))
 8 SYSTEMPATH/CodeIgniter.php(355): CodeIgniter\CodeIgniter->handleRequest(null, Object(Config\Cache), false)
 9 SYSTEMPATH/Boot.php(325): CodeIgniter\CodeIgniter->run()
10 SYSTEMPATH/Boot.php(67): CodeIgniter\Boot::runCodeIgniter(Object(CodeIgniter\CodeIgniter))
11 FCPATH/index.php(56): CodeIgniter\Boot::bootWeb(Object(Config\Paths))
WARNING - 2025-03-31 14:39:20 --> [DEPRECATED] number_format(): Passing null to parameter #1 ($num) of type float is deprecated in APPPATH/Views/reporte/imprimir_valorado.php on line 96.
 1 APPPATH/Views/reporte/imprimir_valorado.php(96): number_format(null, 2, ',', '.')
 2 SYSTEMPATH/View/View.php(234): include('/home2/usoabumg/public_html/oruro.site/app/Views/reporte/imprimir_valorado.php')
 3 SYSTEMPATH/View/View.php(237): CodeIgniter\View\View->CodeIgniter\View\{closure}()
 4 SYSTEMPATH/Common.php(1171): CodeIgniter\View\View->render('reporte/imprimir_valorado', [], true)
 5 APPPATH/Controllers/Reporte.php(135): view('reporte/imprimir_valorado', [...])
 6 SYSTEMPATH/CodeIgniter.php(933): App\Controllers\Reporte->consolidado()
 7 SYSTEMPATH/CodeIgniter.php(509): CodeIgniter\CodeIgniter->runController(Object(App\Controllers\Reporte))
 8 SYSTEMPATH/CodeIgniter.php(355): CodeIgniter\CodeIgniter->handleRequest(null, Object(Config\Cache), false)
 9 SYSTEMPATH/Boot.php(325): CodeIgniter\CodeIgniter->run()
10 SYSTEMPATH/Boot.php(67): CodeIgniter\Boot::runCodeIgniter(Object(CodeIgniter\CodeIgniter))
11 FCPATH/index.php(56): CodeIgniter\Boot::bootWeb(Object(Config\Paths))
WARNING - 2025-03-31 14:39:20 --> [DEPRECATED] number_format(): Passing null to parameter #1 ($num) of type float is deprecated in APPPATH/Views/reporte/imprimir_valorado.php on line 99.
 1 APPPATH/Views/reporte/imprimir_valorado.php(99): number_format(null, 2, ',', '.')
 2 SYSTEMPATH/View/View.php(234): include('/home2/usoabumg/public_html/oruro.site/app/Views/reporte/imprimir_valorado.php')
 3 SYSTEMPATH/View/View.php(237): CodeIgniter\View\View->CodeIgniter\View\{closure}()
 4 SYSTEMPATH/Common.php(1171): CodeIgniter\View\View->render('reporte/imprimir_valorado', [], true)
 5 APPPATH/Controllers/Reporte.php(135): view('reporte/imprimir_valorado', [...])
 6 SYSTEMPATH/CodeIgniter.php(933): App\Controllers\Reporte->consolidado()
 7 SYSTEMPATH/CodeIgniter.php(509): CodeIgniter\CodeIgniter->runController(Object(App\Controllers\Reporte))
 8 SYSTEMPATH/CodeIgniter.php(355): CodeIgniter\CodeIgniter->handleRequest(null, Object(Config\Cache), false)
 9 SYSTEMPATH/Boot.php(325): CodeIgniter\CodeIgniter->run()
10 SYSTEMPATH/Boot.php(67): CodeIgniter\Boot::runCodeIgniter(Object(CodeIgniter\CodeIgniter))
11 FCPATH/index.php(56): CodeIgniter\Boot::bootWeb(Object(Config\Paths))
WARNING - 2025-03-31 14:39:20 --> [DEPRECATED] number_format(): Passing null to parameter #1 ($num) of type float is deprecated in APPPATH/Views/reporte/imprimir_valorado.php on line 96.
 1 APPPATH/Views/reporte/imprimir_valorado.php(96): number_format(null, 2, ',', '.')
 2 SYSTEMPATH/View/View.php(234): include('/home2/usoabumg/public_html/oruro.site/app/Views/reporte/imprimir_valorado.php')
 3 SYSTEMPATH/View/View.php(237): CodeIgniter\View\View->CodeIgniter\View\{closure}()
 4 SYSTEMPATH/Common.php(1171): CodeIgniter\View\View->render('reporte/imprimir_valorado', [], true)
 5 APPPATH/Controllers/Reporte.php(135): view('reporte/imprimir_valorado', [...])
 6 SYSTEMPATH/CodeIgniter.php(933): App\Controllers\Reporte->consolidado()
 7 SYSTEMPATH/CodeIgniter.php(509): CodeIgniter\CodeIgniter->runController(Object(App\Controllers\Reporte))
 8 SYSTEMPATH/CodeIgniter.php(355): CodeIgniter\CodeIgniter->handleRequest(null, Object(Config\Cache), false)
 9 SYSTEMPATH/Boot.php(325): CodeIgniter\CodeIgniter->run()
10 SYSTEMPATH/Boot.php(67): CodeIgniter\Boot::runCodeIgniter(Object(CodeIgniter\CodeIgniter))
11 FCPATH/index.php(56): CodeIgniter\Boot::bootWeb(Object(Config\Paths))
WARNING - 2025-03-31 14:39:20 --> [DEPRECATED] number_format(): Passing null to parameter #1 ($num) of type float is deprecated in APPPATH/Views/reporte/imprimir_valorado.php on line 99.
 1 APPPATH/Views/reporte/imprimir_valorado.php(99): number_format(null, 2, ',', '.')
 2 SYSTEMPATH/View/View.php(234): include('/home2/usoabumg/public_html/oruro.site/app/Views/reporte/imprimir_valorado.php')
 3 SYSTEMPATH/View/View.php(237): CodeIgniter\View\View->CodeIgniter\View\{closure}()
 4 SYSTEMPATH/Common.php(1171): CodeIgniter\View\View->render('reporte/imprimir_valorado', [], true)
 5 APPPATH/Controllers/Reporte.php(135): view('reporte/imprimir_valorado', [...])
 6 SYSTEMPATH/CodeIgniter.php(933): App\Controllers\Reporte->consolidado()
 7 SYSTEMPATH/CodeIgniter.php(509): CodeIgniter\CodeIgniter->runController(Object(App\Controllers\Reporte))
 8 SYSTEMPATH/CodeIgniter.php(355): CodeIgniter\CodeIgniter->handleRequest(null, Object(Config\Cache), false)
 9 SYSTEMPATH/Boot.php(325): CodeIgniter\CodeIgniter->run()
10 SYSTEMPATH/Boot.php(67): CodeIgniter\Boot::runCodeIgniter(Object(CodeIgniter\CodeIgniter))
11 FCPATH/index.php(56): CodeIgniter\Boot::bootWeb(Object(Config\Paths))
WARNING - 2025-03-31 14:39:20 --> [DEPRECATED] number_format(): Passing null to parameter #1 ($num) of type float is deprecated in APPPATH/Views/reporte/imprimir_valorado.php on line 96.
 1 APPPATH/Views/reporte/imprimir_valorado.php(96): number_format(null, 2, ',', '.')
 2 SYSTEMPATH/View/View.php(234): include('/home2/usoabumg/public_html/oruro.site/app/Views/reporte/imprimir_valorado.php')
 3 SYSTEMPATH/View/View.php(237): CodeIgniter\View\View->CodeIgniter\View\{closure}()
 4 SYSTEMPATH/Common.php(1171): CodeIgniter\View\View->render('reporte/imprimir_valorado', [], true)
 5 APPPATH/Controllers/Reporte.php(135): view('reporte/imprimir_valorado', [...])
 6 SYSTEMPATH/CodeIgniter.php(933): App\Controllers\Reporte->consolidado()
 7 SYSTEMPATH/CodeIgniter.php(509): CodeIgniter\CodeIgniter->runController(Object(App\Controllers\Reporte))
 8 SYSTEMPATH/CodeIgniter.php(355): CodeIgniter\CodeIgniter->handleRequest(null, Object(Config\Cache), false)
 9 SYSTEMPATH/Boot.php(325): CodeIgniter\CodeIgniter->run()
10 SYSTEMPATH/Boot.php(67): CodeIgniter\Boot::runCodeIgniter(Object(CodeIgniter\CodeIgniter))
11 FCPATH/index.php(56): CodeIgniter\Boot::bootWeb(Object(Config\Paths))
WARNING - 2025-03-31 14:39:20 --> [DEPRECATED] number_format(): Passing null to parameter #1 ($num) of type float is deprecated in APPPATH/Views/reporte/imprimir_valorado.php on line 99.
 1 APPPATH/Views/reporte/imprimir_valorado.php(99): number_format(null, 2, ',', '.')
 2 SYSTEMPATH/View/View.php(234): include('/home2/usoabumg/public_html/oruro.site/app/Views/reporte/imprimir_valorado.php')
 3 SYSTEMPATH/View/View.php(237): CodeIgniter\View\View->CodeIgniter\View\{closure}()
 4 SYSTEMPATH/Common.php(1171): CodeIgniter\View\View->render('reporte/imprimir_valorado', [], true)
 5 APPPATH/Controllers/Reporte.php(135): view('reporte/imprimir_valorado', [...])
 6 SYSTEMPATH/CodeIgniter.php(933): App\Controllers\Reporte->consolidado()
 7 SYSTEMPATH/CodeIgniter.php(509): CodeIgniter\CodeIgniter->runController(Object(App\Controllers\Reporte))
 8 SYSTEMPATH/CodeIgniter.php(355): CodeIgniter\CodeIgniter->handleRequest(null, Object(Config\Cache), false)
 9 SYSTEMPATH/Boot.php(325): CodeIgniter\CodeIgniter->run()
10 SYSTEMPATH/Boot.php(67): CodeIgniter\Boot::runCodeIgniter(Object(CodeIgniter\CodeIgniter))
11 FCPATH/index.php(56): CodeIgniter\Boot::bootWeb(Object(Config\Paths))
WARNING - 2025-03-31 14:39:20 --> [DEPRECATED] number_format(): Passing null to parameter #1 ($num) of type float is deprecated in APPPATH/Views/reporte/imprimir_valorado.php on line 96.
 1 APPPATH/Views/reporte/imprimir_valorado.php(96): number_format(null, 2, ',', '.')
 2 SYSTEMPATH/View/View.php(234): include('/home2/usoabumg/public_html/oruro.site/app/Views/reporte/imprimir_valorado.php')
 3 SYSTEMPATH/View/View.php(237): CodeIgniter\View\View->CodeIgniter\View\{closure}()
 4 SYSTEMPATH/Common.php(1171): CodeIgniter\View\View->render('reporte/imprimir_valorado', [], true)
 5 APPPATH/Controllers/Reporte.php(135): view('reporte/imprimir_valorado', [...])
 6 SYSTEMPATH/CodeIgniter.php(933): App\Controllers\Reporte->consolidado()
 7 SYSTEMPATH/CodeIgniter.php(509): CodeIgniter\CodeIgniter->runController(Object(App\Controllers\Reporte))
 8 SYSTEMPATH/CodeIgniter.php(355): CodeIgniter\CodeIgniter->handleRequest(null, Object(Config\Cache), false)
 9 SYSTEMPATH/Boot.php(325): CodeIgniter\CodeIgniter->run()
10 SYSTEMPATH/Boot.php(67): CodeIgniter\Boot::runCodeIgniter(Object(CodeIgniter\CodeIgniter))
11 FCPATH/index.php(56): CodeIgniter\Boot::bootWeb(Object(Config\Paths))
WARNING - 2025-03-31 14:39:20 --> [DEPRECATED] number_format(): Passing null to parameter #1 ($num) of type float is deprecated in APPPATH/Views/reporte/imprimir_valorado.php on line 99.
 1 APPPATH/Views/reporte/imprimir_valorado.php(99): number_format(null, 2, ',', '.')
 2 SYSTEMPATH/View/View.php(234): include('/home2/usoabumg/public_html/oruro.site/app/Views/reporte/imprimir_valorado.php')
 3 SYSTEMPATH/View/View.php(237): CodeIgniter\View\View->CodeIgniter\View\{closure}()
 4 SYSTEMPATH/Common.php(1171): CodeIgniter\View\View->render('reporte/imprimir_valorado', [], true)
 5 APPPATH/Controllers/Reporte.php(135): view('reporte/imprimir_valorado', [...])
 6 SYSTEMPATH/CodeIgniter.php(933): App\Controllers\Reporte->consolidado()
 7 SYSTEMPATH/CodeIgniter.php(509): CodeIgniter\CodeIgniter->runController(Object(App\Controllers\Reporte))
 8 SYSTEMPATH/CodeIgniter.php(355): CodeIgniter\CodeIgniter->handleRequest(null, Object(Config\Cache), false)
 9 SYSTEMPATH/Boot.php(325): CodeIgniter\CodeIgniter->run()
10 SYSTEMPATH/Boot.php(67): CodeIgniter\Boot::runCodeIgniter(Object(CodeIgniter\CodeIgniter))
11 FCPATH/index.php(56): CodeIgniter\Boot::bootWeb(Object(Config\Paths))
WARNING - 2025-03-31 14:39:20 --> [DEPRECATED] number_format(): Passing null to parameter #1 ($num) of type float is deprecated in APPPATH/Views/reporte/imprimir_valorado.php on line 96.
 1 APPPATH/Views/reporte/imprimir_valorado.php(96): number_format(null, 2, ',', '.')
 2 SYSTEMPATH/View/View.php(234): include('/home2/usoabumg/public_html/oruro.site/app/Views/reporte/imprimir_valorado.php')
 3 SYSTEMPATH/View/View.php(237): CodeIgniter\View\View->CodeIgniter\View\{closure}()
 4 SYSTEMPATH/Common.php(1171): CodeIgniter\View\View->render('reporte/imprimir_valorado', [], true)
 5 APPPATH/Controllers/Reporte.php(135): view('reporte/imprimir_valorado', [...])
 6 SYSTEMPATH/CodeIgniter.php(933): App\Controllers\Reporte->consolidado()
 7 SYSTEMPATH/CodeIgniter.php(509): CodeIgniter\CodeIgniter->runController(Object(App\Controllers\Reporte))
 8 SYSTEMPATH/CodeIgniter.php(355): CodeIgniter\CodeIgniter->handleRequest(null, Object(Config\Cache), false)
 9 SYSTEMPATH/Boot.php(325): CodeIgniter\CodeIgniter->run()
10 SYSTEMPATH/Boot.php(67): CodeIgniter\Boot::runCodeIgniter(Object(CodeIgniter\CodeIgniter))
11 FCPATH/index.php(56): CodeIgniter\Boot::bootWeb(Object(Config\Paths))
WARNING - 2025-03-31 14:39:20 --> [DEPRECATED] number_format(): Passing null to parameter #1 ($num) of type float is deprecated in APPPATH/Views/reporte/imprimir_valorado.php on line 99.
 1 APPPATH/Views/reporte/imprimir_valorado.php(99): number_format(null, 2, ',', '.')
 2 SYSTEMPATH/View/View.php(234): include('/home2/usoabumg/public_html/oruro.site/app/Views/reporte/imprimir_valorado.php')
 3 SYSTEMPATH/View/View.php(237): CodeIgniter\View\View->CodeIgniter\View\{closure}()
 4 SYSTEMPATH/Common.php(1171): CodeIgniter\View\View->render('reporte/imprimir_valorado', [], true)
 5 APPPATH/Controllers/Reporte.php(135): view('reporte/imprimir_valorado', [...])
 6 SYSTEMPATH/CodeIgniter.php(933): App\Controllers\Reporte->consolidado()
 7 SYSTEMPATH/CodeIgniter.php(509): CodeIgniter\CodeIgniter->runController(Object(App\Controllers\Reporte))
 8 SYSTEMPATH/CodeIgniter.php(355): CodeIgniter\CodeIgniter->handleRequest(null, Object(Config\Cache), false)
 9 SYSTEMPATH/Boot.php(325): CodeIgniter\CodeIgniter->run()
10 SYSTEMPATH/Boot.php(67): CodeIgniter\Boot::runCodeIgniter(Object(CodeIgniter\CodeIgniter))
11 FCPATH/index.php(56): CodeIgniter\Boot::bootWeb(Object(Config\Paths))
WARNING - 2025-03-31 14:39:20 --> [DEPRECATED] number_format(): Passing null to parameter #1 ($num) of type float is deprecated in APPPATH/Views/reporte/imprimir_valorado.php on line 96.
 1 APPPATH/Views/reporte/imprimir_valorado.php(96): number_format(null, 2, ',', '.')
 2 SYSTEMPATH/View/View.php(234): include('/home2/usoabumg/public_html/oruro.site/app/Views/reporte/imprimir_valorado.php')
 3 SYSTEMPATH/View/View.php(237): CodeIgniter\View\View->CodeIgniter\View\{closure}()
 4 SYSTEMPATH/Common.php(1171): CodeIgniter\View\View->render('reporte/imprimir_valorado', [], true)
 5 APPPATH/Controllers/Reporte.php(135): view('reporte/imprimir_valorado', [...])
 6 SYSTEMPATH/CodeIgniter.php(933): App\Controllers\Reporte->consolidado()
 7 SYSTEMPATH/CodeIgniter.php(509): CodeIgniter\CodeIgniter->runController(Object(App\Controllers\Reporte))
 8 SYSTEMPATH/CodeIgniter.php(355): CodeIgniter\CodeIgniter->handleRequest(null, Object(Config\Cache), false)
 9 SYSTEMPATH/Boot.php(325): CodeIgniter\CodeIgniter->run()
10 SYSTEMPATH/Boot.php(67): CodeIgniter\Boot::runCodeIgniter(Object(CodeIgniter\CodeIgniter))
11 FCPATH/index.php(56): CodeIgniter\Boot::bootWeb(Object(Config\Paths))
WARNING - 2025-03-31 14:39:20 --> [DEPRECATED] number_format(): Passing null to parameter #1 ($num) of type float is deprecated in APPPATH/Views/reporte/imprimir_valorado.php on line 99.
 1 APPPATH/Views/reporte/imprimir_valorado.php(99): number_format(null, 2, ',', '.')
 2 SYSTEMPATH/View/View.php(234): include('/home2/usoabumg/public_html/oruro.site/app/Views/reporte/imprimir_valorado.php')
 3 SYSTEMPATH/View/View.php(237): CodeIgniter\View\View->CodeIgniter\View\{closure}()
 4 SYSTEMPATH/Common.php(1171): CodeIgniter\View\View->render('reporte/imprimir_valorado', [], true)
 5 APPPATH/Controllers/Reporte.php(135): view('reporte/imprimir_valorado', [...])
 6 SYSTEMPATH/CodeIgniter.php(933): App\Controllers\Reporte->consolidado()
 7 SYSTEMPATH/CodeIgniter.php(509): CodeIgniter\CodeIgniter->runController(Object(App\Controllers\Reporte))
 8 SYSTEMPATH/CodeIgniter.php(355): CodeIgniter\CodeIgniter->handleRequest(null, Object(Config\Cache), false)
 9 SYSTEMPATH/Boot.php(325): CodeIgniter\CodeIgniter->run()
10 SYSTEMPATH/Boot.php(67): CodeIgniter\Boot::runCodeIgniter(Object(CodeIgniter\CodeIgniter))
11 FCPATH/index.php(56): CodeIgniter\Boot::bootWeb(Object(Config\Paths))
WARNING - 2025-03-31 14:39:20 --> [DEPRECATED] number_format(): Passing null to parameter #1 ($num) of type float is deprecated in APPPATH/Views/reporte/imprimir_valorado.php on line 96.
 1 APPPATH/Views/reporte/imprimir_valorado.php(96): number_format(null, 2, ',', '.')
 2 SYSTEMPATH/View/View.php(234): include('/home2/usoabumg/public_html/oruro.site/app/Views/reporte/imprimir_valorado.php')
 3 SYSTEMPATH/View/View.php(237): CodeIgniter\View\View->CodeIgniter\View\{closure}()
 4 SYSTEMPATH/Common.php(1171): CodeIgniter\View\View->render('reporte/imprimir_valorado', [], true)
 5 APPPATH/Controllers/Reporte.php(135): view('reporte/imprimir_valorado', [...])
 6 SYSTEMPATH/CodeIgniter.php(933): App\Controllers\Reporte->consolidado()
 7 SYSTEMPATH/CodeIgniter.php(509): CodeIgniter\CodeIgniter->runController(Object(App\Controllers\Reporte))
 8 SYSTEMPATH/CodeIgniter.php(355): CodeIgniter\CodeIgniter->handleRequest(null, Object(Config\Cache), false)
 9 SYSTEMPATH/Boot.php(325): CodeIgniter\CodeIgniter->run()
10 SYSTEMPATH/Boot.php(67): CodeIgniter\Boot::runCodeIgniter(Object(CodeIgniter\CodeIgniter))
11 FCPATH/index.php(56): CodeIgniter\Boot::bootWeb(Object(Config\Paths))
WARNING - 2025-03-31 14:39:20 --> [DEPRECATED] number_format(): Passing null to parameter #1 ($num) of type float is deprecated in APPPATH/Views/reporte/imprimir_valorado.php on line 99.
 1 APPPATH/Views/reporte/imprimir_valorado.php(99): number_format(null, 2, ',', '.')
 2 SYSTEMPATH/View/View.php(234): include('/home2/usoabumg/public_html/oruro.site/app/Views/reporte/imprimir_valorado.php')
 3 SYSTEMPATH/View/View.php(237): CodeIgniter\View\View->CodeIgniter\View\{closure}()
 4 SYSTEMPATH/Common.php(1171): CodeIgniter\View\View->render('reporte/imprimir_valorado', [], true)
 5 APPPATH/Controllers/Reporte.php(135): view('reporte/imprimir_valorado', [...])
 6 SYSTEMPATH/CodeIgniter.php(933): App\Controllers\Reporte->consolidado()
 7 SYSTEMPATH/CodeIgniter.php(509): CodeIgniter\CodeIgniter->runController(Object(App\Controllers\Reporte))
 8 SYSTEMPATH/CodeIgniter.php(355): CodeIgniter\CodeIgniter->handleRequest(null, Object(Config\Cache), false)
 9 SYSTEMPATH/Boot.php(325): CodeIgniter\CodeIgniter->run()
10 SYSTEMPATH/Boot.php(67): CodeIgniter\Boot::runCodeIgniter(Object(CodeIgniter\CodeIgniter))
11 FCPATH/index.php(56): CodeIgniter\Boot::bootWeb(Object(Config\Paths))
WARNING - 2025-03-31 14:39:20 --> [DEPRECATED] number_format(): Passing null to parameter #1 ($num) of type float is deprecated in APPPATH/Views/reporte/imprimir_valorado.php on line 96.
 1 APPPATH/Views/reporte/imprimir_valorado.php(96): number_format(null, 2, ',', '.')
 2 SYSTEMPATH/View/View.php(234): include('/home2/usoabumg/public_html/oruro.site/app/Views/reporte/imprimir_valorado.php')
 3 SYSTEMPATH/View/View.php(237): CodeIgniter\View\View->CodeIgniter\View\{closure}()
 4 SYSTEMPATH/Common.php(1171): CodeIgniter\View\View->render('reporte/imprimir_valorado', [], true)
 5 APPPATH/Controllers/Reporte.php(135): view('reporte/imprimir_valorado', [...])
 6 SYSTEMPATH/CodeIgniter.php(933): App\Controllers\Reporte->consolidado()
 7 SYSTEMPATH/CodeIgniter.php(509): CodeIgniter\CodeIgniter->runController(Object(App\Controllers\Reporte))
 8 SYSTEMPATH/CodeIgniter.php(355): CodeIgniter\CodeIgniter->handleRequest(null, Object(Config\Cache), false)
 9 SYSTEMPATH/Boot.php(325): CodeIgniter\CodeIgniter->run()
10 SYSTEMPATH/Boot.php(67): CodeIgniter\Boot::runCodeIgniter(Object(CodeIgniter\CodeIgniter))
11 FCPATH/index.php(56): CodeIgniter\Boot::bootWeb(Object(Config\Paths))
WARNING - 2025-03-31 14:39:20 --> [DEPRECATED] number_format(): Passing null to parameter #1 ($num) of type float is deprecated in APPPATH/Views/reporte/imprimir_valorado.php on line 99.
 1 APPPATH/Views/reporte/imprimir_valorado.php(99): number_format(null, 2, ',', '.')
 2 SYSTEMPATH/View/View.php(234): include('/home2/usoabumg/public_html/oruro.site/app/Views/reporte/imprimir_valorado.php')
 3 SYSTEMPATH/View/View.php(237): CodeIgniter\View\View->CodeIgniter\View\{closure}()
 4 SYSTEMPATH/Common.php(1171): CodeIgniter\View\View->render('reporte/imprimir_valorado', [], true)
 5 APPPATH/Controllers/Reporte.php(135): view('reporte/imprimir_valorado', [...])
 6 SYSTEMPATH/CodeIgniter.php(933): App\Controllers\Reporte->consolidado()
 7 SYSTEMPATH/CodeIgniter.php(509): CodeIgniter\CodeIgniter->runController(Object(App\Controllers\Reporte))
 8 SYSTEMPATH/CodeIgniter.php(355): CodeIgniter\CodeIgniter->handleRequest(null, Object(Config\Cache), false)
 9 SYSTEMPATH/Boot.php(325): CodeIgniter\CodeIgniter->run()
10 SYSTEMPATH/Boot.php(67): CodeIgniter\Boot::runCodeIgniter(Object(CodeIgniter\CodeIgniter))
11 FCPATH/index.php(56): CodeIgniter\Boot::bootWeb(Object(Config\Paths))
WARNING - 2025-03-31 14:39:20 --> [DEPRECATED] number_format(): Passing null to parameter #1 ($num) of type float is deprecated in APPPATH/Views/reporte/imprimir_valorado.php on line 96.
 1 APPPATH/Views/reporte/imprimir_valorado.php(96): number_format(null, 2, ',', '.')
 2 SYSTEMPATH/View/View.php(234): include('/home2/usoabumg/public_html/oruro.site/app/Views/reporte/imprimir_valorado.php')
 3 SYSTEMPATH/View/View.php(237): CodeIgniter\View\View->CodeIgniter\View\{closure}()
 4 SYSTEMPATH/Common.php(1171): CodeIgniter\View\View->render('reporte/imprimir_valorado', [], true)
 5 APPPATH/Controllers/Reporte.php(135): view('reporte/imprimir_valorado', [...])
 6 SYSTEMPATH/CodeIgniter.php(933): App\Controllers\Reporte->consolidado()
 7 SYSTEMPATH/CodeIgniter.php(509): CodeIgniter\CodeIgniter->runController(Object(App\Controllers\Reporte))
 8 SYSTEMPATH/CodeIgniter.php(355): CodeIgniter\CodeIgniter->handleRequest(null, Object(Config\Cache), false)
 9 SYSTEMPATH/Boot.php(325): CodeIgniter\CodeIgniter->run()
10 SYSTEMPATH/Boot.php(67): CodeIgniter\Boot::runCodeIgniter(Object(CodeIgniter\CodeIgniter))
11 FCPATH/index.php(56): CodeIgniter\Boot::bootWeb(Object(Config\Paths))
WARNING - 2025-03-31 14:39:20 --> [DEPRECATED] number_format(): Passing null to parameter #1 ($num) of type float is deprecated in APPPATH/Views/reporte/imprimir_valorado.php on line 99.
 1 APPPATH/Views/reporte/imprimir_valorado.php(99): number_format(null, 2, ',', '.')
 2 SYSTEMPATH/View/View.php(234): include('/home2/usoabumg/public_html/oruro.site/app/Views/reporte/imprimir_valorado.php')
 3 SYSTEMPATH/View/View.php(237): CodeIgniter\View\View->CodeIgniter\View\{closure}()
 4 SYSTEMPATH/Common.php(1171): CodeIgniter\View\View->render('reporte/imprimir_valorado', [], true)
 5 APPPATH/Controllers/Reporte.php(135): view('reporte/imprimir_valorado', [...])
 6 SYSTEMPATH/CodeIgniter.php(933): App\Controllers\Reporte->consolidado()
 7 SYSTEMPATH/CodeIgniter.php(509): CodeIgniter\CodeIgniter->runController(Object(App\Controllers\Reporte))
 8 SYSTEMPATH/CodeIgniter.php(355): CodeIgniter\CodeIgniter->handleRequest(null, Object(Config\Cache), false)
 9 SYSTEMPATH/Boot.php(325): CodeIgniter\CodeIgniter->run()
10 SYSTEMPATH/Boot.php(67): CodeIgniter\Boot::runCodeIgniter(Object(CodeIgniter\CodeIgniter))
11 FCPATH/index.php(56): CodeIgniter\Boot::bootWeb(Object(Config\Paths))
WARNING - 2025-03-31 14:39:20 --> [DEPRECATED] number_format(): Passing null to parameter #1 ($num) of type float is deprecated in APPPATH/Views/reporte/imprimir_valorado.php on line 96.
 1 APPPATH/Views/reporte/imprimir_valorado.php(96): number_format(null, 2, ',', '.')
 2 SYSTEMPATH/View/View.php(234): include('/home2/usoabumg/public_html/oruro.site/app/Views/reporte/imprimir_valorado.php')
 3 SYSTEMPATH/View/View.php(237): CodeIgniter\View\View->CodeIgniter\View\{closure}()
 4 SYSTEMPATH/Common.php(1171): CodeIgniter\View\View->render('reporte/imprimir_valorado', [], true)
 5 APPPATH/Controllers/Reporte.php(135): view('reporte/imprimir_valorado', [...])
 6 SYSTEMPATH/CodeIgniter.php(933): App\Controllers\Reporte->consolidado()
 7 SYSTEMPATH/CodeIgniter.php(509): CodeIgniter\CodeIgniter->runController(Object(App\Controllers\Reporte))
 8 SYSTEMPATH/CodeIgniter.php(355): CodeIgniter\CodeIgniter->handleRequest(null, Object(Config\Cache), false)
 9 SYSTEMPATH/Boot.php(325): CodeIgniter\CodeIgniter->run()
10 SYSTEMPATH/Boot.php(67): CodeIgniter\Boot::runCodeIgniter(Object(CodeIgniter\CodeIgniter))
11 FCPATH/index.php(56): CodeIgniter\Boot::bootWeb(Object(Config\Paths))
WARNING - 2025-03-31 14:39:20 --> [DEPRECATED] number_format(): Passing null to parameter #1 ($num) of type float is deprecated in APPPATH/Views/reporte/imprimir_valorado.php on line 99.
 1 APPPATH/Views/reporte/imprimir_valorado.php(99): number_format(null, 2, ',', '.')
 2 SYSTEMPATH/View/View.php(234): include('/home2/usoabumg/public_html/oruro.site/app/Views/reporte/imprimir_valorado.php')
 3 SYSTEMPATH/View/View.php(237): CodeIgniter\View\View->CodeIgniter\View\{closure}()
 4 SYSTEMPATH/Common.php(1171): CodeIgniter\View\View->render('reporte/imprimir_valorado', [], true)
 5 APPPATH/Controllers/Reporte.php(135): view('reporte/imprimir_valorado', [...])
 6 SYSTEMPATH/CodeIgniter.php(933): App\Controllers\Reporte->consolidado()
 7 SYSTEMPATH/CodeIgniter.php(509): CodeIgniter\CodeIgniter->runController(Object(App\Controllers\Reporte))
 8 SYSTEMPATH/CodeIgniter.php(355): CodeIgniter\CodeIgniter->handleRequest(null, Object(Config\Cache), false)
 9 SYSTEMPATH/Boot.php(325): CodeIgniter\CodeIgniter->run()
10 SYSTEMPATH/Boot.php(67): CodeIgniter\Boot::runCodeIgniter(Object(CodeIgniter\CodeIgniter))
11 FCPATH/index.php(56): CodeIgniter\Boot::bootWeb(Object(Config\Paths))
WARNING - 2025-03-31 14:39:20 --> [DEPRECATED] number_format(): Passing null to parameter #1 ($num) of type float is deprecated in APPPATH/Views/reporte/imprimir_valorado.php on line 96.
 1 APPPATH/Views/reporte/imprimir_valorado.php(96): number_format(null, 2, ',', '.')
 2 SYSTEMPATH/View/View.php(234): include('/home2/usoabumg/public_html/oruro.site/app/Views/reporte/imprimir_valorado.php')
 3 SYSTEMPATH/View/View.php(237): CodeIgniter\View\View->CodeIgniter\View\{closure}()
 4 SYSTEMPATH/Common.php(1171): CodeIgniter\View\View->render('reporte/imprimir_valorado', [], true)
 5 APPPATH/Controllers/Reporte.php(135): view('reporte/imprimir_valorado', [...])
 6 SYSTEMPATH/CodeIgniter.php(933): App\Controllers\Reporte->consolidado()
 7 SYSTEMPATH/CodeIgniter.php(509): CodeIgniter\CodeIgniter->runController(Object(App\Controllers\Reporte))
 8 SYSTEMPATH/CodeIgniter.php(355): CodeIgniter\CodeIgniter->handleRequest(null, Object(Config\Cache), false)
 9 SYSTEMPATH/Boot.php(325): CodeIgniter\CodeIgniter->run()
10 SYSTEMPATH/Boot.php(67): CodeIgniter\Boot::runCodeIgniter(Object(CodeIgniter\CodeIgniter))
11 FCPATH/index.php(56): CodeIgniter\Boot::bootWeb(Object(Config\Paths))
WARNING - 2025-03-31 14:39:20 --> [DEPRECATED] number_format(): Passing null to parameter #1 ($num) of type float is deprecated in APPPATH/Views/reporte/imprimir_valorado.php on line 99.
 1 APPPATH/Views/reporte/imprimir_valorado.php(99): number_format(null, 2, ',', '.')
 2 SYSTEMPATH/View/View.php(234): include('/home2/usoabumg/public_html/oruro.site/app/Views/reporte/imprimir_valorado.php')
 3 SYSTEMPATH/View/View.php(237): CodeIgniter\View\View->CodeIgniter\View\{closure}()
 4 SYSTEMPATH/Common.php(1171): CodeIgniter\View\View->render('reporte/imprimir_valorado', [], true)
 5 APPPATH/Controllers/Reporte.php(135): view('reporte/imprimir_valorado', [...])
 6 SYSTEMPATH/CodeIgniter.php(933): App\Controllers\Reporte->consolidado()
 7 SYSTEMPATH/CodeIgniter.php(509): CodeIgniter\CodeIgniter->runController(Object(App\Controllers\Reporte))
 8 SYSTEMPATH/CodeIgniter.php(355): CodeIgniter\CodeIgniter->handleRequest(null, Object(Config\Cache), false)
 9 SYSTEMPATH/Boot.php(325): CodeIgniter\CodeIgniter->run()
10 SYSTEMPATH/Boot.php(67): CodeIgniter\Boot::runCodeIgniter(Object(CodeIgniter\CodeIgniter))
11 FCPATH/index.php(56): CodeIgniter\Boot::bootWeb(Object(Config\Paths))
WARNING - 2025-03-31 14:39:20 --> [DEPRECATED] number_format(): Passing null to parameter #1 ($num) of type float is deprecated in APPPATH/Views/reporte/imprimir_valorado.php on line 96.
 1 APPPATH/Views/reporte/imprimir_valorado.php(96): number_format(null, 2, ',', '.')
 2 SYSTEMPATH/View/View.php(234): include('/home2/usoabumg/public_html/oruro.site/app/Views/reporte/imprimir_valorado.php')
 3 SYSTEMPATH/View/View.php(237): CodeIgniter\View\View->CodeIgniter\View\{closure}()
 4 SYSTEMPATH/Common.php(1171): CodeIgniter\View\View->render('reporte/imprimir_valorado', [], true)
 5 APPPATH/Controllers/Reporte.php(135): view('reporte/imprimir_valorado', [...])
 6 SYSTEMPATH/CodeIgniter.php(933): App\Controllers\Reporte->consolidado()
 7 SYSTEMPATH/CodeIgniter.php(509): CodeIgniter\CodeIgniter->runController(Object(App\Controllers\Reporte))
 8 SYSTEMPATH/CodeIgniter.php(355): CodeIgniter\CodeIgniter->handleRequest(null, Object(Config\Cache), false)
 9 SYSTEMPATH/Boot.php(325): CodeIgniter\CodeIgniter->run()
10 SYSTEMPATH/Boot.php(67): CodeIgniter\Boot::runCodeIgniter(Object(CodeIgniter\CodeIgniter))
11 FCPATH/index.php(56): CodeIgniter\Boot::bootWeb(Object(Config\Paths))
WARNING - 2025-03-31 14:39:20 --> [DEPRECATED] number_format(): Passing null to parameter #1 ($num) of type float is deprecated in APPPATH/Views/reporte/imprimir_valorado.php on line 99.
 1 APPPATH/Views/reporte/imprimir_valorado.php(99): number_format(null, 2, ',', '.')
 2 SYSTEMPATH/View/View.php(234): include('/home2/usoabumg/public_html/oruro.site/app/Views/reporte/imprimir_valorado.php')
 3 SYSTEMPATH/View/View.php(237): CodeIgniter\View\View->CodeIgniter\View\{closure}()
 4 SYSTEMPATH/Common.php(1171): CodeIgniter\View\View->render('reporte/imprimir_valorado', [], true)
 5 APPPATH/Controllers/Reporte.php(135): view('reporte/imprimir_valorado', [...])
 6 SYSTEMPATH/CodeIgniter.php(933): App\Controllers\Reporte->consolidado()
 7 SYSTEMPATH/CodeIgniter.php(509): CodeIgniter\CodeIgniter->runController(Object(App\Controllers\Reporte))
 8 SYSTEMPATH/CodeIgniter.php(355): CodeIgniter\CodeIgniter->handleRequest(null, Object(Config\Cache), false)
 9 SYSTEMPATH/Boot.php(325): CodeIgniter\CodeIgniter->run()
10 SYSTEMPATH/Boot.php(67): CodeIgniter\Boot::runCodeIgniter(Object(CodeIgniter\CodeIgniter))
11 FCPATH/index.php(56): CodeIgniter\Boot::bootWeb(Object(Config\Paths))
WARNING - 2025-03-31 14:39:20 --> [DEPRECATED] number_format(): Passing null to parameter #1 ($num) of type float is deprecated in APPPATH/Views/reporte/imprimir_valorado.php on line 96.
 1 APPPATH/Views/reporte/imprimir_valorado.php(96): number_format(null, 2, ',', '.')
 2 SYSTEMPATH/View/View.php(234): include('/home2/usoabumg/public_html/oruro.site/app/Views/reporte/imprimir_valorado.php')
 3 SYSTEMPATH/View/View.php(237): CodeIgniter\View\View->CodeIgniter\View\{closure}()
 4 SYSTEMPATH/Common.php(1171): CodeIgniter\View\View->render('reporte/imprimir_valorado', [], true)
 5 APPPATH/Controllers/Reporte.php(135): view('reporte/imprimir_valorado', [...])
 6 SYSTEMPATH/CodeIgniter.php(933): App\Controllers\Reporte->consolidado()
 7 SYSTEMPATH/CodeIgniter.php(509): CodeIgniter\CodeIgniter->runController(Object(App\Controllers\Reporte))
 8 SYSTEMPATH/CodeIgniter.php(355): CodeIgniter\CodeIgniter->handleRequest(null, Object(Config\Cache), false)
 9 SYSTEMPATH/Boot.php(325): CodeIgniter\CodeIgniter->run()
10 SYSTEMPATH/Boot.php(67): CodeIgniter\Boot::runCodeIgniter(Object(CodeIgniter\CodeIgniter))
11 FCPATH/index.php(56): CodeIgniter\Boot::bootWeb(Object(Config\Paths))
WARNING - 2025-03-31 14:39:20 --> [DEPRECATED] number_format(): Passing null to parameter #1 ($num) of type float is deprecated in APPPATH/Views/reporte/imprimir_valorado.php on line 99.
 1 APPPATH/Views/reporte/imprimir_valorado.php(99): number_format(null, 2, ',', '.')
 2 SYSTEMPATH/View/View.php(234): include('/home2/usoabumg/public_html/oruro.site/app/Views/reporte/imprimir_valorado.php')
 3 SYSTEMPATH/View/View.php(237): CodeIgniter\View\View->CodeIgniter\View\{closure}()
 4 SYSTEMPATH/Common.php(1171): CodeIgniter\View\View->render('reporte/imprimir_valorado', [], true)
 5 APPPATH/Controllers/Reporte.php(135): view('reporte/imprimir_valorado', [...])
 6 SYSTEMPATH/CodeIgniter.php(933): App\Controllers\Reporte->consolidado()
 7 SYSTEMPATH/CodeIgniter.php(509): CodeIgniter\CodeIgniter->runController(Object(App\Controllers\Reporte))
 8 SYSTEMPATH/CodeIgniter.php(355): CodeIgniter\CodeIgniter->handleRequest(null, Object(Config\Cache), false)
 9 SYSTEMPATH/Boot.php(325): CodeIgniter\CodeIgniter->run()
10 SYSTEMPATH/Boot.php(67): CodeIgniter\Boot::runCodeIgniter(Object(CodeIgniter\CodeIgniter))
11 FCPATH/index.php(56): CodeIgniter\Boot::bootWeb(Object(Config\Paths))
WARNING - 2025-03-31 14:39:20 --> [DEPRECATED] number_format(): Passing null to parameter #1 ($num) of type float is deprecated in APPPATH/Views/reporte/imprimir_valorado.php on line 96.
 1 APPPATH/Views/reporte/imprimir_valorado.php(96): number_format(null, 2, ',', '.')
 2 SYSTEMPATH/View/View.php(234): include('/home2/usoabumg/public_html/oruro.site/app/Views/reporte/imprimir_valorado.php')
 3 SYSTEMPATH/View/View.php(237): CodeIgniter\View\View->CodeIgniter\View\{closure}()
 4 SYSTEMPATH/Common.php(1171): CodeIgniter\View\View->render('reporte/imprimir_valorado', [], true)
 5 APPPATH/Controllers/Reporte.php(135): view('reporte/imprimir_valorado', [...])
 6 SYSTEMPATH/CodeIgniter.php(933): App\Controllers\Reporte->consolidado()
 7 SYSTEMPATH/CodeIgniter.php(509): CodeIgniter\CodeIgniter->runController(Object(App\Controllers\Reporte))
 8 SYSTEMPATH/CodeIgniter.php(355): CodeIgniter\CodeIgniter->handleRequest(null, Object(Config\Cache), false)
 9 SYSTEMPATH/Boot.php(325): CodeIgniter\CodeIgniter->run()
10 SYSTEMPATH/Boot.php(67): CodeIgniter\Boot::runCodeIgniter(Object(CodeIgniter\CodeIgniter))
11 FCPATH/index.php(56): CodeIgniter\Boot::bootWeb(Object(Config\Paths))
WARNING - 2025-03-31 14:39:20 --> [DEPRECATED] number_format(): Passing null to parameter #1 ($num) of type float is deprecated in APPPATH/Views/reporte/imprimir_valorado.php on line 99.
 1 APPPATH/Views/reporte/imprimir_valorado.php(99): number_format(null, 2, ',', '.')
 2 SYSTEMPATH/View/View.php(234): include('/home2/usoabumg/public_html/oruro.site/app/Views/reporte/imprimir_valorado.php')
 3 SYSTEMPATH/View/View.php(237): CodeIgniter\View\View->CodeIgniter\View\{closure}()
 4 SYSTEMPATH/Common.php(1171): CodeIgniter\View\View->render('reporte/imprimir_valorado', [], true)
 5 APPPATH/Controllers/Reporte.php(135): view('reporte/imprimir_valorado', [...])
 6 SYSTEMPATH/CodeIgniter.php(933): App\Controllers\Reporte->consolidado()
 7 SYSTEMPATH/CodeIgniter.php(509): CodeIgniter\CodeIgniter->runController(Object(App\Controllers\Reporte))
 8 SYSTEMPATH/CodeIgniter.php(355): CodeIgniter\CodeIgniter->handleRequest(null, Object(Config\Cache), false)
 9 SYSTEMPATH/Boot.php(325): CodeIgniter\CodeIgniter->run()
10 SYSTEMPATH/Boot.php(67): CodeIgniter\Boot::runCodeIgniter(Object(CodeIgniter\CodeIgniter))
11 FCPATH/index.php(56): CodeIgniter\Boot::bootWeb(Object(Config\Paths))
WARNING - 2025-03-31 14:39:20 --> [DEPRECATED] number_format(): Passing null to parameter #1 ($num) of type float is deprecated in APPPATH/Views/reporte/imprimir_valorado.php on line 96.
 1 APPPATH/Views/reporte/imprimir_valorado.php(96): number_format(null, 2, ',', '.')
 2 SYSTEMPATH/View/View.php(234): include('/home2/usoabumg/public_html/oruro.site/app/Views/reporte/imprimir_valorado.php')
 3 SYSTEMPATH/View/View.php(237): CodeIgniter\View\View->CodeIgniter\View\{closure}()
 4 SYSTEMPATH/Common.php(1171): CodeIgniter\View\View->render('reporte/imprimir_valorado', [], true)
 5 APPPATH/Controllers/Reporte.php(135): view('reporte/imprimir_valorado', [...])
 6 SYSTEMPATH/CodeIgniter.php(933): App\Controllers\Reporte->consolidado()
 7 SYSTEMPATH/CodeIgniter.php(509): CodeIgniter\CodeIgniter->runController(Object(App\Controllers\Reporte))
 8 SYSTEMPATH/CodeIgniter.php(355): CodeIgniter\CodeIgniter->handleRequest(null, Object(Config\Cache), false)
 9 SYSTEMPATH/Boot.php(325): CodeIgniter\CodeIgniter->run()
10 SYSTEMPATH/Boot.php(67): CodeIgniter\Boot::runCodeIgniter(Object(CodeIgniter\CodeIgniter))
11 FCPATH/index.php(56): CodeIgniter\Boot::bootWeb(Object(Config\Paths))
WARNING - 2025-03-31 14:39:20 --> [DEPRECATED] number_format(): Passing null to parameter #1 ($num) of type float is deprecated in APPPATH/Views/reporte/imprimir_valorado.php on line 99.
 1 APPPATH/Views/reporte/imprimir_valorado.php(99): number_format(null, 2, ',', '.')
 2 SYSTEMPATH/View/View.php(234): include('/home2/usoabumg/public_html/oruro.site/app/Views/reporte/imprimir_valorado.php')
 3 SYSTEMPATH/View/View.php(237): CodeIgniter\View\View->CodeIgniter\View\{closure}()
 4 SYSTEMPATH/Common.php(1171): CodeIgniter\View\View->render('reporte/imprimir_valorado', [], true)
 5 APPPATH/Controllers/Reporte.php(135): view('reporte/imprimir_valorado', [...])
 6 SYSTEMPATH/CodeIgniter.php(933): App\Controllers\Reporte->consolidado()
 7 SYSTEMPATH/CodeIgniter.php(509): CodeIgniter\CodeIgniter->runController(Object(App\Controllers\Reporte))
 8 SYSTEMPATH/CodeIgniter.php(355): CodeIgniter\CodeIgniter->handleRequest(null, Object(Config\Cache), false)
 9 SYSTEMPATH/Boot.php(325): CodeIgniter\CodeIgniter->run()
10 SYSTEMPATH/Boot.php(67): CodeIgniter\Boot::runCodeIgniter(Object(CodeIgniter\CodeIgniter))
11 FCPATH/index.php(56): CodeIgniter\Boot::bootWeb(Object(Config\Paths))
WARNING - 2025-03-31 14:39:20 --> [DEPRECATED] number_format(): Passing null to parameter #1 ($num) of type float is deprecated in APPPATH/Views/reporte/imprimir_valorado.php on line 96.
 1 APPPATH/Views/reporte/imprimir_valorado.php(96): number_format(null, 2, ',', '.')
 2 SYSTEMPATH/View/View.php(234): include('/home2/usoabumg/public_html/oruro.site/app/Views/reporte/imprimir_valorado.php')
 3 SYSTEMPATH/View/View.php(237): CodeIgniter\View\View->CodeIgniter\View\{closure}()
 4 SYSTEMPATH/Common.php(1171): CodeIgniter\View\View->render('reporte/imprimir_valorado', [], true)
 5 APPPATH/Controllers/Reporte.php(135): view('reporte/imprimir_valorado', [...])
 6 SYSTEMPATH/CodeIgniter.php(933): App\Controllers\Reporte->consolidado()
 7 SYSTEMPATH/CodeIgniter.php(509): CodeIgniter\CodeIgniter->runController(Object(App\Controllers\Reporte))
 8 SYSTEMPATH/CodeIgniter.php(355): CodeIgniter\CodeIgniter->handleRequest(null, Object(Config\Cache), false)
 9 SYSTEMPATH/Boot.php(325): CodeIgniter\CodeIgniter->run()
10 SYSTEMPATH/Boot.php(67): CodeIgniter\Boot::runCodeIgniter(Object(CodeIgniter\CodeIgniter))
11 FCPATH/index.php(56): CodeIgniter\Boot::bootWeb(Object(Config\Paths))
WARNING - 2025-03-31 14:39:20 --> [DEPRECATED] number_format(): Passing null to parameter #1 ($num) of type float is deprecated in APPPATH/Views/reporte/imprimir_valorado.php on line 99.
 1 APPPATH/Views/reporte/imprimir_valorado.php(99): number_format(null, 2, ',', '.')
 2 SYSTEMPATH/View/View.php(234): include('/home2/usoabumg/public_html/oruro.site/app/Views/reporte/imprimir_valorado.php')
 3 SYSTEMPATH/View/View.php(237): CodeIgniter\View\View->CodeIgniter\View\{closure}()
 4 SYSTEMPATH/Common.php(1171): CodeIgniter\View\View->render('reporte/imprimir_valorado', [], true)
 5 APPPATH/Controllers/Reporte.php(135): view('reporte/imprimir_valorado', [...])
 6 SYSTEMPATH/CodeIgniter.php(933): App\Controllers\Reporte->consolidado()
 7 SYSTEMPATH/CodeIgniter.php(509): CodeIgniter\CodeIgniter->runController(Object(App\Controllers\Reporte))
 8 SYSTEMPATH/CodeIgniter.php(355): CodeIgniter\CodeIgniter->handleRequest(null, Object(Config\Cache), false)
 9 SYSTEMPATH/Boot.php(325): CodeIgniter\CodeIgniter->run()
10 SYSTEMPATH/Boot.php(67): CodeIgniter\Boot::runCodeIgniter(Object(CodeIgniter\CodeIgniter))
11 FCPATH/index.php(56): CodeIgniter\Boot::bootWeb(Object(Config\Paths))
WARNING - 2025-03-31 14:39:20 --> [DEPRECATED] number_format(): Passing null to parameter #1 ($num) of type float is deprecated in APPPATH/Views/reporte/imprimir_valorado.php on line 96.
 1 APPPATH/Views/reporte/imprimir_valorado.php(96): number_format(null, 2, ',', '.')
 2 SYSTEMPATH/View/View.php(234): include('/home2/usoabumg/public_html/oruro.site/app/Views/reporte/imprimir_valorado.php')
 3 SYSTEMPATH/View/View.php(237): CodeIgniter\View\View->CodeIgniter\View\{closure}()
 4 SYSTEMPATH/Common.php(1171): CodeIgniter\View\View->render('reporte/imprimir_valorado', [], true)
 5 APPPATH/Controllers/Reporte.php(135): view('reporte/imprimir_valorado', [...])
 6 SYSTEMPATH/CodeIgniter.php(933): App\Controllers\Reporte->consolidado()
 7 SYSTEMPATH/CodeIgniter.php(509): CodeIgniter\CodeIgniter->runController(Object(App\Controllers\Reporte))
 8 SYSTEMPATH/CodeIgniter.php(355): CodeIgniter\CodeIgniter->handleRequest(null, Object(Config\Cache), false)
 9 SYSTEMPATH/Boot.php(325): CodeIgniter\CodeIgniter->run()
10 SYSTEMPATH/Boot.php(67): CodeIgniter\Boot::runCodeIgniter(Object(CodeIgniter\CodeIgniter))
11 FCPATH/index.php(56): CodeIgniter\Boot::bootWeb(Object(Config\Paths))
WARNING - 2025-03-31 14:39:20 --> [DEPRECATED] number_format(): Passing null to parameter #1 ($num) of type float is deprecated in APPPATH/Views/reporte/imprimir_valorado.php on line 99.
 1 APPPATH/Views/reporte/imprimir_valorado.php(99): number_format(null, 2, ',', '.')
 2 SYSTEMPATH/View/View.php(234): include('/home2/usoabumg/public_html/oruro.site/app/Views/reporte/imprimir_valorado.php')
 3 SYSTEMPATH/View/View.php(237): CodeIgniter\View\View->CodeIgniter\View\{closure}()
 4 SYSTEMPATH/Common.php(1171): CodeIgniter\View\View->render('reporte/imprimir_valorado', [], true)
 5 APPPATH/Controllers/Reporte.php(135): view('reporte/imprimir_valorado', [...])
 6 SYSTEMPATH/CodeIgniter.php(933): App\Controllers\Reporte->consolidado()
 7 SYSTEMPATH/CodeIgniter.php(509): CodeIgniter\CodeIgniter->runController(Object(App\Controllers\Reporte))
 8 SYSTEMPATH/CodeIgniter.php(355): CodeIgniter\CodeIgniter->handleRequest(null, Object(Config\Cache), false)
 9 SYSTEMPATH/Boot.php(325): CodeIgniter\CodeIgniter->run()
10 SYSTEMPATH/Boot.php(67): CodeIgniter\Boot::runCodeIgniter(Object(CodeIgniter\CodeIgniter))
11 FCPATH/index.php(56): CodeIgniter\Boot::bootWeb(Object(Config\Paths))
WARNING - 2025-03-31 14:39:20 --> [DEPRECATED] number_format(): Passing null to parameter #1 ($num) of type float is deprecated in APPPATH/Views/reporte/imprimir_valorado.php on line 96.
 1 APPPATH/Views/reporte/imprimir_valorado.php(96): number_format(null, 2, ',', '.')
 2 SYSTEMPATH/View/View.php(234): include('/home2/usoabumg/public_html/oruro.site/app/Views/reporte/imprimir_valorado.php')
 3 SYSTEMPATH/View/View.php(237): CodeIgniter\View\View->CodeIgniter\View\{closure}()
 4 SYSTEMPATH/Common.php(1171): CodeIgniter\View\View->render('reporte/imprimir_valorado', [], true)
 5 APPPATH/Controllers/Reporte.php(135): view('reporte/imprimir_valorado', [...])
 6 SYSTEMPATH/CodeIgniter.php(933): App\Controllers\Reporte->consolidado()
 7 SYSTEMPATH/CodeIgniter.php(509): CodeIgniter\CodeIgniter->runController(Object(App\Controllers\Reporte))
 8 SYSTEMPATH/CodeIgniter.php(355): CodeIgniter\CodeIgniter->handleRequest(null, Object(Config\Cache), false)
 9 SYSTEMPATH/Boot.php(325): CodeIgniter\CodeIgniter->run()
10 SYSTEMPATH/Boot.php(67): CodeIgniter\Boot::runCodeIgniter(Object(CodeIgniter\CodeIgniter))
11 FCPATH/index.php(56): CodeIgniter\Boot::bootWeb(Object(Config\Paths))
WARNING - 2025-03-31 14:39:20 --> [DEPRECATED] number_format(): Passing null to parameter #1 ($num) of type float is deprecated in APPPATH/Views/reporte/imprimir_valorado.php on line 99.
 1 APPPATH/Views/reporte/imprimir_valorado.php(99): number_format(null, 2, ',', '.')
 2 SYSTEMPATH/View/View.php(234): include('/home2/usoabumg/public_html/oruro.site/app/Views/reporte/imprimir_valorado.php')
 3 SYSTEMPATH/View/View.php(237): CodeIgniter\View\View->CodeIgniter\View\{closure}()
 4 SYSTEMPATH/Common.php(1171): CodeIgniter\View\View->render('reporte/imprimir_valorado', [], true)
 5 APPPATH/Controllers/Reporte.php(135): view('reporte/imprimir_valorado', [...])
 6 SYSTEMPATH/CodeIgniter.php(933): App\Controllers\Reporte->consolidado()
 7 SYSTEMPATH/CodeIgniter.php(509): CodeIgniter\CodeIgniter->runController(Object(App\Controllers\Reporte))
 8 SYSTEMPATH/CodeIgniter.php(355): CodeIgniter\CodeIgniter->handleRequest(null, Object(Config\Cache), false)
 9 SYSTEMPATH/Boot.php(325): CodeIgniter\CodeIgniter->run()
10 SYSTEMPATH/Boot.php(67): CodeIgniter\Boot::runCodeIgniter(Object(CodeIgniter\CodeIgniter))
11 FCPATH/index.php(56): CodeIgniter\Boot::bootWeb(Object(Config\Paths))
WARNING - 2025-03-31 14:39:20 --> [DEPRECATED] number_format(): Passing null to parameter #1 ($num) of type float is deprecated in APPPATH/Views/reporte/imprimir_valorado.php on line 96.
 1 APPPATH/Views/reporte/imprimir_valorado.php(96): number_format(null, 2, ',', '.')
 2 SYSTEMPATH/View/View.php(234): include('/home2/usoabumg/public_html/oruro.site/app/Views/reporte/imprimir_valorado.php')
 3 SYSTEMPATH/View/View.php(237): CodeIgniter\View\View->CodeIgniter\View\{closure}()
 4 SYSTEMPATH/Common.php(1171): CodeIgniter\View\View->render('reporte/imprimir_valorado', [], true)
 5 APPPATH/Controllers/Reporte.php(135): view('reporte/imprimir_valorado', [...])
 6 SYSTEMPATH/CodeIgniter.php(933): App\Controllers\Reporte->consolidado()
 7 SYSTEMPATH/CodeIgniter.php(509): CodeIgniter\CodeIgniter->runController(Object(App\Controllers\Reporte))
 8 SYSTEMPATH/CodeIgniter.php(355): CodeIgniter\CodeIgniter->handleRequest(null, Object(Config\Cache), false)
 9 SYSTEMPATH/Boot.php(325): CodeIgniter\CodeIgniter->run()
10 SYSTEMPATH/Boot.php(67): CodeIgniter\Boot::runCodeIgniter(Object(CodeIgniter\CodeIgniter))
11 FCPATH/index.php(56): CodeIgniter\Boot::bootWeb(Object(Config\Paths))
WARNING - 2025-03-31 14:39:20 --> [DEPRECATED] number_format(): Passing null to parameter #1 ($num) of type float is deprecated in APPPATH/Views/reporte/imprimir_valorado.php on line 99.
 1 APPPATH/Views/reporte/imprimir_valorado.php(99): number_format(null, 2, ',', '.')
 2 SYSTEMPATH/View/View.php(234): include('/home2/usoabumg/public_html/oruro.site/app/Views/reporte/imprimir_valorado.php')
 3 SYSTEMPATH/View/View.php(237): CodeIgniter\View\View->CodeIgniter\View\{closure}()
 4 SYSTEMPATH/Common.php(1171): CodeIgniter\View\View->render('reporte/imprimir_valorado', [], true)
 5 APPPATH/Controllers/Reporte.php(135): view('reporte/imprimir_valorado', [...])
 6 SYSTEMPATH/CodeIgniter.php(933): App\Controllers\Reporte->consolidado()
 7 SYSTEMPATH/CodeIgniter.php(509): CodeIgniter\CodeIgniter->runController(Object(App\Controllers\Reporte))
 8 SYSTEMPATH/CodeIgniter.php(355): CodeIgniter\CodeIgniter->handleRequest(null, Object(Config\Cache), false)
 9 SYSTEMPATH/Boot.php(325): CodeIgniter\CodeIgniter->run()
10 SYSTEMPATH/Boot.php(67): CodeIgniter\Boot::runCodeIgniter(Object(CodeIgniter\CodeIgniter))
11 FCPATH/index.php(56): CodeIgniter\Boot::bootWeb(Object(Config\Paths))
WARNING - 2025-03-31 14:39:20 --> [DEPRECATED] number_format(): Passing null to parameter #1 ($num) of type float is deprecated in APPPATH/Views/reporte/imprimir_valorado.php on line 96.
 1 APPPATH/Views/reporte/imprimir_valorado.php(96): number_format(null, 2, ',', '.')
 2 SYSTEMPATH/View/View.php(234): include('/home2/usoabumg/public_html/oruro.site/app/Views/reporte/imprimir_valorado.php')
 3 SYSTEMPATH/View/View.php(237): CodeIgniter\View\View->CodeIgniter\View\{closure}()
 4 SYSTEMPATH/Common.php(1171): CodeIgniter\View\View->render('reporte/imprimir_valorado', [], true)
 5 APPPATH/Controllers/Reporte.php(135): view('reporte/imprimir_valorado', [...])
 6 SYSTEMPATH/CodeIgniter.php(933): App\Controllers\Reporte->consolidado()
 7 SYSTEMPATH/CodeIgniter.php(509): CodeIgniter\CodeIgniter->runController(Object(App\Controllers\Reporte))
 8 SYSTEMPATH/CodeIgniter.php(355): CodeIgniter\CodeIgniter->handleRequest(null, Object(Config\Cache), false)
 9 SYSTEMPATH/Boot.php(325): CodeIgniter\CodeIgniter->run()
10 SYSTEMPATH/Boot.php(67): CodeIgniter\Boot::runCodeIgniter(Object(CodeIgniter\CodeIgniter))
11 FCPATH/index.php(56): CodeIgniter\Boot::bootWeb(Object(Config\Paths))
WARNING - 2025-03-31 14:39:20 --> [DEPRECATED] number_format(): Passing null to parameter #1 ($num) of type float is deprecated in APPPATH/Views/reporte/imprimir_valorado.php on line 99.
 1 APPPATH/Views/reporte/imprimir_valorado.php(99): number_format(null, 2, ',', '.')
 2 SYSTEMPATH/View/View.php(234): include('/home2/usoabumg/public_html/oruro.site/app/Views/reporte/imprimir_valorado.php')
 3 SYSTEMPATH/View/View.php(237): CodeIgniter\View\View->CodeIgniter\View\{closure}()
 4 SYSTEMPATH/Common.php(1171): CodeIgniter\View\View->render('reporte/imprimir_valorado', [], true)
 5 APPPATH/Controllers/Reporte.php(135): view('reporte/imprimir_valorado', [...])
 6 SYSTEMPATH/CodeIgniter.php(933): App\Controllers\Reporte->consolidado()
 7 SYSTEMPATH/CodeIgniter.php(509): CodeIgniter\CodeIgniter->runController(Object(App\Controllers\Reporte))
 8 SYSTEMPATH/CodeIgniter.php(355): CodeIgniter\CodeIgniter->handleRequest(null, Object(Config\Cache), false)
 9 SYSTEMPATH/Boot.php(325): CodeIgniter\CodeIgniter->run()
10 SYSTEMPATH/Boot.php(67): CodeIgniter\Boot::runCodeIgniter(Object(CodeIgniter\CodeIgniter))
11 FCPATH/index.php(56): CodeIgniter\Boot::bootWeb(Object(Config\Paths))
WARNING - 2025-03-31 14:39:20 --> [DEPRECATED] number_format(): Passing null to parameter #1 ($num) of type float is deprecated in APPPATH/Views/reporte/imprimir_valorado.php on line 96.
 1 APPPATH/Views/reporte/imprimir_valorado.php(96): number_format(null, 2, ',', '.')
 2 SYSTEMPATH/View/View.php(234): include('/home2/usoabumg/public_html/oruro.site/app/Views/reporte/imprimir_valorado.php')
 3 SYSTEMPATH/View/View.php(237): CodeIgniter\View\View->CodeIgniter\View\{closure}()
 4 SYSTEMPATH/Common.php(1171): CodeIgniter\View\View->render('reporte/imprimir_valorado', [], true)
 5 APPPATH/Controllers/Reporte.php(135): view('reporte/imprimir_valorado', [...])
 6 SYSTEMPATH/CodeIgniter.php(933): App\Controllers\Reporte->consolidado()
 7 SYSTEMPATH/CodeIgniter.php(509): CodeIgniter\CodeIgniter->runController(Object(App\Controllers\Reporte))
 8 SYSTEMPATH/CodeIgniter.php(355): CodeIgniter\CodeIgniter->handleRequest(null, Object(Config\Cache), false)
 9 SYSTEMPATH/Boot.php(325): CodeIgniter\CodeIgniter->run()
10 SYSTEMPATH/Boot.php(67): CodeIgniter\Boot::runCodeIgniter(Object(CodeIgniter\CodeIgniter))
11 FCPATH/index.php(56): CodeIgniter\Boot::bootWeb(Object(Config\Paths))
WARNING - 2025-03-31 14:39:20 --> [DEPRECATED] number_format(): Passing null to parameter #1 ($num) of type float is deprecated in APPPATH/Views/reporte/imprimir_valorado.php on line 99.
 1 APPPATH/Views/reporte/imprimir_valorado.php(99): number_format(null, 2, ',', '.')
 2 SYSTEMPATH/View/View.php(234): include('/home2/usoabumg/public_html/oruro.site/app/Views/reporte/imprimir_valorado.php')
 3 SYSTEMPATH/View/View.php(237): CodeIgniter\View\View->CodeIgniter\View\{closure}()
 4 SYSTEMPATH/Common.php(1171): CodeIgniter\View\View->render('reporte/imprimir_valorado', [], true)
 5 APPPATH/Controllers/Reporte.php(135): view('reporte/imprimir_valorado', [...])
 6 SYSTEMPATH/CodeIgniter.php(933): App\Controllers\Reporte->consolidado()
 7 SYSTEMPATH/CodeIgniter.php(509): CodeIgniter\CodeIgniter->runController(Object(App\Controllers\Reporte))
 8 SYSTEMPATH/CodeIgniter.php(355): CodeIgniter\CodeIgniter->handleRequest(null, Object(Config\Cache), false)
 9 SYSTEMPATH/Boot.php(325): CodeIgniter\CodeIgniter->run()
10 SYSTEMPATH/Boot.php(67): CodeIgniter\Boot::runCodeIgniter(Object(CodeIgniter\CodeIgniter))
11 FCPATH/index.php(56): CodeIgniter\Boot::bootWeb(Object(Config\Paths))
WARNING - 2025-03-31 14:39:20 --> [DEPRECATED] number_format(): Passing null to parameter #1 ($num) of type float is deprecated in APPPATH/Views/reporte/imprimir_valorado.php on line 96.
 1 APPPATH/Views/reporte/imprimir_valorado.php(96): number_format(null, 2, ',', '.')
 2 SYSTEMPATH/View/View.php(234): include('/home2/usoabumg/public_html/oruro.site/app/Views/reporte/imprimir_valorado.php')
 3 SYSTEMPATH/View/View.php(237): CodeIgniter\View\View->CodeIgniter\View\{closure}()
 4 SYSTEMPATH/Common.php(1171): CodeIgniter\View\View->render('reporte/imprimir_valorado', [], true)
 5 APPPATH/Controllers/Reporte.php(135): view('reporte/imprimir_valorado', [...])
 6 SYSTEMPATH/CodeIgniter.php(933): App\Controllers\Reporte->consolidado()
 7 SYSTEMPATH/CodeIgniter.php(509): CodeIgniter\CodeIgniter->runController(Object(App\Controllers\Reporte))
 8 SYSTEMPATH/CodeIgniter.php(355): CodeIgniter\CodeIgniter->handleRequest(null, Object(Config\Cache), false)
 9 SYSTEMPATH/Boot.php(325): CodeIgniter\CodeIgniter->run()
10 SYSTEMPATH/Boot.php(67): CodeIgniter\Boot::runCodeIgniter(Object(CodeIgniter\CodeIgniter))
11 FCPATH/index.php(56): CodeIgniter\Boot::bootWeb(Object(Config\Paths))
WARNING - 2025-03-31 14:39:20 --> [DEPRECATED] number_format(): Passing null to parameter #1 ($num) of type float is deprecated in APPPATH/Views/reporte/imprimir_valorado.php on line 99.
 1 APPPATH/Views/reporte/imprimir_valorado.php(99): number_format(null, 2, ',', '.')
 2 SYSTEMPATH/View/View.php(234): include('/home2/usoabumg/public_html/oruro.site/app/Views/reporte/imprimir_valorado.php')
 3 SYSTEMPATH/View/View.php(237): CodeIgniter\View\View->CodeIgniter\View\{closure}()
 4 SYSTEMPATH/Common.php(1171): CodeIgniter\View\View->render('reporte/imprimir_valorado', [], true)
 5 APPPATH/Controllers/Reporte.php(135): view('reporte/imprimir_valorado', [...])
 6 SYSTEMPATH/CodeIgniter.php(933): App\Controllers\Reporte->consolidado()
 7 SYSTEMPATH/CodeIgniter.php(509): CodeIgniter\CodeIgniter->runController(Object(App\Controllers\Reporte))
 8 SYSTEMPATH/CodeIgniter.php(355): CodeIgniter\CodeIgniter->handleRequest(null, Object(Config\Cache), false)
 9 SYSTEMPATH/Boot.php(325): CodeIgniter\CodeIgniter->run()
10 SYSTEMPATH/Boot.php(67): CodeIgniter\Boot::runCodeIgniter(Object(CodeIgniter\CodeIgniter))
11 FCPATH/index.php(56): CodeIgniter\Boot::bootWeb(Object(Config\Paths))
WARNING - 2025-03-31 14:39:20 --> [DEPRECATED] number_format(): Passing null to parameter #1 ($num) of type float is deprecated in APPPATH/Views/reporte/imprimir_valorado.php on line 96.
 1 APPPATH/Views/reporte/imprimir_valorado.php(96): number_format(null, 2, ',', '.')
 2 SYSTEMPATH/View/View.php(234): include('/home2/usoabumg/public_html/oruro.site/app/Views/reporte/imprimir_valorado.php')
 3 SYSTEMPATH/View/View.php(237): CodeIgniter\View\View->CodeIgniter\View\{closure}()
 4 SYSTEMPATH/Common.php(1171): CodeIgniter\View\View->render('reporte/imprimir_valorado', [], true)
 5 APPPATH/Controllers/Reporte.php(135): view('reporte/imprimir_valorado', [...])
 6 SYSTEMPATH/CodeIgniter.php(933): App\Controllers\Reporte->consolidado()
 7 SYSTEMPATH/CodeIgniter.php(509): CodeIgniter\CodeIgniter->runController(Object(App\Controllers\Reporte))
 8 SYSTEMPATH/CodeIgniter.php(355): CodeIgniter\CodeIgniter->handleRequest(null, Object(Config\Cache), false)
 9 SYSTEMPATH/Boot.php(325): CodeIgniter\CodeIgniter->run()
10 SYSTEMPATH/Boot.php(67): CodeIgniter\Boot::runCodeIgniter(Object(CodeIgniter\CodeIgniter))
11 FCPATH/index.php(56): CodeIgniter\Boot::bootWeb(Object(Config\Paths))
WARNING - 2025-03-31 14:39:20 --> [DEPRECATED] number_format(): Passing null to parameter #1 ($num) of type float is deprecated in APPPATH/Views/reporte/imprimir_valorado.php on line 99.
 1 APPPATH/Views/reporte/imprimir_valorado.php(99): number_format(null, 2, ',', '.')
 2 SYSTEMPATH/View/View.php(234): include('/home2/usoabumg/public_html/oruro.site/app/Views/reporte/imprimir_valorado.php')
 3 SYSTEMPATH/View/View.php(237): CodeIgniter\View\View->CodeIgniter\View\{closure}()
 4 SYSTEMPATH/Common.php(1171): CodeIgniter\View\View->render('reporte/imprimir_valorado', [], true)
 5 APPPATH/Controllers/Reporte.php(135): view('reporte/imprimir_valorado', [...])
 6 SYSTEMPATH/CodeIgniter.php(933): App\Controllers\Reporte->consolidado()
 7 SYSTEMPATH/CodeIgniter.php(509): CodeIgniter\CodeIgniter->runController(Object(App\Controllers\Reporte))
 8 SYSTEMPATH/CodeIgniter.php(355): CodeIgniter\CodeIgniter->handleRequest(null, Object(Config\Cache), false)
 9 SYSTEMPATH/Boot.php(325): CodeIgniter\CodeIgniter->run()
10 SYSTEMPATH/Boot.php(67): CodeIgniter\Boot::runCodeIgniter(Object(CodeIgniter\CodeIgniter))
11 FCPATH/index.php(56): CodeIgniter\Boot::bootWeb(Object(Config\Paths))
WARNING - 2025-03-31 14:39:20 --> [DEPRECATED] number_format(): Passing null to parameter #1 ($num) of type float is deprecated in APPPATH/Views/reporte/imprimir_valorado.php on line 96.
 1 APPPATH/Views/reporte/imprimir_valorado.php(96): number_format(null, 2, ',', '.')
 2 SYSTEMPATH/View/View.php(234): include('/home2/usoabumg/public_html/oruro.site/app/Views/reporte/imprimir_valorado.php')
 3 SYSTEMPATH/View/View.php(237): CodeIgniter\View\View->CodeIgniter\View\{closure}()
 4 SYSTEMPATH/Common.php(1171): CodeIgniter\View\View->render('reporte/imprimir_valorado', [], true)
 5 APPPATH/Controllers/Reporte.php(135): view('reporte/imprimir_valorado', [...])
 6 SYSTEMPATH/CodeIgniter.php(933): App\Controllers\Reporte->consolidado()
 7 SYSTEMPATH/CodeIgniter.php(509): CodeIgniter\CodeIgniter->runController(Object(App\Controllers\Reporte))
 8 SYSTEMPATH/CodeIgniter.php(355): CodeIgniter\CodeIgniter->handleRequest(null, Object(Config\Cache), false)
 9 SYSTEMPATH/Boot.php(325): CodeIgniter\CodeIgniter->run()
10 SYSTEMPATH/Boot.php(67): CodeIgniter\Boot::runCodeIgniter(Object(CodeIgniter\CodeIgniter))
11 FCPATH/index.php(56): CodeIgniter\Boot::bootWeb(Object(Config\Paths))
WARNING - 2025-03-31 14:39:20 --> [DEPRECATED] number_format(): Passing null to parameter #1 ($num) of type float is deprecated in APPPATH/Views/reporte/imprimir_valorado.php on line 99.
 1 APPPATH/Views/reporte/imprimir_valorado.php(99): number_format(null, 2, ',', '.')
 2 SYSTEMPATH/View/View.php(234): include('/home2/usoabumg/public_html/oruro.site/app/Views/reporte/imprimir_valorado.php')
 3 SYSTEMPATH/View/View.php(237): CodeIgniter\View\View->CodeIgniter\View\{closure}()
 4 SYSTEMPATH/Common.php(1171): CodeIgniter\View\View->render('reporte/imprimir_valorado', [], true)
 5 APPPATH/Controllers/Reporte.php(135): view('reporte/imprimir_valorado', [...])
 6 SYSTEMPATH/CodeIgniter.php(933): App\Controllers\Reporte->consolidado()
 7 SYSTEMPATH/CodeIgniter.php(509): CodeIgniter\CodeIgniter->runController(Object(App\Controllers\Reporte))
 8 SYSTEMPATH/CodeIgniter.php(355): CodeIgniter\CodeIgniter->handleRequest(null, Object(Config\Cache), false)
 9 SYSTEMPATH/Boot.php(325): CodeIgniter\CodeIgniter->run()
10 SYSTEMPATH/Boot.php(67): CodeIgniter\Boot::runCodeIgniter(Object(CodeIgniter\CodeIgniter))
11 FCPATH/index.php(56): CodeIgniter\Boot::bootWeb(Object(Config\Paths))
WARNING - 2025-03-31 14:39:20 --> [DEPRECATED] number_format(): Passing null to parameter #1 ($num) of type float is deprecated in APPPATH/Views/reporte/imprimir_valorado.php on line 96.
 1 APPPATH/Views/reporte/imprimir_valorado.php(96): number_format(null, 2, ',', '.')
 2 SYSTEMPATH/View/View.php(234): include('/home2/usoabumg/public_html/oruro.site/app/Views/reporte/imprimir_valorado.php')
 3 SYSTEMPATH/View/View.php(237): CodeIgniter\View\View->CodeIgniter\View\{closure}()
 4 SYSTEMPATH/Common.php(1171): CodeIgniter\View\View->render('reporte/imprimir_valorado', [], true)
 5 APPPATH/Controllers/Reporte.php(135): view('reporte/imprimir_valorado', [...])
 6 SYSTEMPATH/CodeIgniter.php(933): App\Controllers\Reporte->consolidado()
 7 SYSTEMPATH/CodeIgniter.php(509): CodeIgniter\CodeIgniter->runController(Object(App\Controllers\Reporte))
 8 SYSTEMPATH/CodeIgniter.php(355): CodeIgniter\CodeIgniter->handleRequest(null, Object(Config\Cache), false)
 9 SYSTEMPATH/Boot.php(325): CodeIgniter\CodeIgniter->run()
10 SYSTEMPATH/Boot.php(67): CodeIgniter\Boot::runCodeIgniter(Object(CodeIgniter\CodeIgniter))
11 FCPATH/index.php(56): CodeIgniter\Boot::bootWeb(Object(Config\Paths))
WARNING - 2025-03-31 14:39:20 --> [DEPRECATED] number_format(): Passing null to parameter #1 ($num) of type float is deprecated in APPPATH/Views/reporte/imprimir_valorado.php on line 99.
 1 APPPATH/Views/reporte/imprimir_valorado.php(99): number_format(null, 2, ',', '.')
 2 SYSTEMPATH/View/View.php(234): include('/home2/usoabumg/public_html/oruro.site/app/Views/reporte/imprimir_valorado.php')
 3 SYSTEMPATH/View/View.php(237): CodeIgniter\View\View->CodeIgniter\View\{closure}()
 4 SYSTEMPATH/Common.php(1171): CodeIgniter\View\View->render('reporte/imprimir_valorado', [], true)
 5 APPPATH/Controllers/Reporte.php(135): view('reporte/imprimir_valorado', [...])
 6 SYSTEMPATH/CodeIgniter.php(933): App\Controllers\Reporte->consolidado()
 7 SYSTEMPATH/CodeIgniter.php(509): CodeIgniter\CodeIgniter->runController(Object(App\Controllers\Reporte))
 8 SYSTEMPATH/CodeIgniter.php(355): CodeIgniter\CodeIgniter->handleRequest(null, Object(Config\Cache), false)
 9 SYSTEMPATH/Boot.php(325): CodeIgniter\CodeIgniter->run()
10 SYSTEMPATH/Boot.php(67): CodeIgniter\Boot::runCodeIgniter(Object(CodeIgniter\CodeIgniter))
11 FCPATH/index.php(56): CodeIgniter\Boot::bootWeb(Object(Config\Paths))
WARNING - 2025-03-31 14:39:20 --> [DEPRECATED] number_format(): Passing null to parameter #1 ($num) of type float is deprecated in APPPATH/Views/reporte/imprimir_valorado.php on line 96.
 1 APPPATH/Views/reporte/imprimir_valorado.php(96): number_format(null, 2, ',', '.')
 2 SYSTEMPATH/View/View.php(234): include('/home2/usoabumg/public_html/oruro.site/app/Views/reporte/imprimir_valorado.php')
 3 SYSTEMPATH/View/View.php(237): CodeIgniter\View\View->CodeIgniter\View\{closure}()
 4 SYSTEMPATH/Common.php(1171): CodeIgniter\View\View->render('reporte/imprimir_valorado', [], true)
 5 APPPATH/Controllers/Reporte.php(135): view('reporte/imprimir_valorado', [...])
 6 SYSTEMPATH/CodeIgniter.php(933): App\Controllers\Reporte->consolidado()
 7 SYSTEMPATH/CodeIgniter.php(509): CodeIgniter\CodeIgniter->runController(Object(App\Controllers\Reporte))
 8 SYSTEMPATH/CodeIgniter.php(355): CodeIgniter\CodeIgniter->handleRequest(null, Object(Config\Cache), false)
 9 SYSTEMPATH/Boot.php(325): CodeIgniter\CodeIgniter->run()
10 SYSTEMPATH/Boot.php(67): CodeIgniter\Boot::runCodeIgniter(Object(CodeIgniter\CodeIgniter))
11 FCPATH/index.php(56): CodeIgniter\Boot::bootWeb(Object(Config\Paths))
WARNING - 2025-03-31 14:39:20 --> [DEPRECATED] number_format(): Passing null to parameter #1 ($num) of type float is deprecated in APPPATH/Views/reporte/imprimir_valorado.php on line 99.
 1 APPPATH/Views/reporte/imprimir_valorado.php(99): number_format(null, 2, ',', '.')
 2 SYSTEMPATH/View/View.php(234): include('/home2/usoabumg/public_html/oruro.site/app/Views/reporte/imprimir_valorado.php')
 3 SYSTEMPATH/View/View.php(237): CodeIgniter\View\View->CodeIgniter\View\{closure}()
 4 SYSTEMPATH/Common.php(1171): CodeIgniter\View\View->render('reporte/imprimir_valorado', [], true)
 5 APPPATH/Controllers/Reporte.php(135): view('reporte/imprimir_valorado', [...])
 6 SYSTEMPATH/CodeIgniter.php(933): App\Controllers\Reporte->consolidado()
 7 SYSTEMPATH/CodeIgniter.php(509): CodeIgniter\CodeIgniter->runController(Object(App\Controllers\Reporte))
 8 SYSTEMPATH/CodeIgniter.php(355): CodeIgniter\CodeIgniter->handleRequest(null, Object(Config\Cache), false)
 9 SYSTEMPATH/Boot.php(325): CodeIgniter\CodeIgniter->run()
10 SYSTEMPATH/Boot.php(67): CodeIgniter\Boot::runCodeIgniter(Object(CodeIgniter\CodeIgniter))
11 FCPATH/index.php(56): CodeIgniter\Boot::bootWeb(Object(Config\Paths))
WARNING - 2025-03-31 14:39:20 --> [DEPRECATED] number_format(): Passing null to parameter #1 ($num) of type float is deprecated in APPPATH/Views/reporte/imprimir_valorado.php on line 96.
 1 APPPATH/Views/reporte/imprimir_valorado.php(96): number_format(null, 2, ',', '.')
 2 SYSTEMPATH/View/View.php(234): include('/home2/usoabumg/public_html/oruro.site/app/Views/reporte/imprimir_valorado.php')
 3 SYSTEMPATH/View/View.php(237): CodeIgniter\View\View->CodeIgniter\View\{closure}()
 4 SYSTEMPATH/Common.php(1171): CodeIgniter\View\View->render('reporte/imprimir_valorado', [], true)
 5 APPPATH/Controllers/Reporte.php(135): view('reporte/imprimir_valorado', [...])
 6 SYSTEMPATH/CodeIgniter.php(933): App\Controllers\Reporte->consolidado()
 7 SYSTEMPATH/CodeIgniter.php(509): CodeIgniter\CodeIgniter->runController(Object(App\Controllers\Reporte))
 8 SYSTEMPATH/CodeIgniter.php(355): CodeIgniter\CodeIgniter->handleRequest(null, Object(Config\Cache), false)
 9 SYSTEMPATH/Boot.php(325): CodeIgniter\CodeIgniter->run()
10 SYSTEMPATH/Boot.php(67): CodeIgniter\Boot::runCodeIgniter(Object(CodeIgniter\CodeIgniter))
11 FCPATH/index.php(56): CodeIgniter\Boot::bootWeb(Object(Config\Paths))
WARNING - 2025-03-31 14:39:20 --> [DEPRECATED] number_format(): Passing null to parameter #1 ($num) of type float is deprecated in APPPATH/Views/reporte/imprimir_valorado.php on line 99.
 1 APPPATH/Views/reporte/imprimir_valorado.php(99): number_format(null, 2, ',', '.')
 2 SYSTEMPATH/View/View.php(234): include('/home2/usoabumg/public_html/oruro.site/app/Views/reporte/imprimir_valorado.php')
 3 SYSTEMPATH/View/View.php(237): CodeIgniter\View\View->CodeIgniter\View\{closure}()
 4 SYSTEMPATH/Common.php(1171): CodeIgniter\View\View->render('reporte/imprimir_valorado', [], true)
 5 APPPATH/Controllers/Reporte.php(135): view('reporte/imprimir_valorado', [...])
 6 SYSTEMPATH/CodeIgniter.php(933): App\Controllers\Reporte->consolidado()
 7 SYSTEMPATH/CodeIgniter.php(509): CodeIgniter\CodeIgniter->runController(Object(App\Controllers\Reporte))
 8 SYSTEMPATH/CodeIgniter.php(355): CodeIgniter\CodeIgniter->handleRequest(null, Object(Config\Cache), false)
 9 SYSTEMPATH/Boot.php(325): CodeIgniter\CodeIgniter->run()
10 SYSTEMPATH/Boot.php(67): CodeIgniter\Boot::runCodeIgniter(Object(CodeIgniter\CodeIgniter))
11 FCPATH/index.php(56): CodeIgniter\Boot::bootWeb(Object(Config\Paths))
WARNING - 2025-03-31 14:39:20 --> [DEPRECATED] number_format(): Passing null to parameter #1 ($num) of type float is deprecated in APPPATH/Views/reporte/imprimir_valorado.php on line 96.
 1 APPPATH/Views/reporte/imprimir_valorado.php(96): number_format(null, 2, ',', '.')
 2 SYSTEMPATH/View/View.php(234): include('/home2/usoabumg/public_html/oruro.site/app/Views/reporte/imprimir_valorado.php')
 3 SYSTEMPATH/View/View.php(237): CodeIgniter\View\View->CodeIgniter\View\{closure}()
 4 SYSTEMPATH/Common.php(1171): CodeIgniter\View\View->render('reporte/imprimir_valorado', [], true)
 5 APPPATH/Controllers/Reporte.php(135): view('reporte/imprimir_valorado', [...])
 6 SYSTEMPATH/CodeIgniter.php(933): App\Controllers\Reporte->consolidado()
 7 SYSTEMPATH/CodeIgniter.php(509): CodeIgniter\CodeIgniter->runController(Object(App\Controllers\Reporte))
 8 SYSTEMPATH/CodeIgniter.php(355): CodeIgniter\CodeIgniter->handleRequest(null, Object(Config\Cache), false)
 9 SYSTEMPATH/Boot.php(325): CodeIgniter\CodeIgniter->run()
10 SYSTEMPATH/Boot.php(67): CodeIgniter\Boot::runCodeIgniter(Object(CodeIgniter\CodeIgniter))
11 FCPATH/index.php(56): CodeIgniter\Boot::bootWeb(Object(Config\Paths))
WARNING - 2025-03-31 14:39:20 --> [DEPRECATED] number_format(): Passing null to parameter #1 ($num) of type float is deprecated in APPPATH/Views/reporte/imprimir_valorado.php on line 99.
 1 APPPATH/Views/reporte/imprimir_valorado.php(99): number_format(null, 2, ',', '.')
 2 SYSTEMPATH/View/View.php(234): include('/home2/usoabumg/public_html/oruro.site/app/Views/reporte/imprimir_valorado.php')
 3 SYSTEMPATH/View/View.php(237): CodeIgniter\View\View->CodeIgniter\View\{closure}()
 4 SYSTEMPATH/Common.php(1171): CodeIgniter\View\View->render('reporte/imprimir_valorado', [], true)
 5 APPPATH/Controllers/Reporte.php(135): view('reporte/imprimir_valorado', [...])
 6 SYSTEMPATH/CodeIgniter.php(933): App\Controllers\Reporte->consolidado()
 7 SYSTEMPATH/CodeIgniter.php(509): CodeIgniter\CodeIgniter->runController(Object(App\Controllers\Reporte))
 8 SYSTEMPATH/CodeIgniter.php(355): CodeIgniter\CodeIgniter->handleRequest(null, Object(Config\Cache), false)
 9 SYSTEMPATH/Boot.php(325): CodeIgniter\CodeIgniter->run()
10 SYSTEMPATH/Boot.php(67): CodeIgniter\Boot::runCodeIgniter(Object(CodeIgniter\CodeIgniter))
11 FCPATH/index.php(56): CodeIgniter\Boot::bootWeb(Object(Config\Paths))
WARNING - 2025-03-31 14:39:20 --> [DEPRECATED] number_format(): Passing null to parameter #1 ($num) of type float is deprecated in APPPATH/Views/reporte/imprimir_valorado.php on line 96.
 1 APPPATH/Views/reporte/imprimir_valorado.php(96): number_format(null, 2, ',', '.')
 2 SYSTEMPATH/View/View.php(234): include('/home2/usoabumg/public_html/oruro.site/app/Views/reporte/imprimir_valorado.php')
 3 SYSTEMPATH/View/View.php(237): CodeIgniter\View\View->CodeIgniter\View\{closure}()
 4 SYSTEMPATH/Common.php(1171): CodeIgniter\View\View->render('reporte/imprimir_valorado', [], true)
 5 APPPATH/Controllers/Reporte.php(135): view('reporte/imprimir_valorado', [...])
 6 SYSTEMPATH/CodeIgniter.php(933): App\Controllers\Reporte->consolidado()
 7 SYSTEMPATH/CodeIgniter.php(509): CodeIgniter\CodeIgniter->runController(Object(App\Controllers\Reporte))
 8 SYSTEMPATH/CodeIgniter.php(355): CodeIgniter\CodeIgniter->handleRequest(null, Object(Config\Cache), false)
 9 SYSTEMPATH/Boot.php(325): CodeIgniter\CodeIgniter->run()
10 SYSTEMPATH/Boot.php(67): CodeIgniter\Boot::runCodeIgniter(Object(CodeIgniter\CodeIgniter))
11 FCPATH/index.php(56): CodeIgniter\Boot::bootWeb(Object(Config\Paths))
WARNING - 2025-03-31 14:39:20 --> [DEPRECATED] number_format(): Passing null to parameter #1 ($num) of type float is deprecated in APPPATH/Views/reporte/imprimir_valorado.php on line 99.
 1 APPPATH/Views/reporte/imprimir_valorado.php(99): number_format(null, 2, ',', '.')
 2 SYSTEMPATH/View/View.php(234): include('/home2/usoabumg/public_html/oruro.site/app/Views/reporte/imprimir_valorado.php')
 3 SYSTEMPATH/View/View.php(237): CodeIgniter\View\View->CodeIgniter\View\{closure}()
 4 SYSTEMPATH/Common.php(1171): CodeIgniter\View\View->render('reporte/imprimir_valorado', [], true)
 5 APPPATH/Controllers/Reporte.php(135): view('reporte/imprimir_valorado', [...])
 6 SYSTEMPATH/CodeIgniter.php(933): App\Controllers\Reporte->consolidado()
 7 SYSTEMPATH/CodeIgniter.php(509): CodeIgniter\CodeIgniter->runController(Object(App\Controllers\Reporte))
 8 SYSTEMPATH/CodeIgniter.php(355): CodeIgniter\CodeIgniter->handleRequest(null, Object(Config\Cache), false)
 9 SYSTEMPATH/Boot.php(325): CodeIgniter\CodeIgniter->run()
10 SYSTEMPATH/Boot.php(67): CodeIgniter\Boot::runCodeIgniter(Object(CodeIgniter\CodeIgniter))
11 FCPATH/index.php(56): CodeIgniter\Boot::bootWeb(Object(Config\Paths))
WARNING - 2025-03-31 14:39:20 --> [DEPRECATED] number_format(): Passing null to parameter #1 ($num) of type float is deprecated in APPPATH/Views/reporte/imprimir_valorado.php on line 96.
 1 APPPATH/Views/reporte/imprimir_valorado.php(96): number_format(null, 2, ',', '.')
 2 SYSTEMPATH/View/View.php(234): include('/home2/usoabumg/public_html/oruro.site/app/Views/reporte/imprimir_valorado.php')
 3 SYSTEMPATH/View/View.php(237): CodeIgniter\View\View->CodeIgniter\View\{closure}()
 4 SYSTEMPATH/Common.php(1171): CodeIgniter\View\View->render('reporte/imprimir_valorado', [], true)
 5 APPPATH/Controllers/Reporte.php(135): view('reporte/imprimir_valorado', [...])
 6 SYSTEMPATH/CodeIgniter.php(933): App\Controllers\Reporte->consolidado()
 7 SYSTEMPATH/CodeIgniter.php(509): CodeIgniter\CodeIgniter->runController(Object(App\Controllers\Reporte))
 8 SYSTEMPATH/CodeIgniter.php(355): CodeIgniter\CodeIgniter->handleRequest(null, Object(Config\Cache), false)
 9 SYSTEMPATH/Boot.php(325): CodeIgniter\CodeIgniter->run()
10 SYSTEMPATH/Boot.php(67): CodeIgniter\Boot::runCodeIgniter(Object(CodeIgniter\CodeIgniter))
11 FCPATH/index.php(56): CodeIgniter\Boot::bootWeb(Object(Config\Paths))
WARNING - 2025-03-31 14:39:20 --> [DEPRECATED] number_format(): Passing null to parameter #1 ($num) of type float is deprecated in APPPATH/Views/reporte/imprimir_valorado.php on line 99.
 1 APPPATH/Views/reporte/imprimir_valorado.php(99): number_format(null, 2, ',', '.')
 2 SYSTEMPATH/View/View.php(234): include('/home2/usoabumg/public_html/oruro.site/app/Views/reporte/imprimir_valorado.php')
 3 SYSTEMPATH/View/View.php(237): CodeIgniter\View\View->CodeIgniter\View\{closure}()
 4 SYSTEMPATH/Common.php(1171): CodeIgniter\View\View->render('reporte/imprimir_valorado', [], true)
 5 APPPATH/Controllers/Reporte.php(135): view('reporte/imprimir_valorado', [...])
 6 SYSTEMPATH/CodeIgniter.php(933): App\Controllers\Reporte->consolidado()
 7 SYSTEMPATH/CodeIgniter.php(509): CodeIgniter\CodeIgniter->runController(Object(App\Controllers\Reporte))
 8 SYSTEMPATH/CodeIgniter.php(355): CodeIgniter\CodeIgniter->handleRequest(null, Object(Config\Cache), false)
 9 SYSTEMPATH/Boot.php(325): CodeIgniter\CodeIgniter->run()
10 SYSTEMPATH/Boot.php(67): CodeIgniter\Boot::runCodeIgniter(Object(CodeIgniter\CodeIgniter))
11 FCPATH/index.php(56): CodeIgniter\Boot::bootWeb(Object(Config\Paths))
WARNING - 2025-03-31 14:39:20 --> [DEPRECATED] number_format(): Passing null to parameter #1 ($num) of type float is deprecated in APPPATH/Views/reporte/imprimir_valorado.php on line 96.
 1 APPPATH/Views/reporte/imprimir_valorado.php(96): number_format(null, 2, ',', '.')
 2 SYSTEMPATH/View/View.php(234): include('/home2/usoabumg/public_html/oruro.site/app/Views/reporte/imprimir_valorado.php')
 3 SYSTEMPATH/View/View.php(237): CodeIgniter\View\View->CodeIgniter\View\{closure}()
 4 SYSTEMPATH/Common.php(1171): CodeIgniter\View\View->render('reporte/imprimir_valorado', [], true)
 5 APPPATH/Controllers/Reporte.php(135): view('reporte/imprimir_valorado', [...])
 6 SYSTEMPATH/CodeIgniter.php(933): App\Controllers\Reporte->consolidado()
 7 SYSTEMPATH/CodeIgniter.php(509): CodeIgniter\CodeIgniter->runController(Object(App\Controllers\Reporte))
 8 SYSTEMPATH/CodeIgniter.php(355): CodeIgniter\CodeIgniter->handleRequest(null, Object(Config\Cache), false)
 9 SYSTEMPATH/Boot.php(325): CodeIgniter\CodeIgniter->run()
10 SYSTEMPATH/Boot.php(67): CodeIgniter\Boot::runCodeIgniter(Object(CodeIgniter\CodeIgniter))
11 FCPATH/index.php(56): CodeIgniter\Boot::bootWeb(Object(Config\Paths))
WARNING - 2025-03-31 14:39:20 --> [DEPRECATED] number_format(): Passing null to parameter #1 ($num) of type float is deprecated in APPPATH/Views/reporte/imprimir_valorado.php on line 99.
 1 APPPATH/Views/reporte/imprimir_valorado.php(99): number_format(null, 2, ',', '.')
 2 SYSTEMPATH/View/View.php(234): include('/home2/usoabumg/public_html/oruro.site/app/Views/reporte/imprimir_valorado.php')
 3 SYSTEMPATH/View/View.php(237): CodeIgniter\View\View->CodeIgniter\View\{closure}()
 4 SYSTEMPATH/Common.php(1171): CodeIgniter\View\View->render('reporte/imprimir_valorado', [], true)
 5 APPPATH/Controllers/Reporte.php(135): view('reporte/imprimir_valorado', [...])
 6 SYSTEMPATH/CodeIgniter.php(933): App\Controllers\Reporte->consolidado()
 7 SYSTEMPATH/CodeIgniter.php(509): CodeIgniter\CodeIgniter->runController(Object(App\Controllers\Reporte))
 8 SYSTEMPATH/CodeIgniter.php(355): CodeIgniter\CodeIgniter->handleRequest(null, Object(Config\Cache), false)
 9 SYSTEMPATH/Boot.php(325): CodeIgniter\CodeIgniter->run()
10 SYSTEMPATH/Boot.php(67): CodeIgniter\Boot::runCodeIgniter(Object(CodeIgniter\CodeIgniter))
11 FCPATH/index.php(56): CodeIgniter\Boot::bootWeb(Object(Config\Paths))
WARNING - 2025-03-31 14:39:20 --> [DEPRECATED] number_format(): Passing null to parameter #1 ($num) of type float is deprecated in APPPATH/Views/reporte/imprimir_valorado.php on line 96.
 1 APPPATH/Views/reporte/imprimir_valorado.php(96): number_format(null, 2, ',', '.')
 2 SYSTEMPATH/View/View.php(234): include('/home2/usoabumg/public_html/oruro.site/app/Views/reporte/imprimir_valorado.php')
 3 SYSTEMPATH/View/View.php(237): CodeIgniter\View\View->CodeIgniter\View\{closure}()
 4 SYSTEMPATH/Common.php(1171): CodeIgniter\View\View->render('reporte/imprimir_valorado', [], true)
 5 APPPATH/Controllers/Reporte.php(135): view('reporte/imprimir_valorado', [...])
 6 SYSTEMPATH/CodeIgniter.php(933): App\Controllers\Reporte->consolidado()
 7 SYSTEMPATH/CodeIgniter.php(509): CodeIgniter\CodeIgniter->runController(Object(App\Controllers\Reporte))
 8 SYSTEMPATH/CodeIgniter.php(355): CodeIgniter\CodeIgniter->handleRequest(null, Object(Config\Cache), false)
 9 SYSTEMPATH/Boot.php(325): CodeIgniter\CodeIgniter->run()
10 SYSTEMPATH/Boot.php(67): CodeIgniter\Boot::runCodeIgniter(Object(CodeIgniter\CodeIgniter))
11 FCPATH/index.php(56): CodeIgniter\Boot::bootWeb(Object(Config\Paths))
WARNING - 2025-03-31 14:39:20 --> [DEPRECATED] number_format(): Passing null to parameter #1 ($num) of type float is deprecated in APPPATH/Views/reporte/imprimir_valorado.php on line 99.
 1 APPPATH/Views/reporte/imprimir_valorado.php(99): number_format(null, 2, ',', '.')
 2 SYSTEMPATH/View/View.php(234): include('/home2/usoabumg/public_html/oruro.site/app/Views/reporte/imprimir_valorado.php')
 3 SYSTEMPATH/View/View.php(237): CodeIgniter\View\View->CodeIgniter\View\{closure}()
 4 SYSTEMPATH/Common.php(1171): CodeIgniter\View\View->render('reporte/imprimir_valorado', [], true)
 5 APPPATH/Controllers/Reporte.php(135): view('reporte/imprimir_valorado', [...])
 6 SYSTEMPATH/CodeIgniter.php(933): App\Controllers\Reporte->consolidado()
 7 SYSTEMPATH/CodeIgniter.php(509): CodeIgniter\CodeIgniter->runController(Object(App\Controllers\Reporte))
 8 SYSTEMPATH/CodeIgniter.php(355): CodeIgniter\CodeIgniter->handleRequest(null, Object(Config\Cache), false)
 9 SYSTEMPATH/Boot.php(325): CodeIgniter\CodeIgniter->run()
10 SYSTEMPATH/Boot.php(67): CodeIgniter\Boot::runCodeIgniter(Object(CodeIgniter\CodeIgniter))
11 FCPATH/index.php(56): CodeIgniter\Boot::bootWeb(Object(Config\Paths))
WARNING - 2025-03-31 14:39:20 --> [DEPRECATED] number_format(): Passing null to parameter #1 ($num) of type float is deprecated in APPPATH/Views/reporte/imprimir_valorado.php on line 96.
 1 APPPATH/Views/reporte/imprimir_valorado.php(96): number_format(null, 2, ',', '.')
 2 SYSTEMPATH/View/View.php(234): include('/home2/usoabumg/public_html/oruro.site/app/Views/reporte/imprimir_valorado.php')
 3 SYSTEMPATH/View/View.php(237): CodeIgniter\View\View->CodeIgniter\View\{closure}()
 4 SYSTEMPATH/Common.php(1171): CodeIgniter\View\View->render('reporte/imprimir_valorado', [], true)
 5 APPPATH/Controllers/Reporte.php(135): view('reporte/imprimir_valorado', [...])
 6 SYSTEMPATH/CodeIgniter.php(933): App\Controllers\Reporte->consolidado()
 7 SYSTEMPATH/CodeIgniter.php(509): CodeIgniter\CodeIgniter->runController(Object(App\Controllers\Reporte))
 8 SYSTEMPATH/CodeIgniter.php(355): CodeIgniter\CodeIgniter->handleRequest(null, Object(Config\Cache), false)
 9 SYSTEMPATH/Boot.php(325): CodeIgniter\CodeIgniter->run()
10 SYSTEMPATH/Boot.php(67): CodeIgniter\Boot::runCodeIgniter(Object(CodeIgniter\CodeIgniter))
11 FCPATH/index.php(56): CodeIgniter\Boot::bootWeb(Object(Config\Paths))
WARNING - 2025-03-31 14:39:20 --> [DEPRECATED] number_format(): Passing null to parameter #1 ($num) of type float is deprecated in APPPATH/Views/reporte/imprimir_valorado.php on line 99.
 1 APPPATH/Views/reporte/imprimir_valorado.php(99): number_format(null, 2, ',', '.')
 2 SYSTEMPATH/View/View.php(234): include('/home2/usoabumg/public_html/oruro.site/app/Views/reporte/imprimir_valorado.php')
 3 SYSTEMPATH/View/View.php(237): CodeIgniter\View\View->CodeIgniter\View\{closure}()
 4 SYSTEMPATH/Common.php(1171): CodeIgniter\View\View->render('reporte/imprimir_valorado', [], true)
 5 APPPATH/Controllers/Reporte.php(135): view('reporte/imprimir_valorado', [...])
 6 SYSTEMPATH/CodeIgniter.php(933): App\Controllers\Reporte->consolidado()
 7 SYSTEMPATH/CodeIgniter.php(509): CodeIgniter\CodeIgniter->runController(Object(App\Controllers\Reporte))
 8 SYSTEMPATH/CodeIgniter.php(355): CodeIgniter\CodeIgniter->handleRequest(null, Object(Config\Cache), false)
 9 SYSTEMPATH/Boot.php(325): CodeIgniter\CodeIgniter->run()
10 SYSTEMPATH/Boot.php(67): CodeIgniter\Boot::runCodeIgniter(Object(CodeIgniter\CodeIgniter))
11 FCPATH/index.php(56): CodeIgniter\Boot::bootWeb(Object(Config\Paths))
WARNING - 2025-03-31 14:39:20 --> [DEPRECATED] number_format(): Passing null to parameter #1 ($num) of type float is deprecated in APPPATH/Views/reporte/imprimir_valorado.php on line 96.
 1 APPPATH/Views/reporte/imprimir_valorado.php(96): number_format(null, 2, ',', '.')
 2 SYSTEMPATH/View/View.php(234): include('/home2/usoabumg/public_html/oruro.site/app/Views/reporte/imprimir_valorado.php')
 3 SYSTEMPATH/View/View.php(237): CodeIgniter\View\View->CodeIgniter\View\{closure}()
 4 SYSTEMPATH/Common.php(1171): CodeIgniter\View\View->render('reporte/imprimir_valorado', [], true)
 5 APPPATH/Controllers/Reporte.php(135): view('reporte/imprimir_valorado', [...])
 6 SYSTEMPATH/CodeIgniter.php(933): App\Controllers\Reporte->consolidado()
 7 SYSTEMPATH/CodeIgniter.php(509): CodeIgniter\CodeIgniter->runController(Object(App\Controllers\Reporte))
 8 SYSTEMPATH/CodeIgniter.php(355): CodeIgniter\CodeIgniter->handleRequest(null, Object(Config\Cache), false)
 9 SYSTEMPATH/Boot.php(325): CodeIgniter\CodeIgniter->run()
10 SYSTEMPATH/Boot.php(67): CodeIgniter\Boot::runCodeIgniter(Object(CodeIgniter\CodeIgniter))
11 FCPATH/index.php(56): CodeIgniter\Boot::bootWeb(Object(Config\Paths))
WARNING - 2025-03-31 14:39:20 --> [DEPRECATED] number_format(): Passing null to parameter #1 ($num) of type float is deprecated in APPPATH/Views/reporte/imprimir_valorado.php on line 99.
 1 APPPATH/Views/reporte/imprimir_valorado.php(99): number_format(null, 2, ',', '.')
 2 SYSTEMPATH/View/View.php(234): include('/home2/usoabumg/public_html/oruro.site/app/Views/reporte/imprimir_valorado.php')
 3 SYSTEMPATH/View/View.php(237): CodeIgniter\View\View->CodeIgniter\View\{closure}()
 4 SYSTEMPATH/Common.php(1171): CodeIgniter\View\View->render('reporte/imprimir_valorado', [], true)
 5 APPPATH/Controllers/Reporte.php(135): view('reporte/imprimir_valorado', [...])
 6 SYSTEMPATH/CodeIgniter.php(933): App\Controllers\Reporte->consolidado()
 7 SYSTEMPATH/CodeIgniter.php(509): CodeIgniter\CodeIgniter->runController(Object(App\Controllers\Reporte))
 8 SYSTEMPATH/CodeIgniter.php(355): CodeIgniter\CodeIgniter->handleRequest(null, Object(Config\Cache), false)
 9 SYSTEMPATH/Boot.php(325): CodeIgniter\CodeIgniter->run()
10 SYSTEMPATH/Boot.php(67): CodeIgniter\Boot::runCodeIgniter(Object(CodeIgniter\CodeIgniter))
11 FCPATH/index.php(56): CodeIgniter\Boot::bootWeb(Object(Config\Paths))
WARNING - 2025-03-31 14:39:20 --> [DEPRECATED] number_format(): Passing null to parameter #1 ($num) of type float is deprecated in APPPATH/Views/reporte/imprimir_valorado.php on line 96.
 1 APPPATH/Views/reporte/imprimir_valorado.php(96): number_format(null, 2, ',', '.')
 2 SYSTEMPATH/View/View.php(234): include('/home2/usoabumg/public_html/oruro.site/app/Views/reporte/imprimir_valorado.php')
 3 SYSTEMPATH/View/View.php(237): CodeIgniter\View\View->CodeIgniter\View\{closure}()
 4 SYSTEMPATH/Common.php(1171): CodeIgniter\View\View->render('reporte/imprimir_valorado', [], true)
 5 APPPATH/Controllers/Reporte.php(135): view('reporte/imprimir_valorado', [...])
 6 SYSTEMPATH/CodeIgniter.php(933): App\Controllers\Reporte->consolidado()
 7 SYSTEMPATH/CodeIgniter.php(509): CodeIgniter\CodeIgniter->runController(Object(App\Controllers\Reporte))
 8 SYSTEMPATH/CodeIgniter.php(355): CodeIgniter\CodeIgniter->handleRequest(null, Object(Config\Cache), false)
 9 SYSTEMPATH/Boot.php(325): CodeIgniter\CodeIgniter->run()
10 SYSTEMPATH/Boot.php(67): CodeIgniter\Boot::runCodeIgniter(Object(CodeIgniter\CodeIgniter))
11 FCPATH/index.php(56): CodeIgniter\Boot::bootWeb(Object(Config\Paths))
WARNING - 2025-03-31 14:39:20 --> [DEPRECATED] number_format(): Passing null to parameter #1 ($num) of type float is deprecated in APPPATH/Views/reporte/imprimir_valorado.php on line 99.
 1 APPPATH/Views/reporte/imprimir_valorado.php(99): number_format(null, 2, ',', '.')
 2 SYSTEMPATH/View/View.php(234): include('/home2/usoabumg/public_html/oruro.site/app/Views/reporte/imprimir_valorado.php')
 3 SYSTEMPATH/View/View.php(237): CodeIgniter\View\View->CodeIgniter\View\{closure}()
 4 SYSTEMPATH/Common.php(1171): CodeIgniter\View\View->render('reporte/imprimir_valorado', [], true)
 5 APPPATH/Controllers/Reporte.php(135): view('reporte/imprimir_valorado', [...])
 6 SYSTEMPATH/CodeIgniter.php(933): App\Controllers\Reporte->consolidado()
 7 SYSTEMPATH/CodeIgniter.php(509): CodeIgniter\CodeIgniter->runController(Object(App\Controllers\Reporte))
 8 SYSTEMPATH/CodeIgniter.php(355): CodeIgniter\CodeIgniter->handleRequest(null, Object(Config\Cache), false)
 9 SYSTEMPATH/Boot.php(325): CodeIgniter\CodeIgniter->run()
10 SYSTEMPATH/Boot.php(67): CodeIgniter\Boot::runCodeIgniter(Object(CodeIgniter\CodeIgniter))
11 FCPATH/index.php(56): CodeIgniter\Boot::bootWeb(Object(Config\Paths))
WARNING - 2025-03-31 14:39:20 --> [DEPRECATED] number_format(): Passing null to parameter #1 ($num) of type float is deprecated in APPPATH/Views/reporte/imprimir_valorado.php on line 96.
 1 APPPATH/Views/reporte/imprimir_valorado.php(96): number_format(null, 2, ',', '.')
 2 SYSTEMPATH/View/View.php(234): include('/home2/usoabumg/public_html/oruro.site/app/Views/reporte/imprimir_valorado.php')
 3 SYSTEMPATH/View/View.php(237): CodeIgniter\View\View->CodeIgniter\View\{closure}()
 4 SYSTEMPATH/Common.php(1171): CodeIgniter\View\View->render('reporte/imprimir_valorado', [], true)
 5 APPPATH/Controllers/Reporte.php(135): view('reporte/imprimir_valorado', [...])
 6 SYSTEMPATH/CodeIgniter.php(933): App\Controllers\Reporte->consolidado()
 7 SYSTEMPATH/CodeIgniter.php(509): CodeIgniter\CodeIgniter->runController(Object(App\Controllers\Reporte))
 8 SYSTEMPATH/CodeIgniter.php(355): CodeIgniter\CodeIgniter->handleRequest(null, Object(Config\Cache), false)
 9 SYSTEMPATH/Boot.php(325): CodeIgniter\CodeIgniter->run()
10 SYSTEMPATH/Boot.php(67): CodeIgniter\Boot::runCodeIgniter(Object(CodeIgniter\CodeIgniter))
11 FCPATH/index.php(56): CodeIgniter\Boot::bootWeb(Object(Config\Paths))
WARNING - 2025-03-31 14:39:20 --> [DEPRECATED] number_format(): Passing null to parameter #1 ($num) of type float is deprecated in APPPATH/Views/reporte/imprimir_valorado.php on line 99.
 1 APPPATH/Views/reporte/imprimir_valorado.php(99): number_format(null, 2, ',', '.')
 2 SYSTEMPATH/View/View.php(234): include('/home2/usoabumg/public_html/oruro.site/app/Views/reporte/imprimir_valorado.php')
 3 SYSTEMPATH/View/View.php(237): CodeIgniter\View\View->CodeIgniter\View\{closure}()
 4 SYSTEMPATH/Common.php(1171): CodeIgniter\View\View->render('reporte/imprimir_valorado', [], true)
 5 APPPATH/Controllers/Reporte.php(135): view('reporte/imprimir_valorado', [...])
 6 SYSTEMPATH/CodeIgniter.php(933): App\Controllers\Reporte->consolidado()
 7 SYSTEMPATH/CodeIgniter.php(509): CodeIgniter\CodeIgniter->runController(Object(App\Controllers\Reporte))
 8 SYSTEMPATH/CodeIgniter.php(355): CodeIgniter\CodeIgniter->handleRequest(null, Object(Config\Cache), false)
 9 SYSTEMPATH/Boot.php(325): CodeIgniter\CodeIgniter->run()
10 SYSTEMPATH/Boot.php(67): CodeIgniter\Boot::runCodeIgniter(Object(CodeIgniter\CodeIgniter))
11 FCPATH/index.php(56): CodeIgniter\Boot::bootWeb(Object(Config\Paths))
WARNING - 2025-03-31 14:39:20 --> [DEPRECATED] number_format(): Passing null to parameter #1 ($num) of type float is deprecated in APPPATH/Views/reporte/imprimir_valorado.php on line 96.
 1 APPPATH/Views/reporte/imprimir_valorado.php(96): number_format(null, 2, ',', '.')
 2 SYSTEMPATH/View/View.php(234): include('/home2/usoabumg/public_html/oruro.site/app/Views/reporte/imprimir_valorado.php')
 3 SYSTEMPATH/View/View.php(237): CodeIgniter\View\View->CodeIgniter\View\{closure}()
 4 SYSTEMPATH/Common.php(1171): CodeIgniter\View\View->render('reporte/imprimir_valorado', [], true)
 5 APPPATH/Controllers/Reporte.php(135): view('reporte/imprimir_valorado', [...])
 6 SYSTEMPATH/CodeIgniter.php(933): App\Controllers\Reporte->consolidado()
 7 SYSTEMPATH/CodeIgniter.php(509): CodeIgniter\CodeIgniter->runController(Object(App\Controllers\Reporte))
 8 SYSTEMPATH/CodeIgniter.php(355): CodeIgniter\CodeIgniter->handleRequest(null, Object(Config\Cache), false)
 9 SYSTEMPATH/Boot.php(325): CodeIgniter\CodeIgniter->run()
10 SYSTEMPATH/Boot.php(67): CodeIgniter\Boot::runCodeIgniter(Object(CodeIgniter\CodeIgniter))
11 FCPATH/index.php(56): CodeIgniter\Boot::bootWeb(Object(Config\Paths))
WARNING - 2025-03-31 14:39:20 --> [DEPRECATED] number_format(): Passing null to parameter #1 ($num) of type float is deprecated in APPPATH/Views/reporte/imprimir_valorado.php on line 99.
 1 APPPATH/Views/reporte/imprimir_valorado.php(99): number_format(null, 2, ',', '.')
 2 SYSTEMPATH/View/View.php(234): include('/home2/usoabumg/public_html/oruro.site/app/Views/reporte/imprimir_valorado.php')
 3 SYSTEMPATH/View/View.php(237): CodeIgniter\View\View->CodeIgniter\View\{closure}()
 4 SYSTEMPATH/Common.php(1171): CodeIgniter\View\View->render('reporte/imprimir_valorado', [], true)
 5 APPPATH/Controllers/Reporte.php(135): view('reporte/imprimir_valorado', [...])
 6 SYSTEMPATH/CodeIgniter.php(933): App\Controllers\Reporte->consolidado()
 7 SYSTEMPATH/CodeIgniter.php(509): CodeIgniter\CodeIgniter->runController(Object(App\Controllers\Reporte))
 8 SYSTEMPATH/CodeIgniter.php(355): CodeIgniter\CodeIgniter->handleRequest(null, Object(Config\Cache), false)
 9 SYSTEMPATH/Boot.php(325): CodeIgniter\CodeIgniter->run()
10 SYSTEMPATH/Boot.php(67): CodeIgniter\Boot::runCodeIgniter(Object(CodeIgniter\CodeIgniter))
11 FCPATH/index.php(56): CodeIgniter\Boot::bootWeb(Object(Config\Paths))
WARNING - 2025-03-31 14:39:20 --> [DEPRECATED] number_format(): Passing null to parameter #1 ($num) of type float is deprecated in APPPATH/Views/reporte/imprimir_valorado.php on line 96.
 1 APPPATH/Views/reporte/imprimir_valorado.php(96): number_format(null, 2, ',', '.')
 2 SYSTEMPATH/View/View.php(234): include('/home2/usoabumg/public_html/oruro.site/app/Views/reporte/imprimir_valorado.php')
 3 SYSTEMPATH/View/View.php(237): CodeIgniter\View\View->CodeIgniter\View\{closure}()
 4 SYSTEMPATH/Common.php(1171): CodeIgniter\View\View->render('reporte/imprimir_valorado', [], true)
 5 APPPATH/Controllers/Reporte.php(135): view('reporte/imprimir_valorado', [...])
 6 SYSTEMPATH/CodeIgniter.php(933): App\Controllers\Reporte->consolidado()
 7 SYSTEMPATH/CodeIgniter.php(509): CodeIgniter\CodeIgniter->runController(Object(App\Controllers\Reporte))
 8 SYSTEMPATH/CodeIgniter.php(355): CodeIgniter\CodeIgniter->handleRequest(null, Object(Config\Cache), false)
 9 SYSTEMPATH/Boot.php(325): CodeIgniter\CodeIgniter->run()
10 SYSTEMPATH/Boot.php(67): CodeIgniter\Boot::runCodeIgniter(Object(CodeIgniter\CodeIgniter))
11 FCPATH/index.php(56): CodeIgniter\Boot::bootWeb(Object(Config\Paths))
WARNING - 2025-03-31 14:39:20 --> [DEPRECATED] number_format(): Passing null to parameter #1 ($num) of type float is deprecated in APPPATH/Views/reporte/imprimir_valorado.php on line 99.
 1 APPPATH/Views/reporte/imprimir_valorado.php(99): number_format(null, 2, ',', '.')
 2 SYSTEMPATH/View/View.php(234): include('/home2/usoabumg/public_html/oruro.site/app/Views/reporte/imprimir_valorado.php')
 3 SYSTEMPATH/View/View.php(237): CodeIgniter\View\View->CodeIgniter\View\{closure}()
 4 SYSTEMPATH/Common.php(1171): CodeIgniter\View\View->render('reporte/imprimir_valorado', [], true)
 5 APPPATH/Controllers/Reporte.php(135): view('reporte/imprimir_valorado', [...])
 6 SYSTEMPATH/CodeIgniter.php(933): App\Controllers\Reporte->consolidado()
 7 SYSTEMPATH/CodeIgniter.php(509): CodeIgniter\CodeIgniter->runController(Object(App\Controllers\Reporte))
 8 SYSTEMPATH/CodeIgniter.php(355): CodeIgniter\CodeIgniter->handleRequest(null, Object(Config\Cache), false)
 9 SYSTEMPATH/Boot.php(325): CodeIgniter\CodeIgniter->run()
10 SYSTEMPATH/Boot.php(67): CodeIgniter\Boot::runCodeIgniter(Object(CodeIgniter\CodeIgniter))
11 FCPATH/index.php(56): CodeIgniter\Boot::bootWeb(Object(Config\Paths))
WARNING - 2025-03-31 14:39:20 --> [DEPRECATED] number_format(): Passing null to parameter #1 ($num) of type float is deprecated in APPPATH/Views/reporte/imprimir_valorado.php on line 96.
 1 APPPATH/Views/reporte/imprimir_valorado.php(96): number_format(null, 2, ',', '.')
 2 SYSTEMPATH/View/View.php(234): include('/home2/usoabumg/public_html/oruro.site/app/Views/reporte/imprimir_valorado.php')
 3 SYSTEMPATH/View/View.php(237): CodeIgniter\View\View->CodeIgniter\View\{closure}()
 4 SYSTEMPATH/Common.php(1171): CodeIgniter\View\View->render('reporte/imprimir_valorado', [], true)
 5 APPPATH/Controllers/Reporte.php(135): view('reporte/imprimir_valorado', [...])
 6 SYSTEMPATH/CodeIgniter.php(933): App\Controllers\Reporte->consolidado()
 7 SYSTEMPATH/CodeIgniter.php(509): CodeIgniter\CodeIgniter->runController(Object(App\Controllers\Reporte))
 8 SYSTEMPATH/CodeIgniter.php(355): CodeIgniter\CodeIgniter->handleRequest(null, Object(Config\Cache), false)
 9 SYSTEMPATH/Boot.php(325): CodeIgniter\CodeIgniter->run()
10 SYSTEMPATH/Boot.php(67): CodeIgniter\Boot::runCodeIgniter(Object(CodeIgniter\CodeIgniter))
11 FCPATH/index.php(56): CodeIgniter\Boot::bootWeb(Object(Config\Paths))
WARNING - 2025-03-31 14:39:20 --> [DEPRECATED] number_format(): Passing null to parameter #1 ($num) of type float is deprecated in APPPATH/Views/reporte/imprimir_valorado.php on line 99.
 1 APPPATH/Views/reporte/imprimir_valorado.php(99): number_format(null, 2, ',', '.')
 2 SYSTEMPATH/View/View.php(234): include('/home2/usoabumg/public_html/oruro.site/app/Views/reporte/imprimir_valorado.php')
 3 SYSTEMPATH/View/View.php(237): CodeIgniter\View\View->CodeIgniter\View\{closure}()
 4 SYSTEMPATH/Common.php(1171): CodeIgniter\View\View->render('reporte/imprimir_valorado', [], true)
 5 APPPATH/Controllers/Reporte.php(135): view('reporte/imprimir_valorado', [...])
 6 SYSTEMPATH/CodeIgniter.php(933): App\Controllers\Reporte->consolidado()
 7 SYSTEMPATH/CodeIgniter.php(509): CodeIgniter\CodeIgniter->runController(Object(App\Controllers\Reporte))
 8 SYSTEMPATH/CodeIgniter.php(355): CodeIgniter\CodeIgniter->handleRequest(null, Object(Config\Cache), false)
 9 SYSTEMPATH/Boot.php(325): CodeIgniter\CodeIgniter->run()
10 SYSTEMPATH/Boot.php(67): CodeIgniter\Boot::runCodeIgniter(Object(CodeIgniter\CodeIgniter))
11 FCPATH/index.php(56): CodeIgniter\Boot::bootWeb(Object(Config\Paths))
WARNING - 2025-03-31 14:39:20 --> [DEPRECATED] number_format(): Passing null to parameter #1 ($num) of type float is deprecated in APPPATH/Views/reporte/imprimir_valorado.php on line 96.
 1 APPPATH/Views/reporte/imprimir_valorado.php(96): number_format(null, 2, ',', '.')
 2 SYSTEMPATH/View/View.php(234): include('/home2/usoabumg/public_html/oruro.site/app/Views/reporte/imprimir_valorado.php')
 3 SYSTEMPATH/View/View.php(237): CodeIgniter\View\View->CodeIgniter\View\{closure}()
 4 SYSTEMPATH/Common.php(1171): CodeIgniter\View\View->render('reporte/imprimir_valorado', [], true)
 5 APPPATH/Controllers/Reporte.php(135): view('reporte/imprimir_valorado', [...])
 6 SYSTEMPATH/CodeIgniter.php(933): App\Controllers\Reporte->consolidado()
 7 SYSTEMPATH/CodeIgniter.php(509): CodeIgniter\CodeIgniter->runController(Object(App\Controllers\Reporte))
 8 SYSTEMPATH/CodeIgniter.php(355): CodeIgniter\CodeIgniter->handleRequest(null, Object(Config\Cache), false)
 9 SYSTEMPATH/Boot.php(325): CodeIgniter\CodeIgniter->run()
10 SYSTEMPATH/Boot.php(67): CodeIgniter\Boot::runCodeIgniter(Object(CodeIgniter\CodeIgniter))
11 FCPATH/index.php(56): CodeIgniter\Boot::bootWeb(Object(Config\Paths))
WARNING - 2025-03-31 14:39:20 --> [DEPRECATED] number_format(): Passing null to parameter #1 ($num) of type float is deprecated in APPPATH/Views/reporte/imprimir_valorado.php on line 99.
 1 APPPATH/Views/reporte/imprimir_valorado.php(99): number_format(null, 2, ',', '.')
 2 SYSTEMPATH/View/View.php(234): include('/home2/usoabumg/public_html/oruro.site/app/Views/reporte/imprimir_valorado.php')
 3 SYSTEMPATH/View/View.php(237): CodeIgniter\View\View->CodeIgniter\View\{closure}()
 4 SYSTEMPATH/Common.php(1171): CodeIgniter\View\View->render('reporte/imprimir_valorado', [], true)
 5 APPPATH/Controllers/Reporte.php(135): view('reporte/imprimir_valorado', [...])
 6 SYSTEMPATH/CodeIgniter.php(933): App\Controllers\Reporte->consolidado()
 7 SYSTEMPATH/CodeIgniter.php(509): CodeIgniter\CodeIgniter->runController(Object(App\Controllers\Reporte))
 8 SYSTEMPATH/CodeIgniter.php(355): CodeIgniter\CodeIgniter->handleRequest(null, Object(Config\Cache), false)
 9 SYSTEMPATH/Boot.php(325): CodeIgniter\CodeIgniter->run()
10 SYSTEMPATH/Boot.php(67): CodeIgniter\Boot::runCodeIgniter(Object(CodeIgniter\CodeIgniter))
11 FCPATH/index.php(56): CodeIgniter\Boot::bootWeb(Object(Config\Paths))
WARNING - 2025-03-31 14:39:20 --> [DEPRECATED] number_format(): Passing null to parameter #1 ($num) of type float is deprecated in APPPATH/Views/reporte/imprimir_valorado.php on line 96.
 1 APPPATH/Views/reporte/imprimir_valorado.php(96): number_format(null, 2, ',', '.')
 2 SYSTEMPATH/View/View.php(234): include('/home2/usoabumg/public_html/oruro.site/app/Views/reporte/imprimir_valorado.php')
 3 SYSTEMPATH/View/View.php(237): CodeIgniter\View\View->CodeIgniter\View\{closure}()
 4 SYSTEMPATH/Common.php(1171): CodeIgniter\View\View->render('reporte/imprimir_valorado', [], true)
 5 APPPATH/Controllers/Reporte.php(135): view('reporte/imprimir_valorado', [...])
 6 SYSTEMPATH/CodeIgniter.php(933): App\Controllers\Reporte->consolidado()
 7 SYSTEMPATH/CodeIgniter.php(509): CodeIgniter\CodeIgniter->runController(Object(App\Controllers\Reporte))
 8 SYSTEMPATH/CodeIgniter.php(355): CodeIgniter\CodeIgniter->handleRequest(null, Object(Config\Cache), false)
 9 SYSTEMPATH/Boot.php(325): CodeIgniter\CodeIgniter->run()
10 SYSTEMPATH/Boot.php(67): CodeIgniter\Boot::runCodeIgniter(Object(CodeIgniter\CodeIgniter))
11 FCPATH/index.php(56): CodeIgniter\Boot::bootWeb(Object(Config\Paths))
WARNING - 2025-03-31 14:39:20 --> [DEPRECATED] number_format(): Passing null to parameter #1 ($num) of type float is deprecated in APPPATH/Views/reporte/imprimir_valorado.php on line 99.
 1 APPPATH/Views/reporte/imprimir_valorado.php(99): number_format(null, 2, ',', '.')
 2 SYSTEMPATH/View/View.php(234): include('/home2/usoabumg/public_html/oruro.site/app/Views/reporte/imprimir_valorado.php')
 3 SYSTEMPATH/View/View.php(237): CodeIgniter\View\View->CodeIgniter\View\{closure}()
 4 SYSTEMPATH/Common.php(1171): CodeIgniter\View\View->render('reporte/imprimir_valorado', [], true)
 5 APPPATH/Controllers/Reporte.php(135): view('reporte/imprimir_valorado', [...])
 6 SYSTEMPATH/CodeIgniter.php(933): App\Controllers\Reporte->consolidado()
 7 SYSTEMPATH/CodeIgniter.php(509): CodeIgniter\CodeIgniter->runController(Object(App\Controllers\Reporte))
 8 SYSTEMPATH/CodeIgniter.php(355): CodeIgniter\CodeIgniter->handleRequest(null, Object(Config\Cache), false)
 9 SYSTEMPATH/Boot.php(325): CodeIgniter\CodeIgniter->run()
10 SYSTEMPATH/Boot.php(67): CodeIgniter\Boot::runCodeIgniter(Object(CodeIgniter\CodeIgniter))
11 FCPATH/index.php(56): CodeIgniter\Boot::bootWeb(Object(Config\Paths))
WARNING - 2025-03-31 14:39:20 --> [DEPRECATED] number_format(): Passing null to parameter #1 ($num) of type float is deprecated in APPPATH/Views/reporte/imprimir_valorado.php on line 96.
 1 APPPATH/Views/reporte/imprimir_valorado.php(96): number_format(null, 2, ',', '.')
 2 SYSTEMPATH/View/View.php(234): include('/home2/usoabumg/public_html/oruro.site/app/Views/reporte/imprimir_valorado.php')
 3 SYSTEMPATH/View/View.php(237): CodeIgniter\View\View->CodeIgniter\View\{closure}()
 4 SYSTEMPATH/Common.php(1171): CodeIgniter\View\View->render('reporte/imprimir_valorado', [], true)
 5 APPPATH/Controllers/Reporte.php(135): view('reporte/imprimir_valorado', [...])
 6 SYSTEMPATH/CodeIgniter.php(933): App\Controllers\Reporte->consolidado()
 7 SYSTEMPATH/CodeIgniter.php(509): CodeIgniter\CodeIgniter->runController(Object(App\Controllers\Reporte))
 8 SYSTEMPATH/CodeIgniter.php(355): CodeIgniter\CodeIgniter->handleRequest(null, Object(Config\Cache), false)
 9 SYSTEMPATH/Boot.php(325): CodeIgniter\CodeIgniter->run()
10 SYSTEMPATH/Boot.php(67): CodeIgniter\Boot::runCodeIgniter(Object(CodeIgniter\CodeIgniter))
11 FCPATH/index.php(56): CodeIgniter\Boot::bootWeb(Object(Config\Paths))
WARNING - 2025-03-31 14:39:20 --> [DEPRECATED] number_format(): Passing null to parameter #1 ($num) of type float is deprecated in APPPATH/Views/reporte/imprimir_valorado.php on line 99.
 1 APPPATH/Views/reporte/imprimir_valorado.php(99): number_format(null, 2, ',', '.')
 2 SYSTEMPATH/View/View.php(234): include('/home2/usoabumg/public_html/oruro.site/app/Views/reporte/imprimir_valorado.php')
 3 SYSTEMPATH/View/View.php(237): CodeIgniter\View\View->CodeIgniter\View\{closure}()
 4 SYSTEMPATH/Common.php(1171): CodeIgniter\View\View->render('reporte/imprimir_valorado', [], true)
 5 APPPATH/Controllers/Reporte.php(135): view('reporte/imprimir_valorado', [...])
 6 SYSTEMPATH/CodeIgniter.php(933): App\Controllers\Reporte->consolidado()
 7 SYSTEMPATH/CodeIgniter.php(509): CodeIgniter\CodeIgniter->runController(Object(App\Controllers\Reporte))
 8 SYSTEMPATH/CodeIgniter.php(355): CodeIgniter\CodeIgniter->handleRequest(null, Object(Config\Cache), false)
 9 SYSTEMPATH/Boot.php(325): CodeIgniter\CodeIgniter->run()
10 SYSTEMPATH/Boot.php(67): CodeIgniter\Boot::runCodeIgniter(Object(CodeIgniter\CodeIgniter))
11 FCPATH/index.php(56): CodeIgniter\Boot::bootWeb(Object(Config\Paths))
WARNING - 2025-03-31 14:39:20 --> [DEPRECATED] number_format(): Passing null to parameter #1 ($num) of type float is deprecated in APPPATH/Views/reporte/imprimir_valorado.php on line 96.
 1 APPPATH/Views/reporte/imprimir_valorado.php(96): number_format(null, 2, ',', '.')
 2 SYSTEMPATH/View/View.php(234): include('/home2/usoabumg/public_html/oruro.site/app/Views/reporte/imprimir_valorado.php')
 3 SYSTEMPATH/View/View.php(237): CodeIgniter\View\View->CodeIgniter\View\{closure}()
 4 SYSTEMPATH/Common.php(1171): CodeIgniter\View\View->render('reporte/imprimir_valorado', [], true)
 5 APPPATH/Controllers/Reporte.php(135): view('reporte/imprimir_valorado', [...])
 6 SYSTEMPATH/CodeIgniter.php(933): App\Controllers\Reporte->consolidado()
 7 SYSTEMPATH/CodeIgniter.php(509): CodeIgniter\CodeIgniter->runController(Object(App\Controllers\Reporte))
 8 SYSTEMPATH/CodeIgniter.php(355): CodeIgniter\CodeIgniter->handleRequest(null, Object(Config\Cache), false)
 9 SYSTEMPATH/Boot.php(325): CodeIgniter\CodeIgniter->run()
10 SYSTEMPATH/Boot.php(67): CodeIgniter\Boot::runCodeIgniter(Object(CodeIgniter\CodeIgniter))
11 FCPATH/index.php(56): CodeIgniter\Boot::bootWeb(Object(Config\Paths))
WARNING - 2025-03-31 14:39:20 --> [DEPRECATED] number_format(): Passing null to parameter #1 ($num) of type float is deprecated in APPPATH/Views/reporte/imprimir_valorado.php on line 99.
 1 APPPATH/Views/reporte/imprimir_valorado.php(99): number_format(null, 2, ',', '.')
 2 SYSTEMPATH/View/View.php(234): include('/home2/usoabumg/public_html/oruro.site/app/Views/reporte/imprimir_valorado.php')
 3 SYSTEMPATH/View/View.php(237): CodeIgniter\View\View->CodeIgniter\View\{closure}()
 4 SYSTEMPATH/Common.php(1171): CodeIgniter\View\View->render('reporte/imprimir_valorado', [], true)
 5 APPPATH/Controllers/Reporte.php(135): view('reporte/imprimir_valorado', [...])
 6 SYSTEMPATH/CodeIgniter.php(933): App\Controllers\Reporte->consolidado()
 7 SYSTEMPATH/CodeIgniter.php(509): CodeIgniter\CodeIgniter->runController(Object(App\Controllers\Reporte))
 8 SYSTEMPATH/CodeIgniter.php(355): CodeIgniter\CodeIgniter->handleRequest(null, Object(Config\Cache), false)
 9 SYSTEMPATH/Boot.php(325): CodeIgniter\CodeIgniter->run()
10 SYSTEMPATH/Boot.php(67): CodeIgniter\Boot::runCodeIgniter(Object(CodeIgniter\CodeIgniter))
11 FCPATH/index.php(56): CodeIgniter\Boot::bootWeb(Object(Config\Paths))
WARNING - 2025-03-31 14:39:20 --> [DEPRECATED] number_format(): Passing null to parameter #1 ($num) of type float is deprecated in APPPATH/Views/reporte/imprimir_valorado.php on line 96.
 1 APPPATH/Views/reporte/imprimir_valorado.php(96): number_format(null, 2, ',', '.')
 2 SYSTEMPATH/View/View.php(234): include('/home2/usoabumg/public_html/oruro.site/app/Views/reporte/imprimir_valorado.php')
 3 SYSTEMPATH/View/View.php(237): CodeIgniter\View\View->CodeIgniter\View\{closure}()
 4 SYSTEMPATH/Common.php(1171): CodeIgniter\View\View->render('reporte/imprimir_valorado', [], true)
 5 APPPATH/Controllers/Reporte.php(135): view('reporte/imprimir_valorado', [...])
 6 SYSTEMPATH/CodeIgniter.php(933): App\Controllers\Reporte->consolidado()
 7 SYSTEMPATH/CodeIgniter.php(509): CodeIgniter\CodeIgniter->runController(Object(App\Controllers\Reporte))
 8 SYSTEMPATH/CodeIgniter.php(355): CodeIgniter\CodeIgniter->handleRequest(null, Object(Config\Cache), false)
 9 SYSTEMPATH/Boot.php(325): CodeIgniter\CodeIgniter->run()
10 SYSTEMPATH/Boot.php(67): CodeIgniter\Boot::runCodeIgniter(Object(CodeIgniter\CodeIgniter))
11 FCPATH/index.php(56): CodeIgniter\Boot::bootWeb(Object(Config\Paths))
WARNING - 2025-03-31 14:39:20 --> [DEPRECATED] number_format(): Passing null to parameter #1 ($num) of type float is deprecated in APPPATH/Views/reporte/imprimir_valorado.php on line 99.
 1 APPPATH/Views/reporte/imprimir_valorado.php(99): number_format(null, 2, ',', '.')
 2 SYSTEMPATH/View/View.php(234): include('/home2/usoabumg/public_html/oruro.site/app/Views/reporte/imprimir_valorado.php')
 3 SYSTEMPATH/View/View.php(237): CodeIgniter\View\View->CodeIgniter\View\{closure}()
 4 SYSTEMPATH/Common.php(1171): CodeIgniter\View\View->render('reporte/imprimir_valorado', [], true)
 5 APPPATH/Controllers/Reporte.php(135): view('reporte/imprimir_valorado', [...])
 6 SYSTEMPATH/CodeIgniter.php(933): App\Controllers\Reporte->consolidado()
 7 SYSTEMPATH/CodeIgniter.php(509): CodeIgniter\CodeIgniter->runController(Object(App\Controllers\Reporte))
 8 SYSTEMPATH/CodeIgniter.php(355): CodeIgniter\CodeIgniter->handleRequest(null, Object(Config\Cache), false)
 9 SYSTEMPATH/Boot.php(325): CodeIgniter\CodeIgniter->run()
10 SYSTEMPATH/Boot.php(67): CodeIgniter\Boot::runCodeIgniter(Object(CodeIgniter\CodeIgniter))
11 FCPATH/index.php(56): CodeIgniter\Boot::bootWeb(Object(Config\Paths))
WARNING - 2025-03-31 14:39:20 --> [DEPRECATED] number_format(): Passing null to parameter #1 ($num) of type float is deprecated in APPPATH/Views/reporte/imprimir_valorado.php on line 96.
 1 APPPATH/Views/reporte/imprimir_valorado.php(96): number_format(null, 2, ',', '.')
 2 SYSTEMPATH/View/View.php(234): include('/home2/usoabumg/public_html/oruro.site/app/Views/reporte/imprimir_valorado.php')
 3 SYSTEMPATH/View/View.php(237): CodeIgniter\View\View->CodeIgniter\View\{closure}()
 4 SYSTEMPATH/Common.php(1171): CodeIgniter\View\View->render('reporte/imprimir_valorado', [], true)
 5 APPPATH/Controllers/Reporte.php(135): view('reporte/imprimir_valorado', [...])
 6 SYSTEMPATH/CodeIgniter.php(933): App\Controllers\Reporte->consolidado()
 7 SYSTEMPATH/CodeIgniter.php(509): CodeIgniter\CodeIgniter->runController(Object(App\Controllers\Reporte))
 8 SYSTEMPATH/CodeIgniter.php(355): CodeIgniter\CodeIgniter->handleRequest(null, Object(Config\Cache), false)
 9 SYSTEMPATH/Boot.php(325): CodeIgniter\CodeIgniter->run()
10 SYSTEMPATH/Boot.php(67): CodeIgniter\Boot::runCodeIgniter(Object(CodeIgniter\CodeIgniter))
11 FCPATH/index.php(56): CodeIgniter\Boot::bootWeb(Object(Config\Paths))
WARNING - 2025-03-31 14:39:20 --> [DEPRECATED] number_format(): Passing null to parameter #1 ($num) of type float is deprecated in APPPATH/Views/reporte/imprimir_valorado.php on line 99.
 1 APPPATH/Views/reporte/imprimir_valorado.php(99): number_format(null, 2, ',', '.')
 2 SYSTEMPATH/View/View.php(234): include('/home2/usoabumg/public_html/oruro.site/app/Views/reporte/imprimir_valorado.php')
 3 SYSTEMPATH/View/View.php(237): CodeIgniter\View\View->CodeIgniter\View\{closure}()
 4 SYSTEMPATH/Common.php(1171): CodeIgniter\View\View->render('reporte/imprimir_valorado', [], true)
 5 APPPATH/Controllers/Reporte.php(135): view('reporte/imprimir_valorado', [...])
 6 SYSTEMPATH/CodeIgniter.php(933): App\Controllers\Reporte->consolidado()
 7 SYSTEMPATH/CodeIgniter.php(509): CodeIgniter\CodeIgniter->runController(Object(App\Controllers\Reporte))
 8 SYSTEMPATH/CodeIgniter.php(355): CodeIgniter\CodeIgniter->handleRequest(null, Object(Config\Cache), false)
 9 SYSTEMPATH/Boot.php(325): CodeIgniter\CodeIgniter->run()
10 SYSTEMPATH/Boot.php(67): CodeIgniter\Boot::runCodeIgniter(Object(CodeIgniter\CodeIgniter))
11 FCPATH/index.php(56): CodeIgniter\Boot::bootWeb(Object(Config\Paths))
WARNING - 2025-03-31 14:39:20 --> [DEPRECATED] number_format(): Passing null to parameter #1 ($num) of type float is deprecated in APPPATH/Views/reporte/imprimir_valorado.php on line 96.
 1 APPPATH/Views/reporte/imprimir_valorado.php(96): number_format(null, 2, ',', '.')
 2 SYSTEMPATH/View/View.php(234): include('/home2/usoabumg/public_html/oruro.site/app/Views/reporte/imprimir_valorado.php')
 3 SYSTEMPATH/View/View.php(237): CodeIgniter\View\View->CodeIgniter\View\{closure}()
 4 SYSTEMPATH/Common.php(1171): CodeIgniter\View\View->render('reporte/imprimir_valorado', [], true)
 5 APPPATH/Controllers/Reporte.php(135): view('reporte/imprimir_valorado', [...])
 6 SYSTEMPATH/CodeIgniter.php(933): App\Controllers\Reporte->consolidado()
 7 SYSTEMPATH/CodeIgniter.php(509): CodeIgniter\CodeIgniter->runController(Object(App\Controllers\Reporte))
 8 SYSTEMPATH/CodeIgniter.php(355): CodeIgniter\CodeIgniter->handleRequest(null, Object(Config\Cache), false)
 9 SYSTEMPATH/Boot.php(325): CodeIgniter\CodeIgniter->run()
10 SYSTEMPATH/Boot.php(67): CodeIgniter\Boot::runCodeIgniter(Object(CodeIgniter\CodeIgniter))
11 FCPATH/index.php(56): CodeIgniter\Boot::bootWeb(Object(Config\Paths))
WARNING - 2025-03-31 14:39:20 --> [DEPRECATED] number_format(): Passing null to parameter #1 ($num) of type float is deprecated in APPPATH/Views/reporte/imprimir_valorado.php on line 99.
 1 APPPATH/Views/reporte/imprimir_valorado.php(99): number_format(null, 2, ',', '.')
 2 SYSTEMPATH/View/View.php(234): include('/home2/usoabumg/public_html/oruro.site/app/Views/reporte/imprimir_valorado.php')
 3 SYSTEMPATH/View/View.php(237): CodeIgniter\View\View->CodeIgniter\View\{closure}()
 4 SYSTEMPATH/Common.php(1171): CodeIgniter\View\View->render('reporte/imprimir_valorado', [], true)
 5 APPPATH/Controllers/Reporte.php(135): view('reporte/imprimir_valorado', [...])
 6 SYSTEMPATH/CodeIgniter.php(933): App\Controllers\Reporte->consolidado()
 7 SYSTEMPATH/CodeIgniter.php(509): CodeIgniter\CodeIgniter->runController(Object(App\Controllers\Reporte))
 8 SYSTEMPATH/CodeIgniter.php(355): CodeIgniter\CodeIgniter->handleRequest(null, Object(Config\Cache), false)
 9 SYSTEMPATH/Boot.php(325): CodeIgniter\CodeIgniter->run()
10 SYSTEMPATH/Boot.php(67): CodeIgniter\Boot::runCodeIgniter(Object(CodeIgniter\CodeIgniter))
11 FCPATH/index.php(56): CodeIgniter\Boot::bootWeb(Object(Config\Paths))
WARNING - 2025-03-31 14:39:20 --> [DEPRECATED] number_format(): Passing null to parameter #1 ($num) of type float is deprecated in APPPATH/Views/reporte/imprimir_valorado.php on line 96.
 1 APPPATH/Views/reporte/imprimir_valorado.php(96): number_format(null, 2, ',', '.')
 2 SYSTEMPATH/View/View.php(234): include('/home2/usoabumg/public_html/oruro.site/app/Views/reporte/imprimir_valorado.php')
 3 SYSTEMPATH/View/View.php(237): CodeIgniter\View\View->CodeIgniter\View\{closure}()
 4 SYSTEMPATH/Common.php(1171): CodeIgniter\View\View->render('reporte/imprimir_valorado', [], true)
 5 APPPATH/Controllers/Reporte.php(135): view('reporte/imprimir_valorado', [...])
 6 SYSTEMPATH/CodeIgniter.php(933): App\Controllers\Reporte->consolidado()
 7 SYSTEMPATH/CodeIgniter.php(509): CodeIgniter\CodeIgniter->runController(Object(App\Controllers\Reporte))
 8 SYSTEMPATH/CodeIgniter.php(355): CodeIgniter\CodeIgniter->handleRequest(null, Object(Config\Cache), false)
 9 SYSTEMPATH/Boot.php(325): CodeIgniter\CodeIgniter->run()
10 SYSTEMPATH/Boot.php(67): CodeIgniter\Boot::runCodeIgniter(Object(CodeIgniter\CodeIgniter))
11 FCPATH/index.php(56): CodeIgniter\Boot::bootWeb(Object(Config\Paths))
WARNING - 2025-03-31 14:39:20 --> [DEPRECATED] number_format(): Passing null to parameter #1 ($num) of type float is deprecated in APPPATH/Views/reporte/imprimir_valorado.php on line 99.
 1 APPPATH/Views/reporte/imprimir_valorado.php(99): number_format(null, 2, ',', '.')
 2 SYSTEMPATH/View/View.php(234): include('/home2/usoabumg/public_html/oruro.site/app/Views/reporte/imprimir_valorado.php')
 3 SYSTEMPATH/View/View.php(237): CodeIgniter\View\View->CodeIgniter\View\{closure}()
 4 SYSTEMPATH/Common.php(1171): CodeIgniter\View\View->render('reporte/imprimir_valorado', [], true)
 5 APPPATH/Controllers/Reporte.php(135): view('reporte/imprimir_valorado', [...])
 6 SYSTEMPATH/CodeIgniter.php(933): App\Controllers\Reporte->consolidado()
 7 SYSTEMPATH/CodeIgniter.php(509): CodeIgniter\CodeIgniter->runController(Object(App\Controllers\Reporte))
 8 SYSTEMPATH/CodeIgniter.php(355): CodeIgniter\CodeIgniter->handleRequest(null, Object(Config\Cache), false)
 9 SYSTEMPATH/Boot.php(325): CodeIgniter\CodeIgniter->run()
10 SYSTEMPATH/Boot.php(67): CodeIgniter\Boot::runCodeIgniter(Object(CodeIgniter\CodeIgniter))
11 FCPATH/index.php(56): CodeIgniter\Boot::bootWeb(Object(Config\Paths))
WARNING - 2025-03-31 14:39:20 --> [DEPRECATED] number_format(): Passing null to parameter #1 ($num) of type float is deprecated in APPPATH/Views/reporte/imprimir_valorado.php on line 96.
 1 APPPATH/Views/reporte/imprimir_valorado.php(96): number_format(null, 2, ',', '.')
 2 SYSTEMPATH/View/View.php(234): include('/home2/usoabumg/public_html/oruro.site/app/Views/reporte/imprimir_valorado.php')
 3 SYSTEMPATH/View/View.php(237): CodeIgniter\View\View->CodeIgniter\View\{closure}()
 4 SYSTEMPATH/Common.php(1171): CodeIgniter\View\View->render('reporte/imprimir_valorado', [], true)
 5 APPPATH/Controllers/Reporte.php(135): view('reporte/imprimir_valorado', [...])
 6 SYSTEMPATH/CodeIgniter.php(933): App\Controllers\Reporte->consolidado()
 7 SYSTEMPATH/CodeIgniter.php(509): CodeIgniter\CodeIgniter->runController(Object(App\Controllers\Reporte))
 8 SYSTEMPATH/CodeIgniter.php(355): CodeIgniter\CodeIgniter->handleRequest(null, Object(Config\Cache), false)
 9 SYSTEMPATH/Boot.php(325): CodeIgniter\CodeIgniter->run()
10 SYSTEMPATH/Boot.php(67): CodeIgniter\Boot::runCodeIgniter(Object(CodeIgniter\CodeIgniter))
11 FCPATH/index.php(56): CodeIgniter\Boot::bootWeb(Object(Config\Paths))
WARNING - 2025-03-31 14:39:20 --> [DEPRECATED] number_format(): Passing null to parameter #1 ($num) of type float is deprecated in APPPATH/Views/reporte/imprimir_valorado.php on line 99.
 1 APPPATH/Views/reporte/imprimir_valorado.php(99): number_format(null, 2, ',', '.')
 2 SYSTEMPATH/View/View.php(234): include('/home2/usoabumg/public_html/oruro.site/app/Views/reporte/imprimir_valorado.php')
 3 SYSTEMPATH/View/View.php(237): CodeIgniter\View\View->CodeIgniter\View\{closure}()
 4 SYSTEMPATH/Common.php(1171): CodeIgniter\View\View->render('reporte/imprimir_valorado', [], true)
 5 APPPATH/Controllers/Reporte.php(135): view('reporte/imprimir_valorado', [...])
 6 SYSTEMPATH/CodeIgniter.php(933): App\Controllers\Reporte->consolidado()
 7 SYSTEMPATH/CodeIgniter.php(509): CodeIgniter\CodeIgniter->runController(Object(App\Controllers\Reporte))
 8 SYSTEMPATH/CodeIgniter.php(355): CodeIgniter\CodeIgniter->handleRequest(null, Object(Config\Cache), false)
 9 SYSTEMPATH/Boot.php(325): CodeIgniter\CodeIgniter->run()
10 SYSTEMPATH/Boot.php(67): CodeIgniter\Boot::runCodeIgniter(Object(CodeIgniter\CodeIgniter))
11 FCPATH/index.php(56): CodeIgniter\Boot::bootWeb(Object(Config\Paths))
WARNING - 2025-03-31 14:39:20 --> [DEPRECATED] number_format(): Passing null to parameter #1 ($num) of type float is deprecated in APPPATH/Views/reporte/imprimir_valorado.php on line 96.
 1 APPPATH/Views/reporte/imprimir_valorado.php(96): number_format(null, 2, ',', '.')
 2 SYSTEMPATH/View/View.php(234): include('/home2/usoabumg/public_html/oruro.site/app/Views/reporte/imprimir_valorado.php')
 3 SYSTEMPATH/View/View.php(237): CodeIgniter\View\View->CodeIgniter\View\{closure}()
 4 SYSTEMPATH/Common.php(1171): CodeIgniter\View\View->render('reporte/imprimir_valorado', [], true)
 5 APPPATH/Controllers/Reporte.php(135): view('reporte/imprimir_valorado', [...])
 6 SYSTEMPATH/CodeIgniter.php(933): App\Controllers\Reporte->consolidado()
 7 SYSTEMPATH/CodeIgniter.php(509): CodeIgniter\CodeIgniter->runController(Object(App\Controllers\Reporte))
 8 SYSTEMPATH/CodeIgniter.php(355): CodeIgniter\CodeIgniter->handleRequest(null, Object(Config\Cache), false)
 9 SYSTEMPATH/Boot.php(325): CodeIgniter\CodeIgniter->run()
10 SYSTEMPATH/Boot.php(67): CodeIgniter\Boot::runCodeIgniter(Object(CodeIgniter\CodeIgniter))
11 FCPATH/index.php(56): CodeIgniter\Boot::bootWeb(Object(Config\Paths))
WARNING - 2025-03-31 14:39:20 --> [DEPRECATED] number_format(): Passing null to parameter #1 ($num) of type float is deprecated in APPPATH/Views/reporte/imprimir_valorado.php on line 99.
 1 APPPATH/Views/reporte/imprimir_valorado.php(99): number_format(null, 2, ',', '.')
 2 SYSTEMPATH/View/View.php(234): include('/home2/usoabumg/public_html/oruro.site/app/Views/reporte/imprimir_valorado.php')
 3 SYSTEMPATH/View/View.php(237): CodeIgniter\View\View->CodeIgniter\View\{closure}()
 4 SYSTEMPATH/Common.php(1171): CodeIgniter\View\View->render('reporte/imprimir_valorado', [], true)
 5 APPPATH/Controllers/Reporte.php(135): view('reporte/imprimir_valorado', [...])
 6 SYSTEMPATH/CodeIgniter.php(933): App\Controllers\Reporte->consolidado()
 7 SYSTEMPATH/CodeIgniter.php(509): CodeIgniter\CodeIgniter->runController(Object(App\Controllers\Reporte))
 8 SYSTEMPATH/CodeIgniter.php(355): CodeIgniter\CodeIgniter->handleRequest(null, Object(Config\Cache), false)
 9 SYSTEMPATH/Boot.php(325): CodeIgniter\CodeIgniter->run()
10 SYSTEMPATH/Boot.php(67): CodeIgniter\Boot::runCodeIgniter(Object(CodeIgniter\CodeIgniter))
11 FCPATH/index.php(56): CodeIgniter\Boot::bootWeb(Object(Config\Paths))
WARNING - 2025-03-31 14:39:20 --> [DEPRECATED] number_format(): Passing null to parameter #1 ($num) of type float is deprecated in APPPATH/Views/reporte/imprimir_valorado.php on line 96.
 1 APPPATH/Views/reporte/imprimir_valorado.php(96): number_format(null, 2, ',', '.')
 2 SYSTEMPATH/View/View.php(234): include('/home2/usoabumg/public_html/oruro.site/app/Views/reporte/imprimir_valorado.php')
 3 SYSTEMPATH/View/View.php(237): CodeIgniter\View\View->CodeIgniter\View\{closure}()
 4 SYSTEMPATH/Common.php(1171): CodeIgniter\View\View->render('reporte/imprimir_valorado', [], true)
 5 APPPATH/Controllers/Reporte.php(135): view('reporte/imprimir_valorado', [...])
 6 SYSTEMPATH/CodeIgniter.php(933): App\Controllers\Reporte->consolidado()
 7 SYSTEMPATH/CodeIgniter.php(509): CodeIgniter\CodeIgniter->runController(Object(App\Controllers\Reporte))
 8 SYSTEMPATH/CodeIgniter.php(355): CodeIgniter\CodeIgniter->handleRequest(null, Object(Config\Cache), false)
 9 SYSTEMPATH/Boot.php(325): CodeIgniter\CodeIgniter->run()
10 SYSTEMPATH/Boot.php(67): CodeIgniter\Boot::runCodeIgniter(Object(CodeIgniter\CodeIgniter))
11 FCPATH/index.php(56): CodeIgniter\Boot::bootWeb(Object(Config\Paths))
WARNING - 2025-03-31 14:39:20 --> [DEPRECATED] number_format(): Passing null to parameter #1 ($num) of type float is deprecated in APPPATH/Views/reporte/imprimir_valorado.php on line 99.
 1 APPPATH/Views/reporte/imprimir_valorado.php(99): number_format(null, 2, ',', '.')
 2 SYSTEMPATH/View/View.php(234): include('/home2/usoabumg/public_html/oruro.site/app/Views/reporte/imprimir_valorado.php')
 3 SYSTEMPATH/View/View.php(237): CodeIgniter\View\View->CodeIgniter\View\{closure}()
 4 SYSTEMPATH/Common.php(1171): CodeIgniter\View\View->render('reporte/imprimir_valorado', [], true)
 5 APPPATH/Controllers/Reporte.php(135): view('reporte/imprimir_valorado', [...])
 6 SYSTEMPATH/CodeIgniter.php(933): App\Controllers\Reporte->consolidado()
 7 SYSTEMPATH/CodeIgniter.php(509): CodeIgniter\CodeIgniter->runController(Object(App\Controllers\Reporte))
 8 SYSTEMPATH/CodeIgniter.php(355): CodeIgniter\CodeIgniter->handleRequest(null, Object(Config\Cache), false)
 9 SYSTEMPATH/Boot.php(325): CodeIgniter\CodeIgniter->run()
10 SYSTEMPATH/Boot.php(67): CodeIgniter\Boot::runCodeIgniter(Object(CodeIgniter\CodeIgniter))
11 FCPATH/index.php(56): CodeIgniter\Boot::bootWeb(Object(Config\Paths))
WARNING - 2025-03-31 14:39:20 --> [DEPRECATED] number_format(): Passing null to parameter #1 ($num) of type float is deprecated in APPPATH/Views/reporte/imprimir_valorado.php on line 96.
 1 APPPATH/Views/reporte/imprimir_valorado.php(96): number_format(null, 2, ',', '.')
 2 SYSTEMPATH/View/View.php(234): include('/home2/usoabumg/public_html/oruro.site/app/Views/reporte/imprimir_valorado.php')
 3 SYSTEMPATH/View/View.php(237): CodeIgniter\View\View->CodeIgniter\View\{closure}()
 4 SYSTEMPATH/Common.php(1171): CodeIgniter\View\View->render('reporte/imprimir_valorado', [], true)
 5 APPPATH/Controllers/Reporte.php(135): view('reporte/imprimir_valorado', [...])
 6 SYSTEMPATH/CodeIgniter.php(933): App\Controllers\Reporte->consolidado()
 7 SYSTEMPATH/CodeIgniter.php(509): CodeIgniter\CodeIgniter->runController(Object(App\Controllers\Reporte))
 8 SYSTEMPATH/CodeIgniter.php(355): CodeIgniter\CodeIgniter->handleRequest(null, Object(Config\Cache), false)
 9 SYSTEMPATH/Boot.php(325): CodeIgniter\CodeIgniter->run()
10 SYSTEMPATH/Boot.php(67): CodeIgniter\Boot::runCodeIgniter(Object(CodeIgniter\CodeIgniter))
11 FCPATH/index.php(56): CodeIgniter\Boot::bootWeb(Object(Config\Paths))
WARNING - 2025-03-31 14:39:20 --> [DEPRECATED] number_format(): Passing null to parameter #1 ($num) of type float is deprecated in APPPATH/Views/reporte/imprimir_valorado.php on line 99.
 1 APPPATH/Views/reporte/imprimir_valorado.php(99): number_format(null, 2, ',', '.')
 2 SYSTEMPATH/View/View.php(234): include('/home2/usoabumg/public_html/oruro.site/app/Views/reporte/imprimir_valorado.php')
 3 SYSTEMPATH/View/View.php(237): CodeIgniter\View\View->CodeIgniter\View\{closure}()
 4 SYSTEMPATH/Common.php(1171): CodeIgniter\View\View->render('reporte/imprimir_valorado', [], true)
 5 APPPATH/Controllers/Reporte.php(135): view('reporte/imprimir_valorado', [...])
 6 SYSTEMPATH/CodeIgniter.php(933): App\Controllers\Reporte->consolidado()
 7 SYSTEMPATH/CodeIgniter.php(509): CodeIgniter\CodeIgniter->runController(Object(App\Controllers\Reporte))
 8 SYSTEMPATH/CodeIgniter.php(355): CodeIgniter\CodeIgniter->handleRequest(null, Object(Config\Cache), false)
 9 SYSTEMPATH/Boot.php(325): CodeIgniter\CodeIgniter->run()
10 SYSTEMPATH/Boot.php(67): CodeIgniter\Boot::runCodeIgniter(Object(CodeIgniter\CodeIgniter))
11 FCPATH/index.php(56): CodeIgniter\Boot::bootWeb(Object(Config\Paths))
WARNING - 2025-03-31 14:39:20 --> [DEPRECATED] number_format(): Passing null to parameter #1 ($num) of type float is deprecated in APPPATH/Views/reporte/imprimir_valorado.php on line 96.
 1 APPPATH/Views/reporte/imprimir_valorado.php(96): number_format(null, 2, ',', '.')
 2 SYSTEMPATH/View/View.php(234): include('/home2/usoabumg/public_html/oruro.site/app/Views/reporte/imprimir_valorado.php')
 3 SYSTEMPATH/View/View.php(237): CodeIgniter\View\View->CodeIgniter\View\{closure}()
 4 SYSTEMPATH/Common.php(1171): CodeIgniter\View\View->render('reporte/imprimir_valorado', [], true)
 5 APPPATH/Controllers/Reporte.php(135): view('reporte/imprimir_valorado', [...])
 6 SYSTEMPATH/CodeIgniter.php(933): App\Controllers\Reporte->consolidado()
 7 SYSTEMPATH/CodeIgniter.php(509): CodeIgniter\CodeIgniter->runController(Object(App\Controllers\Reporte))
 8 SYSTEMPATH/CodeIgniter.php(355): CodeIgniter\CodeIgniter->handleRequest(null, Object(Config\Cache), false)
 9 SYSTEMPATH/Boot.php(325): CodeIgniter\CodeIgniter->run()
10 SYSTEMPATH/Boot.php(67): CodeIgniter\Boot::runCodeIgniter(Object(CodeIgniter\CodeIgniter))
11 FCPATH/index.php(56): CodeIgniter\Boot::bootWeb(Object(Config\Paths))
WARNING - 2025-03-31 14:39:20 --> [DEPRECATED] number_format(): Passing null to parameter #1 ($num) of type float is deprecated in APPPATH/Views/reporte/imprimir_valorado.php on line 99.
 1 APPPATH/Views/reporte/imprimir_valorado.php(99): number_format(null, 2, ',', '.')
 2 SYSTEMPATH/View/View.php(234): include('/home2/usoabumg/public_html/oruro.site/app/Views/reporte/imprimir_valorado.php')
 3 SYSTEMPATH/View/View.php(237): CodeIgniter\View\View->CodeIgniter\View\{closure}()
 4 SYSTEMPATH/Common.php(1171): CodeIgniter\View\View->render('reporte/imprimir_valorado', [], true)
 5 APPPATH/Controllers/Reporte.php(135): view('reporte/imprimir_valorado', [...])
 6 SYSTEMPATH/CodeIgniter.php(933): App\Controllers\Reporte->consolidado()
 7 SYSTEMPATH/CodeIgniter.php(509): CodeIgniter\CodeIgniter->runController(Object(App\Controllers\Reporte))
 8 SYSTEMPATH/CodeIgniter.php(355): CodeIgniter\CodeIgniter->handleRequest(null, Object(Config\Cache), false)
 9 SYSTEMPATH/Boot.php(325): CodeIgniter\CodeIgniter->run()
10 SYSTEMPATH/Boot.php(67): CodeIgniter\Boot::runCodeIgniter(Object(CodeIgniter\CodeIgniter))
11 FCPATH/index.php(56): CodeIgniter\Boot::bootWeb(Object(Config\Paths))
WARNING - 2025-03-31 14:39:20 --> [DEPRECATED] number_format(): Passing null to parameter #1 ($num) of type float is deprecated in APPPATH/Views/reporte/imprimir_valorado.php on line 96.
 1 APPPATH/Views/reporte/imprimir_valorado.php(96): number_format(null, 2, ',', '.')
 2 SYSTEMPATH/View/View.php(234): include('/home2/usoabumg/public_html/oruro.site/app/Views/reporte/imprimir_valorado.php')
 3 SYSTEMPATH/View/View.php(237): CodeIgniter\View\View->CodeIgniter\View\{closure}()
 4 SYSTEMPATH/Common.php(1171): CodeIgniter\View\View->render('reporte/imprimir_valorado', [], true)
 5 APPPATH/Controllers/Reporte.php(135): view('reporte/imprimir_valorado', [...])
 6 SYSTEMPATH/CodeIgniter.php(933): App\Controllers\Reporte->consolidado()
 7 SYSTEMPATH/CodeIgniter.php(509): CodeIgniter\CodeIgniter->runController(Object(App\Controllers\Reporte))
 8 SYSTEMPATH/CodeIgniter.php(355): CodeIgniter\CodeIgniter->handleRequest(null, Object(Config\Cache), false)
 9 SYSTEMPATH/Boot.php(325): CodeIgniter\CodeIgniter->run()
10 SYSTEMPATH/Boot.php(67): CodeIgniter\Boot::runCodeIgniter(Object(CodeIgniter\CodeIgniter))
11 FCPATH/index.php(56): CodeIgniter\Boot::bootWeb(Object(Config\Paths))
WARNING - 2025-03-31 14:39:20 --> [DEPRECATED] number_format(): Passing null to parameter #1 ($num) of type float is deprecated in APPPATH/Views/reporte/imprimir_valorado.php on line 99.
 1 APPPATH/Views/reporte/imprimir_valorado.php(99): number_format(null, 2, ',', '.')
 2 SYSTEMPATH/View/View.php(234): include('/home2/usoabumg/public_html/oruro.site/app/Views/reporte/imprimir_valorado.php')
 3 SYSTEMPATH/View/View.php(237): CodeIgniter\View\View->CodeIgniter\View\{closure}()
 4 SYSTEMPATH/Common.php(1171): CodeIgniter\View\View->render('reporte/imprimir_valorado', [], true)
 5 APPPATH/Controllers/Reporte.php(135): view('reporte/imprimir_valorado', [...])
 6 SYSTEMPATH/CodeIgniter.php(933): App\Controllers\Reporte->consolidado()
 7 SYSTEMPATH/CodeIgniter.php(509): CodeIgniter\CodeIgniter->runController(Object(App\Controllers\Reporte))
 8 SYSTEMPATH/CodeIgniter.php(355): CodeIgniter\CodeIgniter->handleRequest(null, Object(Config\Cache), false)
 9 SYSTEMPATH/Boot.php(325): CodeIgniter\CodeIgniter->run()
10 SYSTEMPATH/Boot.php(67): CodeIgniter\Boot::runCodeIgniter(Object(CodeIgniter\CodeIgniter))
11 FCPATH/index.php(56): CodeIgniter\Boot::bootWeb(Object(Config\Paths))
WARNING - 2025-03-31 14:39:20 --> [DEPRECATED] number_format(): Passing null to parameter #1 ($num) of type float is deprecated in APPPATH/Views/reporte/imprimir_valorado.php on line 96.
 1 APPPATH/Views/reporte/imprimir_valorado.php(96): number_format(null, 2, ',', '.')
 2 SYSTEMPATH/View/View.php(234): include('/home2/usoabumg/public_html/oruro.site/app/Views/reporte/imprimir_valorado.php')
 3 SYSTEMPATH/View/View.php(237): CodeIgniter\View\View->CodeIgniter\View\{closure}()
 4 SYSTEMPATH/Common.php(1171): CodeIgniter\View\View->render('reporte/imprimir_valorado', [], true)
 5 APPPATH/Controllers/Reporte.php(135): view('reporte/imprimir_valorado', [...])
 6 SYSTEMPATH/CodeIgniter.php(933): App\Controllers\Reporte->consolidado()
 7 SYSTEMPATH/CodeIgniter.php(509): CodeIgniter\CodeIgniter->runController(Object(App\Controllers\Reporte))
 8 SYSTEMPATH/CodeIgniter.php(355): CodeIgniter\CodeIgniter->handleRequest(null, Object(Config\Cache), false)
 9 SYSTEMPATH/Boot.php(325): CodeIgniter\CodeIgniter->run()
10 SYSTEMPATH/Boot.php(67): CodeIgniter\Boot::runCodeIgniter(Object(CodeIgniter\CodeIgniter))
11 FCPATH/index.php(56): CodeIgniter\Boot::bootWeb(Object(Config\Paths))
WARNING - 2025-03-31 14:39:20 --> [DEPRECATED] number_format(): Passing null to parameter #1 ($num) of type float is deprecated in APPPATH/Views/reporte/imprimir_valorado.php on line 99.
 1 APPPATH/Views/reporte/imprimir_valorado.php(99): number_format(null, 2, ',', '.')
 2 SYSTEMPATH/View/View.php(234): include('/home2/usoabumg/public_html/oruro.site/app/Views/reporte/imprimir_valorado.php')
 3 SYSTEMPATH/View/View.php(237): CodeIgniter\View\View->CodeIgniter\View\{closure}()
 4 SYSTEMPATH/Common.php(1171): CodeIgniter\View\View->render('reporte/imprimir_valorado', [], true)
 5 APPPATH/Controllers/Reporte.php(135): view('reporte/imprimir_valorado', [...])
 6 SYSTEMPATH/CodeIgniter.php(933): App\Controllers\Reporte->consolidado()
 7 SYSTEMPATH/CodeIgniter.php(509): CodeIgniter\CodeIgniter->runController(Object(App\Controllers\Reporte))
 8 SYSTEMPATH/CodeIgniter.php(355): CodeIgniter\CodeIgniter->handleRequest(null, Object(Config\Cache), false)
 9 SYSTEMPATH/Boot.php(325): CodeIgniter\CodeIgniter->run()
10 SYSTEMPATH/Boot.php(67): CodeIgniter\Boot::runCodeIgniter(Object(CodeIgniter\CodeIgniter))
11 FCPATH/index.php(56): CodeIgniter\Boot::bootWeb(Object(Config\Paths))
WARNING - 2025-03-31 14:39:20 --> [DEPRECATED] number_format(): Passing null to parameter #1 ($num) of type float is deprecated in APPPATH/Views/reporte/imprimir_valorado.php on line 96.
 1 APPPATH/Views/reporte/imprimir_valorado.php(96): number_format(null, 2, ',', '.')
 2 SYSTEMPATH/View/View.php(234): include('/home2/usoabumg/public_html/oruro.site/app/Views/reporte/imprimir_valorado.php')
 3 SYSTEMPATH/View/View.php(237): CodeIgniter\View\View->CodeIgniter\View\{closure}()
 4 SYSTEMPATH/Common.php(1171): CodeIgniter\View\View->render('reporte/imprimir_valorado', [], true)
 5 APPPATH/Controllers/Reporte.php(135): view('reporte/imprimir_valorado', [...])
 6 SYSTEMPATH/CodeIgniter.php(933): App\Controllers\Reporte->consolidado()
 7 SYSTEMPATH/CodeIgniter.php(509): CodeIgniter\CodeIgniter->runController(Object(App\Controllers\Reporte))
 8 SYSTEMPATH/CodeIgniter.php(355): CodeIgniter\CodeIgniter->handleRequest(null, Object(Config\Cache), false)
 9 SYSTEMPATH/Boot.php(325): CodeIgniter\CodeIgniter->run()
10 SYSTEMPATH/Boot.php(67): CodeIgniter\Boot::runCodeIgniter(Object(CodeIgniter\CodeIgniter))
11 FCPATH/index.php(56): CodeIgniter\Boot::bootWeb(Object(Config\Paths))
WARNING - 2025-03-31 14:39:20 --> [DEPRECATED] number_format(): Passing null to parameter #1 ($num) of type float is deprecated in APPPATH/Views/reporte/imprimir_valorado.php on line 99.
 1 APPPATH/Views/reporte/imprimir_valorado.php(99): number_format(null, 2, ',', '.')
 2 SYSTEMPATH/View/View.php(234): include('/home2/usoabumg/public_html/oruro.site/app/Views/reporte/imprimir_valorado.php')
 3 SYSTEMPATH/View/View.php(237): CodeIgniter\View\View->CodeIgniter\View\{closure}()
 4 SYSTEMPATH/Common.php(1171): CodeIgniter\View\View->render('reporte/imprimir_valorado', [], true)
 5 APPPATH/Controllers/Reporte.php(135): view('reporte/imprimir_valorado', [...])
 6 SYSTEMPATH/CodeIgniter.php(933): App\Controllers\Reporte->consolidado()
 7 SYSTEMPATH/CodeIgniter.php(509): CodeIgniter\CodeIgniter->runController(Object(App\Controllers\Reporte))
 8 SYSTEMPATH/CodeIgniter.php(355): CodeIgniter\CodeIgniter->handleRequest(null, Object(Config\Cache), false)
 9 SYSTEMPATH/Boot.php(325): CodeIgniter\CodeIgniter->run()
10 SYSTEMPATH/Boot.php(67): CodeIgniter\Boot::runCodeIgniter(Object(CodeIgniter\CodeIgniter))
11 FCPATH/index.php(56): CodeIgniter\Boot::bootWeb(Object(Config\Paths))
WARNING - 2025-03-31 14:39:20 --> [DEPRECATED] number_format(): Passing null to parameter #1 ($num) of type float is deprecated in APPPATH/Views/reporte/imprimir_valorado.php on line 96.
 1 APPPATH/Views/reporte/imprimir_valorado.php(96): number_format(null, 2, ',', '.')
 2 SYSTEMPATH/View/View.php(234): include('/home2/usoabumg/public_html/oruro.site/app/Views/reporte/imprimir_valorado.php')
 3 SYSTEMPATH/View/View.php(237): CodeIgniter\View\View->CodeIgniter\View\{closure}()
 4 SYSTEMPATH/Common.php(1171): CodeIgniter\View\View->render('reporte/imprimir_valorado', [], true)
 5 APPPATH/Controllers/Reporte.php(135): view('reporte/imprimir_valorado', [...])
 6 SYSTEMPATH/CodeIgniter.php(933): App\Controllers\Reporte->consolidado()
 7 SYSTEMPATH/CodeIgniter.php(509): CodeIgniter\CodeIgniter->runController(Object(App\Controllers\Reporte))
 8 SYSTEMPATH/CodeIgniter.php(355): CodeIgniter\CodeIgniter->handleRequest(null, Object(Config\Cache), false)
 9 SYSTEMPATH/Boot.php(325): CodeIgniter\CodeIgniter->run()
10 SYSTEMPATH/Boot.php(67): CodeIgniter\Boot::runCodeIgniter(Object(CodeIgniter\CodeIgniter))
11 FCPATH/index.php(56): CodeIgniter\Boot::bootWeb(Object(Config\Paths))
WARNING - 2025-03-31 14:39:20 --> [DEPRECATED] number_format(): Passing null to parameter #1 ($num) of type float is deprecated in APPPATH/Views/reporte/imprimir_valorado.php on line 99.
 1 APPPATH/Views/reporte/imprimir_valorado.php(99): number_format(null, 2, ',', '.')
 2 SYSTEMPATH/View/View.php(234): include('/home2/usoabumg/public_html/oruro.site/app/Views/reporte/imprimir_valorado.php')
 3 SYSTEMPATH/View/View.php(237): CodeIgniter\View\View->CodeIgniter\View\{closure}()
 4 SYSTEMPATH/Common.php(1171): CodeIgniter\View\View->render('reporte/imprimir_valorado', [], true)
 5 APPPATH/Controllers/Reporte.php(135): view('reporte/imprimir_valorado', [...])
 6 SYSTEMPATH/CodeIgniter.php(933): App\Controllers\Reporte->consolidado()
 7 SYSTEMPATH/CodeIgniter.php(509): CodeIgniter\CodeIgniter->runController(Object(App\Controllers\Reporte))
 8 SYSTEMPATH/CodeIgniter.php(355): CodeIgniter\CodeIgniter->handleRequest(null, Object(Config\Cache), false)
 9 SYSTEMPATH/Boot.php(325): CodeIgniter\CodeIgniter->run()
10 SYSTEMPATH/Boot.php(67): CodeIgniter\Boot::runCodeIgniter(Object(CodeIgniter\CodeIgniter))
11 FCPATH/index.php(56): CodeIgniter\Boot::bootWeb(Object(Config\Paths))
WARNING - 2025-03-31 14:39:20 --> [DEPRECATED] number_format(): Passing null to parameter #1 ($num) of type float is deprecated in APPPATH/Views/reporte/imprimir_valorado.php on line 96.
 1 APPPATH/Views/reporte/imprimir_valorado.php(96): number_format(null, 2, ',', '.')
 2 SYSTEMPATH/View/View.php(234): include('/home2/usoabumg/public_html/oruro.site/app/Views/reporte/imprimir_valorado.php')
 3 SYSTEMPATH/View/View.php(237): CodeIgniter\View\View->CodeIgniter\View\{closure}()
 4 SYSTEMPATH/Common.php(1171): CodeIgniter\View\View->render('reporte/imprimir_valorado', [], true)
 5 APPPATH/Controllers/Reporte.php(135): view('reporte/imprimir_valorado', [...])
 6 SYSTEMPATH/CodeIgniter.php(933): App\Controllers\Reporte->consolidado()
 7 SYSTEMPATH/CodeIgniter.php(509): CodeIgniter\CodeIgniter->runController(Object(App\Controllers\Reporte))
 8 SYSTEMPATH/CodeIgniter.php(355): CodeIgniter\CodeIgniter->handleRequest(null, Object(Config\Cache), false)
 9 SYSTEMPATH/Boot.php(325): CodeIgniter\CodeIgniter->run()
10 SYSTEMPATH/Boot.php(67): CodeIgniter\Boot::runCodeIgniter(Object(CodeIgniter\CodeIgniter))
11 FCPATH/index.php(56): CodeIgniter\Boot::bootWeb(Object(Config\Paths))
WARNING - 2025-03-31 14:39:20 --> [DEPRECATED] number_format(): Passing null to parameter #1 ($num) of type float is deprecated in APPPATH/Views/reporte/imprimir_valorado.php on line 99.
 1 APPPATH/Views/reporte/imprimir_valorado.php(99): number_format(null, 2, ',', '.')
 2 SYSTEMPATH/View/View.php(234): include('/home2/usoabumg/public_html/oruro.site/app/Views/reporte/imprimir_valorado.php')
 3 SYSTEMPATH/View/View.php(237): CodeIgniter\View\View->CodeIgniter\View\{closure}()
 4 SYSTEMPATH/Common.php(1171): CodeIgniter\View\View->render('reporte/imprimir_valorado', [], true)
 5 APPPATH/Controllers/Reporte.php(135): view('reporte/imprimir_valorado', [...])
 6 SYSTEMPATH/CodeIgniter.php(933): App\Controllers\Reporte->consolidado()
 7 SYSTEMPATH/CodeIgniter.php(509): CodeIgniter\CodeIgniter->runController(Object(App\Controllers\Reporte))
 8 SYSTEMPATH/CodeIgniter.php(355): CodeIgniter\CodeIgniter->handleRequest(null, Object(Config\Cache), false)
 9 SYSTEMPATH/Boot.php(325): CodeIgniter\CodeIgniter->run()
10 SYSTEMPATH/Boot.php(67): CodeIgniter\Boot::runCodeIgniter(Object(CodeIgniter\CodeIgniter))
11 FCPATH/index.php(56): CodeIgniter\Boot::bootWeb(Object(Config\Paths))
WARNING - 2025-03-31 14:39:20 --> [DEPRECATED] number_format(): Passing null to parameter #1 ($num) of type float is deprecated in APPPATH/Views/reporte/imprimir_valorado.php on line 96.
 1 APPPATH/Views/reporte/imprimir_valorado.php(96): number_format(null, 2, ',', '.')
 2 SYSTEMPATH/View/View.php(234): include('/home2/usoabumg/public_html/oruro.site/app/Views/reporte/imprimir_valorado.php')
 3 SYSTEMPATH/View/View.php(237): CodeIgniter\View\View->CodeIgniter\View\{closure}()
 4 SYSTEMPATH/Common.php(1171): CodeIgniter\View\View->render('reporte/imprimir_valorado', [], true)
 5 APPPATH/Controllers/Reporte.php(135): view('reporte/imprimir_valorado', [...])
 6 SYSTEMPATH/CodeIgniter.php(933): App\Controllers\Reporte->consolidado()
 7 SYSTEMPATH/CodeIgniter.php(509): CodeIgniter\CodeIgniter->runController(Object(App\Controllers\Reporte))
 8 SYSTEMPATH/CodeIgniter.php(355): CodeIgniter\CodeIgniter->handleRequest(null, Object(Config\Cache), false)
 9 SYSTEMPATH/Boot.php(325): CodeIgniter\CodeIgniter->run()
10 SYSTEMPATH/Boot.php(67): CodeIgniter\Boot::runCodeIgniter(Object(CodeIgniter\CodeIgniter))
11 FCPATH/index.php(56): CodeIgniter\Boot::bootWeb(Object(Config\Paths))
WARNING - 2025-03-31 14:39:20 --> [DEPRECATED] number_format(): Passing null to parameter #1 ($num) of type float is deprecated in APPPATH/Views/reporte/imprimir_valorado.php on line 99.
 1 APPPATH/Views/reporte/imprimir_valorado.php(99): number_format(null, 2, ',', '.')
 2 SYSTEMPATH/View/View.php(234): include('/home2/usoabumg/public_html/oruro.site/app/Views/reporte/imprimir_valorado.php')
 3 SYSTEMPATH/View/View.php(237): CodeIgniter\View\View->CodeIgniter\View\{closure}()
 4 SYSTEMPATH/Common.php(1171): CodeIgniter\View\View->render('reporte/imprimir_valorado', [], true)
 5 APPPATH/Controllers/Reporte.php(135): view('reporte/imprimir_valorado', [...])
 6 SYSTEMPATH/CodeIgniter.php(933): App\Controllers\Reporte->consolidado()
 7 SYSTEMPATH/CodeIgniter.php(509): CodeIgniter\CodeIgniter->runController(Object(App\Controllers\Reporte))
 8 SYSTEMPATH/CodeIgniter.php(355): CodeIgniter\CodeIgniter->handleRequest(null, Object(Config\Cache), false)
 9 SYSTEMPATH/Boot.php(325): CodeIgniter\CodeIgniter->run()
10 SYSTEMPATH/Boot.php(67): CodeIgniter\Boot::runCodeIgniter(Object(CodeIgniter\CodeIgniter))
11 FCPATH/index.php(56): CodeIgniter\Boot::bootWeb(Object(Config\Paths))
WARNING - 2025-03-31 14:39:20 --> [DEPRECATED] number_format(): Passing null to parameter #1 ($num) of type float is deprecated in APPPATH/Views/reporte/imprimir_valorado.php on line 96.
 1 APPPATH/Views/reporte/imprimir_valorado.php(96): number_format(null, 2, ',', '.')
 2 SYSTEMPATH/View/View.php(234): include('/home2/usoabumg/public_html/oruro.site/app/Views/reporte/imprimir_valorado.php')
 3 SYSTEMPATH/View/View.php(237): CodeIgniter\View\View->CodeIgniter\View\{closure}()
 4 SYSTEMPATH/Common.php(1171): CodeIgniter\View\View->render('reporte/imprimir_valorado', [], true)
 5 APPPATH/Controllers/Reporte.php(135): view('reporte/imprimir_valorado', [...])
 6 SYSTEMPATH/CodeIgniter.php(933): App\Controllers\Reporte->consolidado()
 7 SYSTEMPATH/CodeIgniter.php(509): CodeIgniter\CodeIgniter->runController(Object(App\Controllers\Reporte))
 8 SYSTEMPATH/CodeIgniter.php(355): CodeIgniter\CodeIgniter->handleRequest(null, Object(Config\Cache), false)
 9 SYSTEMPATH/Boot.php(325): CodeIgniter\CodeIgniter->run()
10 SYSTEMPATH/Boot.php(67): CodeIgniter\Boot::runCodeIgniter(Object(CodeIgniter\CodeIgniter))
11 FCPATH/index.php(56): CodeIgniter\Boot::bootWeb(Object(Config\Paths))
WARNING - 2025-03-31 14:39:20 --> [DEPRECATED] number_format(): Passing null to parameter #1 ($num) of type float is deprecated in APPPATH/Views/reporte/imprimir_valorado.php on line 99.
 1 APPPATH/Views/reporte/imprimir_valorado.php(99): number_format(null, 2, ',', '.')
 2 SYSTEMPATH/View/View.php(234): include('/home2/usoabumg/public_html/oruro.site/app/Views/reporte/imprimir_valorado.php')
 3 SYSTEMPATH/View/View.php(237): CodeIgniter\View\View->CodeIgniter\View\{closure}()
 4 SYSTEMPATH/Common.php(1171): CodeIgniter\View\View->render('reporte/imprimir_valorado', [], true)
 5 APPPATH/Controllers/Reporte.php(135): view('reporte/imprimir_valorado', [...])
 6 SYSTEMPATH/CodeIgniter.php(933): App\Controllers\Reporte->consolidado()
 7 SYSTEMPATH/CodeIgniter.php(509): CodeIgniter\CodeIgniter->runController(Object(App\Controllers\Reporte))
 8 SYSTEMPATH/CodeIgniter.php(355): CodeIgniter\CodeIgniter->handleRequest(null, Object(Config\Cache), false)
 9 SYSTEMPATH/Boot.php(325): CodeIgniter\CodeIgniter->run()
10 SYSTEMPATH/Boot.php(67): CodeIgniter\Boot::runCodeIgniter(Object(CodeIgniter\CodeIgniter))
11 FCPATH/index.php(56): CodeIgniter\Boot::bootWeb(Object(Config\Paths))
WARNING - 2025-03-31 14:39:20 --> [DEPRECATED] number_format(): Passing null to parameter #1 ($num) of type float is deprecated in APPPATH/Views/reporte/imprimir_valorado.php on line 96.
 1 APPPATH/Views/reporte/imprimir_valorado.php(96): number_format(null, 2, ',', '.')
 2 SYSTEMPATH/View/View.php(234): include('/home2/usoabumg/public_html/oruro.site/app/Views/reporte/imprimir_valorado.php')
 3 SYSTEMPATH/View/View.php(237): CodeIgniter\View\View->CodeIgniter\View\{closure}()
 4 SYSTEMPATH/Common.php(1171): CodeIgniter\View\View->render('reporte/imprimir_valorado', [], true)
 5 APPPATH/Controllers/Reporte.php(135): view('reporte/imprimir_valorado', [...])
 6 SYSTEMPATH/CodeIgniter.php(933): App\Controllers\Reporte->consolidado()
 7 SYSTEMPATH/CodeIgniter.php(509): CodeIgniter\CodeIgniter->runController(Object(App\Controllers\Reporte))
 8 SYSTEMPATH/CodeIgniter.php(355): CodeIgniter\CodeIgniter->handleRequest(null, Object(Config\Cache), false)
 9 SYSTEMPATH/Boot.php(325): CodeIgniter\CodeIgniter->run()
10 SYSTEMPATH/Boot.php(67): CodeIgniter\Boot::runCodeIgniter(Object(CodeIgniter\CodeIgniter))
11 FCPATH/index.php(56): CodeIgniter\Boot::bootWeb(Object(Config\Paths))
WARNING - 2025-03-31 14:39:20 --> [DEPRECATED] number_format(): Passing null to parameter #1 ($num) of type float is deprecated in APPPATH/Views/reporte/imprimir_valorado.php on line 99.
 1 APPPATH/Views/reporte/imprimir_valorado.php(99): number_format(null, 2, ',', '.')
 2 SYSTEMPATH/View/View.php(234): include('/home2/usoabumg/public_html/oruro.site/app/Views/reporte/imprimir_valorado.php')
 3 SYSTEMPATH/View/View.php(237): CodeIgniter\View\View->CodeIgniter\View\{closure}()
 4 SYSTEMPATH/Common.php(1171): CodeIgniter\View\View->render('reporte/imprimir_valorado', [], true)
 5 APPPATH/Controllers/Reporte.php(135): view('reporte/imprimir_valorado', [...])
 6 SYSTEMPATH/CodeIgniter.php(933): App\Controllers\Reporte->consolidado()
 7 SYSTEMPATH/CodeIgniter.php(509): CodeIgniter\CodeIgniter->runController(Object(App\Controllers\Reporte))
 8 SYSTEMPATH/CodeIgniter.php(355): CodeIgniter\CodeIgniter->handleRequest(null, Object(Config\Cache), false)
 9 SYSTEMPATH/Boot.php(325): CodeIgniter\CodeIgniter->run()
10 SYSTEMPATH/Boot.php(67): CodeIgniter\Boot::runCodeIgniter(Object(CodeIgniter\CodeIgniter))
11 FCPATH/index.php(56): CodeIgniter\Boot::bootWeb(Object(Config\Paths))
WARNING - 2025-03-31 14:39:20 --> [DEPRECATED] number_format(): Passing null to parameter #1 ($num) of type float is deprecated in APPPATH/Views/reporte/imprimir_valorado.php on line 96.
 1 APPPATH/Views/reporte/imprimir_valorado.php(96): number_format(null, 2, ',', '.')
 2 SYSTEMPATH/View/View.php(234): include('/home2/usoabumg/public_html/oruro.site/app/Views/reporte/imprimir_valorado.php')
 3 SYSTEMPATH/View/View.php(237): CodeIgniter\View\View->CodeIgniter\View\{closure}()
 4 SYSTEMPATH/Common.php(1171): CodeIgniter\View\View->render('reporte/imprimir_valorado', [], true)
 5 APPPATH/Controllers/Reporte.php(135): view('reporte/imprimir_valorado', [...])
 6 SYSTEMPATH/CodeIgniter.php(933): App\Controllers\Reporte->consolidado()
 7 SYSTEMPATH/CodeIgniter.php(509): CodeIgniter\CodeIgniter->runController(Object(App\Controllers\Reporte))
 8 SYSTEMPATH/CodeIgniter.php(355): CodeIgniter\CodeIgniter->handleRequest(null, Object(Config\Cache), false)
 9 SYSTEMPATH/Boot.php(325): CodeIgniter\CodeIgniter->run()
10 SYSTEMPATH/Boot.php(67): CodeIgniter\Boot::runCodeIgniter(Object(CodeIgniter\CodeIgniter))
11 FCPATH/index.php(56): CodeIgniter\Boot::bootWeb(Object(Config\Paths))
WARNING - 2025-03-31 14:39:20 --> [DEPRECATED] number_format(): Passing null to parameter #1 ($num) of type float is deprecated in APPPATH/Views/reporte/imprimir_valorado.php on line 99.
 1 APPPATH/Views/reporte/imprimir_valorado.php(99): number_format(null, 2, ',', '.')
 2 SYSTEMPATH/View/View.php(234): include('/home2/usoabumg/public_html/oruro.site/app/Views/reporte/imprimir_valorado.php')
 3 SYSTEMPATH/View/View.php(237): CodeIgniter\View\View->CodeIgniter\View\{closure}()
 4 SYSTEMPATH/Common.php(1171): CodeIgniter\View\View->render('reporte/imprimir_valorado', [], true)
 5 APPPATH/Controllers/Reporte.php(135): view('reporte/imprimir_valorado', [...])
 6 SYSTEMPATH/CodeIgniter.php(933): App\Controllers\Reporte->consolidado()
 7 SYSTEMPATH/CodeIgniter.php(509): CodeIgniter\CodeIgniter->runController(Object(App\Controllers\Reporte))
 8 SYSTEMPATH/CodeIgniter.php(355): CodeIgniter\CodeIgniter->handleRequest(null, Object(Config\Cache), false)
 9 SYSTEMPATH/Boot.php(325): CodeIgniter\CodeIgniter->run()
10 SYSTEMPATH/Boot.php(67): CodeIgniter\Boot::runCodeIgniter(Object(CodeIgniter\CodeIgniter))
11 FCPATH/index.php(56): CodeIgniter\Boot::bootWeb(Object(Config\Paths))
WARNING - 2025-03-31 14:39:20 --> [DEPRECATED] number_format(): Passing null to parameter #1 ($num) of type float is deprecated in APPPATH/Views/reporte/imprimir_valorado.php on line 96.
 1 APPPATH/Views/reporte/imprimir_valorado.php(96): number_format(null, 2, ',', '.')
 2 SYSTEMPATH/View/View.php(234): include('/home2/usoabumg/public_html/oruro.site/app/Views/reporte/imprimir_valorado.php')
 3 SYSTEMPATH/View/View.php(237): CodeIgniter\View\View->CodeIgniter\View\{closure}()
 4 SYSTEMPATH/Common.php(1171): CodeIgniter\View\View->render('reporte/imprimir_valorado', [], true)
 5 APPPATH/Controllers/Reporte.php(135): view('reporte/imprimir_valorado', [...])
 6 SYSTEMPATH/CodeIgniter.php(933): App\Controllers\Reporte->consolidado()
 7 SYSTEMPATH/CodeIgniter.php(509): CodeIgniter\CodeIgniter->runController(Object(App\Controllers\Reporte))
 8 SYSTEMPATH/CodeIgniter.php(355): CodeIgniter\CodeIgniter->handleRequest(null, Object(Config\Cache), false)
 9 SYSTEMPATH/Boot.php(325): CodeIgniter\CodeIgniter->run()
10 SYSTEMPATH/Boot.php(67): CodeIgniter\Boot::runCodeIgniter(Object(CodeIgniter\CodeIgniter))
11 FCPATH/index.php(56): CodeIgniter\Boot::bootWeb(Object(Config\Paths))
WARNING - 2025-03-31 14:39:20 --> [DEPRECATED] number_format(): Passing null to parameter #1 ($num) of type float is deprecated in APPPATH/Views/reporte/imprimir_valorado.php on line 99.
 1 APPPATH/Views/reporte/imprimir_valorado.php(99): number_format(null, 2, ',', '.')
 2 SYSTEMPATH/View/View.php(234): include('/home2/usoabumg/public_html/oruro.site/app/Views/reporte/imprimir_valorado.php')
 3 SYSTEMPATH/View/View.php(237): CodeIgniter\View\View->CodeIgniter\View\{closure}()
 4 SYSTEMPATH/Common.php(1171): CodeIgniter\View\View->render('reporte/imprimir_valorado', [], true)
 5 APPPATH/Controllers/Reporte.php(135): view('reporte/imprimir_valorado', [...])
 6 SYSTEMPATH/CodeIgniter.php(933): App\Controllers\Reporte->consolidado()
 7 SYSTEMPATH/CodeIgniter.php(509): CodeIgniter\CodeIgniter->runController(Object(App\Controllers\Reporte))
 8 SYSTEMPATH/CodeIgniter.php(355): CodeIgniter\CodeIgniter->handleRequest(null, Object(Config\Cache), false)
 9 SYSTEMPATH/Boot.php(325): CodeIgniter\CodeIgniter->run()
10 SYSTEMPATH/Boot.php(67): CodeIgniter\Boot::runCodeIgniter(Object(CodeIgniter\CodeIgniter))
11 FCPATH/index.php(56): CodeIgniter\Boot::bootWeb(Object(Config\Paths))
INFO - 2025-03-31 14:39:21 --> Session: Class initialized using 'CodeIgniter\Session\Handlers\FileHandler' driver.
INFO - 2025-03-31 14:42:00 --> Session: Class initialized using 'CodeIgniter\Session\Handlers\FileHandler' driver.
INFO - 2025-03-31 14:42:20 --> Session: Class initialized using 'CodeIgniter\Session\Handlers\FileHandler' driver.
INFO - 2025-03-31 14:48:06 --> Session: Class initialized using 'CodeIgniter\Session\Handlers\FileHandler' driver.
INFO - 2025-03-31 14:48:47 --> CSRF token verified.
INFO - 2025-03-31 14:48:55 --> Session: Class initialized using 'CodeIgniter\Session\Handlers\FileHandler' driver.
INFO - 2025-03-31 14:49:11 --> CSRF token verified.
INFO - 2025-03-31 14:49:13 --> Session: Class initialized using 'CodeIgniter\Session\Handlers\FileHandler' driver.
INFO - 2025-03-31 14:49:13 --> Session: Class initialized using 'CodeIgniter\Session\Handlers\FileHandler' driver.
INFO - 2025-03-31 14:49:52 --> Session: Class initialized using 'CodeIgniter\Session\Handlers\FileHandler' driver.
INFO - 2025-03-31 14:49:52 --> Session: Class initialized using 'CodeIgniter\Session\Handlers\FileHandler' driver.
CRITICAL - 2025-03-31 14:49:52 --> ErrorException: Undefined variable $data
[Method: GET, Route: reporte/consolidado_fisico]
in APPPATH/Controllers/Reporte.php on line 171.
 1 APPPATH/Controllers/Reporte.php(171): CodeIgniter\Debug\Exceptions->errorHandler(2, 'Undefined variable $data', '/home2/usoabumg/public_html/oruro.site/app/Controllers/Reporte.php', 171)
 2 SYSTEMPATH/CodeIgniter.php(933): App\Controllers\Reporte->consolidado_fisico()
 3 SYSTEMPATH/CodeIgniter.php(509): CodeIgniter\CodeIgniter->runController(Object(App\Controllers\Reporte))
 4 SYSTEMPATH/CodeIgniter.php(355): CodeIgniter\CodeIgniter->handleRequest(null, Object(Config\Cache), false)
 5 SYSTEMPATH/Boot.php(325): CodeIgniter\CodeIgniter->run()
 6 SYSTEMPATH/Boot.php(67): CodeIgniter\Boot::runCodeIgniter(Object(CodeIgniter\CodeIgniter))
 7 FCPATH/index.php(56): CodeIgniter\Boot::bootWeb(Object(Config\Paths))
INFO - 2025-03-31 14:49:59 --> Session: Class initialized using 'CodeIgniter\Session\Handlers\FileHandler' driver.
INFO - 2025-03-31 14:50:00 --> Session: Class initialized using 'CodeIgniter\Session\Handlers\FileHandler' driver.
INFO - 2025-03-31 14:50:01 --> Session: Class initialized using 'CodeIgniter\Session\Handlers\FileHandler' driver.
INFO - 2025-03-31 14:50:05 --> Session: Class initialized using 'CodeIgniter\Session\Handlers\FileHandler' driver.
INFO - 2025-03-31 14:50:13 --> Session: Class initialized using 'CodeIgniter\Session\Handlers\FileHandler' driver.
CRITICAL - 2025-03-31 14:50:20 --> ErrorException: Allowed memory size of 33554432 bytes exhausted (tried to allocate 266240 bytes)
[Method: GET, Route: /]
in SYSTEMPATH/Debug/Toolbar.php on line 313.
 1 [internal function]: CodeIgniter\Debug\Exceptions->shutdownHandler()
INFO - 2025-03-31 14:50:20 --> Session: Class initialized using 'CodeIgniter\Session\Handlers\FileHandler' driver.
INFO - 2025-03-31 14:50:26 --> Session: Class initialized using 'CodeIgniter\Session\Handlers\FileHandler' driver.
INFO - 2025-03-31 14:50:31 --> Session: Class initialized using 'CodeIgniter\Session\Handlers\FileHandler' driver.
CRITICAL - 2025-03-31 14:50:31 --> ErrorException: Allowed memory size of 33554432 bytes exhausted (tried to allocate 266240 bytes)
[Method: GET, Route: /]
in SYSTEMPATH/Debug/Toolbar.php on line 313.
 1 [internal function]: CodeIgniter\Debug\Exceptions->shutdownHandler()
INFO - 2025-03-31 14:51:40 --> Session: Class initialized using 'CodeIgniter\Session\Handlers\FileHandler' driver.
INFO - 2025-03-31 14:51:53 --> Session: Class initialized using 'CodeIgniter\Session\Handlers\FileHandler' driver.
INFO - 2025-03-31 14:52:00 --> CSRF token verified.
INFO - 2025-03-31 14:52:00 --> Session: Class initialized using 'CodeIgniter\Session\Handlers\FileHandler' driver.
INFO - 2025-03-31 14:52:01 --> Session: Class initialized using 'CodeIgniter\Session\Handlers\FileHandler' driver.
INFO - 2025-03-31 14:52:07 --> Session: Class initialized using 'CodeIgniter\Session\Handlers\FileHandler' driver.
INFO - 2025-03-31 14:52:21 --> CSRF token verified.
INFO - 2025-03-31 14:52:21 --> Session: Class initialized using 'CodeIgniter\Session\Handlers\FileHandler' driver.
INFO - 2025-03-31 14:52:29 --> Session: Class initialized using 'CodeIgniter\Session\Handlers\FileHandler' driver.
INFO - 2025-03-31 14:59:36 --> Session: Class initialized using 'CodeIgniter\Session\Handlers\FileHandler' driver.
INFO - 2025-03-31 15:03:16 --> Session: Class initialized using 'CodeIgniter\Session\Handlers\FileHandler' driver.
INFO - 2025-03-31 15:03:18 --> Session: Class initialized using 'CodeIgniter\Session\Handlers\FileHandler' driver.
INFO - 2025-03-31 15:03:18 --> Session: Class initialized using 'CodeIgniter\Session\Handlers\FileHandler' driver.
INFO - 2025-03-31 15:03:21 --> CSRF token verified.
INFO - 2025-03-31 15:03:22 --> Session: Class initialized using 'CodeIgniter\Session\Handlers\FileHandler' driver.
INFO - 2025-03-31 15:03:23 --> Session: Class initialized using 'CodeIgniter\Session\Handlers\FileHandler' driver.
INFO - 2025-03-31 15:03:25 --> Session: Class initialized using 'CodeIgniter\Session\Handlers\FileHandler' driver.
INFO - 2025-03-31 15:03:26 --> Session: Class initialized using 'CodeIgniter\Session\Handlers\FileHandler' driver.
INFO - 2025-03-31 15:03:37 --> Session: Class initialized using 'CodeIgniter\Session\Handlers\FileHandler' driver.
INFO - 2025-03-31 15:03:41 --> Session: Class initialized using 'CodeIgniter\Session\Handlers\FileHandler' driver.
INFO - 2025-03-31 15:03:51 --> CSRF token verified.
INFO - 2025-03-31 15:03:52 --> Session: Class initialized using 'CodeIgniter\Session\Handlers\FileHandler' driver.
INFO - 2025-03-31 15:03:53 --> Session: Class initialized using 'CodeIgniter\Session\Handlers\FileHandler' driver.
INFO - 2025-03-31 15:03:55 --> Session: Class initialized using 'CodeIgniter\Session\Handlers\FileHandler' driver.
INFO - 2025-03-31 15:04:00 --> Session: Class initialized using 'CodeIgniter\Session\Handlers\FileHandler' driver.
INFO - 2025-03-31 15:04:14 --> Session: Class initialized using 'CodeIgniter\Session\Handlers\FileHandler' driver.
INFO - 2025-03-31 15:04:16 --> Session: Class initialized using 'CodeIgniter\Session\Handlers\FileHandler' driver.
INFO - 2025-03-31 15:04:19 --> Session: Class initialized using 'CodeIgniter\Session\Handlers\FileHandler' driver.
INFO - 2025-03-31 15:04:20 --> Session: Class initialized using 'CodeIgniter\Session\Handlers\FileHandler' driver.
INFO - 2025-03-31 15:04:26 --> Session: Class initialized using 'CodeIgniter\Session\Handlers\FileHandler' driver.
INFO - 2025-03-31 15:04:31 --> Session: Class initialized using 'CodeIgniter\Session\Handlers\FileHandler' driver.
INFO - 2025-03-31 15:04:46 --> Session: Class initialized using 'CodeIgniter\Session\Handlers\FileHandler' driver.
INFO - 2025-03-31 15:05:41 --> Session: Class initialized using 'CodeIgniter\Session\Handlers\FileHandler' driver.
INFO - 2025-03-31 15:07:50 --> Session: Class initialized using 'CodeIgniter\Session\Handlers\FileHandler' driver.
INFO - 2025-03-31 15:10:02 --> Session: Class initialized using 'CodeIgniter\Session\Handlers\FileHandler' driver.
INFO - 2025-03-31 15:10:02 --> Session: Class initialized using 'CodeIgniter\Session\Handlers\FileHandler' driver.
INFO - 2025-03-31 15:14:35 --> Session: Class initialized using 'CodeIgniter\Session\Handlers\FileHandler' driver.
INFO - 2025-03-31 15:14:38 --> Session: Class initialized using 'CodeIgniter\Session\Handlers\FileHandler' driver.
INFO - 2025-03-31 15:14:43 --> Session: Class initialized using 'CodeIgniter\Session\Handlers\FileHandler' driver.
INFO - 2025-03-31 15:14:51 --> CSRF token verified.
INFO - 2025-03-31 15:14:51 --> Session: Class initialized using 'CodeIgniter\Session\Handlers\FileHandler' driver.
INFO - 2025-03-31 15:14:51 --> Session: Class initialized using 'CodeIgniter\Session\Handlers\FileHandler' driver.
INFO - 2025-03-31 15:15:13 --> Session: Class initialized using 'CodeIgniter\Session\Handlers\FileHandler' driver.
INFO - 2025-03-31 15:15:14 --> Session: Class initialized using 'CodeIgniter\Session\Handlers\FileHandler' driver.
INFO - 2025-03-31 15:15:20 --> Session: Class initialized using 'CodeIgniter\Session\Handlers\FileHandler' driver.
INFO - 2025-03-31 15:15:22 --> Session: Class initialized using 'CodeIgniter\Session\Handlers\FileHandler' driver.
INFO - 2025-03-31 15:15:30 --> Session: Class initialized using 'CodeIgniter\Session\Handlers\FileHandler' driver.
INFO - 2025-03-31 15:15:32 --> Session: Class initialized using 'CodeIgniter\Session\Handlers\FileHandler' driver.
INFO - 2025-03-31 15:46:27 --> Session: Class initialized using 'CodeIgniter\Session\Handlers\FileHandler' driver.
INFO - 2025-03-31 18:42:25 --> Session: Class initialized using 'CodeIgniter\Session\Handlers\FileHandler' driver.
INFO - 2025-03-31 18:50:50 --> Session: Class initialized using 'CodeIgniter\Session\Handlers\FileHandler' driver.
INFO - 2025-03-31 19:23:24 --> Session: Class initialized using 'CodeIgniter\Session\Handlers\FileHandler' driver.
INFO - 2025-03-31 21:02:28 --> Session: Class initialized using 'CodeIgniter\Session\Handlers\FileHandler' driver.
INFO - 2025-03-31 21:12:29 --> Session: Class initialized using 'CodeIgniter\Session\Handlers\FileHandler' driver.
