INFO - 2025-03-18 00:22:33 --> Session: Class initialized using 'CodeIgniter\Session\Handlers\FileHandler' driver.
INFO - 2025-03-18 00:30:43 --> Session: Class initialized using 'CodeIgniter\Session\Handlers\FileHandler' driver.
INFO - 2025-03-18 01:41:26 --> Session: Class initialized using 'CodeIgniter\Session\Handlers\FileHandler' driver.
INFO - 2025-03-18 01:41:50 --> Session: Class initialized using 'CodeIgniter\Session\Handlers\FileHandler' driver.
INFO - 2025-03-18 02:45:35 --> Session: Class initialized using 'CodeIgniter\Session\Handlers\FileHandler' driver.
INFO - 2025-03-18 04:20:23 --> Session: Class initialized using 'CodeIgniter\Session\Handlers\FileHandler' driver.
INFO - 2025-03-18 05:03:15 --> Session: Class initialized using 'CodeIgniter\Session\Handlers\FileHandler' driver.
INFO - 2025-03-18 05:03:29 --> Session: Class initialized using 'CodeIgniter\Session\Handlers\FileHandler' driver.
INFO - 2025-03-18 05:03:30 --> Session: Class initialized using 'CodeIgniter\Session\Handlers\FileHandler' driver.
INFO - 2025-03-18 05:06:11 --> Session: Class initialized using 'CodeIgniter\Session\Handlers\FileHandler' driver.
INFO - 2025-03-18 05:18:44 --> Session: Class initialized using 'CodeIgniter\Session\Handlers\FileHandler' driver.
INFO - 2025-03-18 05:27:26 --> Session: Class initialized using 'CodeIgniter\Session\Handlers\FileHandler' driver.
INFO - 2025-03-18 07:53:41 --> Session: Class initialized using 'CodeIgniter\Session\Handlers\FileHandler' driver.
INFO - 2025-03-18 08:42:48 --> Session: Class initialized using 'CodeIgniter\Session\Handlers\FileHandler' driver.
INFO - 2025-03-18 09:11:14 --> Session: Class initialized using 'CodeIgniter\Session\Handlers\FileHandler' driver.
INFO - 2025-03-18 09:46:04 --> Session: Class initialized using 'CodeIgniter\Session\Handlers\FileHandler' driver.
INFO - 2025-03-18 09:47:15 --> Session: Class initialized using 'CodeIgniter\Session\Handlers\FileHandler' driver.
INFO - 2025-03-18 09:47:18 --> CSRF token verified.
INFO - 2025-03-18 09:47:20 --> Session: Class initialized using 'CodeIgniter\Session\Handlers\FileHandler' driver.
INFO - 2025-03-18 09:47:20 --> Session: Class initialized using 'CodeIgniter\Session\Handlers\FileHandler' driver.
INFO - 2025-03-18 09:47:23 --> Session: Class initialized using 'CodeIgniter\Session\Handlers\FileHandler' driver.
INFO - 2025-03-18 09:47:26 --> Session: Class initialized using 'CodeIgniter\Session\Handlers\FileHandler' driver.
INFO - 2025-03-18 09:47:28 --> Session: Class initialized using 'CodeIgniter\Session\Handlers\FileHandler' driver.
INFO - 2025-03-18 09:48:13 --> Session: Class initialized using 'CodeIgniter\Session\Handlers\FileHandler' driver.
INFO - 2025-03-18 09:48:15 --> Session: Class initialized using 'CodeIgniter\Session\Handlers\FileHandler' driver.
INFO - 2025-03-18 09:48:15 --> Session: Class initialized using 'CodeIgniter\Session\Handlers\FileHandler' driver.
INFO - 2025-03-18 09:51:27 --> Session: Class initialized using 'CodeIgniter\Session\Handlers\FileHandler' driver.
INFO - 2025-03-18 12:30:58 --> Session: Class initialized using 'CodeIgniter\Session\Handlers\FileHandler' driver.
INFO - 2025-03-18 13:55:12 --> Session: Class initialized using 'CodeIgniter\Session\Handlers\FileHandler' driver.
CRITICAL - 2025-03-18 13:55:12 --> ErrorException: Trying to access array offset on value of type null
[Method: GET, Route: adquisicion_producto_tiene_app/generar_saldos/2]
in APPPATH/Controllers/AdquisicionProductoTieneApp.php on line 13.
 1 APPPATH/Controllers/AdquisicionProductoTieneApp.php(13): CodeIgniter\Debug\Exceptions->errorHandler(2, 'Trying to access array offset on value of type null', '/home2/usoabumg/public_html/oruro.site/app/Controllers/AdquisicionProductoTieneApp.php', 13)
 2 SYSTEMPATH/CodeIgniter.php(903): App\Controllers\AdquisicionProductoTieneApp->__construct()
 3 SYSTEMPATH/CodeIgniter.php(500): CodeIgniter\CodeIgniter->createController()
 4 SYSTEMPATH/CodeIgniter.php(355): CodeIgniter\CodeIgniter->handleRequest(null, Object(Config\Cache), false)
 5 SYSTEMPATH/Boot.php(325): CodeIgniter\CodeIgniter->run()
 6 SYSTEMPATH/Boot.php(67): CodeIgniter\Boot::runCodeIgniter(Object(CodeIgniter\CodeIgniter))
 7 FCPATH/index.php(56): CodeIgniter\Boot::bootWeb(Object(Config\Paths))
INFO - 2025-03-18 13:55:12 --> Session: Class initialized using 'CodeIgniter\Session\Handlers\FileHandler' driver.
CRITICAL - 2025-03-18 13:55:12 --> ErrorException: Trying to access array offset on value of type null
[Method: GET, Route: adquisicion_producto_tiene_app/cargar_sub_apertura/39]
in APPPATH/Controllers/AdquisicionProductoTieneApp.php on line 13.
 1 APPPATH/Controllers/AdquisicionProductoTieneApp.php(13): CodeIgniter\Debug\Exceptions->errorHandler(2, 'Trying to access array offset on value of type null', '/home2/usoabumg/public_html/oruro.site/app/Controllers/AdquisicionProductoTieneApp.php', 13)
 2 SYSTEMPATH/CodeIgniter.php(903): App\Controllers\AdquisicionProductoTieneApp->__construct()
 3 SYSTEMPATH/CodeIgniter.php(500): CodeIgniter\CodeIgniter->createController()
 4 SYSTEMPATH/CodeIgniter.php(355): CodeIgniter\CodeIgniter->handleRequest(null, Object(Config\Cache), false)
 5 SYSTEMPATH/Boot.php(325): CodeIgniter\CodeIgniter->run()
 6 SYSTEMPATH/Boot.php(67): CodeIgniter\Boot::runCodeIgniter(Object(CodeIgniter\CodeIgniter))
 7 FCPATH/index.php(56): CodeIgniter\Boot::bootWeb(Object(Config\Paths))
INFO - 2025-03-18 13:55:13 --> Session: Class initialized using 'CodeIgniter\Session\Handlers\FileHandler' driver.
INFO - 2025-03-18 13:55:24 --> Session: Class initialized using 'CodeIgniter\Session\Handlers\FileHandler' driver.
INFO - 2025-03-18 13:55:30 --> CSRF token verified.
INFO - 2025-03-18 13:55:31 --> Session: Class initialized using 'CodeIgniter\Session\Handlers\FileHandler' driver.
INFO - 2025-03-18 13:55:31 --> Session: Class initialized using 'CodeIgniter\Session\Handlers\FileHandler' driver.
INFO - 2025-03-18 13:55:40 --> Session: Class initialized using 'CodeIgniter\Session\Handlers\FileHandler' driver.
INFO - 2025-03-18 13:56:01 --> Session: Class initialized using 'CodeIgniter\Session\Handlers\FileHandler' driver.
INFO - 2025-03-18 13:56:05 --> Session: Class initialized using 'CodeIgniter\Session\Handlers\FileHandler' driver.
INFO - 2025-03-18 13:56:58 --> Session: Class initialized using 'CodeIgniter\Session\Handlers\FileHandler' driver.
INFO - 2025-03-18 13:57:05 --> Session: Class initialized using 'CodeIgniter\Session\Handlers\FileHandler' driver.
INFO - 2025-03-18 13:57:06 --> Session: Class initialized using 'CodeIgniter\Session\Handlers\FileHandler' driver.
INFO - 2025-03-18 14:01:17 --> Session: Class initialized using 'CodeIgniter\Session\Handlers\FileHandler' driver.
INFO - 2025-03-18 14:01:19 --> Session: Class initialized using 'CodeIgniter\Session\Handlers\FileHandler' driver.
INFO - 2025-03-18 14:01:20 --> Session: Class initialized using 'CodeIgniter\Session\Handlers\FileHandler' driver.
INFO - 2025-03-18 14:01:27 --> Session: Class initialized using 'CodeIgniter\Session\Handlers\FileHandler' driver.
INFO - 2025-03-18 14:01:28 --> Session: Class initialized using 'CodeIgniter\Session\Handlers\FileHandler' driver.
INFO - 2025-03-18 14:01:29 --> Session: Class initialized using 'CodeIgniter\Session\Handlers\FileHandler' driver.
INFO - 2025-03-18 14:01:36 --> Session: Class initialized using 'CodeIgniter\Session\Handlers\FileHandler' driver.
INFO - 2025-03-18 14:01:38 --> Session: Class initialized using 'CodeIgniter\Session\Handlers\FileHandler' driver.
INFO - 2025-03-18 14:01:39 --> Session: Class initialized using 'CodeIgniter\Session\Handlers\FileHandler' driver.
INFO - 2025-03-18 14:03:33 --> Session: Class initialized using 'CodeIgniter\Session\Handlers\FileHandler' driver.
INFO - 2025-03-18 14:03:34 --> Session: Class initialized using 'CodeIgniter\Session\Handlers\FileHandler' driver.
INFO - 2025-03-18 14:03:35 --> Session: Class initialized using 'CodeIgniter\Session\Handlers\FileHandler' driver.
INFO - 2025-03-18 14:04:24 --> Session: Class initialized using 'CodeIgniter\Session\Handlers\FileHandler' driver.
INFO - 2025-03-18 14:04:28 --> Session: Class initialized using 'CodeIgniter\Session\Handlers\FileHandler' driver.
INFO - 2025-03-18 14:04:29 --> Session: Class initialized using 'CodeIgniter\Session\Handlers\FileHandler' driver.
INFO - 2025-03-18 14:06:13 --> Session: Class initialized using 'CodeIgniter\Session\Handlers\FileHandler' driver.
INFO - 2025-03-18 14:06:16 --> Session: Class initialized using 'CodeIgniter\Session\Handlers\FileHandler' driver.
INFO - 2025-03-18 14:06:17 --> Session: Class initialized using 'CodeIgniter\Session\Handlers\FileHandler' driver.
INFO - 2025-03-18 14:08:34 --> Session: Class initialized using 'CodeIgniter\Session\Handlers\FileHandler' driver.
INFO - 2025-03-18 14:08:35 --> Session: Class initialized using 'CodeIgniter\Session\Handlers\FileHandler' driver.
INFO - 2025-03-18 14:08:36 --> Session: Class initialized using 'CodeIgniter\Session\Handlers\FileHandler' driver.
INFO - 2025-03-18 14:08:49 --> Session: Class initialized using 'CodeIgniter\Session\Handlers\FileHandler' driver.
INFO - 2025-03-18 14:08:51 --> Session: Class initialized using 'CodeIgniter\Session\Handlers\FileHandler' driver.
INFO - 2025-03-18 14:08:52 --> Session: Class initialized using 'CodeIgniter\Session\Handlers\FileHandler' driver.
INFO - 2025-03-18 14:08:58 --> Session: Class initialized using 'CodeIgniter\Session\Handlers\FileHandler' driver.
INFO - 2025-03-18 14:09:00 --> Session: Class initialized using 'CodeIgniter\Session\Handlers\FileHandler' driver.
INFO - 2025-03-18 14:09:01 --> Session: Class initialized using 'CodeIgniter\Session\Handlers\FileHandler' driver.
INFO - 2025-03-18 14:14:53 --> Session: Class initialized using 'CodeIgniter\Session\Handlers\FileHandler' driver.
INFO - 2025-03-18 14:14:54 --> Session: Class initialized using 'CodeIgniter\Session\Handlers\FileHandler' driver.
INFO - 2025-03-18 14:14:55 --> Session: Class initialized using 'CodeIgniter\Session\Handlers\FileHandler' driver.
INFO - 2025-03-18 14:20:17 --> Session: Class initialized using 'CodeIgniter\Session\Handlers\FileHandler' driver.
INFO - 2025-03-18 14:28:07 --> Session: Class initialized using 'CodeIgniter\Session\Handlers\FileHandler' driver.
INFO - 2025-03-18 14:31:00 --> Session: Class initialized using 'CodeIgniter\Session\Handlers\FileHandler' driver.
INFO - 2025-03-18 14:31:01 --> Session: Class initialized using 'CodeIgniter\Session\Handlers\FileHandler' driver.
INFO - 2025-03-18 14:31:02 --> Session: Class initialized using 'CodeIgniter\Session\Handlers\FileHandler' driver.
INFO - 2025-03-18 14:31:07 --> Session: Class initialized using 'CodeIgniter\Session\Handlers\FileHandler' driver.
INFO - 2025-03-18 14:31:08 --> Session: Class initialized using 'CodeIgniter\Session\Handlers\FileHandler' driver.
INFO - 2025-03-18 14:31:10 --> Session: Class initialized using 'CodeIgniter\Session\Handlers\FileHandler' driver.
INFO - 2025-03-18 14:31:14 --> Session: Class initialized using 'CodeIgniter\Session\Handlers\FileHandler' driver.
INFO - 2025-03-18 14:31:15 --> Session: Class initialized using 'CodeIgniter\Session\Handlers\FileHandler' driver.
INFO - 2025-03-18 14:31:16 --> Session: Class initialized using 'CodeIgniter\Session\Handlers\FileHandler' driver.
INFO - 2025-03-18 14:31:23 --> Session: Class initialized using 'CodeIgniter\Session\Handlers\FileHandler' driver.
INFO - 2025-03-18 14:31:25 --> Session: Class initialized using 'CodeIgniter\Session\Handlers\FileHandler' driver.
INFO - 2025-03-18 14:31:26 --> Session: Class initialized using 'CodeIgniter\Session\Handlers\FileHandler' driver.
INFO - 2025-03-18 14:32:12 --> Session: Class initialized using 'CodeIgniter\Session\Handlers\FileHandler' driver.
INFO - 2025-03-18 14:32:47 --> Session: Class initialized using 'CodeIgniter\Session\Handlers\FileHandler' driver.
INFO - 2025-03-18 14:32:49 --> Session: Class initialized using 'CodeIgniter\Session\Handlers\FileHandler' driver.
INFO - 2025-03-18 14:32:50 --> Session: Class initialized using 'CodeIgniter\Session\Handlers\FileHandler' driver.
INFO - 2025-03-18 14:37:40 --> Session: Class initialized using 'CodeIgniter\Session\Handlers\FileHandler' driver.
INFO - 2025-03-18 14:38:32 --> Session: Class initialized using 'CodeIgniter\Session\Handlers\FileHandler' driver.
INFO - 2025-03-18 14:38:36 --> Session: Class initialized using 'CodeIgniter\Session\Handlers\FileHandler' driver.
INFO - 2025-03-18 14:38:37 --> Session: Class initialized using 'CodeIgniter\Session\Handlers\FileHandler' driver.
INFO - 2025-03-18 14:41:01 --> Session: Class initialized using 'CodeIgniter\Session\Handlers\FileHandler' driver.
INFO - 2025-03-18 14:41:03 --> Session: Class initialized using 'CodeIgniter\Session\Handlers\FileHandler' driver.
INFO - 2025-03-18 14:41:04 --> Session: Class initialized using 'CodeIgniter\Session\Handlers\FileHandler' driver.
INFO - 2025-03-18 14:41:09 --> Session: Class initialized using 'CodeIgniter\Session\Handlers\FileHandler' driver.
INFO - 2025-03-18 14:41:10 --> Session: Class initialized using 'CodeIgniter\Session\Handlers\FileHandler' driver.
INFO - 2025-03-18 14:41:12 --> Session: Class initialized using 'CodeIgniter\Session\Handlers\FileHandler' driver.
INFO - 2025-03-18 14:41:19 --> Session: Class initialized using 'CodeIgniter\Session\Handlers\FileHandler' driver.
INFO - 2025-03-18 14:41:21 --> Session: Class initialized using 'CodeIgniter\Session\Handlers\FileHandler' driver.
INFO - 2025-03-18 14:41:22 --> Session: Class initialized using 'CodeIgniter\Session\Handlers\FileHandler' driver.
INFO - 2025-03-18 14:43:09 --> Session: Class initialized using 'CodeIgniter\Session\Handlers\FileHandler' driver.
INFO - 2025-03-18 14:43:10 --> Session: Class initialized using 'CodeIgniter\Session\Handlers\FileHandler' driver.
INFO - 2025-03-18 14:43:11 --> Session: Class initialized using 'CodeIgniter\Session\Handlers\FileHandler' driver.
INFO - 2025-03-18 14:43:16 --> Session: Class initialized using 'CodeIgniter\Session\Handlers\FileHandler' driver.
INFO - 2025-03-18 14:43:17 --> Session: Class initialized using 'CodeIgniter\Session\Handlers\FileHandler' driver.
INFO - 2025-03-18 14:43:18 --> Session: Class initialized using 'CodeIgniter\Session\Handlers\FileHandler' driver.
INFO - 2025-03-18 14:43:22 --> Session: Class initialized using 'CodeIgniter\Session\Handlers\FileHandler' driver.
INFO - 2025-03-18 14:43:24 --> Session: Class initialized using 'CodeIgniter\Session\Handlers\FileHandler' driver.
INFO - 2025-03-18 14:43:25 --> Session: Class initialized using 'CodeIgniter\Session\Handlers\FileHandler' driver.
INFO - 2025-03-18 14:43:29 --> Session: Class initialized using 'CodeIgniter\Session\Handlers\FileHandler' driver.
INFO - 2025-03-18 14:43:30 --> Session: Class initialized using 'CodeIgniter\Session\Handlers\FileHandler' driver.
INFO - 2025-03-18 14:43:31 --> Session: Class initialized using 'CodeIgniter\Session\Handlers\FileHandler' driver.
INFO - 2025-03-18 14:44:48 --> Session: Class initialized using 'CodeIgniter\Session\Handlers\FileHandler' driver.
INFO - 2025-03-18 14:44:49 --> Session: Class initialized using 'CodeIgniter\Session\Handlers\FileHandler' driver.
INFO - 2025-03-18 14:44:50 --> Session: Class initialized using 'CodeIgniter\Session\Handlers\FileHandler' driver.
INFO - 2025-03-18 14:44:55 --> Session: Class initialized using 'CodeIgniter\Session\Handlers\FileHandler' driver.
INFO - 2025-03-18 14:44:56 --> Session: Class initialized using 'CodeIgniter\Session\Handlers\FileHandler' driver.
INFO - 2025-03-18 14:44:58 --> Session: Class initialized using 'CodeIgniter\Session\Handlers\FileHandler' driver.
INFO - 2025-03-18 14:45:03 --> Session: Class initialized using 'CodeIgniter\Session\Handlers\FileHandler' driver.
INFO - 2025-03-18 14:45:28 --> Session: Class initialized using 'CodeIgniter\Session\Handlers\FileHandler' driver.
INFO - 2025-03-18 14:45:30 --> Session: Class initialized using 'CodeIgniter\Session\Handlers\FileHandler' driver.
INFO - 2025-03-18 14:45:31 --> Session: Class initialized using 'CodeIgniter\Session\Handlers\FileHandler' driver.
INFO - 2025-03-18 15:28:18 --> Session: Class initialized using 'CodeIgniter\Session\Handlers\FileHandler' driver.
INFO - 2025-03-18 15:28:21 --> Session: Class initialized using 'CodeIgniter\Session\Handlers\FileHandler' driver.
INFO - 2025-03-18 15:28:25 --> Session: Class initialized using 'CodeIgniter\Session\Handlers\FileHandler' driver.
INFO - 2025-03-18 15:28:36 --> Session: Class initialized using 'CodeIgniter\Session\Handlers\FileHandler' driver.
INFO - 2025-03-18 15:28:51 --> Session: Class initialized using 'CodeIgniter\Session\Handlers\FileHandler' driver.
INFO - 2025-03-18 15:28:57 --> Session: Class initialized using 'CodeIgniter\Session\Handlers\FileHandler' driver.
INFO - 2025-03-18 15:29:08 --> Session: Class initialized using 'CodeIgniter\Session\Handlers\FileHandler' driver.
INFO - 2025-03-18 15:29:20 --> Session: Class initialized using 'CodeIgniter\Session\Handlers\FileHandler' driver.
INFO - 2025-03-18 15:29:26 --> Session: Class initialized using 'CodeIgniter\Session\Handlers\FileHandler' driver.
INFO - 2025-03-18 15:29:38 --> Session: Class initialized using 'CodeIgniter\Session\Handlers\FileHandler' driver.
INFO - 2025-03-18 15:29:42 --> Session: Class initialized using 'CodeIgniter\Session\Handlers\FileHandler' driver.
INFO - 2025-03-18 15:29:45 --> Session: Class initialized using 'CodeIgniter\Session\Handlers\FileHandler' driver.
INFO - 2025-03-18 15:30:17 --> Session: Class initialized using 'CodeIgniter\Session\Handlers\FileHandler' driver.
INFO - 2025-03-18 15:30:25 --> Session: Class initialized using 'CodeIgniter\Session\Handlers\FileHandler' driver.
INFO - 2025-03-18 15:30:30 --> Session: Class initialized using 'CodeIgniter\Session\Handlers\FileHandler' driver.
INFO - 2025-03-18 15:30:43 --> Session: Class initialized using 'CodeIgniter\Session\Handlers\FileHandler' driver.
INFO - 2025-03-18 15:31:08 --> Session: Class initialized using 'CodeIgniter\Session\Handlers\FileHandler' driver.
INFO - 2025-03-18 15:31:16 --> Session: Class initialized using 'CodeIgniter\Session\Handlers\FileHandler' driver.
INFO - 2025-03-18 15:31:25 --> Session: Class initialized using 'CodeIgniter\Session\Handlers\FileHandler' driver.
INFO - 2025-03-18 15:31:30 --> Session: Class initialized using 'CodeIgniter\Session\Handlers\FileHandler' driver.
INFO - 2025-03-18 15:32:11 --> Session: Class initialized using 'CodeIgniter\Session\Handlers\FileHandler' driver.
INFO - 2025-03-18 15:32:30 --> CSRF token verified.
INFO - 2025-03-18 15:32:32 --> Session: Class initialized using 'CodeIgniter\Session\Handlers\FileHandler' driver.
INFO - 2025-03-18 15:32:32 --> Session: Class initialized using 'CodeIgniter\Session\Handlers\FileHandler' driver.
INFO - 2025-03-18 15:32:36 --> Session: Class initialized using 'CodeIgniter\Session\Handlers\FileHandler' driver.
INFO - 2025-03-18 15:32:45 --> Session: Class initialized using 'CodeIgniter\Session\Handlers\FileHandler' driver.
INFO - 2025-03-18 15:32:47 --> Session: Class initialized using 'CodeIgniter\Session\Handlers\FileHandler' driver.
WARNING - 2025-03-18 15:32:47 --> [DEPRECATED] number_format(): Passing null to parameter #1 ($num) of type float is deprecated in APPPATH/Views/reporte/imprimir_valorado.php on line 96.
 1 APPPATH/Views/reporte/imprimir_valorado.php(96): number_format(null, 2, ',', '.')
 2 SYSTEMPATH/View/View.php(234): include('/home2/usoabumg/public_html/oruro.site/app/Views/reporte/imprimir_valorado.php')
 3 SYSTEMPATH/View/View.php(237): CodeIgniter\View\View->CodeIgniter\View\{closure}()
 4 SYSTEMPATH/Common.php(1171): CodeIgniter\View\View->render('reporte/imprimir_valorado', [], true)
 5 APPPATH/Controllers/Reporte.php(135): view('reporte/imprimir_valorado', [...])
 6 SYSTEMPATH/CodeIgniter.php(933): App\Controllers\Reporte->consolidado()
 7 SYSTEMPATH/CodeIgniter.php(509): CodeIgniter\CodeIgniter->runController(Object(App\Controllers\Reporte))
 8 SYSTEMPATH/CodeIgniter.php(355): CodeIgniter\CodeIgniter->handleRequest(null, Object(Config\Cache), false)
 9 SYSTEMPATH/Boot.php(325): CodeIgniter\CodeIgniter->run()
10 SYSTEMPATH/Boot.php(67): CodeIgniter\Boot::runCodeIgniter(Object(CodeIgniter\CodeIgniter))
11 FCPATH/index.php(56): CodeIgniter\Boot::bootWeb(Object(Config\Paths))
WARNING - 2025-03-18 15:32:47 --> [DEPRECATED] number_format(): Passing null to parameter #1 ($num) of type float is deprecated in APPPATH/Views/reporte/imprimir_valorado.php on line 99.
 1 APPPATH/Views/reporte/imprimir_valorado.php(99): number_format(null, 2, ',', '.')
 2 SYSTEMPATH/View/View.php(234): include('/home2/usoabumg/public_html/oruro.site/app/Views/reporte/imprimir_valorado.php')
 3 SYSTEMPATH/View/View.php(237): CodeIgniter\View\View->CodeIgniter\View\{closure}()
 4 SYSTEMPATH/Common.php(1171): CodeIgniter\View\View->render('reporte/imprimir_valorado', [], true)
 5 APPPATH/Controllers/Reporte.php(135): view('reporte/imprimir_valorado', [...])
 6 SYSTEMPATH/CodeIgniter.php(933): App\Controllers\Reporte->consolidado()
 7 SYSTEMPATH/CodeIgniter.php(509): CodeIgniter\CodeIgniter->runController(Object(App\Controllers\Reporte))
 8 SYSTEMPATH/CodeIgniter.php(355): CodeIgniter\CodeIgniter->handleRequest(null, Object(Config\Cache), false)
 9 SYSTEMPATH/Boot.php(325): CodeIgniter\CodeIgniter->run()
10 SYSTEMPATH/Boot.php(67): CodeIgniter\Boot::runCodeIgniter(Object(CodeIgniter\CodeIgniter))
11 FCPATH/index.php(56): CodeIgniter\Boot::bootWeb(Object(Config\Paths))
WARNING - 2025-03-18 15:32:47 --> [DEPRECATED] number_format(): Passing null to parameter #1 ($num) of type float is deprecated in APPPATH/Views/reporte/imprimir_valorado.php on line 96.
 1 APPPATH/Views/reporte/imprimir_valorado.php(96): number_format(null, 2, ',', '.')
 2 SYSTEMPATH/View/View.php(234): include('/home2/usoabumg/public_html/oruro.site/app/Views/reporte/imprimir_valorado.php')
 3 SYSTEMPATH/View/View.php(237): CodeIgniter\View\View->CodeIgniter\View\{closure}()
 4 SYSTEMPATH/Common.php(1171): CodeIgniter\View\View->render('reporte/imprimir_valorado', [], true)
 5 APPPATH/Controllers/Reporte.php(135): view('reporte/imprimir_valorado', [...])
 6 SYSTEMPATH/CodeIgniter.php(933): App\Controllers\Reporte->consolidado()
 7 SYSTEMPATH/CodeIgniter.php(509): CodeIgniter\CodeIgniter->runController(Object(App\Controllers\Reporte))
 8 SYSTEMPATH/CodeIgniter.php(355): CodeIgniter\CodeIgniter->handleRequest(null, Object(Config\Cache), false)
 9 SYSTEMPATH/Boot.php(325): CodeIgniter\CodeIgniter->run()
10 SYSTEMPATH/Boot.php(67): CodeIgniter\Boot::runCodeIgniter(Object(CodeIgniter\CodeIgniter))
11 FCPATH/index.php(56): CodeIgniter\Boot::bootWeb(Object(Config\Paths))
WARNING - 2025-03-18 15:32:47 --> [DEPRECATED] number_format(): Passing null to parameter #1 ($num) of type float is deprecated in APPPATH/Views/reporte/imprimir_valorado.php on line 99.
 1 APPPATH/Views/reporte/imprimir_valorado.php(99): number_format(null, 2, ',', '.')
 2 SYSTEMPATH/View/View.php(234): include('/home2/usoabumg/public_html/oruro.site/app/Views/reporte/imprimir_valorado.php')
 3 SYSTEMPATH/View/View.php(237): CodeIgniter\View\View->CodeIgniter\View\{closure}()
 4 SYSTEMPATH/Common.php(1171): CodeIgniter\View\View->render('reporte/imprimir_valorado', [], true)
 5 APPPATH/Controllers/Reporte.php(135): view('reporte/imprimir_valorado', [...])
 6 SYSTEMPATH/CodeIgniter.php(933): App\Controllers\Reporte->consolidado()
 7 SYSTEMPATH/CodeIgniter.php(509): CodeIgniter\CodeIgniter->runController(Object(App\Controllers\Reporte))
 8 SYSTEMPATH/CodeIgniter.php(355): CodeIgniter\CodeIgniter->handleRequest(null, Object(Config\Cache), false)
 9 SYSTEMPATH/Boot.php(325): CodeIgniter\CodeIgniter->run()
10 SYSTEMPATH/Boot.php(67): CodeIgniter\Boot::runCodeIgniter(Object(CodeIgniter\CodeIgniter))
11 FCPATH/index.php(56): CodeIgniter\Boot::bootWeb(Object(Config\Paths))
WARNING - 2025-03-18 15:32:47 --> [DEPRECATED] number_format(): Passing null to parameter #1 ($num) of type float is deprecated in APPPATH/Views/reporte/imprimir_valorado.php on line 96.
 1 APPPATH/Views/reporte/imprimir_valorado.php(96): number_format(null, 2, ',', '.')
 2 SYSTEMPATH/View/View.php(234): include('/home2/usoabumg/public_html/oruro.site/app/Views/reporte/imprimir_valorado.php')
 3 SYSTEMPATH/View/View.php(237): CodeIgniter\View\View->CodeIgniter\View\{closure}()
 4 SYSTEMPATH/Common.php(1171): CodeIgniter\View\View->render('reporte/imprimir_valorado', [], true)
 5 APPPATH/Controllers/Reporte.php(135): view('reporte/imprimir_valorado', [...])
 6 SYSTEMPATH/CodeIgniter.php(933): App\Controllers\Reporte->consolidado()
 7 SYSTEMPATH/CodeIgniter.php(509): CodeIgniter\CodeIgniter->runController(Object(App\Controllers\Reporte))
 8 SYSTEMPATH/CodeIgniter.php(355): CodeIgniter\CodeIgniter->handleRequest(null, Object(Config\Cache), false)
 9 SYSTEMPATH/Boot.php(325): CodeIgniter\CodeIgniter->run()
10 SYSTEMPATH/Boot.php(67): CodeIgniter\Boot::runCodeIgniter(Object(CodeIgniter\CodeIgniter))
11 FCPATH/index.php(56): CodeIgniter\Boot::bootWeb(Object(Config\Paths))
WARNING - 2025-03-18 15:32:47 --> [DEPRECATED] number_format(): Passing null to parameter #1 ($num) of type float is deprecated in APPPATH/Views/reporte/imprimir_valorado.php on line 99.
 1 APPPATH/Views/reporte/imprimir_valorado.php(99): number_format(null, 2, ',', '.')
 2 SYSTEMPATH/View/View.php(234): include('/home2/usoabumg/public_html/oruro.site/app/Views/reporte/imprimir_valorado.php')
 3 SYSTEMPATH/View/View.php(237): CodeIgniter\View\View->CodeIgniter\View\{closure}()
 4 SYSTEMPATH/Common.php(1171): CodeIgniter\View\View->render('reporte/imprimir_valorado', [], true)
 5 APPPATH/Controllers/Reporte.php(135): view('reporte/imprimir_valorado', [...])
 6 SYSTEMPATH/CodeIgniter.php(933): App\Controllers\Reporte->consolidado()
 7 SYSTEMPATH/CodeIgniter.php(509): CodeIgniter\CodeIgniter->runController(Object(App\Controllers\Reporte))
 8 SYSTEMPATH/CodeIgniter.php(355): CodeIgniter\CodeIgniter->handleRequest(null, Object(Config\Cache), false)
 9 SYSTEMPATH/Boot.php(325): CodeIgniter\CodeIgniter->run()
10 SYSTEMPATH/Boot.php(67): CodeIgniter\Boot::runCodeIgniter(Object(CodeIgniter\CodeIgniter))
11 FCPATH/index.php(56): CodeIgniter\Boot::bootWeb(Object(Config\Paths))
WARNING - 2025-03-18 15:32:47 --> [DEPRECATED] number_format(): Passing null to parameter #1 ($num) of type float is deprecated in APPPATH/Views/reporte/imprimir_valorado.php on line 96.
 1 APPPATH/Views/reporte/imprimir_valorado.php(96): number_format(null, 2, ',', '.')
 2 SYSTEMPATH/View/View.php(234): include('/home2/usoabumg/public_html/oruro.site/app/Views/reporte/imprimir_valorado.php')
 3 SYSTEMPATH/View/View.php(237): CodeIgniter\View\View->CodeIgniter\View\{closure}()
 4 SYSTEMPATH/Common.php(1171): CodeIgniter\View\View->render('reporte/imprimir_valorado', [], true)
 5 APPPATH/Controllers/Reporte.php(135): view('reporte/imprimir_valorado', [...])
 6 SYSTEMPATH/CodeIgniter.php(933): App\Controllers\Reporte->consolidado()
 7 SYSTEMPATH/CodeIgniter.php(509): CodeIgniter\CodeIgniter->runController(Object(App\Controllers\Reporte))
 8 SYSTEMPATH/CodeIgniter.php(355): CodeIgniter\CodeIgniter->handleRequest(null, Object(Config\Cache), false)
 9 SYSTEMPATH/Boot.php(325): CodeIgniter\CodeIgniter->run()
10 SYSTEMPATH/Boot.php(67): CodeIgniter\Boot::runCodeIgniter(Object(CodeIgniter\CodeIgniter))
11 FCPATH/index.php(56): CodeIgniter\Boot::bootWeb(Object(Config\Paths))
WARNING - 2025-03-18 15:32:47 --> [DEPRECATED] number_format(): Passing null to parameter #1 ($num) of type float is deprecated in APPPATH/Views/reporte/imprimir_valorado.php on line 99.
 1 APPPATH/Views/reporte/imprimir_valorado.php(99): number_format(null, 2, ',', '.')
 2 SYSTEMPATH/View/View.php(234): include('/home2/usoabumg/public_html/oruro.site/app/Views/reporte/imprimir_valorado.php')
 3 SYSTEMPATH/View/View.php(237): CodeIgniter\View\View->CodeIgniter\View\{closure}()
 4 SYSTEMPATH/Common.php(1171): CodeIgniter\View\View->render('reporte/imprimir_valorado', [], true)
 5 APPPATH/Controllers/Reporte.php(135): view('reporte/imprimir_valorado', [...])
 6 SYSTEMPATH/CodeIgniter.php(933): App\Controllers\Reporte->consolidado()
 7 SYSTEMPATH/CodeIgniter.php(509): CodeIgniter\CodeIgniter->runController(Object(App\Controllers\Reporte))
 8 SYSTEMPATH/CodeIgniter.php(355): CodeIgniter\CodeIgniter->handleRequest(null, Object(Config\Cache), false)
 9 SYSTEMPATH/Boot.php(325): CodeIgniter\CodeIgniter->run()
10 SYSTEMPATH/Boot.php(67): CodeIgniter\Boot::runCodeIgniter(Object(CodeIgniter\CodeIgniter))
11 FCPATH/index.php(56): CodeIgniter\Boot::bootWeb(Object(Config\Paths))
WARNING - 2025-03-18 15:32:47 --> [DEPRECATED] number_format(): Passing null to parameter #1 ($num) of type float is deprecated in APPPATH/Views/reporte/imprimir_valorado.php on line 96.
 1 APPPATH/Views/reporte/imprimir_valorado.php(96): number_format(null, 2, ',', '.')
 2 SYSTEMPATH/View/View.php(234): include('/home2/usoabumg/public_html/oruro.site/app/Views/reporte/imprimir_valorado.php')
 3 SYSTEMPATH/View/View.php(237): CodeIgniter\View\View->CodeIgniter\View\{closure}()
 4 SYSTEMPATH/Common.php(1171): CodeIgniter\View\View->render('reporte/imprimir_valorado', [], true)
 5 APPPATH/Controllers/Reporte.php(135): view('reporte/imprimir_valorado', [...])
 6 SYSTEMPATH/CodeIgniter.php(933): App\Controllers\Reporte->consolidado()
 7 SYSTEMPATH/CodeIgniter.php(509): CodeIgniter\CodeIgniter->runController(Object(App\Controllers\Reporte))
 8 SYSTEMPATH/CodeIgniter.php(355): CodeIgniter\CodeIgniter->handleRequest(null, Object(Config\Cache), false)
 9 SYSTEMPATH/Boot.php(325): CodeIgniter\CodeIgniter->run()
10 SYSTEMPATH/Boot.php(67): CodeIgniter\Boot::runCodeIgniter(Object(CodeIgniter\CodeIgniter))
11 FCPATH/index.php(56): CodeIgniter\Boot::bootWeb(Object(Config\Paths))
WARNING - 2025-03-18 15:32:47 --> [DEPRECATED] number_format(): Passing null to parameter #1 ($num) of type float is deprecated in APPPATH/Views/reporte/imprimir_valorado.php on line 99.
 1 APPPATH/Views/reporte/imprimir_valorado.php(99): number_format(null, 2, ',', '.')
 2 SYSTEMPATH/View/View.php(234): include('/home2/usoabumg/public_html/oruro.site/app/Views/reporte/imprimir_valorado.php')
 3 SYSTEMPATH/View/View.php(237): CodeIgniter\View\View->CodeIgniter\View\{closure}()
 4 SYSTEMPATH/Common.php(1171): CodeIgniter\View\View->render('reporte/imprimir_valorado', [], true)
 5 APPPATH/Controllers/Reporte.php(135): view('reporte/imprimir_valorado', [...])
 6 SYSTEMPATH/CodeIgniter.php(933): App\Controllers\Reporte->consolidado()
 7 SYSTEMPATH/CodeIgniter.php(509): CodeIgniter\CodeIgniter->runController(Object(App\Controllers\Reporte))
 8 SYSTEMPATH/CodeIgniter.php(355): CodeIgniter\CodeIgniter->handleRequest(null, Object(Config\Cache), false)
 9 SYSTEMPATH/Boot.php(325): CodeIgniter\CodeIgniter->run()
10 SYSTEMPATH/Boot.php(67): CodeIgniter\Boot::runCodeIgniter(Object(CodeIgniter\CodeIgniter))
11 FCPATH/index.php(56): CodeIgniter\Boot::bootWeb(Object(Config\Paths))
WARNING - 2025-03-18 15:32:47 --> [DEPRECATED] number_format(): Passing null to parameter #1 ($num) of type float is deprecated in APPPATH/Views/reporte/imprimir_valorado.php on line 96.
 1 APPPATH/Views/reporte/imprimir_valorado.php(96): number_format(null, 2, ',', '.')
 2 SYSTEMPATH/View/View.php(234): include('/home2/usoabumg/public_html/oruro.site/app/Views/reporte/imprimir_valorado.php')
 3 SYSTEMPATH/View/View.php(237): CodeIgniter\View\View->CodeIgniter\View\{closure}()
 4 SYSTEMPATH/Common.php(1171): CodeIgniter\View\View->render('reporte/imprimir_valorado', [], true)
 5 APPPATH/Controllers/Reporte.php(135): view('reporte/imprimir_valorado', [...])
 6 SYSTEMPATH/CodeIgniter.php(933): App\Controllers\Reporte->consolidado()
 7 SYSTEMPATH/CodeIgniter.php(509): CodeIgniter\CodeIgniter->runController(Object(App\Controllers\Reporte))
 8 SYSTEMPATH/CodeIgniter.php(355): CodeIgniter\CodeIgniter->handleRequest(null, Object(Config\Cache), false)
 9 SYSTEMPATH/Boot.php(325): CodeIgniter\CodeIgniter->run()
10 SYSTEMPATH/Boot.php(67): CodeIgniter\Boot::runCodeIgniter(Object(CodeIgniter\CodeIgniter))
11 FCPATH/index.php(56): CodeIgniter\Boot::bootWeb(Object(Config\Paths))
WARNING - 2025-03-18 15:32:47 --> [DEPRECATED] number_format(): Passing null to parameter #1 ($num) of type float is deprecated in APPPATH/Views/reporte/imprimir_valorado.php on line 99.
 1 APPPATH/Views/reporte/imprimir_valorado.php(99): number_format(null, 2, ',', '.')
 2 SYSTEMPATH/View/View.php(234): include('/home2/usoabumg/public_html/oruro.site/app/Views/reporte/imprimir_valorado.php')
 3 SYSTEMPATH/View/View.php(237): CodeIgniter\View\View->CodeIgniter\View\{closure}()
 4 SYSTEMPATH/Common.php(1171): CodeIgniter\View\View->render('reporte/imprimir_valorado', [], true)
 5 APPPATH/Controllers/Reporte.php(135): view('reporte/imprimir_valorado', [...])
 6 SYSTEMPATH/CodeIgniter.php(933): App\Controllers\Reporte->consolidado()
 7 SYSTEMPATH/CodeIgniter.php(509): CodeIgniter\CodeIgniter->runController(Object(App\Controllers\Reporte))
 8 SYSTEMPATH/CodeIgniter.php(355): CodeIgniter\CodeIgniter->handleRequest(null, Object(Config\Cache), false)
 9 SYSTEMPATH/Boot.php(325): CodeIgniter\CodeIgniter->run()
10 SYSTEMPATH/Boot.php(67): CodeIgniter\Boot::runCodeIgniter(Object(CodeIgniter\CodeIgniter))
11 FCPATH/index.php(56): CodeIgniter\Boot::bootWeb(Object(Config\Paths))
WARNING - 2025-03-18 15:32:47 --> [DEPRECATED] number_format(): Passing null to parameter #1 ($num) of type float is deprecated in APPPATH/Views/reporte/imprimir_valorado.php on line 96.
 1 APPPATH/Views/reporte/imprimir_valorado.php(96): number_format(null, 2, ',', '.')
 2 SYSTEMPATH/View/View.php(234): include('/home2/usoabumg/public_html/oruro.site/app/Views/reporte/imprimir_valorado.php')
 3 SYSTEMPATH/View/View.php(237): CodeIgniter\View\View->CodeIgniter\View\{closure}()
 4 SYSTEMPATH/Common.php(1171): CodeIgniter\View\View->render('reporte/imprimir_valorado', [], true)
 5 APPPATH/Controllers/Reporte.php(135): view('reporte/imprimir_valorado', [...])
 6 SYSTEMPATH/CodeIgniter.php(933): App\Controllers\Reporte->consolidado()
 7 SYSTEMPATH/CodeIgniter.php(509): CodeIgniter\CodeIgniter->runController(Object(App\Controllers\Reporte))
 8 SYSTEMPATH/CodeIgniter.php(355): CodeIgniter\CodeIgniter->handleRequest(null, Object(Config\Cache), false)
 9 SYSTEMPATH/Boot.php(325): CodeIgniter\CodeIgniter->run()
10 SYSTEMPATH/Boot.php(67): CodeIgniter\Boot::runCodeIgniter(Object(CodeIgniter\CodeIgniter))
11 FCPATH/index.php(56): CodeIgniter\Boot::bootWeb(Object(Config\Paths))
WARNING - 2025-03-18 15:32:47 --> [DEPRECATED] number_format(): Passing null to parameter #1 ($num) of type float is deprecated in APPPATH/Views/reporte/imprimir_valorado.php on line 99.
 1 APPPATH/Views/reporte/imprimir_valorado.php(99): number_format(null, 2, ',', '.')
 2 SYSTEMPATH/View/View.php(234): include('/home2/usoabumg/public_html/oruro.site/app/Views/reporte/imprimir_valorado.php')
 3 SYSTEMPATH/View/View.php(237): CodeIgniter\View\View->CodeIgniter\View\{closure}()
 4 SYSTEMPATH/Common.php(1171): CodeIgniter\View\View->render('reporte/imprimir_valorado', [], true)
 5 APPPATH/Controllers/Reporte.php(135): view('reporte/imprimir_valorado', [...])
 6 SYSTEMPATH/CodeIgniter.php(933): App\Controllers\Reporte->consolidado()
 7 SYSTEMPATH/CodeIgniter.php(509): CodeIgniter\CodeIgniter->runController(Object(App\Controllers\Reporte))
 8 SYSTEMPATH/CodeIgniter.php(355): CodeIgniter\CodeIgniter->handleRequest(null, Object(Config\Cache), false)
 9 SYSTEMPATH/Boot.php(325): CodeIgniter\CodeIgniter->run()
10 SYSTEMPATH/Boot.php(67): CodeIgniter\Boot::runCodeIgniter(Object(CodeIgniter\CodeIgniter))
11 FCPATH/index.php(56): CodeIgniter\Boot::bootWeb(Object(Config\Paths))
WARNING - 2025-03-18 15:32:47 --> [DEPRECATED] number_format(): Passing null to parameter #1 ($num) of type float is deprecated in APPPATH/Views/reporte/imprimir_valorado.php on line 96.
 1 APPPATH/Views/reporte/imprimir_valorado.php(96): number_format(null, 2, ',', '.')
 2 SYSTEMPATH/View/View.php(234): include('/home2/usoabumg/public_html/oruro.site/app/Views/reporte/imprimir_valorado.php')
 3 SYSTEMPATH/View/View.php(237): CodeIgniter\View\View->CodeIgniter\View\{closure}()
 4 SYSTEMPATH/Common.php(1171): CodeIgniter\View\View->render('reporte/imprimir_valorado', [], true)
 5 APPPATH/Controllers/Reporte.php(135): view('reporte/imprimir_valorado', [...])
 6 SYSTEMPATH/CodeIgniter.php(933): App\Controllers\Reporte->consolidado()
 7 SYSTEMPATH/CodeIgniter.php(509): CodeIgniter\CodeIgniter->runController(Object(App\Controllers\Reporte))
 8 SYSTEMPATH/CodeIgniter.php(355): CodeIgniter\CodeIgniter->handleRequest(null, Object(Config\Cache), false)
 9 SYSTEMPATH/Boot.php(325): CodeIgniter\CodeIgniter->run()
10 SYSTEMPATH/Boot.php(67): CodeIgniter\Boot::runCodeIgniter(Object(CodeIgniter\CodeIgniter))
11 FCPATH/index.php(56): CodeIgniter\Boot::bootWeb(Object(Config\Paths))
WARNING - 2025-03-18 15:32:47 --> [DEPRECATED] number_format(): Passing null to parameter #1 ($num) of type float is deprecated in APPPATH/Views/reporte/imprimir_valorado.php on line 99.
 1 APPPATH/Views/reporte/imprimir_valorado.php(99): number_format(null, 2, ',', '.')
 2 SYSTEMPATH/View/View.php(234): include('/home2/usoabumg/public_html/oruro.site/app/Views/reporte/imprimir_valorado.php')
 3 SYSTEMPATH/View/View.php(237): CodeIgniter\View\View->CodeIgniter\View\{closure}()
 4 SYSTEMPATH/Common.php(1171): CodeIgniter\View\View->render('reporte/imprimir_valorado', [], true)
 5 APPPATH/Controllers/Reporte.php(135): view('reporte/imprimir_valorado', [...])
 6 SYSTEMPATH/CodeIgniter.php(933): App\Controllers\Reporte->consolidado()
 7 SYSTEMPATH/CodeIgniter.php(509): CodeIgniter\CodeIgniter->runController(Object(App\Controllers\Reporte))
 8 SYSTEMPATH/CodeIgniter.php(355): CodeIgniter\CodeIgniter->handleRequest(null, Object(Config\Cache), false)
 9 SYSTEMPATH/Boot.php(325): CodeIgniter\CodeIgniter->run()
10 SYSTEMPATH/Boot.php(67): CodeIgniter\Boot::runCodeIgniter(Object(CodeIgniter\CodeIgniter))
11 FCPATH/index.php(56): CodeIgniter\Boot::bootWeb(Object(Config\Paths))
WARNING - 2025-03-18 15:32:47 --> [DEPRECATED] number_format(): Passing null to parameter #1 ($num) of type float is deprecated in APPPATH/Views/reporte/imprimir_valorado.php on line 96.
 1 APPPATH/Views/reporte/imprimir_valorado.php(96): number_format(null, 2, ',', '.')
 2 SYSTEMPATH/View/View.php(234): include('/home2/usoabumg/public_html/oruro.site/app/Views/reporte/imprimir_valorado.php')
 3 SYSTEMPATH/View/View.php(237): CodeIgniter\View\View->CodeIgniter\View\{closure}()
 4 SYSTEMPATH/Common.php(1171): CodeIgniter\View\View->render('reporte/imprimir_valorado', [], true)
 5 APPPATH/Controllers/Reporte.php(135): view('reporte/imprimir_valorado', [...])
 6 SYSTEMPATH/CodeIgniter.php(933): App\Controllers\Reporte->consolidado()
 7 SYSTEMPATH/CodeIgniter.php(509): CodeIgniter\CodeIgniter->runController(Object(App\Controllers\Reporte))
 8 SYSTEMPATH/CodeIgniter.php(355): CodeIgniter\CodeIgniter->handleRequest(null, Object(Config\Cache), false)
 9 SYSTEMPATH/Boot.php(325): CodeIgniter\CodeIgniter->run()
10 SYSTEMPATH/Boot.php(67): CodeIgniter\Boot::runCodeIgniter(Object(CodeIgniter\CodeIgniter))
11 FCPATH/index.php(56): CodeIgniter\Boot::bootWeb(Object(Config\Paths))
WARNING - 2025-03-18 15:32:47 --> [DEPRECATED] number_format(): Passing null to parameter #1 ($num) of type float is deprecated in APPPATH/Views/reporte/imprimir_valorado.php on line 99.
 1 APPPATH/Views/reporte/imprimir_valorado.php(99): number_format(null, 2, ',', '.')
 2 SYSTEMPATH/View/View.php(234): include('/home2/usoabumg/public_html/oruro.site/app/Views/reporte/imprimir_valorado.php')
 3 SYSTEMPATH/View/View.php(237): CodeIgniter\View\View->CodeIgniter\View\{closure}()
 4 SYSTEMPATH/Common.php(1171): CodeIgniter\View\View->render('reporte/imprimir_valorado', [], true)
 5 APPPATH/Controllers/Reporte.php(135): view('reporte/imprimir_valorado', [...])
 6 SYSTEMPATH/CodeIgniter.php(933): App\Controllers\Reporte->consolidado()
 7 SYSTEMPATH/CodeIgniter.php(509): CodeIgniter\CodeIgniter->runController(Object(App\Controllers\Reporte))
 8 SYSTEMPATH/CodeIgniter.php(355): CodeIgniter\CodeIgniter->handleRequest(null, Object(Config\Cache), false)
 9 SYSTEMPATH/Boot.php(325): CodeIgniter\CodeIgniter->run()
10 SYSTEMPATH/Boot.php(67): CodeIgniter\Boot::runCodeIgniter(Object(CodeIgniter\CodeIgniter))
11 FCPATH/index.php(56): CodeIgniter\Boot::bootWeb(Object(Config\Paths))
WARNING - 2025-03-18 15:32:47 --> [DEPRECATED] number_format(): Passing null to parameter #1 ($num) of type float is deprecated in APPPATH/Views/reporte/imprimir_valorado.php on line 96.
 1 APPPATH/Views/reporte/imprimir_valorado.php(96): number_format(null, 2, ',', '.')
 2 SYSTEMPATH/View/View.php(234): include('/home2/usoabumg/public_html/oruro.site/app/Views/reporte/imprimir_valorado.php')
 3 SYSTEMPATH/View/View.php(237): CodeIgniter\View\View->CodeIgniter\View\{closure}()
 4 SYSTEMPATH/Common.php(1171): CodeIgniter\View\View->render('reporte/imprimir_valorado', [], true)
 5 APPPATH/Controllers/Reporte.php(135): view('reporte/imprimir_valorado', [...])
 6 SYSTEMPATH/CodeIgniter.php(933): App\Controllers\Reporte->consolidado()
 7 SYSTEMPATH/CodeIgniter.php(509): CodeIgniter\CodeIgniter->runController(Object(App\Controllers\Reporte))
 8 SYSTEMPATH/CodeIgniter.php(355): CodeIgniter\CodeIgniter->handleRequest(null, Object(Config\Cache), false)
 9 SYSTEMPATH/Boot.php(325): CodeIgniter\CodeIgniter->run()
10 SYSTEMPATH/Boot.php(67): CodeIgniter\Boot::runCodeIgniter(Object(CodeIgniter\CodeIgniter))
11 FCPATH/index.php(56): CodeIgniter\Boot::bootWeb(Object(Config\Paths))
WARNING - 2025-03-18 15:32:47 --> [DEPRECATED] number_format(): Passing null to parameter #1 ($num) of type float is deprecated in APPPATH/Views/reporte/imprimir_valorado.php on line 99.
 1 APPPATH/Views/reporte/imprimir_valorado.php(99): number_format(null, 2, ',', '.')
 2 SYSTEMPATH/View/View.php(234): include('/home2/usoabumg/public_html/oruro.site/app/Views/reporte/imprimir_valorado.php')
 3 SYSTEMPATH/View/View.php(237): CodeIgniter\View\View->CodeIgniter\View\{closure}()
 4 SYSTEMPATH/Common.php(1171): CodeIgniter\View\View->render('reporte/imprimir_valorado', [], true)
 5 APPPATH/Controllers/Reporte.php(135): view('reporte/imprimir_valorado', [...])
 6 SYSTEMPATH/CodeIgniter.php(933): App\Controllers\Reporte->consolidado()
 7 SYSTEMPATH/CodeIgniter.php(509): CodeIgniter\CodeIgniter->runController(Object(App\Controllers\Reporte))
 8 SYSTEMPATH/CodeIgniter.php(355): CodeIgniter\CodeIgniter->handleRequest(null, Object(Config\Cache), false)
 9 SYSTEMPATH/Boot.php(325): CodeIgniter\CodeIgniter->run()
10 SYSTEMPATH/Boot.php(67): CodeIgniter\Boot::runCodeIgniter(Object(CodeIgniter\CodeIgniter))
11 FCPATH/index.php(56): CodeIgniter\Boot::bootWeb(Object(Config\Paths))
WARNING - 2025-03-18 15:32:47 --> [DEPRECATED] number_format(): Passing null to parameter #1 ($num) of type float is deprecated in APPPATH/Views/reporte/imprimir_valorado.php on line 96.
 1 APPPATH/Views/reporte/imprimir_valorado.php(96): number_format(null, 2, ',', '.')
 2 SYSTEMPATH/View/View.php(234): include('/home2/usoabumg/public_html/oruro.site/app/Views/reporte/imprimir_valorado.php')
 3 SYSTEMPATH/View/View.php(237): CodeIgniter\View\View->CodeIgniter\View\{closure}()
 4 SYSTEMPATH/Common.php(1171): CodeIgniter\View\View->render('reporte/imprimir_valorado', [], true)
 5 APPPATH/Controllers/Reporte.php(135): view('reporte/imprimir_valorado', [...])
 6 SYSTEMPATH/CodeIgniter.php(933): App\Controllers\Reporte->consolidado()
 7 SYSTEMPATH/CodeIgniter.php(509): CodeIgniter\CodeIgniter->runController(Object(App\Controllers\Reporte))
 8 SYSTEMPATH/CodeIgniter.php(355): CodeIgniter\CodeIgniter->handleRequest(null, Object(Config\Cache), false)
 9 SYSTEMPATH/Boot.php(325): CodeIgniter\CodeIgniter->run()
10 SYSTEMPATH/Boot.php(67): CodeIgniter\Boot::runCodeIgniter(Object(CodeIgniter\CodeIgniter))
11 FCPATH/index.php(56): CodeIgniter\Boot::bootWeb(Object(Config\Paths))
WARNING - 2025-03-18 15:32:47 --> [DEPRECATED] number_format(): Passing null to parameter #1 ($num) of type float is deprecated in APPPATH/Views/reporte/imprimir_valorado.php on line 99.
 1 APPPATH/Views/reporte/imprimir_valorado.php(99): number_format(null, 2, ',', '.')
 2 SYSTEMPATH/View/View.php(234): include('/home2/usoabumg/public_html/oruro.site/app/Views/reporte/imprimir_valorado.php')
 3 SYSTEMPATH/View/View.php(237): CodeIgniter\View\View->CodeIgniter\View\{closure}()
 4 SYSTEMPATH/Common.php(1171): CodeIgniter\View\View->render('reporte/imprimir_valorado', [], true)
 5 APPPATH/Controllers/Reporte.php(135): view('reporte/imprimir_valorado', [...])
 6 SYSTEMPATH/CodeIgniter.php(933): App\Controllers\Reporte->consolidado()
 7 SYSTEMPATH/CodeIgniter.php(509): CodeIgniter\CodeIgniter->runController(Object(App\Controllers\Reporte))
 8 SYSTEMPATH/CodeIgniter.php(355): CodeIgniter\CodeIgniter->handleRequest(null, Object(Config\Cache), false)
 9 SYSTEMPATH/Boot.php(325): CodeIgniter\CodeIgniter->run()
10 SYSTEMPATH/Boot.php(67): CodeIgniter\Boot::runCodeIgniter(Object(CodeIgniter\CodeIgniter))
11 FCPATH/index.php(56): CodeIgniter\Boot::bootWeb(Object(Config\Paths))
WARNING - 2025-03-18 15:32:47 --> [DEPRECATED] number_format(): Passing null to parameter #1 ($num) of type float is deprecated in APPPATH/Views/reporte/imprimir_valorado.php on line 96.
 1 APPPATH/Views/reporte/imprimir_valorado.php(96): number_format(null, 2, ',', '.')
 2 SYSTEMPATH/View/View.php(234): include('/home2/usoabumg/public_html/oruro.site/app/Views/reporte/imprimir_valorado.php')
 3 SYSTEMPATH/View/View.php(237): CodeIgniter\View\View->CodeIgniter\View\{closure}()
 4 SYSTEMPATH/Common.php(1171): CodeIgniter\View\View->render('reporte/imprimir_valorado', [], true)
 5 APPPATH/Controllers/Reporte.php(135): view('reporte/imprimir_valorado', [...])
 6 SYSTEMPATH/CodeIgniter.php(933): App\Controllers\Reporte->consolidado()
 7 SYSTEMPATH/CodeIgniter.php(509): CodeIgniter\CodeIgniter->runController(Object(App\Controllers\Reporte))
 8 SYSTEMPATH/CodeIgniter.php(355): CodeIgniter\CodeIgniter->handleRequest(null, Object(Config\Cache), false)
 9 SYSTEMPATH/Boot.php(325): CodeIgniter\CodeIgniter->run()
10 SYSTEMPATH/Boot.php(67): CodeIgniter\Boot::runCodeIgniter(Object(CodeIgniter\CodeIgniter))
11 FCPATH/index.php(56): CodeIgniter\Boot::bootWeb(Object(Config\Paths))
WARNING - 2025-03-18 15:32:47 --> [DEPRECATED] number_format(): Passing null to parameter #1 ($num) of type float is deprecated in APPPATH/Views/reporte/imprimir_valorado.php on line 99.
 1 APPPATH/Views/reporte/imprimir_valorado.php(99): number_format(null, 2, ',', '.')
 2 SYSTEMPATH/View/View.php(234): include('/home2/usoabumg/public_html/oruro.site/app/Views/reporte/imprimir_valorado.php')
 3 SYSTEMPATH/View/View.php(237): CodeIgniter\View\View->CodeIgniter\View\{closure}()
 4 SYSTEMPATH/Common.php(1171): CodeIgniter\View\View->render('reporte/imprimir_valorado', [], true)
 5 APPPATH/Controllers/Reporte.php(135): view('reporte/imprimir_valorado', [...])
 6 SYSTEMPATH/CodeIgniter.php(933): App\Controllers\Reporte->consolidado()
 7 SYSTEMPATH/CodeIgniter.php(509): CodeIgniter\CodeIgniter->runController(Object(App\Controllers\Reporte))
 8 SYSTEMPATH/CodeIgniter.php(355): CodeIgniter\CodeIgniter->handleRequest(null, Object(Config\Cache), false)
 9 SYSTEMPATH/Boot.php(325): CodeIgniter\CodeIgniter->run()
10 SYSTEMPATH/Boot.php(67): CodeIgniter\Boot::runCodeIgniter(Object(CodeIgniter\CodeIgniter))
11 FCPATH/index.php(56): CodeIgniter\Boot::bootWeb(Object(Config\Paths))
WARNING - 2025-03-18 15:32:47 --> [DEPRECATED] number_format(): Passing null to parameter #1 ($num) of type float is deprecated in APPPATH/Views/reporte/imprimir_valorado.php on line 96.
 1 APPPATH/Views/reporte/imprimir_valorado.php(96): number_format(null, 2, ',', '.')
 2 SYSTEMPATH/View/View.php(234): include('/home2/usoabumg/public_html/oruro.site/app/Views/reporte/imprimir_valorado.php')
 3 SYSTEMPATH/View/View.php(237): CodeIgniter\View\View->CodeIgniter\View\{closure}()
 4 SYSTEMPATH/Common.php(1171): CodeIgniter\View\View->render('reporte/imprimir_valorado', [], true)
 5 APPPATH/Controllers/Reporte.php(135): view('reporte/imprimir_valorado', [...])
 6 SYSTEMPATH/CodeIgniter.php(933): App\Controllers\Reporte->consolidado()
 7 SYSTEMPATH/CodeIgniter.php(509): CodeIgniter\CodeIgniter->runController(Object(App\Controllers\Reporte))
 8 SYSTEMPATH/CodeIgniter.php(355): CodeIgniter\CodeIgniter->handleRequest(null, Object(Config\Cache), false)
 9 SYSTEMPATH/Boot.php(325): CodeIgniter\CodeIgniter->run()
10 SYSTEMPATH/Boot.php(67): CodeIgniter\Boot::runCodeIgniter(Object(CodeIgniter\CodeIgniter))
11 FCPATH/index.php(56): CodeIgniter\Boot::bootWeb(Object(Config\Paths))
WARNING - 2025-03-18 15:32:47 --> [DEPRECATED] number_format(): Passing null to parameter #1 ($num) of type float is deprecated in APPPATH/Views/reporte/imprimir_valorado.php on line 99.
 1 APPPATH/Views/reporte/imprimir_valorado.php(99): number_format(null, 2, ',', '.')
 2 SYSTEMPATH/View/View.php(234): include('/home2/usoabumg/public_html/oruro.site/app/Views/reporte/imprimir_valorado.php')
 3 SYSTEMPATH/View/View.php(237): CodeIgniter\View\View->CodeIgniter\View\{closure}()
 4 SYSTEMPATH/Common.php(1171): CodeIgniter\View\View->render('reporte/imprimir_valorado', [], true)
 5 APPPATH/Controllers/Reporte.php(135): view('reporte/imprimir_valorado', [...])
 6 SYSTEMPATH/CodeIgniter.php(933): App\Controllers\Reporte->consolidado()
 7 SYSTEMPATH/CodeIgniter.php(509): CodeIgniter\CodeIgniter->runController(Object(App\Controllers\Reporte))
 8 SYSTEMPATH/CodeIgniter.php(355): CodeIgniter\CodeIgniter->handleRequest(null, Object(Config\Cache), false)
 9 SYSTEMPATH/Boot.php(325): CodeIgniter\CodeIgniter->run()
10 SYSTEMPATH/Boot.php(67): CodeIgniter\Boot::runCodeIgniter(Object(CodeIgniter\CodeIgniter))
11 FCPATH/index.php(56): CodeIgniter\Boot::bootWeb(Object(Config\Paths))
WARNING - 2025-03-18 15:32:47 --> [DEPRECATED] number_format(): Passing null to parameter #1 ($num) of type float is deprecated in APPPATH/Views/reporte/imprimir_valorado.php on line 96.
 1 APPPATH/Views/reporte/imprimir_valorado.php(96): number_format(null, 2, ',', '.')
 2 SYSTEMPATH/View/View.php(234): include('/home2/usoabumg/public_html/oruro.site/app/Views/reporte/imprimir_valorado.php')
 3 SYSTEMPATH/View/View.php(237): CodeIgniter\View\View->CodeIgniter\View\{closure}()
 4 SYSTEMPATH/Common.php(1171): CodeIgniter\View\View->render('reporte/imprimir_valorado', [], true)
 5 APPPATH/Controllers/Reporte.php(135): view('reporte/imprimir_valorado', [...])
 6 SYSTEMPATH/CodeIgniter.php(933): App\Controllers\Reporte->consolidado()
 7 SYSTEMPATH/CodeIgniter.php(509): CodeIgniter\CodeIgniter->runController(Object(App\Controllers\Reporte))
 8 SYSTEMPATH/CodeIgniter.php(355): CodeIgniter\CodeIgniter->handleRequest(null, Object(Config\Cache), false)
 9 SYSTEMPATH/Boot.php(325): CodeIgniter\CodeIgniter->run()
10 SYSTEMPATH/Boot.php(67): CodeIgniter\Boot::runCodeIgniter(Object(CodeIgniter\CodeIgniter))
11 FCPATH/index.php(56): CodeIgniter\Boot::bootWeb(Object(Config\Paths))
WARNING - 2025-03-18 15:32:47 --> [DEPRECATED] number_format(): Passing null to parameter #1 ($num) of type float is deprecated in APPPATH/Views/reporte/imprimir_valorado.php on line 99.
 1 APPPATH/Views/reporte/imprimir_valorado.php(99): number_format(null, 2, ',', '.')
 2 SYSTEMPATH/View/View.php(234): include('/home2/usoabumg/public_html/oruro.site/app/Views/reporte/imprimir_valorado.php')
 3 SYSTEMPATH/View/View.php(237): CodeIgniter\View\View->CodeIgniter\View\{closure}()
 4 SYSTEMPATH/Common.php(1171): CodeIgniter\View\View->render('reporte/imprimir_valorado', [], true)
 5 APPPATH/Controllers/Reporte.php(135): view('reporte/imprimir_valorado', [...])
 6 SYSTEMPATH/CodeIgniter.php(933): App\Controllers\Reporte->consolidado()
 7 SYSTEMPATH/CodeIgniter.php(509): CodeIgniter\CodeIgniter->runController(Object(App\Controllers\Reporte))
 8 SYSTEMPATH/CodeIgniter.php(355): CodeIgniter\CodeIgniter->handleRequest(null, Object(Config\Cache), false)
 9 SYSTEMPATH/Boot.php(325): CodeIgniter\CodeIgniter->run()
10 SYSTEMPATH/Boot.php(67): CodeIgniter\Boot::runCodeIgniter(Object(CodeIgniter\CodeIgniter))
11 FCPATH/index.php(56): CodeIgniter\Boot::bootWeb(Object(Config\Paths))
WARNING - 2025-03-18 15:32:47 --> [DEPRECATED] number_format(): Passing null to parameter #1 ($num) of type float is deprecated in APPPATH/Views/reporte/imprimir_valorado.php on line 96.
 1 APPPATH/Views/reporte/imprimir_valorado.php(96): number_format(null, 2, ',', '.')
 2 SYSTEMPATH/View/View.php(234): include('/home2/usoabumg/public_html/oruro.site/app/Views/reporte/imprimir_valorado.php')
 3 SYSTEMPATH/View/View.php(237): CodeIgniter\View\View->CodeIgniter\View\{closure}()
 4 SYSTEMPATH/Common.php(1171): CodeIgniter\View\View->render('reporte/imprimir_valorado', [], true)
 5 APPPATH/Controllers/Reporte.php(135): view('reporte/imprimir_valorado', [...])
 6 SYSTEMPATH/CodeIgniter.php(933): App\Controllers\Reporte->consolidado()
 7 SYSTEMPATH/CodeIgniter.php(509): CodeIgniter\CodeIgniter->runController(Object(App\Controllers\Reporte))
 8 SYSTEMPATH/CodeIgniter.php(355): CodeIgniter\CodeIgniter->handleRequest(null, Object(Config\Cache), false)
 9 SYSTEMPATH/Boot.php(325): CodeIgniter\CodeIgniter->run()
10 SYSTEMPATH/Boot.php(67): CodeIgniter\Boot::runCodeIgniter(Object(CodeIgniter\CodeIgniter))
11 FCPATH/index.php(56): CodeIgniter\Boot::bootWeb(Object(Config\Paths))
WARNING - 2025-03-18 15:32:47 --> [DEPRECATED] number_format(): Passing null to parameter #1 ($num) of type float is deprecated in APPPATH/Views/reporte/imprimir_valorado.php on line 99.
 1 APPPATH/Views/reporte/imprimir_valorado.php(99): number_format(null, 2, ',', '.')
 2 SYSTEMPATH/View/View.php(234): include('/home2/usoabumg/public_html/oruro.site/app/Views/reporte/imprimir_valorado.php')
 3 SYSTEMPATH/View/View.php(237): CodeIgniter\View\View->CodeIgniter\View\{closure}()
 4 SYSTEMPATH/Common.php(1171): CodeIgniter\View\View->render('reporte/imprimir_valorado', [], true)
 5 APPPATH/Controllers/Reporte.php(135): view('reporte/imprimir_valorado', [...])
 6 SYSTEMPATH/CodeIgniter.php(933): App\Controllers\Reporte->consolidado()
 7 SYSTEMPATH/CodeIgniter.php(509): CodeIgniter\CodeIgniter->runController(Object(App\Controllers\Reporte))
 8 SYSTEMPATH/CodeIgniter.php(355): CodeIgniter\CodeIgniter->handleRequest(null, Object(Config\Cache), false)
 9 SYSTEMPATH/Boot.php(325): CodeIgniter\CodeIgniter->run()
10 SYSTEMPATH/Boot.php(67): CodeIgniter\Boot::runCodeIgniter(Object(CodeIgniter\CodeIgniter))
11 FCPATH/index.php(56): CodeIgniter\Boot::bootWeb(Object(Config\Paths))
WARNING - 2025-03-18 15:32:47 --> [DEPRECATED] number_format(): Passing null to parameter #1 ($num) of type float is deprecated in APPPATH/Views/reporte/imprimir_valorado.php on line 96.
 1 APPPATH/Views/reporte/imprimir_valorado.php(96): number_format(null, 2, ',', '.')
 2 SYSTEMPATH/View/View.php(234): include('/home2/usoabumg/public_html/oruro.site/app/Views/reporte/imprimir_valorado.php')
 3 SYSTEMPATH/View/View.php(237): CodeIgniter\View\View->CodeIgniter\View\{closure}()
 4 SYSTEMPATH/Common.php(1171): CodeIgniter\View\View->render('reporte/imprimir_valorado', [], true)
 5 APPPATH/Controllers/Reporte.php(135): view('reporte/imprimir_valorado', [...])
 6 SYSTEMPATH/CodeIgniter.php(933): App\Controllers\Reporte->consolidado()
 7 SYSTEMPATH/CodeIgniter.php(509): CodeIgniter\CodeIgniter->runController(Object(App\Controllers\Reporte))
 8 SYSTEMPATH/CodeIgniter.php(355): CodeIgniter\CodeIgniter->handleRequest(null, Object(Config\Cache), false)
 9 SYSTEMPATH/Boot.php(325): CodeIgniter\CodeIgniter->run()
10 SYSTEMPATH/Boot.php(67): CodeIgniter\Boot::runCodeIgniter(Object(CodeIgniter\CodeIgniter))
11 FCPATH/index.php(56): CodeIgniter\Boot::bootWeb(Object(Config\Paths))
WARNING - 2025-03-18 15:32:47 --> [DEPRECATED] number_format(): Passing null to parameter #1 ($num) of type float is deprecated in APPPATH/Views/reporte/imprimir_valorado.php on line 99.
 1 APPPATH/Views/reporte/imprimir_valorado.php(99): number_format(null, 2, ',', '.')
 2 SYSTEMPATH/View/View.php(234): include('/home2/usoabumg/public_html/oruro.site/app/Views/reporte/imprimir_valorado.php')
 3 SYSTEMPATH/View/View.php(237): CodeIgniter\View\View->CodeIgniter\View\{closure}()
 4 SYSTEMPATH/Common.php(1171): CodeIgniter\View\View->render('reporte/imprimir_valorado', [], true)
 5 APPPATH/Controllers/Reporte.php(135): view('reporte/imprimir_valorado', [...])
 6 SYSTEMPATH/CodeIgniter.php(933): App\Controllers\Reporte->consolidado()
 7 SYSTEMPATH/CodeIgniter.php(509): CodeIgniter\CodeIgniter->runController(Object(App\Controllers\Reporte))
 8 SYSTEMPATH/CodeIgniter.php(355): CodeIgniter\CodeIgniter->handleRequest(null, Object(Config\Cache), false)
 9 SYSTEMPATH/Boot.php(325): CodeIgniter\CodeIgniter->run()
10 SYSTEMPATH/Boot.php(67): CodeIgniter\Boot::runCodeIgniter(Object(CodeIgniter\CodeIgniter))
11 FCPATH/index.php(56): CodeIgniter\Boot::bootWeb(Object(Config\Paths))
WARNING - 2025-03-18 15:32:47 --> [DEPRECATED] number_format(): Passing null to parameter #1 ($num) of type float is deprecated in APPPATH/Views/reporte/imprimir_valorado.php on line 96.
 1 APPPATH/Views/reporte/imprimir_valorado.php(96): number_format(null, 2, ',', '.')
 2 SYSTEMPATH/View/View.php(234): include('/home2/usoabumg/public_html/oruro.site/app/Views/reporte/imprimir_valorado.php')
 3 SYSTEMPATH/View/View.php(237): CodeIgniter\View\View->CodeIgniter\View\{closure}()
 4 SYSTEMPATH/Common.php(1171): CodeIgniter\View\View->render('reporte/imprimir_valorado', [], true)
 5 APPPATH/Controllers/Reporte.php(135): view('reporte/imprimir_valorado', [...])
 6 SYSTEMPATH/CodeIgniter.php(933): App\Controllers\Reporte->consolidado()
 7 SYSTEMPATH/CodeIgniter.php(509): CodeIgniter\CodeIgniter->runController(Object(App\Controllers\Reporte))
 8 SYSTEMPATH/CodeIgniter.php(355): CodeIgniter\CodeIgniter->handleRequest(null, Object(Config\Cache), false)
 9 SYSTEMPATH/Boot.php(325): CodeIgniter\CodeIgniter->run()
10 SYSTEMPATH/Boot.php(67): CodeIgniter\Boot::runCodeIgniter(Object(CodeIgniter\CodeIgniter))
11 FCPATH/index.php(56): CodeIgniter\Boot::bootWeb(Object(Config\Paths))
WARNING - 2025-03-18 15:32:47 --> [DEPRECATED] number_format(): Passing null to parameter #1 ($num) of type float is deprecated in APPPATH/Views/reporte/imprimir_valorado.php on line 99.
 1 APPPATH/Views/reporte/imprimir_valorado.php(99): number_format(null, 2, ',', '.')
 2 SYSTEMPATH/View/View.php(234): include('/home2/usoabumg/public_html/oruro.site/app/Views/reporte/imprimir_valorado.php')
 3 SYSTEMPATH/View/View.php(237): CodeIgniter\View\View->CodeIgniter\View\{closure}()
 4 SYSTEMPATH/Common.php(1171): CodeIgniter\View\View->render('reporte/imprimir_valorado', [], true)
 5 APPPATH/Controllers/Reporte.php(135): view('reporte/imprimir_valorado', [...])
 6 SYSTEMPATH/CodeIgniter.php(933): App\Controllers\Reporte->consolidado()
 7 SYSTEMPATH/CodeIgniter.php(509): CodeIgniter\CodeIgniter->runController(Object(App\Controllers\Reporte))
 8 SYSTEMPATH/CodeIgniter.php(355): CodeIgniter\CodeIgniter->handleRequest(null, Object(Config\Cache), false)
 9 SYSTEMPATH/Boot.php(325): CodeIgniter\CodeIgniter->run()
10 SYSTEMPATH/Boot.php(67): CodeIgniter\Boot::runCodeIgniter(Object(CodeIgniter\CodeIgniter))
11 FCPATH/index.php(56): CodeIgniter\Boot::bootWeb(Object(Config\Paths))
WARNING - 2025-03-18 15:32:47 --> [DEPRECATED] number_format(): Passing null to parameter #1 ($num) of type float is deprecated in APPPATH/Views/reporte/imprimir_valorado.php on line 96.
 1 APPPATH/Views/reporte/imprimir_valorado.php(96): number_format(null, 2, ',', '.')
 2 SYSTEMPATH/View/View.php(234): include('/home2/usoabumg/public_html/oruro.site/app/Views/reporte/imprimir_valorado.php')
 3 SYSTEMPATH/View/View.php(237): CodeIgniter\View\View->CodeIgniter\View\{closure}()
 4 SYSTEMPATH/Common.php(1171): CodeIgniter\View\View->render('reporte/imprimir_valorado', [], true)
 5 APPPATH/Controllers/Reporte.php(135): view('reporte/imprimir_valorado', [...])
 6 SYSTEMPATH/CodeIgniter.php(933): App\Controllers\Reporte->consolidado()
 7 SYSTEMPATH/CodeIgniter.php(509): CodeIgniter\CodeIgniter->runController(Object(App\Controllers\Reporte))
 8 SYSTEMPATH/CodeIgniter.php(355): CodeIgniter\CodeIgniter->handleRequest(null, Object(Config\Cache), false)
 9 SYSTEMPATH/Boot.php(325): CodeIgniter\CodeIgniter->run()
10 SYSTEMPATH/Boot.php(67): CodeIgniter\Boot::runCodeIgniter(Object(CodeIgniter\CodeIgniter))
11 FCPATH/index.php(56): CodeIgniter\Boot::bootWeb(Object(Config\Paths))
WARNING - 2025-03-18 15:32:47 --> [DEPRECATED] number_format(): Passing null to parameter #1 ($num) of type float is deprecated in APPPATH/Views/reporte/imprimir_valorado.php on line 99.
 1 APPPATH/Views/reporte/imprimir_valorado.php(99): number_format(null, 2, ',', '.')
 2 SYSTEMPATH/View/View.php(234): include('/home2/usoabumg/public_html/oruro.site/app/Views/reporte/imprimir_valorado.php')
 3 SYSTEMPATH/View/View.php(237): CodeIgniter\View\View->CodeIgniter\View\{closure}()
 4 SYSTEMPATH/Common.php(1171): CodeIgniter\View\View->render('reporte/imprimir_valorado', [], true)
 5 APPPATH/Controllers/Reporte.php(135): view('reporte/imprimir_valorado', [...])
 6 SYSTEMPATH/CodeIgniter.php(933): App\Controllers\Reporte->consolidado()
 7 SYSTEMPATH/CodeIgniter.php(509): CodeIgniter\CodeIgniter->runController(Object(App\Controllers\Reporte))
 8 SYSTEMPATH/CodeIgniter.php(355): CodeIgniter\CodeIgniter->handleRequest(null, Object(Config\Cache), false)
 9 SYSTEMPATH/Boot.php(325): CodeIgniter\CodeIgniter->run()
10 SYSTEMPATH/Boot.php(67): CodeIgniter\Boot::runCodeIgniter(Object(CodeIgniter\CodeIgniter))
11 FCPATH/index.php(56): CodeIgniter\Boot::bootWeb(Object(Config\Paths))
WARNING - 2025-03-18 15:32:47 --> [DEPRECATED] number_format(): Passing null to parameter #1 ($num) of type float is deprecated in APPPATH/Views/reporte/imprimir_valorado.php on line 96.
 1 APPPATH/Views/reporte/imprimir_valorado.php(96): number_format(null, 2, ',', '.')
 2 SYSTEMPATH/View/View.php(234): include('/home2/usoabumg/public_html/oruro.site/app/Views/reporte/imprimir_valorado.php')
 3 SYSTEMPATH/View/View.php(237): CodeIgniter\View\View->CodeIgniter\View\{closure}()
 4 SYSTEMPATH/Common.php(1171): CodeIgniter\View\View->render('reporte/imprimir_valorado', [], true)
 5 APPPATH/Controllers/Reporte.php(135): view('reporte/imprimir_valorado', [...])
 6 SYSTEMPATH/CodeIgniter.php(933): App\Controllers\Reporte->consolidado()
 7 SYSTEMPATH/CodeIgniter.php(509): CodeIgniter\CodeIgniter->runController(Object(App\Controllers\Reporte))
 8 SYSTEMPATH/CodeIgniter.php(355): CodeIgniter\CodeIgniter->handleRequest(null, Object(Config\Cache), false)
 9 SYSTEMPATH/Boot.php(325): CodeIgniter\CodeIgniter->run()
10 SYSTEMPATH/Boot.php(67): CodeIgniter\Boot::runCodeIgniter(Object(CodeIgniter\CodeIgniter))
11 FCPATH/index.php(56): CodeIgniter\Boot::bootWeb(Object(Config\Paths))
WARNING - 2025-03-18 15:32:47 --> [DEPRECATED] number_format(): Passing null to parameter #1 ($num) of type float is deprecated in APPPATH/Views/reporte/imprimir_valorado.php on line 99.
 1 APPPATH/Views/reporte/imprimir_valorado.php(99): number_format(null, 2, ',', '.')
 2 SYSTEMPATH/View/View.php(234): include('/home2/usoabumg/public_html/oruro.site/app/Views/reporte/imprimir_valorado.php')
 3 SYSTEMPATH/View/View.php(237): CodeIgniter\View\View->CodeIgniter\View\{closure}()
 4 SYSTEMPATH/Common.php(1171): CodeIgniter\View\View->render('reporte/imprimir_valorado', [], true)
 5 APPPATH/Controllers/Reporte.php(135): view('reporte/imprimir_valorado', [...])
 6 SYSTEMPATH/CodeIgniter.php(933): App\Controllers\Reporte->consolidado()
 7 SYSTEMPATH/CodeIgniter.php(509): CodeIgniter\CodeIgniter->runController(Object(App\Controllers\Reporte))
 8 SYSTEMPATH/CodeIgniter.php(355): CodeIgniter\CodeIgniter->handleRequest(null, Object(Config\Cache), false)
 9 SYSTEMPATH/Boot.php(325): CodeIgniter\CodeIgniter->run()
10 SYSTEMPATH/Boot.php(67): CodeIgniter\Boot::runCodeIgniter(Object(CodeIgniter\CodeIgniter))
11 FCPATH/index.php(56): CodeIgniter\Boot::bootWeb(Object(Config\Paths))
WARNING - 2025-03-18 15:32:47 --> [DEPRECATED] number_format(): Passing null to parameter #1 ($num) of type float is deprecated in APPPATH/Views/reporte/imprimir_valorado.php on line 96.
 1 APPPATH/Views/reporte/imprimir_valorado.php(96): number_format(null, 2, ',', '.')
 2 SYSTEMPATH/View/View.php(234): include('/home2/usoabumg/public_html/oruro.site/app/Views/reporte/imprimir_valorado.php')
 3 SYSTEMPATH/View/View.php(237): CodeIgniter\View\View->CodeIgniter\View\{closure}()
 4 SYSTEMPATH/Common.php(1171): CodeIgniter\View\View->render('reporte/imprimir_valorado', [], true)
 5 APPPATH/Controllers/Reporte.php(135): view('reporte/imprimir_valorado', [...])
 6 SYSTEMPATH/CodeIgniter.php(933): App\Controllers\Reporte->consolidado()
 7 SYSTEMPATH/CodeIgniter.php(509): CodeIgniter\CodeIgniter->runController(Object(App\Controllers\Reporte))
 8 SYSTEMPATH/CodeIgniter.php(355): CodeIgniter\CodeIgniter->handleRequest(null, Object(Config\Cache), false)
 9 SYSTEMPATH/Boot.php(325): CodeIgniter\CodeIgniter->run()
10 SYSTEMPATH/Boot.php(67): CodeIgniter\Boot::runCodeIgniter(Object(CodeIgniter\CodeIgniter))
11 FCPATH/index.php(56): CodeIgniter\Boot::bootWeb(Object(Config\Paths))
WARNING - 2025-03-18 15:32:47 --> [DEPRECATED] number_format(): Passing null to parameter #1 ($num) of type float is deprecated in APPPATH/Views/reporte/imprimir_valorado.php on line 99.
 1 APPPATH/Views/reporte/imprimir_valorado.php(99): number_format(null, 2, ',', '.')
 2 SYSTEMPATH/View/View.php(234): include('/home2/usoabumg/public_html/oruro.site/app/Views/reporte/imprimir_valorado.php')
 3 SYSTEMPATH/View/View.php(237): CodeIgniter\View\View->CodeIgniter\View\{closure}()
 4 SYSTEMPATH/Common.php(1171): CodeIgniter\View\View->render('reporte/imprimir_valorado', [], true)
 5 APPPATH/Controllers/Reporte.php(135): view('reporte/imprimir_valorado', [...])
 6 SYSTEMPATH/CodeIgniter.php(933): App\Controllers\Reporte->consolidado()
 7 SYSTEMPATH/CodeIgniter.php(509): CodeIgniter\CodeIgniter->runController(Object(App\Controllers\Reporte))
 8 SYSTEMPATH/CodeIgniter.php(355): CodeIgniter\CodeIgniter->handleRequest(null, Object(Config\Cache), false)
 9 SYSTEMPATH/Boot.php(325): CodeIgniter\CodeIgniter->run()
10 SYSTEMPATH/Boot.php(67): CodeIgniter\Boot::runCodeIgniter(Object(CodeIgniter\CodeIgniter))
11 FCPATH/index.php(56): CodeIgniter\Boot::bootWeb(Object(Config\Paths))
WARNING - 2025-03-18 15:32:47 --> [DEPRECATED] number_format(): Passing null to parameter #1 ($num) of type float is deprecated in APPPATH/Views/reporte/imprimir_valorado.php on line 96.
 1 APPPATH/Views/reporte/imprimir_valorado.php(96): number_format(null, 2, ',', '.')
 2 SYSTEMPATH/View/View.php(234): include('/home2/usoabumg/public_html/oruro.site/app/Views/reporte/imprimir_valorado.php')
 3 SYSTEMPATH/View/View.php(237): CodeIgniter\View\View->CodeIgniter\View\{closure}()
 4 SYSTEMPATH/Common.php(1171): CodeIgniter\View\View->render('reporte/imprimir_valorado', [], true)
 5 APPPATH/Controllers/Reporte.php(135): view('reporte/imprimir_valorado', [...])
 6 SYSTEMPATH/CodeIgniter.php(933): App\Controllers\Reporte->consolidado()
 7 SYSTEMPATH/CodeIgniter.php(509): CodeIgniter\CodeIgniter->runController(Object(App\Controllers\Reporte))
 8 SYSTEMPATH/CodeIgniter.php(355): CodeIgniter\CodeIgniter->handleRequest(null, Object(Config\Cache), false)
 9 SYSTEMPATH/Boot.php(325): CodeIgniter\CodeIgniter->run()
10 SYSTEMPATH/Boot.php(67): CodeIgniter\Boot::runCodeIgniter(Object(CodeIgniter\CodeIgniter))
11 FCPATH/index.php(56): CodeIgniter\Boot::bootWeb(Object(Config\Paths))
WARNING - 2025-03-18 15:32:47 --> [DEPRECATED] number_format(): Passing null to parameter #1 ($num) of type float is deprecated in APPPATH/Views/reporte/imprimir_valorado.php on line 99.
 1 APPPATH/Views/reporte/imprimir_valorado.php(99): number_format(null, 2, ',', '.')
 2 SYSTEMPATH/View/View.php(234): include('/home2/usoabumg/public_html/oruro.site/app/Views/reporte/imprimir_valorado.php')
 3 SYSTEMPATH/View/View.php(237): CodeIgniter\View\View->CodeIgniter\View\{closure}()
 4 SYSTEMPATH/Common.php(1171): CodeIgniter\View\View->render('reporte/imprimir_valorado', [], true)
 5 APPPATH/Controllers/Reporte.php(135): view('reporte/imprimir_valorado', [...])
 6 SYSTEMPATH/CodeIgniter.php(933): App\Controllers\Reporte->consolidado()
 7 SYSTEMPATH/CodeIgniter.php(509): CodeIgniter\CodeIgniter->runController(Object(App\Controllers\Reporte))
 8 SYSTEMPATH/CodeIgniter.php(355): CodeIgniter\CodeIgniter->handleRequest(null, Object(Config\Cache), false)
 9 SYSTEMPATH/Boot.php(325): CodeIgniter\CodeIgniter->run()
10 SYSTEMPATH/Boot.php(67): CodeIgniter\Boot::runCodeIgniter(Object(CodeIgniter\CodeIgniter))
11 FCPATH/index.php(56): CodeIgniter\Boot::bootWeb(Object(Config\Paths))
WARNING - 2025-03-18 15:32:47 --> [DEPRECATED] number_format(): Passing null to parameter #1 ($num) of type float is deprecated in APPPATH/Views/reporte/imprimir_valorado.php on line 96.
 1 APPPATH/Views/reporte/imprimir_valorado.php(96): number_format(null, 2, ',', '.')
 2 SYSTEMPATH/View/View.php(234): include('/home2/usoabumg/public_html/oruro.site/app/Views/reporte/imprimir_valorado.php')
 3 SYSTEMPATH/View/View.php(237): CodeIgniter\View\View->CodeIgniter\View\{closure}()
 4 SYSTEMPATH/Common.php(1171): CodeIgniter\View\View->render('reporte/imprimir_valorado', [], true)
 5 APPPATH/Controllers/Reporte.php(135): view('reporte/imprimir_valorado', [...])
 6 SYSTEMPATH/CodeIgniter.php(933): App\Controllers\Reporte->consolidado()
 7 SYSTEMPATH/CodeIgniter.php(509): CodeIgniter\CodeIgniter->runController(Object(App\Controllers\Reporte))
 8 SYSTEMPATH/CodeIgniter.php(355): CodeIgniter\CodeIgniter->handleRequest(null, Object(Config\Cache), false)
 9 SYSTEMPATH/Boot.php(325): CodeIgniter\CodeIgniter->run()
10 SYSTEMPATH/Boot.php(67): CodeIgniter\Boot::runCodeIgniter(Object(CodeIgniter\CodeIgniter))
11 FCPATH/index.php(56): CodeIgniter\Boot::bootWeb(Object(Config\Paths))
WARNING - 2025-03-18 15:32:47 --> [DEPRECATED] number_format(): Passing null to parameter #1 ($num) of type float is deprecated in APPPATH/Views/reporte/imprimir_valorado.php on line 99.
 1 APPPATH/Views/reporte/imprimir_valorado.php(99): number_format(null, 2, ',', '.')
 2 SYSTEMPATH/View/View.php(234): include('/home2/usoabumg/public_html/oruro.site/app/Views/reporte/imprimir_valorado.php')
 3 SYSTEMPATH/View/View.php(237): CodeIgniter\View\View->CodeIgniter\View\{closure}()
 4 SYSTEMPATH/Common.php(1171): CodeIgniter\View\View->render('reporte/imprimir_valorado', [], true)
 5 APPPATH/Controllers/Reporte.php(135): view('reporte/imprimir_valorado', [...])
 6 SYSTEMPATH/CodeIgniter.php(933): App\Controllers\Reporte->consolidado()
 7 SYSTEMPATH/CodeIgniter.php(509): CodeIgniter\CodeIgniter->runController(Object(App\Controllers\Reporte))
 8 SYSTEMPATH/CodeIgniter.php(355): CodeIgniter\CodeIgniter->handleRequest(null, Object(Config\Cache), false)
 9 SYSTEMPATH/Boot.php(325): CodeIgniter\CodeIgniter->run()
10 SYSTEMPATH/Boot.php(67): CodeIgniter\Boot::runCodeIgniter(Object(CodeIgniter\CodeIgniter))
11 FCPATH/index.php(56): CodeIgniter\Boot::bootWeb(Object(Config\Paths))
WARNING - 2025-03-18 15:32:47 --> [DEPRECATED] number_format(): Passing null to parameter #1 ($num) of type float is deprecated in APPPATH/Views/reporte/imprimir_valorado.php on line 96.
 1 APPPATH/Views/reporte/imprimir_valorado.php(96): number_format(null, 2, ',', '.')
 2 SYSTEMPATH/View/View.php(234): include('/home2/usoabumg/public_html/oruro.site/app/Views/reporte/imprimir_valorado.php')
 3 SYSTEMPATH/View/View.php(237): CodeIgniter\View\View->CodeIgniter\View\{closure}()
 4 SYSTEMPATH/Common.php(1171): CodeIgniter\View\View->render('reporte/imprimir_valorado', [], true)
 5 APPPATH/Controllers/Reporte.php(135): view('reporte/imprimir_valorado', [...])
 6 SYSTEMPATH/CodeIgniter.php(933): App\Controllers\Reporte->consolidado()
 7 SYSTEMPATH/CodeIgniter.php(509): CodeIgniter\CodeIgniter->runController(Object(App\Controllers\Reporte))
 8 SYSTEMPATH/CodeIgniter.php(355): CodeIgniter\CodeIgniter->handleRequest(null, Object(Config\Cache), false)
 9 SYSTEMPATH/Boot.php(325): CodeIgniter\CodeIgniter->run()
10 SYSTEMPATH/Boot.php(67): CodeIgniter\Boot::runCodeIgniter(Object(CodeIgniter\CodeIgniter))
11 FCPATH/index.php(56): CodeIgniter\Boot::bootWeb(Object(Config\Paths))
WARNING - 2025-03-18 15:32:47 --> [DEPRECATED] number_format(): Passing null to parameter #1 ($num) of type float is deprecated in APPPATH/Views/reporte/imprimir_valorado.php on line 99.
 1 APPPATH/Views/reporte/imprimir_valorado.php(99): number_format(null, 2, ',', '.')
 2 SYSTEMPATH/View/View.php(234): include('/home2/usoabumg/public_html/oruro.site/app/Views/reporte/imprimir_valorado.php')
 3 SYSTEMPATH/View/View.php(237): CodeIgniter\View\View->CodeIgniter\View\{closure}()
 4 SYSTEMPATH/Common.php(1171): CodeIgniter\View\View->render('reporte/imprimir_valorado', [], true)
 5 APPPATH/Controllers/Reporte.php(135): view('reporte/imprimir_valorado', [...])
 6 SYSTEMPATH/CodeIgniter.php(933): App\Controllers\Reporte->consolidado()
 7 SYSTEMPATH/CodeIgniter.php(509): CodeIgniter\CodeIgniter->runController(Object(App\Controllers\Reporte))
 8 SYSTEMPATH/CodeIgniter.php(355): CodeIgniter\CodeIgniter->handleRequest(null, Object(Config\Cache), false)
 9 SYSTEMPATH/Boot.php(325): CodeIgniter\CodeIgniter->run()
10 SYSTEMPATH/Boot.php(67): CodeIgniter\Boot::runCodeIgniter(Object(CodeIgniter\CodeIgniter))
11 FCPATH/index.php(56): CodeIgniter\Boot::bootWeb(Object(Config\Paths))
WARNING - 2025-03-18 15:32:47 --> [DEPRECATED] number_format(): Passing null to parameter #1 ($num) of type float is deprecated in APPPATH/Views/reporte/imprimir_valorado.php on line 96.
 1 APPPATH/Views/reporte/imprimir_valorado.php(96): number_format(null, 2, ',', '.')
 2 SYSTEMPATH/View/View.php(234): include('/home2/usoabumg/public_html/oruro.site/app/Views/reporte/imprimir_valorado.php')
 3 SYSTEMPATH/View/View.php(237): CodeIgniter\View\View->CodeIgniter\View\{closure}()
 4 SYSTEMPATH/Common.php(1171): CodeIgniter\View\View->render('reporte/imprimir_valorado', [], true)
 5 APPPATH/Controllers/Reporte.php(135): view('reporte/imprimir_valorado', [...])
 6 SYSTEMPATH/CodeIgniter.php(933): App\Controllers\Reporte->consolidado()
 7 SYSTEMPATH/CodeIgniter.php(509): CodeIgniter\CodeIgniter->runController(Object(App\Controllers\Reporte))
 8 SYSTEMPATH/CodeIgniter.php(355): CodeIgniter\CodeIgniter->handleRequest(null, Object(Config\Cache), false)
 9 SYSTEMPATH/Boot.php(325): CodeIgniter\CodeIgniter->run()
10 SYSTEMPATH/Boot.php(67): CodeIgniter\Boot::runCodeIgniter(Object(CodeIgniter\CodeIgniter))
11 FCPATH/index.php(56): CodeIgniter\Boot::bootWeb(Object(Config\Paths))
WARNING - 2025-03-18 15:32:47 --> [DEPRECATED] number_format(): Passing null to parameter #1 ($num) of type float is deprecated in APPPATH/Views/reporte/imprimir_valorado.php on line 99.
 1 APPPATH/Views/reporte/imprimir_valorado.php(99): number_format(null, 2, ',', '.')
 2 SYSTEMPATH/View/View.php(234): include('/home2/usoabumg/public_html/oruro.site/app/Views/reporte/imprimir_valorado.php')
 3 SYSTEMPATH/View/View.php(237): CodeIgniter\View\View->CodeIgniter\View\{closure}()
 4 SYSTEMPATH/Common.php(1171): CodeIgniter\View\View->render('reporte/imprimir_valorado', [], true)
 5 APPPATH/Controllers/Reporte.php(135): view('reporte/imprimir_valorado', [...])
 6 SYSTEMPATH/CodeIgniter.php(933): App\Controllers\Reporte->consolidado()
 7 SYSTEMPATH/CodeIgniter.php(509): CodeIgniter\CodeIgniter->runController(Object(App\Controllers\Reporte))
 8 SYSTEMPATH/CodeIgniter.php(355): CodeIgniter\CodeIgniter->handleRequest(null, Object(Config\Cache), false)
 9 SYSTEMPATH/Boot.php(325): CodeIgniter\CodeIgniter->run()
10 SYSTEMPATH/Boot.php(67): CodeIgniter\Boot::runCodeIgniter(Object(CodeIgniter\CodeIgniter))
11 FCPATH/index.php(56): CodeIgniter\Boot::bootWeb(Object(Config\Paths))
WARNING - 2025-03-18 15:32:47 --> [DEPRECATED] number_format(): Passing null to parameter #1 ($num) of type float is deprecated in APPPATH/Views/reporte/imprimir_valorado.php on line 96.
 1 APPPATH/Views/reporte/imprimir_valorado.php(96): number_format(null, 2, ',', '.')
 2 SYSTEMPATH/View/View.php(234): include('/home2/usoabumg/public_html/oruro.site/app/Views/reporte/imprimir_valorado.php')
 3 SYSTEMPATH/View/View.php(237): CodeIgniter\View\View->CodeIgniter\View\{closure}()
 4 SYSTEMPATH/Common.php(1171): CodeIgniter\View\View->render('reporte/imprimir_valorado', [], true)
 5 APPPATH/Controllers/Reporte.php(135): view('reporte/imprimir_valorado', [...])
 6 SYSTEMPATH/CodeIgniter.php(933): App\Controllers\Reporte->consolidado()
 7 SYSTEMPATH/CodeIgniter.php(509): CodeIgniter\CodeIgniter->runController(Object(App\Controllers\Reporte))
 8 SYSTEMPATH/CodeIgniter.php(355): CodeIgniter\CodeIgniter->handleRequest(null, Object(Config\Cache), false)
 9 SYSTEMPATH/Boot.php(325): CodeIgniter\CodeIgniter->run()
10 SYSTEMPATH/Boot.php(67): CodeIgniter\Boot::runCodeIgniter(Object(CodeIgniter\CodeIgniter))
11 FCPATH/index.php(56): CodeIgniter\Boot::bootWeb(Object(Config\Paths))
WARNING - 2025-03-18 15:32:47 --> [DEPRECATED] number_format(): Passing null to parameter #1 ($num) of type float is deprecated in APPPATH/Views/reporte/imprimir_valorado.php on line 99.
 1 APPPATH/Views/reporte/imprimir_valorado.php(99): number_format(null, 2, ',', '.')
 2 SYSTEMPATH/View/View.php(234): include('/home2/usoabumg/public_html/oruro.site/app/Views/reporte/imprimir_valorado.php')
 3 SYSTEMPATH/View/View.php(237): CodeIgniter\View\View->CodeIgniter\View\{closure}()
 4 SYSTEMPATH/Common.php(1171): CodeIgniter\View\View->render('reporte/imprimir_valorado', [], true)
 5 APPPATH/Controllers/Reporte.php(135): view('reporte/imprimir_valorado', [...])
 6 SYSTEMPATH/CodeIgniter.php(933): App\Controllers\Reporte->consolidado()
 7 SYSTEMPATH/CodeIgniter.php(509): CodeIgniter\CodeIgniter->runController(Object(App\Controllers\Reporte))
 8 SYSTEMPATH/CodeIgniter.php(355): CodeIgniter\CodeIgniter->handleRequest(null, Object(Config\Cache), false)
 9 SYSTEMPATH/Boot.php(325): CodeIgniter\CodeIgniter->run()
10 SYSTEMPATH/Boot.php(67): CodeIgniter\Boot::runCodeIgniter(Object(CodeIgniter\CodeIgniter))
11 FCPATH/index.php(56): CodeIgniter\Boot::bootWeb(Object(Config\Paths))
WARNING - 2025-03-18 15:32:47 --> [DEPRECATED] number_format(): Passing null to parameter #1 ($num) of type float is deprecated in APPPATH/Views/reporte/imprimir_valorado.php on line 96.
 1 APPPATH/Views/reporte/imprimir_valorado.php(96): number_format(null, 2, ',', '.')
 2 SYSTEMPATH/View/View.php(234): include('/home2/usoabumg/public_html/oruro.site/app/Views/reporte/imprimir_valorado.php')
 3 SYSTEMPATH/View/View.php(237): CodeIgniter\View\View->CodeIgniter\View\{closure}()
 4 SYSTEMPATH/Common.php(1171): CodeIgniter\View\View->render('reporte/imprimir_valorado', [], true)
 5 APPPATH/Controllers/Reporte.php(135): view('reporte/imprimir_valorado', [...])
 6 SYSTEMPATH/CodeIgniter.php(933): App\Controllers\Reporte->consolidado()
 7 SYSTEMPATH/CodeIgniter.php(509): CodeIgniter\CodeIgniter->runController(Object(App\Controllers\Reporte))
 8 SYSTEMPATH/CodeIgniter.php(355): CodeIgniter\CodeIgniter->handleRequest(null, Object(Config\Cache), false)
 9 SYSTEMPATH/Boot.php(325): CodeIgniter\CodeIgniter->run()
10 SYSTEMPATH/Boot.php(67): CodeIgniter\Boot::runCodeIgniter(Object(CodeIgniter\CodeIgniter))
11 FCPATH/index.php(56): CodeIgniter\Boot::bootWeb(Object(Config\Paths))
WARNING - 2025-03-18 15:32:47 --> [DEPRECATED] number_format(): Passing null to parameter #1 ($num) of type float is deprecated in APPPATH/Views/reporte/imprimir_valorado.php on line 99.
 1 APPPATH/Views/reporte/imprimir_valorado.php(99): number_format(null, 2, ',', '.')
 2 SYSTEMPATH/View/View.php(234): include('/home2/usoabumg/public_html/oruro.site/app/Views/reporte/imprimir_valorado.php')
 3 SYSTEMPATH/View/View.php(237): CodeIgniter\View\View->CodeIgniter\View\{closure}()
 4 SYSTEMPATH/Common.php(1171): CodeIgniter\View\View->render('reporte/imprimir_valorado', [], true)
 5 APPPATH/Controllers/Reporte.php(135): view('reporte/imprimir_valorado', [...])
 6 SYSTEMPATH/CodeIgniter.php(933): App\Controllers\Reporte->consolidado()
 7 SYSTEMPATH/CodeIgniter.php(509): CodeIgniter\CodeIgniter->runController(Object(App\Controllers\Reporte))
 8 SYSTEMPATH/CodeIgniter.php(355): CodeIgniter\CodeIgniter->handleRequest(null, Object(Config\Cache), false)
 9 SYSTEMPATH/Boot.php(325): CodeIgniter\CodeIgniter->run()
10 SYSTEMPATH/Boot.php(67): CodeIgniter\Boot::runCodeIgniter(Object(CodeIgniter\CodeIgniter))
11 FCPATH/index.php(56): CodeIgniter\Boot::bootWeb(Object(Config\Paths))
WARNING - 2025-03-18 15:32:47 --> [DEPRECATED] number_format(): Passing null to parameter #1 ($num) of type float is deprecated in APPPATH/Views/reporte/imprimir_valorado.php on line 96.
 1 APPPATH/Views/reporte/imprimir_valorado.php(96): number_format(null, 2, ',', '.')
 2 SYSTEMPATH/View/View.php(234): include('/home2/usoabumg/public_html/oruro.site/app/Views/reporte/imprimir_valorado.php')
 3 SYSTEMPATH/View/View.php(237): CodeIgniter\View\View->CodeIgniter\View\{closure}()
 4 SYSTEMPATH/Common.php(1171): CodeIgniter\View\View->render('reporte/imprimir_valorado', [], true)
 5 APPPATH/Controllers/Reporte.php(135): view('reporte/imprimir_valorado', [...])
 6 SYSTEMPATH/CodeIgniter.php(933): App\Controllers\Reporte->consolidado()
 7 SYSTEMPATH/CodeIgniter.php(509): CodeIgniter\CodeIgniter->runController(Object(App\Controllers\Reporte))
 8 SYSTEMPATH/CodeIgniter.php(355): CodeIgniter\CodeIgniter->handleRequest(null, Object(Config\Cache), false)
 9 SYSTEMPATH/Boot.php(325): CodeIgniter\CodeIgniter->run()
10 SYSTEMPATH/Boot.php(67): CodeIgniter\Boot::runCodeIgniter(Object(CodeIgniter\CodeIgniter))
11 FCPATH/index.php(56): CodeIgniter\Boot::bootWeb(Object(Config\Paths))
WARNING - 2025-03-18 15:32:47 --> [DEPRECATED] number_format(): Passing null to parameter #1 ($num) of type float is deprecated in APPPATH/Views/reporte/imprimir_valorado.php on line 99.
 1 APPPATH/Views/reporte/imprimir_valorado.php(99): number_format(null, 2, ',', '.')
 2 SYSTEMPATH/View/View.php(234): include('/home2/usoabumg/public_html/oruro.site/app/Views/reporte/imprimir_valorado.php')
 3 SYSTEMPATH/View/View.php(237): CodeIgniter\View\View->CodeIgniter\View\{closure}()
 4 SYSTEMPATH/Common.php(1171): CodeIgniter\View\View->render('reporte/imprimir_valorado', [], true)
 5 APPPATH/Controllers/Reporte.php(135): view('reporte/imprimir_valorado', [...])
 6 SYSTEMPATH/CodeIgniter.php(933): App\Controllers\Reporte->consolidado()
 7 SYSTEMPATH/CodeIgniter.php(509): CodeIgniter\CodeIgniter->runController(Object(App\Controllers\Reporte))
 8 SYSTEMPATH/CodeIgniter.php(355): CodeIgniter\CodeIgniter->handleRequest(null, Object(Config\Cache), false)
 9 SYSTEMPATH/Boot.php(325): CodeIgniter\CodeIgniter->run()
10 SYSTEMPATH/Boot.php(67): CodeIgniter\Boot::runCodeIgniter(Object(CodeIgniter\CodeIgniter))
11 FCPATH/index.php(56): CodeIgniter\Boot::bootWeb(Object(Config\Paths))
WARNING - 2025-03-18 15:32:47 --> [DEPRECATED] number_format(): Passing null to parameter #1 ($num) of type float is deprecated in APPPATH/Views/reporte/imprimir_valorado.php on line 96.
 1 APPPATH/Views/reporte/imprimir_valorado.php(96): number_format(null, 2, ',', '.')
 2 SYSTEMPATH/View/View.php(234): include('/home2/usoabumg/public_html/oruro.site/app/Views/reporte/imprimir_valorado.php')
 3 SYSTEMPATH/View/View.php(237): CodeIgniter\View\View->CodeIgniter\View\{closure}()
 4 SYSTEMPATH/Common.php(1171): CodeIgniter\View\View->render('reporte/imprimir_valorado', [], true)
 5 APPPATH/Controllers/Reporte.php(135): view('reporte/imprimir_valorado', [...])
 6 SYSTEMPATH/CodeIgniter.php(933): App\Controllers\Reporte->consolidado()
 7 SYSTEMPATH/CodeIgniter.php(509): CodeIgniter\CodeIgniter->runController(Object(App\Controllers\Reporte))
 8 SYSTEMPATH/CodeIgniter.php(355): CodeIgniter\CodeIgniter->handleRequest(null, Object(Config\Cache), false)
 9 SYSTEMPATH/Boot.php(325): CodeIgniter\CodeIgniter->run()
10 SYSTEMPATH/Boot.php(67): CodeIgniter\Boot::runCodeIgniter(Object(CodeIgniter\CodeIgniter))
11 FCPATH/index.php(56): CodeIgniter\Boot::bootWeb(Object(Config\Paths))
WARNING - 2025-03-18 15:32:47 --> [DEPRECATED] number_format(): Passing null to parameter #1 ($num) of type float is deprecated in APPPATH/Views/reporte/imprimir_valorado.php on line 99.
 1 APPPATH/Views/reporte/imprimir_valorado.php(99): number_format(null, 2, ',', '.')
 2 SYSTEMPATH/View/View.php(234): include('/home2/usoabumg/public_html/oruro.site/app/Views/reporte/imprimir_valorado.php')
 3 SYSTEMPATH/View/View.php(237): CodeIgniter\View\View->CodeIgniter\View\{closure}()
 4 SYSTEMPATH/Common.php(1171): CodeIgniter\View\View->render('reporte/imprimir_valorado', [], true)
 5 APPPATH/Controllers/Reporte.php(135): view('reporte/imprimir_valorado', [...])
 6 SYSTEMPATH/CodeIgniter.php(933): App\Controllers\Reporte->consolidado()
 7 SYSTEMPATH/CodeIgniter.php(509): CodeIgniter\CodeIgniter->runController(Object(App\Controllers\Reporte))
 8 SYSTEMPATH/CodeIgniter.php(355): CodeIgniter\CodeIgniter->handleRequest(null, Object(Config\Cache), false)
 9 SYSTEMPATH/Boot.php(325): CodeIgniter\CodeIgniter->run()
10 SYSTEMPATH/Boot.php(67): CodeIgniter\Boot::runCodeIgniter(Object(CodeIgniter\CodeIgniter))
11 FCPATH/index.php(56): CodeIgniter\Boot::bootWeb(Object(Config\Paths))
WARNING - 2025-03-18 15:32:47 --> [DEPRECATED] number_format(): Passing null to parameter #1 ($num) of type float is deprecated in APPPATH/Views/reporte/imprimir_valorado.php on line 96.
 1 APPPATH/Views/reporte/imprimir_valorado.php(96): number_format(null, 2, ',', '.')
 2 SYSTEMPATH/View/View.php(234): include('/home2/usoabumg/public_html/oruro.site/app/Views/reporte/imprimir_valorado.php')
 3 SYSTEMPATH/View/View.php(237): CodeIgniter\View\View->CodeIgniter\View\{closure}()
 4 SYSTEMPATH/Common.php(1171): CodeIgniter\View\View->render('reporte/imprimir_valorado', [], true)
 5 APPPATH/Controllers/Reporte.php(135): view('reporte/imprimir_valorado', [...])
 6 SYSTEMPATH/CodeIgniter.php(933): App\Controllers\Reporte->consolidado()
 7 SYSTEMPATH/CodeIgniter.php(509): CodeIgniter\CodeIgniter->runController(Object(App\Controllers\Reporte))
 8 SYSTEMPATH/CodeIgniter.php(355): CodeIgniter\CodeIgniter->handleRequest(null, Object(Config\Cache), false)
 9 SYSTEMPATH/Boot.php(325): CodeIgniter\CodeIgniter->run()
10 SYSTEMPATH/Boot.php(67): CodeIgniter\Boot::runCodeIgniter(Object(CodeIgniter\CodeIgniter))
11 FCPATH/index.php(56): CodeIgniter\Boot::bootWeb(Object(Config\Paths))
WARNING - 2025-03-18 15:32:47 --> [DEPRECATED] number_format(): Passing null to parameter #1 ($num) of type float is deprecated in APPPATH/Views/reporte/imprimir_valorado.php on line 99.
 1 APPPATH/Views/reporte/imprimir_valorado.php(99): number_format(null, 2, ',', '.')
 2 SYSTEMPATH/View/View.php(234): include('/home2/usoabumg/public_html/oruro.site/app/Views/reporte/imprimir_valorado.php')
 3 SYSTEMPATH/View/View.php(237): CodeIgniter\View\View->CodeIgniter\View\{closure}()
 4 SYSTEMPATH/Common.php(1171): CodeIgniter\View\View->render('reporte/imprimir_valorado', [], true)
 5 APPPATH/Controllers/Reporte.php(135): view('reporte/imprimir_valorado', [...])
 6 SYSTEMPATH/CodeIgniter.php(933): App\Controllers\Reporte->consolidado()
 7 SYSTEMPATH/CodeIgniter.php(509): CodeIgniter\CodeIgniter->runController(Object(App\Controllers\Reporte))
 8 SYSTEMPATH/CodeIgniter.php(355): CodeIgniter\CodeIgniter->handleRequest(null, Object(Config\Cache), false)
 9 SYSTEMPATH/Boot.php(325): CodeIgniter\CodeIgniter->run()
10 SYSTEMPATH/Boot.php(67): CodeIgniter\Boot::runCodeIgniter(Object(CodeIgniter\CodeIgniter))
11 FCPATH/index.php(56): CodeIgniter\Boot::bootWeb(Object(Config\Paths))
WARNING - 2025-03-18 15:32:47 --> [DEPRECATED] number_format(): Passing null to parameter #1 ($num) of type float is deprecated in APPPATH/Views/reporte/imprimir_valorado.php on line 96.
 1 APPPATH/Views/reporte/imprimir_valorado.php(96): number_format(null, 2, ',', '.')
 2 SYSTEMPATH/View/View.php(234): include('/home2/usoabumg/public_html/oruro.site/app/Views/reporte/imprimir_valorado.php')
 3 SYSTEMPATH/View/View.php(237): CodeIgniter\View\View->CodeIgniter\View\{closure}()
 4 SYSTEMPATH/Common.php(1171): CodeIgniter\View\View->render('reporte/imprimir_valorado', [], true)
 5 APPPATH/Controllers/Reporte.php(135): view('reporte/imprimir_valorado', [...])
 6 SYSTEMPATH/CodeIgniter.php(933): App\Controllers\Reporte->consolidado()
 7 SYSTEMPATH/CodeIgniter.php(509): CodeIgniter\CodeIgniter->runController(Object(App\Controllers\Reporte))
 8 SYSTEMPATH/CodeIgniter.php(355): CodeIgniter\CodeIgniter->handleRequest(null, Object(Config\Cache), false)
 9 SYSTEMPATH/Boot.php(325): CodeIgniter\CodeIgniter->run()
10 SYSTEMPATH/Boot.php(67): CodeIgniter\Boot::runCodeIgniter(Object(CodeIgniter\CodeIgniter))
11 FCPATH/index.php(56): CodeIgniter\Boot::bootWeb(Object(Config\Paths))
WARNING - 2025-03-18 15:32:47 --> [DEPRECATED] number_format(): Passing null to parameter #1 ($num) of type float is deprecated in APPPATH/Views/reporte/imprimir_valorado.php on line 99.
 1 APPPATH/Views/reporte/imprimir_valorado.php(99): number_format(null, 2, ',', '.')
 2 SYSTEMPATH/View/View.php(234): include('/home2/usoabumg/public_html/oruro.site/app/Views/reporte/imprimir_valorado.php')
 3 SYSTEMPATH/View/View.php(237): CodeIgniter\View\View->CodeIgniter\View\{closure}()
 4 SYSTEMPATH/Common.php(1171): CodeIgniter\View\View->render('reporte/imprimir_valorado', [], true)
 5 APPPATH/Controllers/Reporte.php(135): view('reporte/imprimir_valorado', [...])
 6 SYSTEMPATH/CodeIgniter.php(933): App\Controllers\Reporte->consolidado()
 7 SYSTEMPATH/CodeIgniter.php(509): CodeIgniter\CodeIgniter->runController(Object(App\Controllers\Reporte))
 8 SYSTEMPATH/CodeIgniter.php(355): CodeIgniter\CodeIgniter->handleRequest(null, Object(Config\Cache), false)
 9 SYSTEMPATH/Boot.php(325): CodeIgniter\CodeIgniter->run()
10 SYSTEMPATH/Boot.php(67): CodeIgniter\Boot::runCodeIgniter(Object(CodeIgniter\CodeIgniter))
11 FCPATH/index.php(56): CodeIgniter\Boot::bootWeb(Object(Config\Paths))
WARNING - 2025-03-18 15:32:47 --> [DEPRECATED] number_format(): Passing null to parameter #1 ($num) of type float is deprecated in APPPATH/Views/reporte/imprimir_valorado.php on line 96.
 1 APPPATH/Views/reporte/imprimir_valorado.php(96): number_format(null, 2, ',', '.')
 2 SYSTEMPATH/View/View.php(234): include('/home2/usoabumg/public_html/oruro.site/app/Views/reporte/imprimir_valorado.php')
 3 SYSTEMPATH/View/View.php(237): CodeIgniter\View\View->CodeIgniter\View\{closure}()
 4 SYSTEMPATH/Common.php(1171): CodeIgniter\View\View->render('reporte/imprimir_valorado', [], true)
 5 APPPATH/Controllers/Reporte.php(135): view('reporte/imprimir_valorado', [...])
 6 SYSTEMPATH/CodeIgniter.php(933): App\Controllers\Reporte->consolidado()
 7 SYSTEMPATH/CodeIgniter.php(509): CodeIgniter\CodeIgniter->runController(Object(App\Controllers\Reporte))
 8 SYSTEMPATH/CodeIgniter.php(355): CodeIgniter\CodeIgniter->handleRequest(null, Object(Config\Cache), false)
 9 SYSTEMPATH/Boot.php(325): CodeIgniter\CodeIgniter->run()
10 SYSTEMPATH/Boot.php(67): CodeIgniter\Boot::runCodeIgniter(Object(CodeIgniter\CodeIgniter))
11 FCPATH/index.php(56): CodeIgniter\Boot::bootWeb(Object(Config\Paths))
WARNING - 2025-03-18 15:32:47 --> [DEPRECATED] number_format(): Passing null to parameter #1 ($num) of type float is deprecated in APPPATH/Views/reporte/imprimir_valorado.php on line 99.
 1 APPPATH/Views/reporte/imprimir_valorado.php(99): number_format(null, 2, ',', '.')
 2 SYSTEMPATH/View/View.php(234): include('/home2/usoabumg/public_html/oruro.site/app/Views/reporte/imprimir_valorado.php')
 3 SYSTEMPATH/View/View.php(237): CodeIgniter\View\View->CodeIgniter\View\{closure}()
 4 SYSTEMPATH/Common.php(1171): CodeIgniter\View\View->render('reporte/imprimir_valorado', [], true)
 5 APPPATH/Controllers/Reporte.php(135): view('reporte/imprimir_valorado', [...])
 6 SYSTEMPATH/CodeIgniter.php(933): App\Controllers\Reporte->consolidado()
 7 SYSTEMPATH/CodeIgniter.php(509): CodeIgniter\CodeIgniter->runController(Object(App\Controllers\Reporte))
 8 SYSTEMPATH/CodeIgniter.php(355): CodeIgniter\CodeIgniter->handleRequest(null, Object(Config\Cache), false)
 9 SYSTEMPATH/Boot.php(325): CodeIgniter\CodeIgniter->run()
10 SYSTEMPATH/Boot.php(67): CodeIgniter\Boot::runCodeIgniter(Object(CodeIgniter\CodeIgniter))
11 FCPATH/index.php(56): CodeIgniter\Boot::bootWeb(Object(Config\Paths))
WARNING - 2025-03-18 15:32:47 --> [DEPRECATED] number_format(): Passing null to parameter #1 ($num) of type float is deprecated in APPPATH/Views/reporte/imprimir_valorado.php on line 96.
 1 APPPATH/Views/reporte/imprimir_valorado.php(96): number_format(null, 2, ',', '.')
 2 SYSTEMPATH/View/View.php(234): include('/home2/usoabumg/public_html/oruro.site/app/Views/reporte/imprimir_valorado.php')
 3 SYSTEMPATH/View/View.php(237): CodeIgniter\View\View->CodeIgniter\View\{closure}()
 4 SYSTEMPATH/Common.php(1171): CodeIgniter\View\View->render('reporte/imprimir_valorado', [], true)
 5 APPPATH/Controllers/Reporte.php(135): view('reporte/imprimir_valorado', [...])
 6 SYSTEMPATH/CodeIgniter.php(933): App\Controllers\Reporte->consolidado()
 7 SYSTEMPATH/CodeIgniter.php(509): CodeIgniter\CodeIgniter->runController(Object(App\Controllers\Reporte))
 8 SYSTEMPATH/CodeIgniter.php(355): CodeIgniter\CodeIgniter->handleRequest(null, Object(Config\Cache), false)
 9 SYSTEMPATH/Boot.php(325): CodeIgniter\CodeIgniter->run()
10 SYSTEMPATH/Boot.php(67): CodeIgniter\Boot::runCodeIgniter(Object(CodeIgniter\CodeIgniter))
11 FCPATH/index.php(56): CodeIgniter\Boot::bootWeb(Object(Config\Paths))
WARNING - 2025-03-18 15:32:47 --> [DEPRECATED] number_format(): Passing null to parameter #1 ($num) of type float is deprecated in APPPATH/Views/reporte/imprimir_valorado.php on line 99.
 1 APPPATH/Views/reporte/imprimir_valorado.php(99): number_format(null, 2, ',', '.')
 2 SYSTEMPATH/View/View.php(234): include('/home2/usoabumg/public_html/oruro.site/app/Views/reporte/imprimir_valorado.php')
 3 SYSTEMPATH/View/View.php(237): CodeIgniter\View\View->CodeIgniter\View\{closure}()
 4 SYSTEMPATH/Common.php(1171): CodeIgniter\View\View->render('reporte/imprimir_valorado', [], true)
 5 APPPATH/Controllers/Reporte.php(135): view('reporte/imprimir_valorado', [...])
 6 SYSTEMPATH/CodeIgniter.php(933): App\Controllers\Reporte->consolidado()
 7 SYSTEMPATH/CodeIgniter.php(509): CodeIgniter\CodeIgniter->runController(Object(App\Controllers\Reporte))
 8 SYSTEMPATH/CodeIgniter.php(355): CodeIgniter\CodeIgniter->handleRequest(null, Object(Config\Cache), false)
 9 SYSTEMPATH/Boot.php(325): CodeIgniter\CodeIgniter->run()
10 SYSTEMPATH/Boot.php(67): CodeIgniter\Boot::runCodeIgniter(Object(CodeIgniter\CodeIgniter))
11 FCPATH/index.php(56): CodeIgniter\Boot::bootWeb(Object(Config\Paths))
WARNING - 2025-03-18 15:32:47 --> [DEPRECATED] number_format(): Passing null to parameter #1 ($num) of type float is deprecated in APPPATH/Views/reporte/imprimir_valorado.php on line 96.
 1 APPPATH/Views/reporte/imprimir_valorado.php(96): number_format(null, 2, ',', '.')
 2 SYSTEMPATH/View/View.php(234): include('/home2/usoabumg/public_html/oruro.site/app/Views/reporte/imprimir_valorado.php')
 3 SYSTEMPATH/View/View.php(237): CodeIgniter\View\View->CodeIgniter\View\{closure}()
 4 SYSTEMPATH/Common.php(1171): CodeIgniter\View\View->render('reporte/imprimir_valorado', [], true)
 5 APPPATH/Controllers/Reporte.php(135): view('reporte/imprimir_valorado', [...])
 6 SYSTEMPATH/CodeIgniter.php(933): App\Controllers\Reporte->consolidado()
 7 SYSTEMPATH/CodeIgniter.php(509): CodeIgniter\CodeIgniter->runController(Object(App\Controllers\Reporte))
 8 SYSTEMPATH/CodeIgniter.php(355): CodeIgniter\CodeIgniter->handleRequest(null, Object(Config\Cache), false)
 9 SYSTEMPATH/Boot.php(325): CodeIgniter\CodeIgniter->run()
10 SYSTEMPATH/Boot.php(67): CodeIgniter\Boot::runCodeIgniter(Object(CodeIgniter\CodeIgniter))
11 FCPATH/index.php(56): CodeIgniter\Boot::bootWeb(Object(Config\Paths))
WARNING - 2025-03-18 15:32:47 --> [DEPRECATED] number_format(): Passing null to parameter #1 ($num) of type float is deprecated in APPPATH/Views/reporte/imprimir_valorado.php on line 99.
 1 APPPATH/Views/reporte/imprimir_valorado.php(99): number_format(null, 2, ',', '.')
 2 SYSTEMPATH/View/View.php(234): include('/home2/usoabumg/public_html/oruro.site/app/Views/reporte/imprimir_valorado.php')
 3 SYSTEMPATH/View/View.php(237): CodeIgniter\View\View->CodeIgniter\View\{closure}()
 4 SYSTEMPATH/Common.php(1171): CodeIgniter\View\View->render('reporte/imprimir_valorado', [], true)
 5 APPPATH/Controllers/Reporte.php(135): view('reporte/imprimir_valorado', [...])
 6 SYSTEMPATH/CodeIgniter.php(933): App\Controllers\Reporte->consolidado()
 7 SYSTEMPATH/CodeIgniter.php(509): CodeIgniter\CodeIgniter->runController(Object(App\Controllers\Reporte))
 8 SYSTEMPATH/CodeIgniter.php(355): CodeIgniter\CodeIgniter->handleRequest(null, Object(Config\Cache), false)
 9 SYSTEMPATH/Boot.php(325): CodeIgniter\CodeIgniter->run()
10 SYSTEMPATH/Boot.php(67): CodeIgniter\Boot::runCodeIgniter(Object(CodeIgniter\CodeIgniter))
11 FCPATH/index.php(56): CodeIgniter\Boot::bootWeb(Object(Config\Paths))
WARNING - 2025-03-18 15:32:47 --> [DEPRECATED] number_format(): Passing null to parameter #1 ($num) of type float is deprecated in APPPATH/Views/reporte/imprimir_valorado.php on line 96.
 1 APPPATH/Views/reporte/imprimir_valorado.php(96): number_format(null, 2, ',', '.')
 2 SYSTEMPATH/View/View.php(234): include('/home2/usoabumg/public_html/oruro.site/app/Views/reporte/imprimir_valorado.php')
 3 SYSTEMPATH/View/View.php(237): CodeIgniter\View\View->CodeIgniter\View\{closure}()
 4 SYSTEMPATH/Common.php(1171): CodeIgniter\View\View->render('reporte/imprimir_valorado', [], true)
 5 APPPATH/Controllers/Reporte.php(135): view('reporte/imprimir_valorado', [...])
 6 SYSTEMPATH/CodeIgniter.php(933): App\Controllers\Reporte->consolidado()
 7 SYSTEMPATH/CodeIgniter.php(509): CodeIgniter\CodeIgniter->runController(Object(App\Controllers\Reporte))
 8 SYSTEMPATH/CodeIgniter.php(355): CodeIgniter\CodeIgniter->handleRequest(null, Object(Config\Cache), false)
 9 SYSTEMPATH/Boot.php(325): CodeIgniter\CodeIgniter->run()
10 SYSTEMPATH/Boot.php(67): CodeIgniter\Boot::runCodeIgniter(Object(CodeIgniter\CodeIgniter))
11 FCPATH/index.php(56): CodeIgniter\Boot::bootWeb(Object(Config\Paths))
WARNING - 2025-03-18 15:32:47 --> [DEPRECATED] number_format(): Passing null to parameter #1 ($num) of type float is deprecated in APPPATH/Views/reporte/imprimir_valorado.php on line 99.
 1 APPPATH/Views/reporte/imprimir_valorado.php(99): number_format(null, 2, ',', '.')
 2 SYSTEMPATH/View/View.php(234): include('/home2/usoabumg/public_html/oruro.site/app/Views/reporte/imprimir_valorado.php')
 3 SYSTEMPATH/View/View.php(237): CodeIgniter\View\View->CodeIgniter\View\{closure}()
 4 SYSTEMPATH/Common.php(1171): CodeIgniter\View\View->render('reporte/imprimir_valorado', [], true)
 5 APPPATH/Controllers/Reporte.php(135): view('reporte/imprimir_valorado', [...])
 6 SYSTEMPATH/CodeIgniter.php(933): App\Controllers\Reporte->consolidado()
 7 SYSTEMPATH/CodeIgniter.php(509): CodeIgniter\CodeIgniter->runController(Object(App\Controllers\Reporte))
 8 SYSTEMPATH/CodeIgniter.php(355): CodeIgniter\CodeIgniter->handleRequest(null, Object(Config\Cache), false)
 9 SYSTEMPATH/Boot.php(325): CodeIgniter\CodeIgniter->run()
10 SYSTEMPATH/Boot.php(67): CodeIgniter\Boot::runCodeIgniter(Object(CodeIgniter\CodeIgniter))
11 FCPATH/index.php(56): CodeIgniter\Boot::bootWeb(Object(Config\Paths))
WARNING - 2025-03-18 15:32:47 --> [DEPRECATED] number_format(): Passing null to parameter #1 ($num) of type float is deprecated in APPPATH/Views/reporte/imprimir_valorado.php on line 96.
 1 APPPATH/Views/reporte/imprimir_valorado.php(96): number_format(null, 2, ',', '.')
 2 SYSTEMPATH/View/View.php(234): include('/home2/usoabumg/public_html/oruro.site/app/Views/reporte/imprimir_valorado.php')
 3 SYSTEMPATH/View/View.php(237): CodeIgniter\View\View->CodeIgniter\View\{closure}()
 4 SYSTEMPATH/Common.php(1171): CodeIgniter\View\View->render('reporte/imprimir_valorado', [], true)
 5 APPPATH/Controllers/Reporte.php(135): view('reporte/imprimir_valorado', [...])
 6 SYSTEMPATH/CodeIgniter.php(933): App\Controllers\Reporte->consolidado()
 7 SYSTEMPATH/CodeIgniter.php(509): CodeIgniter\CodeIgniter->runController(Object(App\Controllers\Reporte))
 8 SYSTEMPATH/CodeIgniter.php(355): CodeIgniter\CodeIgniter->handleRequest(null, Object(Config\Cache), false)
 9 SYSTEMPATH/Boot.php(325): CodeIgniter\CodeIgniter->run()
10 SYSTEMPATH/Boot.php(67): CodeIgniter\Boot::runCodeIgniter(Object(CodeIgniter\CodeIgniter))
11 FCPATH/index.php(56): CodeIgniter\Boot::bootWeb(Object(Config\Paths))
WARNING - 2025-03-18 15:32:47 --> [DEPRECATED] number_format(): Passing null to parameter #1 ($num) of type float is deprecated in APPPATH/Views/reporte/imprimir_valorado.php on line 99.
 1 APPPATH/Views/reporte/imprimir_valorado.php(99): number_format(null, 2, ',', '.')
 2 SYSTEMPATH/View/View.php(234): include('/home2/usoabumg/public_html/oruro.site/app/Views/reporte/imprimir_valorado.php')
 3 SYSTEMPATH/View/View.php(237): CodeIgniter\View\View->CodeIgniter\View\{closure}()
 4 SYSTEMPATH/Common.php(1171): CodeIgniter\View\View->render('reporte/imprimir_valorado', [], true)
 5 APPPATH/Controllers/Reporte.php(135): view('reporte/imprimir_valorado', [...])
 6 SYSTEMPATH/CodeIgniter.php(933): App\Controllers\Reporte->consolidado()
 7 SYSTEMPATH/CodeIgniter.php(509): CodeIgniter\CodeIgniter->runController(Object(App\Controllers\Reporte))
 8 SYSTEMPATH/CodeIgniter.php(355): CodeIgniter\CodeIgniter->handleRequest(null, Object(Config\Cache), false)
 9 SYSTEMPATH/Boot.php(325): CodeIgniter\CodeIgniter->run()
10 SYSTEMPATH/Boot.php(67): CodeIgniter\Boot::runCodeIgniter(Object(CodeIgniter\CodeIgniter))
11 FCPATH/index.php(56): CodeIgniter\Boot::bootWeb(Object(Config\Paths))
WARNING - 2025-03-18 15:32:47 --> [DEPRECATED] number_format(): Passing null to parameter #1 ($num) of type float is deprecated in APPPATH/Views/reporte/imprimir_valorado.php on line 96.
 1 APPPATH/Views/reporte/imprimir_valorado.php(96): number_format(null, 2, ',', '.')
 2 SYSTEMPATH/View/View.php(234): include('/home2/usoabumg/public_html/oruro.site/app/Views/reporte/imprimir_valorado.php')
 3 SYSTEMPATH/View/View.php(237): CodeIgniter\View\View->CodeIgniter\View\{closure}()
 4 SYSTEMPATH/Common.php(1171): CodeIgniter\View\View->render('reporte/imprimir_valorado', [], true)
 5 APPPATH/Controllers/Reporte.php(135): view('reporte/imprimir_valorado', [...])
 6 SYSTEMPATH/CodeIgniter.php(933): App\Controllers\Reporte->consolidado()
 7 SYSTEMPATH/CodeIgniter.php(509): CodeIgniter\CodeIgniter->runController(Object(App\Controllers\Reporte))
 8 SYSTEMPATH/CodeIgniter.php(355): CodeIgniter\CodeIgniter->handleRequest(null, Object(Config\Cache), false)
 9 SYSTEMPATH/Boot.php(325): CodeIgniter\CodeIgniter->run()
10 SYSTEMPATH/Boot.php(67): CodeIgniter\Boot::runCodeIgniter(Object(CodeIgniter\CodeIgniter))
11 FCPATH/index.php(56): CodeIgniter\Boot::bootWeb(Object(Config\Paths))
WARNING - 2025-03-18 15:32:47 --> [DEPRECATED] number_format(): Passing null to parameter #1 ($num) of type float is deprecated in APPPATH/Views/reporte/imprimir_valorado.php on line 99.
 1 APPPATH/Views/reporte/imprimir_valorado.php(99): number_format(null, 2, ',', '.')
 2 SYSTEMPATH/View/View.php(234): include('/home2/usoabumg/public_html/oruro.site/app/Views/reporte/imprimir_valorado.php')
 3 SYSTEMPATH/View/View.php(237): CodeIgniter\View\View->CodeIgniter\View\{closure}()
 4 SYSTEMPATH/Common.php(1171): CodeIgniter\View\View->render('reporte/imprimir_valorado', [], true)
 5 APPPATH/Controllers/Reporte.php(135): view('reporte/imprimir_valorado', [...])
 6 SYSTEMPATH/CodeIgniter.php(933): App\Controllers\Reporte->consolidado()
 7 SYSTEMPATH/CodeIgniter.php(509): CodeIgniter\CodeIgniter->runController(Object(App\Controllers\Reporte))
 8 SYSTEMPATH/CodeIgniter.php(355): CodeIgniter\CodeIgniter->handleRequest(null, Object(Config\Cache), false)
 9 SYSTEMPATH/Boot.php(325): CodeIgniter\CodeIgniter->run()
10 SYSTEMPATH/Boot.php(67): CodeIgniter\Boot::runCodeIgniter(Object(CodeIgniter\CodeIgniter))
11 FCPATH/index.php(56): CodeIgniter\Boot::bootWeb(Object(Config\Paths))
WARNING - 2025-03-18 15:32:47 --> [DEPRECATED] number_format(): Passing null to parameter #1 ($num) of type float is deprecated in APPPATH/Views/reporte/imprimir_valorado.php on line 96.
 1 APPPATH/Views/reporte/imprimir_valorado.php(96): number_format(null, 2, ',', '.')
 2 SYSTEMPATH/View/View.php(234): include('/home2/usoabumg/public_html/oruro.site/app/Views/reporte/imprimir_valorado.php')
 3 SYSTEMPATH/View/View.php(237): CodeIgniter\View\View->CodeIgniter\View\{closure}()
 4 SYSTEMPATH/Common.php(1171): CodeIgniter\View\View->render('reporte/imprimir_valorado', [], true)
 5 APPPATH/Controllers/Reporte.php(135): view('reporte/imprimir_valorado', [...])
 6 SYSTEMPATH/CodeIgniter.php(933): App\Controllers\Reporte->consolidado()
 7 SYSTEMPATH/CodeIgniter.php(509): CodeIgniter\CodeIgniter->runController(Object(App\Controllers\Reporte))
 8 SYSTEMPATH/CodeIgniter.php(355): CodeIgniter\CodeIgniter->handleRequest(null, Object(Config\Cache), false)
 9 SYSTEMPATH/Boot.php(325): CodeIgniter\CodeIgniter->run()
10 SYSTEMPATH/Boot.php(67): CodeIgniter\Boot::runCodeIgniter(Object(CodeIgniter\CodeIgniter))
11 FCPATH/index.php(56): CodeIgniter\Boot::bootWeb(Object(Config\Paths))
WARNING - 2025-03-18 15:32:47 --> [DEPRECATED] number_format(): Passing null to parameter #1 ($num) of type float is deprecated in APPPATH/Views/reporte/imprimir_valorado.php on line 99.
 1 APPPATH/Views/reporte/imprimir_valorado.php(99): number_format(null, 2, ',', '.')
 2 SYSTEMPATH/View/View.php(234): include('/home2/usoabumg/public_html/oruro.site/app/Views/reporte/imprimir_valorado.php')
 3 SYSTEMPATH/View/View.php(237): CodeIgniter\View\View->CodeIgniter\View\{closure}()
 4 SYSTEMPATH/Common.php(1171): CodeIgniter\View\View->render('reporte/imprimir_valorado', [], true)
 5 APPPATH/Controllers/Reporte.php(135): view('reporte/imprimir_valorado', [...])
 6 SYSTEMPATH/CodeIgniter.php(933): App\Controllers\Reporte->consolidado()
 7 SYSTEMPATH/CodeIgniter.php(509): CodeIgniter\CodeIgniter->runController(Object(App\Controllers\Reporte))
 8 SYSTEMPATH/CodeIgniter.php(355): CodeIgniter\CodeIgniter->handleRequest(null, Object(Config\Cache), false)
 9 SYSTEMPATH/Boot.php(325): CodeIgniter\CodeIgniter->run()
10 SYSTEMPATH/Boot.php(67): CodeIgniter\Boot::runCodeIgniter(Object(CodeIgniter\CodeIgniter))
11 FCPATH/index.php(56): CodeIgniter\Boot::bootWeb(Object(Config\Paths))
WARNING - 2025-03-18 15:32:47 --> [DEPRECATED] number_format(): Passing null to parameter #1 ($num) of type float is deprecated in APPPATH/Views/reporte/imprimir_valorado.php on line 96.
 1 APPPATH/Views/reporte/imprimir_valorado.php(96): number_format(null, 2, ',', '.')
 2 SYSTEMPATH/View/View.php(234): include('/home2/usoabumg/public_html/oruro.site/app/Views/reporte/imprimir_valorado.php')
 3 SYSTEMPATH/View/View.php(237): CodeIgniter\View\View->CodeIgniter\View\{closure}()
 4 SYSTEMPATH/Common.php(1171): CodeIgniter\View\View->render('reporte/imprimir_valorado', [], true)
 5 APPPATH/Controllers/Reporte.php(135): view('reporte/imprimir_valorado', [...])
 6 SYSTEMPATH/CodeIgniter.php(933): App\Controllers\Reporte->consolidado()
 7 SYSTEMPATH/CodeIgniter.php(509): CodeIgniter\CodeIgniter->runController(Object(App\Controllers\Reporte))
 8 SYSTEMPATH/CodeIgniter.php(355): CodeIgniter\CodeIgniter->handleRequest(null, Object(Config\Cache), false)
 9 SYSTEMPATH/Boot.php(325): CodeIgniter\CodeIgniter->run()
10 SYSTEMPATH/Boot.php(67): CodeIgniter\Boot::runCodeIgniter(Object(CodeIgniter\CodeIgniter))
11 FCPATH/index.php(56): CodeIgniter\Boot::bootWeb(Object(Config\Paths))
WARNING - 2025-03-18 15:32:47 --> [DEPRECATED] number_format(): Passing null to parameter #1 ($num) of type float is deprecated in APPPATH/Views/reporte/imprimir_valorado.php on line 99.
 1 APPPATH/Views/reporte/imprimir_valorado.php(99): number_format(null, 2, ',', '.')
 2 SYSTEMPATH/View/View.php(234): include('/home2/usoabumg/public_html/oruro.site/app/Views/reporte/imprimir_valorado.php')
 3 SYSTEMPATH/View/View.php(237): CodeIgniter\View\View->CodeIgniter\View\{closure}()
 4 SYSTEMPATH/Common.php(1171): CodeIgniter\View\View->render('reporte/imprimir_valorado', [], true)
 5 APPPATH/Controllers/Reporte.php(135): view('reporte/imprimir_valorado', [...])
 6 SYSTEMPATH/CodeIgniter.php(933): App\Controllers\Reporte->consolidado()
 7 SYSTEMPATH/CodeIgniter.php(509): CodeIgniter\CodeIgniter->runController(Object(App\Controllers\Reporte))
 8 SYSTEMPATH/CodeIgniter.php(355): CodeIgniter\CodeIgniter->handleRequest(null, Object(Config\Cache), false)
 9 SYSTEMPATH/Boot.php(325): CodeIgniter\CodeIgniter->run()
10 SYSTEMPATH/Boot.php(67): CodeIgniter\Boot::runCodeIgniter(Object(CodeIgniter\CodeIgniter))
11 FCPATH/index.php(56): CodeIgniter\Boot::bootWeb(Object(Config\Paths))
WARNING - 2025-03-18 15:32:47 --> [DEPRECATED] number_format(): Passing null to parameter #1 ($num) of type float is deprecated in APPPATH/Views/reporte/imprimir_valorado.php on line 96.
 1 APPPATH/Views/reporte/imprimir_valorado.php(96): number_format(null, 2, ',', '.')
 2 SYSTEMPATH/View/View.php(234): include('/home2/usoabumg/public_html/oruro.site/app/Views/reporte/imprimir_valorado.php')
 3 SYSTEMPATH/View/View.php(237): CodeIgniter\View\View->CodeIgniter\View\{closure}()
 4 SYSTEMPATH/Common.php(1171): CodeIgniter\View\View->render('reporte/imprimir_valorado', [], true)
 5 APPPATH/Controllers/Reporte.php(135): view('reporte/imprimir_valorado', [...])
 6 SYSTEMPATH/CodeIgniter.php(933): App\Controllers\Reporte->consolidado()
 7 SYSTEMPATH/CodeIgniter.php(509): CodeIgniter\CodeIgniter->runController(Object(App\Controllers\Reporte))
 8 SYSTEMPATH/CodeIgniter.php(355): CodeIgniter\CodeIgniter->handleRequest(null, Object(Config\Cache), false)
 9 SYSTEMPATH/Boot.php(325): CodeIgniter\CodeIgniter->run()
10 SYSTEMPATH/Boot.php(67): CodeIgniter\Boot::runCodeIgniter(Object(CodeIgniter\CodeIgniter))
11 FCPATH/index.php(56): CodeIgniter\Boot::bootWeb(Object(Config\Paths))
WARNING - 2025-03-18 15:32:47 --> [DEPRECATED] number_format(): Passing null to parameter #1 ($num) of type float is deprecated in APPPATH/Views/reporte/imprimir_valorado.php on line 99.
 1 APPPATH/Views/reporte/imprimir_valorado.php(99): number_format(null, 2, ',', '.')
 2 SYSTEMPATH/View/View.php(234): include('/home2/usoabumg/public_html/oruro.site/app/Views/reporte/imprimir_valorado.php')
 3 SYSTEMPATH/View/View.php(237): CodeIgniter\View\View->CodeIgniter\View\{closure}()
 4 SYSTEMPATH/Common.php(1171): CodeIgniter\View\View->render('reporte/imprimir_valorado', [], true)
 5 APPPATH/Controllers/Reporte.php(135): view('reporte/imprimir_valorado', [...])
 6 SYSTEMPATH/CodeIgniter.php(933): App\Controllers\Reporte->consolidado()
 7 SYSTEMPATH/CodeIgniter.php(509): CodeIgniter\CodeIgniter->runController(Object(App\Controllers\Reporte))
 8 SYSTEMPATH/CodeIgniter.php(355): CodeIgniter\CodeIgniter->handleRequest(null, Object(Config\Cache), false)
 9 SYSTEMPATH/Boot.php(325): CodeIgniter\CodeIgniter->run()
10 SYSTEMPATH/Boot.php(67): CodeIgniter\Boot::runCodeIgniter(Object(CodeIgniter\CodeIgniter))
11 FCPATH/index.php(56): CodeIgniter\Boot::bootWeb(Object(Config\Paths))
WARNING - 2025-03-18 15:32:47 --> [DEPRECATED] number_format(): Passing null to parameter #1 ($num) of type float is deprecated in APPPATH/Views/reporte/imprimir_valorado.php on line 96.
 1 APPPATH/Views/reporte/imprimir_valorado.php(96): number_format(null, 2, ',', '.')
 2 SYSTEMPATH/View/View.php(234): include('/home2/usoabumg/public_html/oruro.site/app/Views/reporte/imprimir_valorado.php')
 3 SYSTEMPATH/View/View.php(237): CodeIgniter\View\View->CodeIgniter\View\{closure}()
 4 SYSTEMPATH/Common.php(1171): CodeIgniter\View\View->render('reporte/imprimir_valorado', [], true)
 5 APPPATH/Controllers/Reporte.php(135): view('reporte/imprimir_valorado', [...])
 6 SYSTEMPATH/CodeIgniter.php(933): App\Controllers\Reporte->consolidado()
 7 SYSTEMPATH/CodeIgniter.php(509): CodeIgniter\CodeIgniter->runController(Object(App\Controllers\Reporte))
 8 SYSTEMPATH/CodeIgniter.php(355): CodeIgniter\CodeIgniter->handleRequest(null, Object(Config\Cache), false)
 9 SYSTEMPATH/Boot.php(325): CodeIgniter\CodeIgniter->run()
10 SYSTEMPATH/Boot.php(67): CodeIgniter\Boot::runCodeIgniter(Object(CodeIgniter\CodeIgniter))
11 FCPATH/index.php(56): CodeIgniter\Boot::bootWeb(Object(Config\Paths))
WARNING - 2025-03-18 15:32:47 --> [DEPRECATED] number_format(): Passing null to parameter #1 ($num) of type float is deprecated in APPPATH/Views/reporte/imprimir_valorado.php on line 99.
 1 APPPATH/Views/reporte/imprimir_valorado.php(99): number_format(null, 2, ',', '.')
 2 SYSTEMPATH/View/View.php(234): include('/home2/usoabumg/public_html/oruro.site/app/Views/reporte/imprimir_valorado.php')
 3 SYSTEMPATH/View/View.php(237): CodeIgniter\View\View->CodeIgniter\View\{closure}()
 4 SYSTEMPATH/Common.php(1171): CodeIgniter\View\View->render('reporte/imprimir_valorado', [], true)
 5 APPPATH/Controllers/Reporte.php(135): view('reporte/imprimir_valorado', [...])
 6 SYSTEMPATH/CodeIgniter.php(933): App\Controllers\Reporte->consolidado()
 7 SYSTEMPATH/CodeIgniter.php(509): CodeIgniter\CodeIgniter->runController(Object(App\Controllers\Reporte))
 8 SYSTEMPATH/CodeIgniter.php(355): CodeIgniter\CodeIgniter->handleRequest(null, Object(Config\Cache), false)
 9 SYSTEMPATH/Boot.php(325): CodeIgniter\CodeIgniter->run()
10 SYSTEMPATH/Boot.php(67): CodeIgniter\Boot::runCodeIgniter(Object(CodeIgniter\CodeIgniter))
11 FCPATH/index.php(56): CodeIgniter\Boot::bootWeb(Object(Config\Paths))
WARNING - 2025-03-18 15:32:47 --> [DEPRECATED] number_format(): Passing null to parameter #1 ($num) of type float is deprecated in APPPATH/Views/reporte/imprimir_valorado.php on line 96.
 1 APPPATH/Views/reporte/imprimir_valorado.php(96): number_format(null, 2, ',', '.')
 2 SYSTEMPATH/View/View.php(234): include('/home2/usoabumg/public_html/oruro.site/app/Views/reporte/imprimir_valorado.php')
 3 SYSTEMPATH/View/View.php(237): CodeIgniter\View\View->CodeIgniter\View\{closure}()
 4 SYSTEMPATH/Common.php(1171): CodeIgniter\View\View->render('reporte/imprimir_valorado', [], true)
 5 APPPATH/Controllers/Reporte.php(135): view('reporte/imprimir_valorado', [...])
 6 SYSTEMPATH/CodeIgniter.php(933): App\Controllers\Reporte->consolidado()
 7 SYSTEMPATH/CodeIgniter.php(509): CodeIgniter\CodeIgniter->runController(Object(App\Controllers\Reporte))
 8 SYSTEMPATH/CodeIgniter.php(355): CodeIgniter\CodeIgniter->handleRequest(null, Object(Config\Cache), false)
 9 SYSTEMPATH/Boot.php(325): CodeIgniter\CodeIgniter->run()
10 SYSTEMPATH/Boot.php(67): CodeIgniter\Boot::runCodeIgniter(Object(CodeIgniter\CodeIgniter))
11 FCPATH/index.php(56): CodeIgniter\Boot::bootWeb(Object(Config\Paths))
WARNING - 2025-03-18 15:32:47 --> [DEPRECATED] number_format(): Passing null to parameter #1 ($num) of type float is deprecated in APPPATH/Views/reporte/imprimir_valorado.php on line 99.
 1 APPPATH/Views/reporte/imprimir_valorado.php(99): number_format(null, 2, ',', '.')
 2 SYSTEMPATH/View/View.php(234): include('/home2/usoabumg/public_html/oruro.site/app/Views/reporte/imprimir_valorado.php')
 3 SYSTEMPATH/View/View.php(237): CodeIgniter\View\View->CodeIgniter\View\{closure}()
 4 SYSTEMPATH/Common.php(1171): CodeIgniter\View\View->render('reporte/imprimir_valorado', [], true)
 5 APPPATH/Controllers/Reporte.php(135): view('reporte/imprimir_valorado', [...])
 6 SYSTEMPATH/CodeIgniter.php(933): App\Controllers\Reporte->consolidado()
 7 SYSTEMPATH/CodeIgniter.php(509): CodeIgniter\CodeIgniter->runController(Object(App\Controllers\Reporte))
 8 SYSTEMPATH/CodeIgniter.php(355): CodeIgniter\CodeIgniter->handleRequest(null, Object(Config\Cache), false)
 9 SYSTEMPATH/Boot.php(325): CodeIgniter\CodeIgniter->run()
10 SYSTEMPATH/Boot.php(67): CodeIgniter\Boot::runCodeIgniter(Object(CodeIgniter\CodeIgniter))
11 FCPATH/index.php(56): CodeIgniter\Boot::bootWeb(Object(Config\Paths))
WARNING - 2025-03-18 15:32:47 --> [DEPRECATED] number_format(): Passing null to parameter #1 ($num) of type float is deprecated in APPPATH/Views/reporte/imprimir_valorado.php on line 96.
 1 APPPATH/Views/reporte/imprimir_valorado.php(96): number_format(null, 2, ',', '.')
 2 SYSTEMPATH/View/View.php(234): include('/home2/usoabumg/public_html/oruro.site/app/Views/reporte/imprimir_valorado.php')
 3 SYSTEMPATH/View/View.php(237): CodeIgniter\View\View->CodeIgniter\View\{closure}()
 4 SYSTEMPATH/Common.php(1171): CodeIgniter\View\View->render('reporte/imprimir_valorado', [], true)
 5 APPPATH/Controllers/Reporte.php(135): view('reporte/imprimir_valorado', [...])
 6 SYSTEMPATH/CodeIgniter.php(933): App\Controllers\Reporte->consolidado()
 7 SYSTEMPATH/CodeIgniter.php(509): CodeIgniter\CodeIgniter->runController(Object(App\Controllers\Reporte))
 8 SYSTEMPATH/CodeIgniter.php(355): CodeIgniter\CodeIgniter->handleRequest(null, Object(Config\Cache), false)
 9 SYSTEMPATH/Boot.php(325): CodeIgniter\CodeIgniter->run()
10 SYSTEMPATH/Boot.php(67): CodeIgniter\Boot::runCodeIgniter(Object(CodeIgniter\CodeIgniter))
11 FCPATH/index.php(56): CodeIgniter\Boot::bootWeb(Object(Config\Paths))
WARNING - 2025-03-18 15:32:47 --> [DEPRECATED] number_format(): Passing null to parameter #1 ($num) of type float is deprecated in APPPATH/Views/reporte/imprimir_valorado.php on line 99.
 1 APPPATH/Views/reporte/imprimir_valorado.php(99): number_format(null, 2, ',', '.')
 2 SYSTEMPATH/View/View.php(234): include('/home2/usoabumg/public_html/oruro.site/app/Views/reporte/imprimir_valorado.php')
 3 SYSTEMPATH/View/View.php(237): CodeIgniter\View\View->CodeIgniter\View\{closure}()
 4 SYSTEMPATH/Common.php(1171): CodeIgniter\View\View->render('reporte/imprimir_valorado', [], true)
 5 APPPATH/Controllers/Reporte.php(135): view('reporte/imprimir_valorado', [...])
 6 SYSTEMPATH/CodeIgniter.php(933): App\Controllers\Reporte->consolidado()
 7 SYSTEMPATH/CodeIgniter.php(509): CodeIgniter\CodeIgniter->runController(Object(App\Controllers\Reporte))
 8 SYSTEMPATH/CodeIgniter.php(355): CodeIgniter\CodeIgniter->handleRequest(null, Object(Config\Cache), false)
 9 SYSTEMPATH/Boot.php(325): CodeIgniter\CodeIgniter->run()
10 SYSTEMPATH/Boot.php(67): CodeIgniter\Boot::runCodeIgniter(Object(CodeIgniter\CodeIgniter))
11 FCPATH/index.php(56): CodeIgniter\Boot::bootWeb(Object(Config\Paths))
WARNING - 2025-03-18 15:32:47 --> [DEPRECATED] number_format(): Passing null to parameter #1 ($num) of type float is deprecated in APPPATH/Views/reporte/imprimir_valorado.php on line 96.
 1 APPPATH/Views/reporte/imprimir_valorado.php(96): number_format(null, 2, ',', '.')
 2 SYSTEMPATH/View/View.php(234): include('/home2/usoabumg/public_html/oruro.site/app/Views/reporte/imprimir_valorado.php')
 3 SYSTEMPATH/View/View.php(237): CodeIgniter\View\View->CodeIgniter\View\{closure}()
 4 SYSTEMPATH/Common.php(1171): CodeIgniter\View\View->render('reporte/imprimir_valorado', [], true)
 5 APPPATH/Controllers/Reporte.php(135): view('reporte/imprimir_valorado', [...])
 6 SYSTEMPATH/CodeIgniter.php(933): App\Controllers\Reporte->consolidado()
 7 SYSTEMPATH/CodeIgniter.php(509): CodeIgniter\CodeIgniter->runController(Object(App\Controllers\Reporte))
 8 SYSTEMPATH/CodeIgniter.php(355): CodeIgniter\CodeIgniter->handleRequest(null, Object(Config\Cache), false)
 9 SYSTEMPATH/Boot.php(325): CodeIgniter\CodeIgniter->run()
10 SYSTEMPATH/Boot.php(67): CodeIgniter\Boot::runCodeIgniter(Object(CodeIgniter\CodeIgniter))
11 FCPATH/index.php(56): CodeIgniter\Boot::bootWeb(Object(Config\Paths))
WARNING - 2025-03-18 15:32:47 --> [DEPRECATED] number_format(): Passing null to parameter #1 ($num) of type float is deprecated in APPPATH/Views/reporte/imprimir_valorado.php on line 99.
 1 APPPATH/Views/reporte/imprimir_valorado.php(99): number_format(null, 2, ',', '.')
 2 SYSTEMPATH/View/View.php(234): include('/home2/usoabumg/public_html/oruro.site/app/Views/reporte/imprimir_valorado.php')
 3 SYSTEMPATH/View/View.php(237): CodeIgniter\View\View->CodeIgniter\View\{closure}()
 4 SYSTEMPATH/Common.php(1171): CodeIgniter\View\View->render('reporte/imprimir_valorado', [], true)
 5 APPPATH/Controllers/Reporte.php(135): view('reporte/imprimir_valorado', [...])
 6 SYSTEMPATH/CodeIgniter.php(933): App\Controllers\Reporte->consolidado()
 7 SYSTEMPATH/CodeIgniter.php(509): CodeIgniter\CodeIgniter->runController(Object(App\Controllers\Reporte))
 8 SYSTEMPATH/CodeIgniter.php(355): CodeIgniter\CodeIgniter->handleRequest(null, Object(Config\Cache), false)
 9 SYSTEMPATH/Boot.php(325): CodeIgniter\CodeIgniter->run()
10 SYSTEMPATH/Boot.php(67): CodeIgniter\Boot::runCodeIgniter(Object(CodeIgniter\CodeIgniter))
11 FCPATH/index.php(56): CodeIgniter\Boot::bootWeb(Object(Config\Paths))
WARNING - 2025-03-18 15:32:47 --> [DEPRECATED] number_format(): Passing null to parameter #1 ($num) of type float is deprecated in APPPATH/Views/reporte/imprimir_valorado.php on line 96.
 1 APPPATH/Views/reporte/imprimir_valorado.php(96): number_format(null, 2, ',', '.')
 2 SYSTEMPATH/View/View.php(234): include('/home2/usoabumg/public_html/oruro.site/app/Views/reporte/imprimir_valorado.php')
 3 SYSTEMPATH/View/View.php(237): CodeIgniter\View\View->CodeIgniter\View\{closure}()
 4 SYSTEMPATH/Common.php(1171): CodeIgniter\View\View->render('reporte/imprimir_valorado', [], true)
 5 APPPATH/Controllers/Reporte.php(135): view('reporte/imprimir_valorado', [...])
 6 SYSTEMPATH/CodeIgniter.php(933): App\Controllers\Reporte->consolidado()
 7 SYSTEMPATH/CodeIgniter.php(509): CodeIgniter\CodeIgniter->runController(Object(App\Controllers\Reporte))
 8 SYSTEMPATH/CodeIgniter.php(355): CodeIgniter\CodeIgniter->handleRequest(null, Object(Config\Cache), false)
 9 SYSTEMPATH/Boot.php(325): CodeIgniter\CodeIgniter->run()
10 SYSTEMPATH/Boot.php(67): CodeIgniter\Boot::runCodeIgniter(Object(CodeIgniter\CodeIgniter))
11 FCPATH/index.php(56): CodeIgniter\Boot::bootWeb(Object(Config\Paths))
WARNING - 2025-03-18 15:32:47 --> [DEPRECATED] number_format(): Passing null to parameter #1 ($num) of type float is deprecated in APPPATH/Views/reporte/imprimir_valorado.php on line 99.
 1 APPPATH/Views/reporte/imprimir_valorado.php(99): number_format(null, 2, ',', '.')
 2 SYSTEMPATH/View/View.php(234): include('/home2/usoabumg/public_html/oruro.site/app/Views/reporte/imprimir_valorado.php')
 3 SYSTEMPATH/View/View.php(237): CodeIgniter\View\View->CodeIgniter\View\{closure}()
 4 SYSTEMPATH/Common.php(1171): CodeIgniter\View\View->render('reporte/imprimir_valorado', [], true)
 5 APPPATH/Controllers/Reporte.php(135): view('reporte/imprimir_valorado', [...])
 6 SYSTEMPATH/CodeIgniter.php(933): App\Controllers\Reporte->consolidado()
 7 SYSTEMPATH/CodeIgniter.php(509): CodeIgniter\CodeIgniter->runController(Object(App\Controllers\Reporte))
 8 SYSTEMPATH/CodeIgniter.php(355): CodeIgniter\CodeIgniter->handleRequest(null, Object(Config\Cache), false)
 9 SYSTEMPATH/Boot.php(325): CodeIgniter\CodeIgniter->run()
10 SYSTEMPATH/Boot.php(67): CodeIgniter\Boot::runCodeIgniter(Object(CodeIgniter\CodeIgniter))
11 FCPATH/index.php(56): CodeIgniter\Boot::bootWeb(Object(Config\Paths))
WARNING - 2025-03-18 15:32:47 --> [DEPRECATED] number_format(): Passing null to parameter #1 ($num) of type float is deprecated in APPPATH/Views/reporte/imprimir_valorado.php on line 96.
 1 APPPATH/Views/reporte/imprimir_valorado.php(96): number_format(null, 2, ',', '.')
 2 SYSTEMPATH/View/View.php(234): include('/home2/usoabumg/public_html/oruro.site/app/Views/reporte/imprimir_valorado.php')
 3 SYSTEMPATH/View/View.php(237): CodeIgniter\View\View->CodeIgniter\View\{closure}()
 4 SYSTEMPATH/Common.php(1171): CodeIgniter\View\View->render('reporte/imprimir_valorado', [], true)
 5 APPPATH/Controllers/Reporte.php(135): view('reporte/imprimir_valorado', [...])
 6 SYSTEMPATH/CodeIgniter.php(933): App\Controllers\Reporte->consolidado()
 7 SYSTEMPATH/CodeIgniter.php(509): CodeIgniter\CodeIgniter->runController(Object(App\Controllers\Reporte))
 8 SYSTEMPATH/CodeIgniter.php(355): CodeIgniter\CodeIgniter->handleRequest(null, Object(Config\Cache), false)
 9 SYSTEMPATH/Boot.php(325): CodeIgniter\CodeIgniter->run()
10 SYSTEMPATH/Boot.php(67): CodeIgniter\Boot::runCodeIgniter(Object(CodeIgniter\CodeIgniter))
11 FCPATH/index.php(56): CodeIgniter\Boot::bootWeb(Object(Config\Paths))
WARNING - 2025-03-18 15:32:47 --> [DEPRECATED] number_format(): Passing null to parameter #1 ($num) of type float is deprecated in APPPATH/Views/reporte/imprimir_valorado.php on line 99.
 1 APPPATH/Views/reporte/imprimir_valorado.php(99): number_format(null, 2, ',', '.')
 2 SYSTEMPATH/View/View.php(234): include('/home2/usoabumg/public_html/oruro.site/app/Views/reporte/imprimir_valorado.php')
 3 SYSTEMPATH/View/View.php(237): CodeIgniter\View\View->CodeIgniter\View\{closure}()
 4 SYSTEMPATH/Common.php(1171): CodeIgniter\View\View->render('reporte/imprimir_valorado', [], true)
 5 APPPATH/Controllers/Reporte.php(135): view('reporte/imprimir_valorado', [...])
 6 SYSTEMPATH/CodeIgniter.php(933): App\Controllers\Reporte->consolidado()
 7 SYSTEMPATH/CodeIgniter.php(509): CodeIgniter\CodeIgniter->runController(Object(App\Controllers\Reporte))
 8 SYSTEMPATH/CodeIgniter.php(355): CodeIgniter\CodeIgniter->handleRequest(null, Object(Config\Cache), false)
 9 SYSTEMPATH/Boot.php(325): CodeIgniter\CodeIgniter->run()
10 SYSTEMPATH/Boot.php(67): CodeIgniter\Boot::runCodeIgniter(Object(CodeIgniter\CodeIgniter))
11 FCPATH/index.php(56): CodeIgniter\Boot::bootWeb(Object(Config\Paths))
WARNING - 2025-03-18 15:32:47 --> [DEPRECATED] number_format(): Passing null to parameter #1 ($num) of type float is deprecated in APPPATH/Views/reporte/imprimir_valorado.php on line 96.
 1 APPPATH/Views/reporte/imprimir_valorado.php(96): number_format(null, 2, ',', '.')
 2 SYSTEMPATH/View/View.php(234): include('/home2/usoabumg/public_html/oruro.site/app/Views/reporte/imprimir_valorado.php')
 3 SYSTEMPATH/View/View.php(237): CodeIgniter\View\View->CodeIgniter\View\{closure}()
 4 SYSTEMPATH/Common.php(1171): CodeIgniter\View\View->render('reporte/imprimir_valorado', [], true)
 5 APPPATH/Controllers/Reporte.php(135): view('reporte/imprimir_valorado', [...])
 6 SYSTEMPATH/CodeIgniter.php(933): App\Controllers\Reporte->consolidado()
 7 SYSTEMPATH/CodeIgniter.php(509): CodeIgniter\CodeIgniter->runController(Object(App\Controllers\Reporte))
 8 SYSTEMPATH/CodeIgniter.php(355): CodeIgniter\CodeIgniter->handleRequest(null, Object(Config\Cache), false)
 9 SYSTEMPATH/Boot.php(325): CodeIgniter\CodeIgniter->run()
10 SYSTEMPATH/Boot.php(67): CodeIgniter\Boot::runCodeIgniter(Object(CodeIgniter\CodeIgniter))
11 FCPATH/index.php(56): CodeIgniter\Boot::bootWeb(Object(Config\Paths))
WARNING - 2025-03-18 15:32:47 --> [DEPRECATED] number_format(): Passing null to parameter #1 ($num) of type float is deprecated in APPPATH/Views/reporte/imprimir_valorado.php on line 99.
 1 APPPATH/Views/reporte/imprimir_valorado.php(99): number_format(null, 2, ',', '.')
 2 SYSTEMPATH/View/View.php(234): include('/home2/usoabumg/public_html/oruro.site/app/Views/reporte/imprimir_valorado.php')
 3 SYSTEMPATH/View/View.php(237): CodeIgniter\View\View->CodeIgniter\View\{closure}()
 4 SYSTEMPATH/Common.php(1171): CodeIgniter\View\View->render('reporte/imprimir_valorado', [], true)
 5 APPPATH/Controllers/Reporte.php(135): view('reporte/imprimir_valorado', [...])
 6 SYSTEMPATH/CodeIgniter.php(933): App\Controllers\Reporte->consolidado()
 7 SYSTEMPATH/CodeIgniter.php(509): CodeIgniter\CodeIgniter->runController(Object(App\Controllers\Reporte))
 8 SYSTEMPATH/CodeIgniter.php(355): CodeIgniter\CodeIgniter->handleRequest(null, Object(Config\Cache), false)
 9 SYSTEMPATH/Boot.php(325): CodeIgniter\CodeIgniter->run()
10 SYSTEMPATH/Boot.php(67): CodeIgniter\Boot::runCodeIgniter(Object(CodeIgniter\CodeIgniter))
11 FCPATH/index.php(56): CodeIgniter\Boot::bootWeb(Object(Config\Paths))
WARNING - 2025-03-18 15:32:47 --> [DEPRECATED] number_format(): Passing null to parameter #1 ($num) of type float is deprecated in APPPATH/Views/reporte/imprimir_valorado.php on line 96.
 1 APPPATH/Views/reporte/imprimir_valorado.php(96): number_format(null, 2, ',', '.')
 2 SYSTEMPATH/View/View.php(234): include('/home2/usoabumg/public_html/oruro.site/app/Views/reporte/imprimir_valorado.php')
 3 SYSTEMPATH/View/View.php(237): CodeIgniter\View\View->CodeIgniter\View\{closure}()
 4 SYSTEMPATH/Common.php(1171): CodeIgniter\View\View->render('reporte/imprimir_valorado', [], true)
 5 APPPATH/Controllers/Reporte.php(135): view('reporte/imprimir_valorado', [...])
 6 SYSTEMPATH/CodeIgniter.php(933): App\Controllers\Reporte->consolidado()
 7 SYSTEMPATH/CodeIgniter.php(509): CodeIgniter\CodeIgniter->runController(Object(App\Controllers\Reporte))
 8 SYSTEMPATH/CodeIgniter.php(355): CodeIgniter\CodeIgniter->handleRequest(null, Object(Config\Cache), false)
 9 SYSTEMPATH/Boot.php(325): CodeIgniter\CodeIgniter->run()
10 SYSTEMPATH/Boot.php(67): CodeIgniter\Boot::runCodeIgniter(Object(CodeIgniter\CodeIgniter))
11 FCPATH/index.php(56): CodeIgniter\Boot::bootWeb(Object(Config\Paths))
WARNING - 2025-03-18 15:32:47 --> [DEPRECATED] number_format(): Passing null to parameter #1 ($num) of type float is deprecated in APPPATH/Views/reporte/imprimir_valorado.php on line 99.
 1 APPPATH/Views/reporte/imprimir_valorado.php(99): number_format(null, 2, ',', '.')
 2 SYSTEMPATH/View/View.php(234): include('/home2/usoabumg/public_html/oruro.site/app/Views/reporte/imprimir_valorado.php')
 3 SYSTEMPATH/View/View.php(237): CodeIgniter\View\View->CodeIgniter\View\{closure}()
 4 SYSTEMPATH/Common.php(1171): CodeIgniter\View\View->render('reporte/imprimir_valorado', [], true)
 5 APPPATH/Controllers/Reporte.php(135): view('reporte/imprimir_valorado', [...])
 6 SYSTEMPATH/CodeIgniter.php(933): App\Controllers\Reporte->consolidado()
 7 SYSTEMPATH/CodeIgniter.php(509): CodeIgniter\CodeIgniter->runController(Object(App\Controllers\Reporte))
 8 SYSTEMPATH/CodeIgniter.php(355): CodeIgniter\CodeIgniter->handleRequest(null, Object(Config\Cache), false)
 9 SYSTEMPATH/Boot.php(325): CodeIgniter\CodeIgniter->run()
10 SYSTEMPATH/Boot.php(67): CodeIgniter\Boot::runCodeIgniter(Object(CodeIgniter\CodeIgniter))
11 FCPATH/index.php(56): CodeIgniter\Boot::bootWeb(Object(Config\Paths))
WARNING - 2025-03-18 15:32:47 --> [DEPRECATED] number_format(): Passing null to parameter #1 ($num) of type float is deprecated in APPPATH/Views/reporte/imprimir_valorado.php on line 96.
 1 APPPATH/Views/reporte/imprimir_valorado.php(96): number_format(null, 2, ',', '.')
 2 SYSTEMPATH/View/View.php(234): include('/home2/usoabumg/public_html/oruro.site/app/Views/reporte/imprimir_valorado.php')
 3 SYSTEMPATH/View/View.php(237): CodeIgniter\View\View->CodeIgniter\View\{closure}()
 4 SYSTEMPATH/Common.php(1171): CodeIgniter\View\View->render('reporte/imprimir_valorado', [], true)
 5 APPPATH/Controllers/Reporte.php(135): view('reporte/imprimir_valorado', [...])
 6 SYSTEMPATH/CodeIgniter.php(933): App\Controllers\Reporte->consolidado()
 7 SYSTEMPATH/CodeIgniter.php(509): CodeIgniter\CodeIgniter->runController(Object(App\Controllers\Reporte))
 8 SYSTEMPATH/CodeIgniter.php(355): CodeIgniter\CodeIgniter->handleRequest(null, Object(Config\Cache), false)
 9 SYSTEMPATH/Boot.php(325): CodeIgniter\CodeIgniter->run()
10 SYSTEMPATH/Boot.php(67): CodeIgniter\Boot::runCodeIgniter(Object(CodeIgniter\CodeIgniter))
11 FCPATH/index.php(56): CodeIgniter\Boot::bootWeb(Object(Config\Paths))
WARNING - 2025-03-18 15:32:47 --> [DEPRECATED] number_format(): Passing null to parameter #1 ($num) of type float is deprecated in APPPATH/Views/reporte/imprimir_valorado.php on line 99.
 1 APPPATH/Views/reporte/imprimir_valorado.php(99): number_format(null, 2, ',', '.')
 2 SYSTEMPATH/View/View.php(234): include('/home2/usoabumg/public_html/oruro.site/app/Views/reporte/imprimir_valorado.php')
 3 SYSTEMPATH/View/View.php(237): CodeIgniter\View\View->CodeIgniter\View\{closure}()
 4 SYSTEMPATH/Common.php(1171): CodeIgniter\View\View->render('reporte/imprimir_valorado', [], true)
 5 APPPATH/Controllers/Reporte.php(135): view('reporte/imprimir_valorado', [...])
 6 SYSTEMPATH/CodeIgniter.php(933): App\Controllers\Reporte->consolidado()
 7 SYSTEMPATH/CodeIgniter.php(509): CodeIgniter\CodeIgniter->runController(Object(App\Controllers\Reporte))
 8 SYSTEMPATH/CodeIgniter.php(355): CodeIgniter\CodeIgniter->handleRequest(null, Object(Config\Cache), false)
 9 SYSTEMPATH/Boot.php(325): CodeIgniter\CodeIgniter->run()
10 SYSTEMPATH/Boot.php(67): CodeIgniter\Boot::runCodeIgniter(Object(CodeIgniter\CodeIgniter))
11 FCPATH/index.php(56): CodeIgniter\Boot::bootWeb(Object(Config\Paths))
WARNING - 2025-03-18 15:32:47 --> [DEPRECATED] number_format(): Passing null to parameter #1 ($num) of type float is deprecated in APPPATH/Views/reporte/imprimir_valorado.php on line 96.
 1 APPPATH/Views/reporte/imprimir_valorado.php(96): number_format(null, 2, ',', '.')
 2 SYSTEMPATH/View/View.php(234): include('/home2/usoabumg/public_html/oruro.site/app/Views/reporte/imprimir_valorado.php')
 3 SYSTEMPATH/View/View.php(237): CodeIgniter\View\View->CodeIgniter\View\{closure}()
 4 SYSTEMPATH/Common.php(1171): CodeIgniter\View\View->render('reporte/imprimir_valorado', [], true)
 5 APPPATH/Controllers/Reporte.php(135): view('reporte/imprimir_valorado', [...])
 6 SYSTEMPATH/CodeIgniter.php(933): App\Controllers\Reporte->consolidado()
 7 SYSTEMPATH/CodeIgniter.php(509): CodeIgniter\CodeIgniter->runController(Object(App\Controllers\Reporte))
 8 SYSTEMPATH/CodeIgniter.php(355): CodeIgniter\CodeIgniter->handleRequest(null, Object(Config\Cache), false)
 9 SYSTEMPATH/Boot.php(325): CodeIgniter\CodeIgniter->run()
10 SYSTEMPATH/Boot.php(67): CodeIgniter\Boot::runCodeIgniter(Object(CodeIgniter\CodeIgniter))
11 FCPATH/index.php(56): CodeIgniter\Boot::bootWeb(Object(Config\Paths))
WARNING - 2025-03-18 15:32:47 --> [DEPRECATED] number_format(): Passing null to parameter #1 ($num) of type float is deprecated in APPPATH/Views/reporte/imprimir_valorado.php on line 99.
 1 APPPATH/Views/reporte/imprimir_valorado.php(99): number_format(null, 2, ',', '.')
 2 SYSTEMPATH/View/View.php(234): include('/home2/usoabumg/public_html/oruro.site/app/Views/reporte/imprimir_valorado.php')
 3 SYSTEMPATH/View/View.php(237): CodeIgniter\View\View->CodeIgniter\View\{closure}()
 4 SYSTEMPATH/Common.php(1171): CodeIgniter\View\View->render('reporte/imprimir_valorado', [], true)
 5 APPPATH/Controllers/Reporte.php(135): view('reporte/imprimir_valorado', [...])
 6 SYSTEMPATH/CodeIgniter.php(933): App\Controllers\Reporte->consolidado()
 7 SYSTEMPATH/CodeIgniter.php(509): CodeIgniter\CodeIgniter->runController(Object(App\Controllers\Reporte))
 8 SYSTEMPATH/CodeIgniter.php(355): CodeIgniter\CodeIgniter->handleRequest(null, Object(Config\Cache), false)
 9 SYSTEMPATH/Boot.php(325): CodeIgniter\CodeIgniter->run()
10 SYSTEMPATH/Boot.php(67): CodeIgniter\Boot::runCodeIgniter(Object(CodeIgniter\CodeIgniter))
11 FCPATH/index.php(56): CodeIgniter\Boot::bootWeb(Object(Config\Paths))
WARNING - 2025-03-18 15:32:47 --> [DEPRECATED] number_format(): Passing null to parameter #1 ($num) of type float is deprecated in APPPATH/Views/reporte/imprimir_valorado.php on line 96.
 1 APPPATH/Views/reporte/imprimir_valorado.php(96): number_format(null, 2, ',', '.')
 2 SYSTEMPATH/View/View.php(234): include('/home2/usoabumg/public_html/oruro.site/app/Views/reporte/imprimir_valorado.php')
 3 SYSTEMPATH/View/View.php(237): CodeIgniter\View\View->CodeIgniter\View\{closure}()
 4 SYSTEMPATH/Common.php(1171): CodeIgniter\View\View->render('reporte/imprimir_valorado', [], true)
 5 APPPATH/Controllers/Reporte.php(135): view('reporte/imprimir_valorado', [...])
 6 SYSTEMPATH/CodeIgniter.php(933): App\Controllers\Reporte->consolidado()
 7 SYSTEMPATH/CodeIgniter.php(509): CodeIgniter\CodeIgniter->runController(Object(App\Controllers\Reporte))
 8 SYSTEMPATH/CodeIgniter.php(355): CodeIgniter\CodeIgniter->handleRequest(null, Object(Config\Cache), false)
 9 SYSTEMPATH/Boot.php(325): CodeIgniter\CodeIgniter->run()
10 SYSTEMPATH/Boot.php(67): CodeIgniter\Boot::runCodeIgniter(Object(CodeIgniter\CodeIgniter))
11 FCPATH/index.php(56): CodeIgniter\Boot::bootWeb(Object(Config\Paths))
WARNING - 2025-03-18 15:32:47 --> [DEPRECATED] number_format(): Passing null to parameter #1 ($num) of type float is deprecated in APPPATH/Views/reporte/imprimir_valorado.php on line 99.
 1 APPPATH/Views/reporte/imprimir_valorado.php(99): number_format(null, 2, ',', '.')
 2 SYSTEMPATH/View/View.php(234): include('/home2/usoabumg/public_html/oruro.site/app/Views/reporte/imprimir_valorado.php')
 3 SYSTEMPATH/View/View.php(237): CodeIgniter\View\View->CodeIgniter\View\{closure}()
 4 SYSTEMPATH/Common.php(1171): CodeIgniter\View\View->render('reporte/imprimir_valorado', [], true)
 5 APPPATH/Controllers/Reporte.php(135): view('reporte/imprimir_valorado', [...])
 6 SYSTEMPATH/CodeIgniter.php(933): App\Controllers\Reporte->consolidado()
 7 SYSTEMPATH/CodeIgniter.php(509): CodeIgniter\CodeIgniter->runController(Object(App\Controllers\Reporte))
 8 SYSTEMPATH/CodeIgniter.php(355): CodeIgniter\CodeIgniter->handleRequest(null, Object(Config\Cache), false)
 9 SYSTEMPATH/Boot.php(325): CodeIgniter\CodeIgniter->run()
10 SYSTEMPATH/Boot.php(67): CodeIgniter\Boot::runCodeIgniter(Object(CodeIgniter\CodeIgniter))
11 FCPATH/index.php(56): CodeIgniter\Boot::bootWeb(Object(Config\Paths))
WARNING - 2025-03-18 15:32:47 --> [DEPRECATED] number_format(): Passing null to parameter #1 ($num) of type float is deprecated in APPPATH/Views/reporte/imprimir_valorado.php on line 96.
 1 APPPATH/Views/reporte/imprimir_valorado.php(96): number_format(null, 2, ',', '.')
 2 SYSTEMPATH/View/View.php(234): include('/home2/usoabumg/public_html/oruro.site/app/Views/reporte/imprimir_valorado.php')
 3 SYSTEMPATH/View/View.php(237): CodeIgniter\View\View->CodeIgniter\View\{closure}()
 4 SYSTEMPATH/Common.php(1171): CodeIgniter\View\View->render('reporte/imprimir_valorado', [], true)
 5 APPPATH/Controllers/Reporte.php(135): view('reporte/imprimir_valorado', [...])
 6 SYSTEMPATH/CodeIgniter.php(933): App\Controllers\Reporte->consolidado()
 7 SYSTEMPATH/CodeIgniter.php(509): CodeIgniter\CodeIgniter->runController(Object(App\Controllers\Reporte))
 8 SYSTEMPATH/CodeIgniter.php(355): CodeIgniter\CodeIgniter->handleRequest(null, Object(Config\Cache), false)
 9 SYSTEMPATH/Boot.php(325): CodeIgniter\CodeIgniter->run()
10 SYSTEMPATH/Boot.php(67): CodeIgniter\Boot::runCodeIgniter(Object(CodeIgniter\CodeIgniter))
11 FCPATH/index.php(56): CodeIgniter\Boot::bootWeb(Object(Config\Paths))
WARNING - 2025-03-18 15:32:47 --> [DEPRECATED] number_format(): Passing null to parameter #1 ($num) of type float is deprecated in APPPATH/Views/reporte/imprimir_valorado.php on line 99.
 1 APPPATH/Views/reporte/imprimir_valorado.php(99): number_format(null, 2, ',', '.')
 2 SYSTEMPATH/View/View.php(234): include('/home2/usoabumg/public_html/oruro.site/app/Views/reporte/imprimir_valorado.php')
 3 SYSTEMPATH/View/View.php(237): CodeIgniter\View\View->CodeIgniter\View\{closure}()
 4 SYSTEMPATH/Common.php(1171): CodeIgniter\View\View->render('reporte/imprimir_valorado', [], true)
 5 APPPATH/Controllers/Reporte.php(135): view('reporte/imprimir_valorado', [...])
 6 SYSTEMPATH/CodeIgniter.php(933): App\Controllers\Reporte->consolidado()
 7 SYSTEMPATH/CodeIgniter.php(509): CodeIgniter\CodeIgniter->runController(Object(App\Controllers\Reporte))
 8 SYSTEMPATH/CodeIgniter.php(355): CodeIgniter\CodeIgniter->handleRequest(null, Object(Config\Cache), false)
 9 SYSTEMPATH/Boot.php(325): CodeIgniter\CodeIgniter->run()
10 SYSTEMPATH/Boot.php(67): CodeIgniter\Boot::runCodeIgniter(Object(CodeIgniter\CodeIgniter))
11 FCPATH/index.php(56): CodeIgniter\Boot::bootWeb(Object(Config\Paths))
WARNING - 2025-03-18 15:32:47 --> [DEPRECATED] number_format(): Passing null to parameter #1 ($num) of type float is deprecated in APPPATH/Views/reporte/imprimir_valorado.php on line 96.
 1 APPPATH/Views/reporte/imprimir_valorado.php(96): number_format(null, 2, ',', '.')
 2 SYSTEMPATH/View/View.php(234): include('/home2/usoabumg/public_html/oruro.site/app/Views/reporte/imprimir_valorado.php')
 3 SYSTEMPATH/View/View.php(237): CodeIgniter\View\View->CodeIgniter\View\{closure}()
 4 SYSTEMPATH/Common.php(1171): CodeIgniter\View\View->render('reporte/imprimir_valorado', [], true)
 5 APPPATH/Controllers/Reporte.php(135): view('reporte/imprimir_valorado', [...])
 6 SYSTEMPATH/CodeIgniter.php(933): App\Controllers\Reporte->consolidado()
 7 SYSTEMPATH/CodeIgniter.php(509): CodeIgniter\CodeIgniter->runController(Object(App\Controllers\Reporte))
 8 SYSTEMPATH/CodeIgniter.php(355): CodeIgniter\CodeIgniter->handleRequest(null, Object(Config\Cache), false)
 9 SYSTEMPATH/Boot.php(325): CodeIgniter\CodeIgniter->run()
10 SYSTEMPATH/Boot.php(67): CodeIgniter\Boot::runCodeIgniter(Object(CodeIgniter\CodeIgniter))
11 FCPATH/index.php(56): CodeIgniter\Boot::bootWeb(Object(Config\Paths))
WARNING - 2025-03-18 15:32:47 --> [DEPRECATED] number_format(): Passing null to parameter #1 ($num) of type float is deprecated in APPPATH/Views/reporte/imprimir_valorado.php on line 99.
 1 APPPATH/Views/reporte/imprimir_valorado.php(99): number_format(null, 2, ',', '.')
 2 SYSTEMPATH/View/View.php(234): include('/home2/usoabumg/public_html/oruro.site/app/Views/reporte/imprimir_valorado.php')
 3 SYSTEMPATH/View/View.php(237): CodeIgniter\View\View->CodeIgniter\View\{closure}()
 4 SYSTEMPATH/Common.php(1171): CodeIgniter\View\View->render('reporte/imprimir_valorado', [], true)
 5 APPPATH/Controllers/Reporte.php(135): view('reporte/imprimir_valorado', [...])
 6 SYSTEMPATH/CodeIgniter.php(933): App\Controllers\Reporte->consolidado()
 7 SYSTEMPATH/CodeIgniter.php(509): CodeIgniter\CodeIgniter->runController(Object(App\Controllers\Reporte))
 8 SYSTEMPATH/CodeIgniter.php(355): CodeIgniter\CodeIgniter->handleRequest(null, Object(Config\Cache), false)
 9 SYSTEMPATH/Boot.php(325): CodeIgniter\CodeIgniter->run()
10 SYSTEMPATH/Boot.php(67): CodeIgniter\Boot::runCodeIgniter(Object(CodeIgniter\CodeIgniter))
11 FCPATH/index.php(56): CodeIgniter\Boot::bootWeb(Object(Config\Paths))
WARNING - 2025-03-18 15:32:47 --> [DEPRECATED] number_format(): Passing null to parameter #1 ($num) of type float is deprecated in APPPATH/Views/reporte/imprimir_valorado.php on line 96.
 1 APPPATH/Views/reporte/imprimir_valorado.php(96): number_format(null, 2, ',', '.')
 2 SYSTEMPATH/View/View.php(234): include('/home2/usoabumg/public_html/oruro.site/app/Views/reporte/imprimir_valorado.php')
 3 SYSTEMPATH/View/View.php(237): CodeIgniter\View\View->CodeIgniter\View\{closure}()
 4 SYSTEMPATH/Common.php(1171): CodeIgniter\View\View->render('reporte/imprimir_valorado', [], true)
 5 APPPATH/Controllers/Reporte.php(135): view('reporte/imprimir_valorado', [...])
 6 SYSTEMPATH/CodeIgniter.php(933): App\Controllers\Reporte->consolidado()
 7 SYSTEMPATH/CodeIgniter.php(509): CodeIgniter\CodeIgniter->runController(Object(App\Controllers\Reporte))
 8 SYSTEMPATH/CodeIgniter.php(355): CodeIgniter\CodeIgniter->handleRequest(null, Object(Config\Cache), false)
 9 SYSTEMPATH/Boot.php(325): CodeIgniter\CodeIgniter->run()
10 SYSTEMPATH/Boot.php(67): CodeIgniter\Boot::runCodeIgniter(Object(CodeIgniter\CodeIgniter))
11 FCPATH/index.php(56): CodeIgniter\Boot::bootWeb(Object(Config\Paths))
WARNING - 2025-03-18 15:32:47 --> [DEPRECATED] number_format(): Passing null to parameter #1 ($num) of type float is deprecated in APPPATH/Views/reporte/imprimir_valorado.php on line 99.
 1 APPPATH/Views/reporte/imprimir_valorado.php(99): number_format(null, 2, ',', '.')
 2 SYSTEMPATH/View/View.php(234): include('/home2/usoabumg/public_html/oruro.site/app/Views/reporte/imprimir_valorado.php')
 3 SYSTEMPATH/View/View.php(237): CodeIgniter\View\View->CodeIgniter\View\{closure}()
 4 SYSTEMPATH/Common.php(1171): CodeIgniter\View\View->render('reporte/imprimir_valorado', [], true)
 5 APPPATH/Controllers/Reporte.php(135): view('reporte/imprimir_valorado', [...])
 6 SYSTEMPATH/CodeIgniter.php(933): App\Controllers\Reporte->consolidado()
 7 SYSTEMPATH/CodeIgniter.php(509): CodeIgniter\CodeIgniter->runController(Object(App\Controllers\Reporte))
 8 SYSTEMPATH/CodeIgniter.php(355): CodeIgniter\CodeIgniter->handleRequest(null, Object(Config\Cache), false)
 9 SYSTEMPATH/Boot.php(325): CodeIgniter\CodeIgniter->run()
10 SYSTEMPATH/Boot.php(67): CodeIgniter\Boot::runCodeIgniter(Object(CodeIgniter\CodeIgniter))
11 FCPATH/index.php(56): CodeIgniter\Boot::bootWeb(Object(Config\Paths))
WARNING - 2025-03-18 15:32:47 --> [DEPRECATED] number_format(): Passing null to parameter #1 ($num) of type float is deprecated in APPPATH/Views/reporte/imprimir_valorado.php on line 96.
 1 APPPATH/Views/reporte/imprimir_valorado.php(96): number_format(null, 2, ',', '.')
 2 SYSTEMPATH/View/View.php(234): include('/home2/usoabumg/public_html/oruro.site/app/Views/reporte/imprimir_valorado.php')
 3 SYSTEMPATH/View/View.php(237): CodeIgniter\View\View->CodeIgniter\View\{closure}()
 4 SYSTEMPATH/Common.php(1171): CodeIgniter\View\View->render('reporte/imprimir_valorado', [], true)
 5 APPPATH/Controllers/Reporte.php(135): view('reporte/imprimir_valorado', [...])
 6 SYSTEMPATH/CodeIgniter.php(933): App\Controllers\Reporte->consolidado()
 7 SYSTEMPATH/CodeIgniter.php(509): CodeIgniter\CodeIgniter->runController(Object(App\Controllers\Reporte))
 8 SYSTEMPATH/CodeIgniter.php(355): CodeIgniter\CodeIgniter->handleRequest(null, Object(Config\Cache), false)
 9 SYSTEMPATH/Boot.php(325): CodeIgniter\CodeIgniter->run()
10 SYSTEMPATH/Boot.php(67): CodeIgniter\Boot::runCodeIgniter(Object(CodeIgniter\CodeIgniter))
11 FCPATH/index.php(56): CodeIgniter\Boot::bootWeb(Object(Config\Paths))
WARNING - 2025-03-18 15:32:47 --> [DEPRECATED] number_format(): Passing null to parameter #1 ($num) of type float is deprecated in APPPATH/Views/reporte/imprimir_valorado.php on line 99.
 1 APPPATH/Views/reporte/imprimir_valorado.php(99): number_format(null, 2, ',', '.')
 2 SYSTEMPATH/View/View.php(234): include('/home2/usoabumg/public_html/oruro.site/app/Views/reporte/imprimir_valorado.php')
 3 SYSTEMPATH/View/View.php(237): CodeIgniter\View\View->CodeIgniter\View\{closure}()
 4 SYSTEMPATH/Common.php(1171): CodeIgniter\View\View->render('reporte/imprimir_valorado', [], true)
 5 APPPATH/Controllers/Reporte.php(135): view('reporte/imprimir_valorado', [...])
 6 SYSTEMPATH/CodeIgniter.php(933): App\Controllers\Reporte->consolidado()
 7 SYSTEMPATH/CodeIgniter.php(509): CodeIgniter\CodeIgniter->runController(Object(App\Controllers\Reporte))
 8 SYSTEMPATH/CodeIgniter.php(355): CodeIgniter\CodeIgniter->handleRequest(null, Object(Config\Cache), false)
 9 SYSTEMPATH/Boot.php(325): CodeIgniter\CodeIgniter->run()
10 SYSTEMPATH/Boot.php(67): CodeIgniter\Boot::runCodeIgniter(Object(CodeIgniter\CodeIgniter))
11 FCPATH/index.php(56): CodeIgniter\Boot::bootWeb(Object(Config\Paths))
WARNING - 2025-03-18 15:32:47 --> [DEPRECATED] number_format(): Passing null to parameter #1 ($num) of type float is deprecated in APPPATH/Views/reporte/imprimir_valorado.php on line 96.
 1 APPPATH/Views/reporte/imprimir_valorado.php(96): number_format(null, 2, ',', '.')
 2 SYSTEMPATH/View/View.php(234): include('/home2/usoabumg/public_html/oruro.site/app/Views/reporte/imprimir_valorado.php')
 3 SYSTEMPATH/View/View.php(237): CodeIgniter\View\View->CodeIgniter\View\{closure}()
 4 SYSTEMPATH/Common.php(1171): CodeIgniter\View\View->render('reporte/imprimir_valorado', [], true)
 5 APPPATH/Controllers/Reporte.php(135): view('reporte/imprimir_valorado', [...])
 6 SYSTEMPATH/CodeIgniter.php(933): App\Controllers\Reporte->consolidado()
 7 SYSTEMPATH/CodeIgniter.php(509): CodeIgniter\CodeIgniter->runController(Object(App\Controllers\Reporte))
 8 SYSTEMPATH/CodeIgniter.php(355): CodeIgniter\CodeIgniter->handleRequest(null, Object(Config\Cache), false)
 9 SYSTEMPATH/Boot.php(325): CodeIgniter\CodeIgniter->run()
10 SYSTEMPATH/Boot.php(67): CodeIgniter\Boot::runCodeIgniter(Object(CodeIgniter\CodeIgniter))
11 FCPATH/index.php(56): CodeIgniter\Boot::bootWeb(Object(Config\Paths))
WARNING - 2025-03-18 15:32:47 --> [DEPRECATED] number_format(): Passing null to parameter #1 ($num) of type float is deprecated in APPPATH/Views/reporte/imprimir_valorado.php on line 99.
 1 APPPATH/Views/reporte/imprimir_valorado.php(99): number_format(null, 2, ',', '.')
 2 SYSTEMPATH/View/View.php(234): include('/home2/usoabumg/public_html/oruro.site/app/Views/reporte/imprimir_valorado.php')
 3 SYSTEMPATH/View/View.php(237): CodeIgniter\View\View->CodeIgniter\View\{closure}()
 4 SYSTEMPATH/Common.php(1171): CodeIgniter\View\View->render('reporte/imprimir_valorado', [], true)
 5 APPPATH/Controllers/Reporte.php(135): view('reporte/imprimir_valorado', [...])
 6 SYSTEMPATH/CodeIgniter.php(933): App\Controllers\Reporte->consolidado()
 7 SYSTEMPATH/CodeIgniter.php(509): CodeIgniter\CodeIgniter->runController(Object(App\Controllers\Reporte))
 8 SYSTEMPATH/CodeIgniter.php(355): CodeIgniter\CodeIgniter->handleRequest(null, Object(Config\Cache), false)
 9 SYSTEMPATH/Boot.php(325): CodeIgniter\CodeIgniter->run()
10 SYSTEMPATH/Boot.php(67): CodeIgniter\Boot::runCodeIgniter(Object(CodeIgniter\CodeIgniter))
11 FCPATH/index.php(56): CodeIgniter\Boot::bootWeb(Object(Config\Paths))
WARNING - 2025-03-18 15:32:47 --> [DEPRECATED] number_format(): Passing null to parameter #1 ($num) of type float is deprecated in APPPATH/Views/reporte/imprimir_valorado.php on line 96.
 1 APPPATH/Views/reporte/imprimir_valorado.php(96): number_format(null, 2, ',', '.')
 2 SYSTEMPATH/View/View.php(234): include('/home2/usoabumg/public_html/oruro.site/app/Views/reporte/imprimir_valorado.php')
 3 SYSTEMPATH/View/View.php(237): CodeIgniter\View\View->CodeIgniter\View\{closure}()
 4 SYSTEMPATH/Common.php(1171): CodeIgniter\View\View->render('reporte/imprimir_valorado', [], true)
 5 APPPATH/Controllers/Reporte.php(135): view('reporte/imprimir_valorado', [...])
 6 SYSTEMPATH/CodeIgniter.php(933): App\Controllers\Reporte->consolidado()
 7 SYSTEMPATH/CodeIgniter.php(509): CodeIgniter\CodeIgniter->runController(Object(App\Controllers\Reporte))
 8 SYSTEMPATH/CodeIgniter.php(355): CodeIgniter\CodeIgniter->handleRequest(null, Object(Config\Cache), false)
 9 SYSTEMPATH/Boot.php(325): CodeIgniter\CodeIgniter->run()
10 SYSTEMPATH/Boot.php(67): CodeIgniter\Boot::runCodeIgniter(Object(CodeIgniter\CodeIgniter))
11 FCPATH/index.php(56): CodeIgniter\Boot::bootWeb(Object(Config\Paths))
WARNING - 2025-03-18 15:32:47 --> [DEPRECATED] number_format(): Passing null to parameter #1 ($num) of type float is deprecated in APPPATH/Views/reporte/imprimir_valorado.php on line 99.
 1 APPPATH/Views/reporte/imprimir_valorado.php(99): number_format(null, 2, ',', '.')
 2 SYSTEMPATH/View/View.php(234): include('/home2/usoabumg/public_html/oruro.site/app/Views/reporte/imprimir_valorado.php')
 3 SYSTEMPATH/View/View.php(237): CodeIgniter\View\View->CodeIgniter\View\{closure}()
 4 SYSTEMPATH/Common.php(1171): CodeIgniter\View\View->render('reporte/imprimir_valorado', [], true)
 5 APPPATH/Controllers/Reporte.php(135): view('reporte/imprimir_valorado', [...])
 6 SYSTEMPATH/CodeIgniter.php(933): App\Controllers\Reporte->consolidado()
 7 SYSTEMPATH/CodeIgniter.php(509): CodeIgniter\CodeIgniter->runController(Object(App\Controllers\Reporte))
 8 SYSTEMPATH/CodeIgniter.php(355): CodeIgniter\CodeIgniter->handleRequest(null, Object(Config\Cache), false)
 9 SYSTEMPATH/Boot.php(325): CodeIgniter\CodeIgniter->run()
10 SYSTEMPATH/Boot.php(67): CodeIgniter\Boot::runCodeIgniter(Object(CodeIgniter\CodeIgniter))
11 FCPATH/index.php(56): CodeIgniter\Boot::bootWeb(Object(Config\Paths))
WARNING - 2025-03-18 15:32:47 --> [DEPRECATED] number_format(): Passing null to parameter #1 ($num) of type float is deprecated in APPPATH/Views/reporte/imprimir_valorado.php on line 96.
 1 APPPATH/Views/reporte/imprimir_valorado.php(96): number_format(null, 2, ',', '.')
 2 SYSTEMPATH/View/View.php(234): include('/home2/usoabumg/public_html/oruro.site/app/Views/reporte/imprimir_valorado.php')
 3 SYSTEMPATH/View/View.php(237): CodeIgniter\View\View->CodeIgniter\View\{closure}()
 4 SYSTEMPATH/Common.php(1171): CodeIgniter\View\View->render('reporte/imprimir_valorado', [], true)
 5 APPPATH/Controllers/Reporte.php(135): view('reporte/imprimir_valorado', [...])
 6 SYSTEMPATH/CodeIgniter.php(933): App\Controllers\Reporte->consolidado()
 7 SYSTEMPATH/CodeIgniter.php(509): CodeIgniter\CodeIgniter->runController(Object(App\Controllers\Reporte))
 8 SYSTEMPATH/CodeIgniter.php(355): CodeIgniter\CodeIgniter->handleRequest(null, Object(Config\Cache), false)
 9 SYSTEMPATH/Boot.php(325): CodeIgniter\CodeIgniter->run()
10 SYSTEMPATH/Boot.php(67): CodeIgniter\Boot::runCodeIgniter(Object(CodeIgniter\CodeIgniter))
11 FCPATH/index.php(56): CodeIgniter\Boot::bootWeb(Object(Config\Paths))
WARNING - 2025-03-18 15:32:47 --> [DEPRECATED] number_format(): Passing null to parameter #1 ($num) of type float is deprecated in APPPATH/Views/reporte/imprimir_valorado.php on line 99.
 1 APPPATH/Views/reporte/imprimir_valorado.php(99): number_format(null, 2, ',', '.')
 2 SYSTEMPATH/View/View.php(234): include('/home2/usoabumg/public_html/oruro.site/app/Views/reporte/imprimir_valorado.php')
 3 SYSTEMPATH/View/View.php(237): CodeIgniter\View\View->CodeIgniter\View\{closure}()
 4 SYSTEMPATH/Common.php(1171): CodeIgniter\View\View->render('reporte/imprimir_valorado', [], true)
 5 APPPATH/Controllers/Reporte.php(135): view('reporte/imprimir_valorado', [...])
 6 SYSTEMPATH/CodeIgniter.php(933): App\Controllers\Reporte->consolidado()
 7 SYSTEMPATH/CodeIgniter.php(509): CodeIgniter\CodeIgniter->runController(Object(App\Controllers\Reporte))
 8 SYSTEMPATH/CodeIgniter.php(355): CodeIgniter\CodeIgniter->handleRequest(null, Object(Config\Cache), false)
 9 SYSTEMPATH/Boot.php(325): CodeIgniter\CodeIgniter->run()
10 SYSTEMPATH/Boot.php(67): CodeIgniter\Boot::runCodeIgniter(Object(CodeIgniter\CodeIgniter))
11 FCPATH/index.php(56): CodeIgniter\Boot::bootWeb(Object(Config\Paths))
WARNING - 2025-03-18 15:32:47 --> [DEPRECATED] number_format(): Passing null to parameter #1 ($num) of type float is deprecated in APPPATH/Views/reporte/imprimir_valorado.php on line 96.
 1 APPPATH/Views/reporte/imprimir_valorado.php(96): number_format(null, 2, ',', '.')
 2 SYSTEMPATH/View/View.php(234): include('/home2/usoabumg/public_html/oruro.site/app/Views/reporte/imprimir_valorado.php')
 3 SYSTEMPATH/View/View.php(237): CodeIgniter\View\View->CodeIgniter\View\{closure}()
 4 SYSTEMPATH/Common.php(1171): CodeIgniter\View\View->render('reporte/imprimir_valorado', [], true)
 5 APPPATH/Controllers/Reporte.php(135): view('reporte/imprimir_valorado', [...])
 6 SYSTEMPATH/CodeIgniter.php(933): App\Controllers\Reporte->consolidado()
 7 SYSTEMPATH/CodeIgniter.php(509): CodeIgniter\CodeIgniter->runController(Object(App\Controllers\Reporte))
 8 SYSTEMPATH/CodeIgniter.php(355): CodeIgniter\CodeIgniter->handleRequest(null, Object(Config\Cache), false)
 9 SYSTEMPATH/Boot.php(325): CodeIgniter\CodeIgniter->run()
10 SYSTEMPATH/Boot.php(67): CodeIgniter\Boot::runCodeIgniter(Object(CodeIgniter\CodeIgniter))
11 FCPATH/index.php(56): CodeIgniter\Boot::bootWeb(Object(Config\Paths))
WARNING - 2025-03-18 15:32:47 --> [DEPRECATED] number_format(): Passing null to parameter #1 ($num) of type float is deprecated in APPPATH/Views/reporte/imprimir_valorado.php on line 99.
 1 APPPATH/Views/reporte/imprimir_valorado.php(99): number_format(null, 2, ',', '.')
 2 SYSTEMPATH/View/View.php(234): include('/home2/usoabumg/public_html/oruro.site/app/Views/reporte/imprimir_valorado.php')
 3 SYSTEMPATH/View/View.php(237): CodeIgniter\View\View->CodeIgniter\View\{closure}()
 4 SYSTEMPATH/Common.php(1171): CodeIgniter\View\View->render('reporte/imprimir_valorado', [], true)
 5 APPPATH/Controllers/Reporte.php(135): view('reporte/imprimir_valorado', [...])
 6 SYSTEMPATH/CodeIgniter.php(933): App\Controllers\Reporte->consolidado()
 7 SYSTEMPATH/CodeIgniter.php(509): CodeIgniter\CodeIgniter->runController(Object(App\Controllers\Reporte))
 8 SYSTEMPATH/CodeIgniter.php(355): CodeIgniter\CodeIgniter->handleRequest(null, Object(Config\Cache), false)
 9 SYSTEMPATH/Boot.php(325): CodeIgniter\CodeIgniter->run()
10 SYSTEMPATH/Boot.php(67): CodeIgniter\Boot::runCodeIgniter(Object(CodeIgniter\CodeIgniter))
11 FCPATH/index.php(56): CodeIgniter\Boot::bootWeb(Object(Config\Paths))
WARNING - 2025-03-18 15:32:47 --> [DEPRECATED] number_format(): Passing null to parameter #1 ($num) of type float is deprecated in APPPATH/Views/reporte/imprimir_valorado.php on line 96.
 1 APPPATH/Views/reporte/imprimir_valorado.php(96): number_format(null, 2, ',', '.')
 2 SYSTEMPATH/View/View.php(234): include('/home2/usoabumg/public_html/oruro.site/app/Views/reporte/imprimir_valorado.php')
 3 SYSTEMPATH/View/View.php(237): CodeIgniter\View\View->CodeIgniter\View\{closure}()
 4 SYSTEMPATH/Common.php(1171): CodeIgniter\View\View->render('reporte/imprimir_valorado', [], true)
 5 APPPATH/Controllers/Reporte.php(135): view('reporte/imprimir_valorado', [...])
 6 SYSTEMPATH/CodeIgniter.php(933): App\Controllers\Reporte->consolidado()
 7 SYSTEMPATH/CodeIgniter.php(509): CodeIgniter\CodeIgniter->runController(Object(App\Controllers\Reporte))
 8 SYSTEMPATH/CodeIgniter.php(355): CodeIgniter\CodeIgniter->handleRequest(null, Object(Config\Cache), false)
 9 SYSTEMPATH/Boot.php(325): CodeIgniter\CodeIgniter->run()
10 SYSTEMPATH/Boot.php(67): CodeIgniter\Boot::runCodeIgniter(Object(CodeIgniter\CodeIgniter))
11 FCPATH/index.php(56): CodeIgniter\Boot::bootWeb(Object(Config\Paths))
WARNING - 2025-03-18 15:32:47 --> [DEPRECATED] number_format(): Passing null to parameter #1 ($num) of type float is deprecated in APPPATH/Views/reporte/imprimir_valorado.php on line 99.
 1 APPPATH/Views/reporte/imprimir_valorado.php(99): number_format(null, 2, ',', '.')
 2 SYSTEMPATH/View/View.php(234): include('/home2/usoabumg/public_html/oruro.site/app/Views/reporte/imprimir_valorado.php')
 3 SYSTEMPATH/View/View.php(237): CodeIgniter\View\View->CodeIgniter\View\{closure}()
 4 SYSTEMPATH/Common.php(1171): CodeIgniter\View\View->render('reporte/imprimir_valorado', [], true)
 5 APPPATH/Controllers/Reporte.php(135): view('reporte/imprimir_valorado', [...])
 6 SYSTEMPATH/CodeIgniter.php(933): App\Controllers\Reporte->consolidado()
 7 SYSTEMPATH/CodeIgniter.php(509): CodeIgniter\CodeIgniter->runController(Object(App\Controllers\Reporte))
 8 SYSTEMPATH/CodeIgniter.php(355): CodeIgniter\CodeIgniter->handleRequest(null, Object(Config\Cache), false)
 9 SYSTEMPATH/Boot.php(325): CodeIgniter\CodeIgniter->run()
10 SYSTEMPATH/Boot.php(67): CodeIgniter\Boot::runCodeIgniter(Object(CodeIgniter\CodeIgniter))
11 FCPATH/index.php(56): CodeIgniter\Boot::bootWeb(Object(Config\Paths))
WARNING - 2025-03-18 15:32:47 --> [DEPRECATED] number_format(): Passing null to parameter #1 ($num) of type float is deprecated in APPPATH/Views/reporte/imprimir_valorado.php on line 96.
 1 APPPATH/Views/reporte/imprimir_valorado.php(96): number_format(null, 2, ',', '.')
 2 SYSTEMPATH/View/View.php(234): include('/home2/usoabumg/public_html/oruro.site/app/Views/reporte/imprimir_valorado.php')
 3 SYSTEMPATH/View/View.php(237): CodeIgniter\View\View->CodeIgniter\View\{closure}()
 4 SYSTEMPATH/Common.php(1171): CodeIgniter\View\View->render('reporte/imprimir_valorado', [], true)
 5 APPPATH/Controllers/Reporte.php(135): view('reporte/imprimir_valorado', [...])
 6 SYSTEMPATH/CodeIgniter.php(933): App\Controllers\Reporte->consolidado()
 7 SYSTEMPATH/CodeIgniter.php(509): CodeIgniter\CodeIgniter->runController(Object(App\Controllers\Reporte))
 8 SYSTEMPATH/CodeIgniter.php(355): CodeIgniter\CodeIgniter->handleRequest(null, Object(Config\Cache), false)
 9 SYSTEMPATH/Boot.php(325): CodeIgniter\CodeIgniter->run()
10 SYSTEMPATH/Boot.php(67): CodeIgniter\Boot::runCodeIgniter(Object(CodeIgniter\CodeIgniter))
11 FCPATH/index.php(56): CodeIgniter\Boot::bootWeb(Object(Config\Paths))
WARNING - 2025-03-18 15:32:47 --> [DEPRECATED] number_format(): Passing null to parameter #1 ($num) of type float is deprecated in APPPATH/Views/reporte/imprimir_valorado.php on line 99.
 1 APPPATH/Views/reporte/imprimir_valorado.php(99): number_format(null, 2, ',', '.')
 2 SYSTEMPATH/View/View.php(234): include('/home2/usoabumg/public_html/oruro.site/app/Views/reporte/imprimir_valorado.php')
 3 SYSTEMPATH/View/View.php(237): CodeIgniter\View\View->CodeIgniter\View\{closure}()
 4 SYSTEMPATH/Common.php(1171): CodeIgniter\View\View->render('reporte/imprimir_valorado', [], true)
 5 APPPATH/Controllers/Reporte.php(135): view('reporte/imprimir_valorado', [...])
 6 SYSTEMPATH/CodeIgniter.php(933): App\Controllers\Reporte->consolidado()
 7 SYSTEMPATH/CodeIgniter.php(509): CodeIgniter\CodeIgniter->runController(Object(App\Controllers\Reporte))
 8 SYSTEMPATH/CodeIgniter.php(355): CodeIgniter\CodeIgniter->handleRequest(null, Object(Config\Cache), false)
 9 SYSTEMPATH/Boot.php(325): CodeIgniter\CodeIgniter->run()
10 SYSTEMPATH/Boot.php(67): CodeIgniter\Boot::runCodeIgniter(Object(CodeIgniter\CodeIgniter))
11 FCPATH/index.php(56): CodeIgniter\Boot::bootWeb(Object(Config\Paths))
WARNING - 2025-03-18 15:32:47 --> [DEPRECATED] number_format(): Passing null to parameter #1 ($num) of type float is deprecated in APPPATH/Views/reporte/imprimir_valorado.php on line 96.
 1 APPPATH/Views/reporte/imprimir_valorado.php(96): number_format(null, 2, ',', '.')
 2 SYSTEMPATH/View/View.php(234): include('/home2/usoabumg/public_html/oruro.site/app/Views/reporte/imprimir_valorado.php')
 3 SYSTEMPATH/View/View.php(237): CodeIgniter\View\View->CodeIgniter\View\{closure}()
 4 SYSTEMPATH/Common.php(1171): CodeIgniter\View\View->render('reporte/imprimir_valorado', [], true)
 5 APPPATH/Controllers/Reporte.php(135): view('reporte/imprimir_valorado', [...])
 6 SYSTEMPATH/CodeIgniter.php(933): App\Controllers\Reporte->consolidado()
 7 SYSTEMPATH/CodeIgniter.php(509): CodeIgniter\CodeIgniter->runController(Object(App\Controllers\Reporte))
 8 SYSTEMPATH/CodeIgniter.php(355): CodeIgniter\CodeIgniter->handleRequest(null, Object(Config\Cache), false)
 9 SYSTEMPATH/Boot.php(325): CodeIgniter\CodeIgniter->run()
10 SYSTEMPATH/Boot.php(67): CodeIgniter\Boot::runCodeIgniter(Object(CodeIgniter\CodeIgniter))
11 FCPATH/index.php(56): CodeIgniter\Boot::bootWeb(Object(Config\Paths))
WARNING - 2025-03-18 15:32:47 --> [DEPRECATED] number_format(): Passing null to parameter #1 ($num) of type float is deprecated in APPPATH/Views/reporte/imprimir_valorado.php on line 99.
 1 APPPATH/Views/reporte/imprimir_valorado.php(99): number_format(null, 2, ',', '.')
 2 SYSTEMPATH/View/View.php(234): include('/home2/usoabumg/public_html/oruro.site/app/Views/reporte/imprimir_valorado.php')
 3 SYSTEMPATH/View/View.php(237): CodeIgniter\View\View->CodeIgniter\View\{closure}()
 4 SYSTEMPATH/Common.php(1171): CodeIgniter\View\View->render('reporte/imprimir_valorado', [], true)
 5 APPPATH/Controllers/Reporte.php(135): view('reporte/imprimir_valorado', [...])
 6 SYSTEMPATH/CodeIgniter.php(933): App\Controllers\Reporte->consolidado()
 7 SYSTEMPATH/CodeIgniter.php(509): CodeIgniter\CodeIgniter->runController(Object(App\Controllers\Reporte))
 8 SYSTEMPATH/CodeIgniter.php(355): CodeIgniter\CodeIgniter->handleRequest(null, Object(Config\Cache), false)
 9 SYSTEMPATH/Boot.php(325): CodeIgniter\CodeIgniter->run()
10 SYSTEMPATH/Boot.php(67): CodeIgniter\Boot::runCodeIgniter(Object(CodeIgniter\CodeIgniter))
11 FCPATH/index.php(56): CodeIgniter\Boot::bootWeb(Object(Config\Paths))
WARNING - 2025-03-18 15:32:47 --> [DEPRECATED] number_format(): Passing null to parameter #1 ($num) of type float is deprecated in APPPATH/Views/reporte/imprimir_valorado.php on line 96.
 1 APPPATH/Views/reporte/imprimir_valorado.php(96): number_format(null, 2, ',', '.')
 2 SYSTEMPATH/View/View.php(234): include('/home2/usoabumg/public_html/oruro.site/app/Views/reporte/imprimir_valorado.php')
 3 SYSTEMPATH/View/View.php(237): CodeIgniter\View\View->CodeIgniter\View\{closure}()
 4 SYSTEMPATH/Common.php(1171): CodeIgniter\View\View->render('reporte/imprimir_valorado', [], true)
 5 APPPATH/Controllers/Reporte.php(135): view('reporte/imprimir_valorado', [...])
 6 SYSTEMPATH/CodeIgniter.php(933): App\Controllers\Reporte->consolidado()
 7 SYSTEMPATH/CodeIgniter.php(509): CodeIgniter\CodeIgniter->runController(Object(App\Controllers\Reporte))
 8 SYSTEMPATH/CodeIgniter.php(355): CodeIgniter\CodeIgniter->handleRequest(null, Object(Config\Cache), false)
 9 SYSTEMPATH/Boot.php(325): CodeIgniter\CodeIgniter->run()
10 SYSTEMPATH/Boot.php(67): CodeIgniter\Boot::runCodeIgniter(Object(CodeIgniter\CodeIgniter))
11 FCPATH/index.php(56): CodeIgniter\Boot::bootWeb(Object(Config\Paths))
WARNING - 2025-03-18 15:32:47 --> [DEPRECATED] number_format(): Passing null to parameter #1 ($num) of type float is deprecated in APPPATH/Views/reporte/imprimir_valorado.php on line 99.
 1 APPPATH/Views/reporte/imprimir_valorado.php(99): number_format(null, 2, ',', '.')
 2 SYSTEMPATH/View/View.php(234): include('/home2/usoabumg/public_html/oruro.site/app/Views/reporte/imprimir_valorado.php')
 3 SYSTEMPATH/View/View.php(237): CodeIgniter\View\View->CodeIgniter\View\{closure}()
 4 SYSTEMPATH/Common.php(1171): CodeIgniter\View\View->render('reporte/imprimir_valorado', [], true)
 5 APPPATH/Controllers/Reporte.php(135): view('reporte/imprimir_valorado', [...])
 6 SYSTEMPATH/CodeIgniter.php(933): App\Controllers\Reporte->consolidado()
 7 SYSTEMPATH/CodeIgniter.php(509): CodeIgniter\CodeIgniter->runController(Object(App\Controllers\Reporte))
 8 SYSTEMPATH/CodeIgniter.php(355): CodeIgniter\CodeIgniter->handleRequest(null, Object(Config\Cache), false)
 9 SYSTEMPATH/Boot.php(325): CodeIgniter\CodeIgniter->run()
10 SYSTEMPATH/Boot.php(67): CodeIgniter\Boot::runCodeIgniter(Object(CodeIgniter\CodeIgniter))
11 FCPATH/index.php(56): CodeIgniter\Boot::bootWeb(Object(Config\Paths))
WARNING - 2025-03-18 15:32:47 --> [DEPRECATED] number_format(): Passing null to parameter #1 ($num) of type float is deprecated in APPPATH/Views/reporte/imprimir_valorado.php on line 96.
 1 APPPATH/Views/reporte/imprimir_valorado.php(96): number_format(null, 2, ',', '.')
 2 SYSTEMPATH/View/View.php(234): include('/home2/usoabumg/public_html/oruro.site/app/Views/reporte/imprimir_valorado.php')
 3 SYSTEMPATH/View/View.php(237): CodeIgniter\View\View->CodeIgniter\View\{closure}()
 4 SYSTEMPATH/Common.php(1171): CodeIgniter\View\View->render('reporte/imprimir_valorado', [], true)
 5 APPPATH/Controllers/Reporte.php(135): view('reporte/imprimir_valorado', [...])
 6 SYSTEMPATH/CodeIgniter.php(933): App\Controllers\Reporte->consolidado()
 7 SYSTEMPATH/CodeIgniter.php(509): CodeIgniter\CodeIgniter->runController(Object(App\Controllers\Reporte))
 8 SYSTEMPATH/CodeIgniter.php(355): CodeIgniter\CodeIgniter->handleRequest(null, Object(Config\Cache), false)
 9 SYSTEMPATH/Boot.php(325): CodeIgniter\CodeIgniter->run()
10 SYSTEMPATH/Boot.php(67): CodeIgniter\Boot::runCodeIgniter(Object(CodeIgniter\CodeIgniter))
11 FCPATH/index.php(56): CodeIgniter\Boot::bootWeb(Object(Config\Paths))
WARNING - 2025-03-18 15:32:47 --> [DEPRECATED] number_format(): Passing null to parameter #1 ($num) of type float is deprecated in APPPATH/Views/reporte/imprimir_valorado.php on line 99.
 1 APPPATH/Views/reporte/imprimir_valorado.php(99): number_format(null, 2, ',', '.')
 2 SYSTEMPATH/View/View.php(234): include('/home2/usoabumg/public_html/oruro.site/app/Views/reporte/imprimir_valorado.php')
 3 SYSTEMPATH/View/View.php(237): CodeIgniter\View\View->CodeIgniter\View\{closure}()
 4 SYSTEMPATH/Common.php(1171): CodeIgniter\View\View->render('reporte/imprimir_valorado', [], true)
 5 APPPATH/Controllers/Reporte.php(135): view('reporte/imprimir_valorado', [...])
 6 SYSTEMPATH/CodeIgniter.php(933): App\Controllers\Reporte->consolidado()
 7 SYSTEMPATH/CodeIgniter.php(509): CodeIgniter\CodeIgniter->runController(Object(App\Controllers\Reporte))
 8 SYSTEMPATH/CodeIgniter.php(355): CodeIgniter\CodeIgniter->handleRequest(null, Object(Config\Cache), false)
 9 SYSTEMPATH/Boot.php(325): CodeIgniter\CodeIgniter->run()
10 SYSTEMPATH/Boot.php(67): CodeIgniter\Boot::runCodeIgniter(Object(CodeIgniter\CodeIgniter))
11 FCPATH/index.php(56): CodeIgniter\Boot::bootWeb(Object(Config\Paths))
WARNING - 2025-03-18 15:32:47 --> [DEPRECATED] number_format(): Passing null to parameter #1 ($num) of type float is deprecated in APPPATH/Views/reporte/imprimir_valorado.php on line 96.
 1 APPPATH/Views/reporte/imprimir_valorado.php(96): number_format(null, 2, ',', '.')
 2 SYSTEMPATH/View/View.php(234): include('/home2/usoabumg/public_html/oruro.site/app/Views/reporte/imprimir_valorado.php')
 3 SYSTEMPATH/View/View.php(237): CodeIgniter\View\View->CodeIgniter\View\{closure}()
 4 SYSTEMPATH/Common.php(1171): CodeIgniter\View\View->render('reporte/imprimir_valorado', [], true)
 5 APPPATH/Controllers/Reporte.php(135): view('reporte/imprimir_valorado', [...])
 6 SYSTEMPATH/CodeIgniter.php(933): App\Controllers\Reporte->consolidado()
 7 SYSTEMPATH/CodeIgniter.php(509): CodeIgniter\CodeIgniter->runController(Object(App\Controllers\Reporte))
 8 SYSTEMPATH/CodeIgniter.php(355): CodeIgniter\CodeIgniter->handleRequest(null, Object(Config\Cache), false)
 9 SYSTEMPATH/Boot.php(325): CodeIgniter\CodeIgniter->run()
10 SYSTEMPATH/Boot.php(67): CodeIgniter\Boot::runCodeIgniter(Object(CodeIgniter\CodeIgniter))
11 FCPATH/index.php(56): CodeIgniter\Boot::bootWeb(Object(Config\Paths))
WARNING - 2025-03-18 15:32:47 --> [DEPRECATED] number_format(): Passing null to parameter #1 ($num) of type float is deprecated in APPPATH/Views/reporte/imprimir_valorado.php on line 99.
 1 APPPATH/Views/reporte/imprimir_valorado.php(99): number_format(null, 2, ',', '.')
 2 SYSTEMPATH/View/View.php(234): include('/home2/usoabumg/public_html/oruro.site/app/Views/reporte/imprimir_valorado.php')
 3 SYSTEMPATH/View/View.php(237): CodeIgniter\View\View->CodeIgniter\View\{closure}()
 4 SYSTEMPATH/Common.php(1171): CodeIgniter\View\View->render('reporte/imprimir_valorado', [], true)
 5 APPPATH/Controllers/Reporte.php(135): view('reporte/imprimir_valorado', [...])
 6 SYSTEMPATH/CodeIgniter.php(933): App\Controllers\Reporte->consolidado()
 7 SYSTEMPATH/CodeIgniter.php(509): CodeIgniter\CodeIgniter->runController(Object(App\Controllers\Reporte))
 8 SYSTEMPATH/CodeIgniter.php(355): CodeIgniter\CodeIgniter->handleRequest(null, Object(Config\Cache), false)
 9 SYSTEMPATH/Boot.php(325): CodeIgniter\CodeIgniter->run()
10 SYSTEMPATH/Boot.php(67): CodeIgniter\Boot::runCodeIgniter(Object(CodeIgniter\CodeIgniter))
11 FCPATH/index.php(56): CodeIgniter\Boot::bootWeb(Object(Config\Paths))
WARNING - 2025-03-18 15:32:47 --> [DEPRECATED] number_format(): Passing null to parameter #1 ($num) of type float is deprecated in APPPATH/Views/reporte/imprimir_valorado.php on line 96.
 1 APPPATH/Views/reporte/imprimir_valorado.php(96): number_format(null, 2, ',', '.')
 2 SYSTEMPATH/View/View.php(234): include('/home2/usoabumg/public_html/oruro.site/app/Views/reporte/imprimir_valorado.php')
 3 SYSTEMPATH/View/View.php(237): CodeIgniter\View\View->CodeIgniter\View\{closure}()
 4 SYSTEMPATH/Common.php(1171): CodeIgniter\View\View->render('reporte/imprimir_valorado', [], true)
 5 APPPATH/Controllers/Reporte.php(135): view('reporte/imprimir_valorado', [...])
 6 SYSTEMPATH/CodeIgniter.php(933): App\Controllers\Reporte->consolidado()
 7 SYSTEMPATH/CodeIgniter.php(509): CodeIgniter\CodeIgniter->runController(Object(App\Controllers\Reporte))
 8 SYSTEMPATH/CodeIgniter.php(355): CodeIgniter\CodeIgniter->handleRequest(null, Object(Config\Cache), false)
 9 SYSTEMPATH/Boot.php(325): CodeIgniter\CodeIgniter->run()
10 SYSTEMPATH/Boot.php(67): CodeIgniter\Boot::runCodeIgniter(Object(CodeIgniter\CodeIgniter))
11 FCPATH/index.php(56): CodeIgniter\Boot::bootWeb(Object(Config\Paths))
WARNING - 2025-03-18 15:32:47 --> [DEPRECATED] number_format(): Passing null to parameter #1 ($num) of type float is deprecated in APPPATH/Views/reporte/imprimir_valorado.php on line 99.
 1 APPPATH/Views/reporte/imprimir_valorado.php(99): number_format(null, 2, ',', '.')
 2 SYSTEMPATH/View/View.php(234): include('/home2/usoabumg/public_html/oruro.site/app/Views/reporte/imprimir_valorado.php')
 3 SYSTEMPATH/View/View.php(237): CodeIgniter\View\View->CodeIgniter\View\{closure}()
 4 SYSTEMPATH/Common.php(1171): CodeIgniter\View\View->render('reporte/imprimir_valorado', [], true)
 5 APPPATH/Controllers/Reporte.php(135): view('reporte/imprimir_valorado', [...])
 6 SYSTEMPATH/CodeIgniter.php(933): App\Controllers\Reporte->consolidado()
 7 SYSTEMPATH/CodeIgniter.php(509): CodeIgniter\CodeIgniter->runController(Object(App\Controllers\Reporte))
 8 SYSTEMPATH/CodeIgniter.php(355): CodeIgniter\CodeIgniter->handleRequest(null, Object(Config\Cache), false)
 9 SYSTEMPATH/Boot.php(325): CodeIgniter\CodeIgniter->run()
10 SYSTEMPATH/Boot.php(67): CodeIgniter\Boot::runCodeIgniter(Object(CodeIgniter\CodeIgniter))
11 FCPATH/index.php(56): CodeIgniter\Boot::bootWeb(Object(Config\Paths))
WARNING - 2025-03-18 15:32:47 --> [DEPRECATED] number_format(): Passing null to parameter #1 ($num) of type float is deprecated in APPPATH/Views/reporte/imprimir_valorado.php on line 96.
 1 APPPATH/Views/reporte/imprimir_valorado.php(96): number_format(null, 2, ',', '.')
 2 SYSTEMPATH/View/View.php(234): include('/home2/usoabumg/public_html/oruro.site/app/Views/reporte/imprimir_valorado.php')
 3 SYSTEMPATH/View/View.php(237): CodeIgniter\View\View->CodeIgniter\View\{closure}()
 4 SYSTEMPATH/Common.php(1171): CodeIgniter\View\View->render('reporte/imprimir_valorado', [], true)
 5 APPPATH/Controllers/Reporte.php(135): view('reporte/imprimir_valorado', [...])
 6 SYSTEMPATH/CodeIgniter.php(933): App\Controllers\Reporte->consolidado()
 7 SYSTEMPATH/CodeIgniter.php(509): CodeIgniter\CodeIgniter->runController(Object(App\Controllers\Reporte))
 8 SYSTEMPATH/CodeIgniter.php(355): CodeIgniter\CodeIgniter->handleRequest(null, Object(Config\Cache), false)
 9 SYSTEMPATH/Boot.php(325): CodeIgniter\CodeIgniter->run()
10 SYSTEMPATH/Boot.php(67): CodeIgniter\Boot::runCodeIgniter(Object(CodeIgniter\CodeIgniter))
11 FCPATH/index.php(56): CodeIgniter\Boot::bootWeb(Object(Config\Paths))
WARNING - 2025-03-18 15:32:47 --> [DEPRECATED] number_format(): Passing null to parameter #1 ($num) of type float is deprecated in APPPATH/Views/reporte/imprimir_valorado.php on line 99.
 1 APPPATH/Views/reporte/imprimir_valorado.php(99): number_format(null, 2, ',', '.')
 2 SYSTEMPATH/View/View.php(234): include('/home2/usoabumg/public_html/oruro.site/app/Views/reporte/imprimir_valorado.php')
 3 SYSTEMPATH/View/View.php(237): CodeIgniter\View\View->CodeIgniter\View\{closure}()
 4 SYSTEMPATH/Common.php(1171): CodeIgniter\View\View->render('reporte/imprimir_valorado', [], true)
 5 APPPATH/Controllers/Reporte.php(135): view('reporte/imprimir_valorado', [...])
 6 SYSTEMPATH/CodeIgniter.php(933): App\Controllers\Reporte->consolidado()
 7 SYSTEMPATH/CodeIgniter.php(509): CodeIgniter\CodeIgniter->runController(Object(App\Controllers\Reporte))
 8 SYSTEMPATH/CodeIgniter.php(355): CodeIgniter\CodeIgniter->handleRequest(null, Object(Config\Cache), false)
 9 SYSTEMPATH/Boot.php(325): CodeIgniter\CodeIgniter->run()
10 SYSTEMPATH/Boot.php(67): CodeIgniter\Boot::runCodeIgniter(Object(CodeIgniter\CodeIgniter))
11 FCPATH/index.php(56): CodeIgniter\Boot::bootWeb(Object(Config\Paths))
WARNING - 2025-03-18 15:32:47 --> [DEPRECATED] number_format(): Passing null to parameter #1 ($num) of type float is deprecated in APPPATH/Views/reporte/imprimir_valorado.php on line 96.
 1 APPPATH/Views/reporte/imprimir_valorado.php(96): number_format(null, 2, ',', '.')
 2 SYSTEMPATH/View/View.php(234): include('/home2/usoabumg/public_html/oruro.site/app/Views/reporte/imprimir_valorado.php')
 3 SYSTEMPATH/View/View.php(237): CodeIgniter\View\View->CodeIgniter\View\{closure}()
 4 SYSTEMPATH/Common.php(1171): CodeIgniter\View\View->render('reporte/imprimir_valorado', [], true)
 5 APPPATH/Controllers/Reporte.php(135): view('reporte/imprimir_valorado', [...])
 6 SYSTEMPATH/CodeIgniter.php(933): App\Controllers\Reporte->consolidado()
 7 SYSTEMPATH/CodeIgniter.php(509): CodeIgniter\CodeIgniter->runController(Object(App\Controllers\Reporte))
 8 SYSTEMPATH/CodeIgniter.php(355): CodeIgniter\CodeIgniter->handleRequest(null, Object(Config\Cache), false)
 9 SYSTEMPATH/Boot.php(325): CodeIgniter\CodeIgniter->run()
10 SYSTEMPATH/Boot.php(67): CodeIgniter\Boot::runCodeIgniter(Object(CodeIgniter\CodeIgniter))
11 FCPATH/index.php(56): CodeIgniter\Boot::bootWeb(Object(Config\Paths))
WARNING - 2025-03-18 15:32:47 --> [DEPRECATED] number_format(): Passing null to parameter #1 ($num) of type float is deprecated in APPPATH/Views/reporte/imprimir_valorado.php on line 99.
 1 APPPATH/Views/reporte/imprimir_valorado.php(99): number_format(null, 2, ',', '.')
 2 SYSTEMPATH/View/View.php(234): include('/home2/usoabumg/public_html/oruro.site/app/Views/reporte/imprimir_valorado.php')
 3 SYSTEMPATH/View/View.php(237): CodeIgniter\View\View->CodeIgniter\View\{closure}()
 4 SYSTEMPATH/Common.php(1171): CodeIgniter\View\View->render('reporte/imprimir_valorado', [], true)
 5 APPPATH/Controllers/Reporte.php(135): view('reporte/imprimir_valorado', [...])
 6 SYSTEMPATH/CodeIgniter.php(933): App\Controllers\Reporte->consolidado()
 7 SYSTEMPATH/CodeIgniter.php(509): CodeIgniter\CodeIgniter->runController(Object(App\Controllers\Reporte))
 8 SYSTEMPATH/CodeIgniter.php(355): CodeIgniter\CodeIgniter->handleRequest(null, Object(Config\Cache), false)
 9 SYSTEMPATH/Boot.php(325): CodeIgniter\CodeIgniter->run()
10 SYSTEMPATH/Boot.php(67): CodeIgniter\Boot::runCodeIgniter(Object(CodeIgniter\CodeIgniter))
11 FCPATH/index.php(56): CodeIgniter\Boot::bootWeb(Object(Config\Paths))
WARNING - 2025-03-18 15:32:47 --> [DEPRECATED] number_format(): Passing null to parameter #1 ($num) of type float is deprecated in APPPATH/Views/reporte/imprimir_valorado.php on line 96.
 1 APPPATH/Views/reporte/imprimir_valorado.php(96): number_format(null, 2, ',', '.')
 2 SYSTEMPATH/View/View.php(234): include('/home2/usoabumg/public_html/oruro.site/app/Views/reporte/imprimir_valorado.php')
 3 SYSTEMPATH/View/View.php(237): CodeIgniter\View\View->CodeIgniter\View\{closure}()
 4 SYSTEMPATH/Common.php(1171): CodeIgniter\View\View->render('reporte/imprimir_valorado', [], true)
 5 APPPATH/Controllers/Reporte.php(135): view('reporte/imprimir_valorado', [...])
 6 SYSTEMPATH/CodeIgniter.php(933): App\Controllers\Reporte->consolidado()
 7 SYSTEMPATH/CodeIgniter.php(509): CodeIgniter\CodeIgniter->runController(Object(App\Controllers\Reporte))
 8 SYSTEMPATH/CodeIgniter.php(355): CodeIgniter\CodeIgniter->handleRequest(null, Object(Config\Cache), false)
 9 SYSTEMPATH/Boot.php(325): CodeIgniter\CodeIgniter->run()
10 SYSTEMPATH/Boot.php(67): CodeIgniter\Boot::runCodeIgniter(Object(CodeIgniter\CodeIgniter))
11 FCPATH/index.php(56): CodeIgniter\Boot::bootWeb(Object(Config\Paths))
WARNING - 2025-03-18 15:32:47 --> [DEPRECATED] number_format(): Passing null to parameter #1 ($num) of type float is deprecated in APPPATH/Views/reporte/imprimir_valorado.php on line 99.
 1 APPPATH/Views/reporte/imprimir_valorado.php(99): number_format(null, 2, ',', '.')
 2 SYSTEMPATH/View/View.php(234): include('/home2/usoabumg/public_html/oruro.site/app/Views/reporte/imprimir_valorado.php')
 3 SYSTEMPATH/View/View.php(237): CodeIgniter\View\View->CodeIgniter\View\{closure}()
 4 SYSTEMPATH/Common.php(1171): CodeIgniter\View\View->render('reporte/imprimir_valorado', [], true)
 5 APPPATH/Controllers/Reporte.php(135): view('reporte/imprimir_valorado', [...])
 6 SYSTEMPATH/CodeIgniter.php(933): App\Controllers\Reporte->consolidado()
 7 SYSTEMPATH/CodeIgniter.php(509): CodeIgniter\CodeIgniter->runController(Object(App\Controllers\Reporte))
 8 SYSTEMPATH/CodeIgniter.php(355): CodeIgniter\CodeIgniter->handleRequest(null, Object(Config\Cache), false)
 9 SYSTEMPATH/Boot.php(325): CodeIgniter\CodeIgniter->run()
10 SYSTEMPATH/Boot.php(67): CodeIgniter\Boot::runCodeIgniter(Object(CodeIgniter\CodeIgniter))
11 FCPATH/index.php(56): CodeIgniter\Boot::bootWeb(Object(Config\Paths))
WARNING - 2025-03-18 15:32:47 --> [DEPRECATED] number_format(): Passing null to parameter #1 ($num) of type float is deprecated in APPPATH/Views/reporte/imprimir_valorado.php on line 96.
 1 APPPATH/Views/reporte/imprimir_valorado.php(96): number_format(null, 2, ',', '.')
 2 SYSTEMPATH/View/View.php(234): include('/home2/usoabumg/public_html/oruro.site/app/Views/reporte/imprimir_valorado.php')
 3 SYSTEMPATH/View/View.php(237): CodeIgniter\View\View->CodeIgniter\View\{closure}()
 4 SYSTEMPATH/Common.php(1171): CodeIgniter\View\View->render('reporte/imprimir_valorado', [], true)
 5 APPPATH/Controllers/Reporte.php(135): view('reporte/imprimir_valorado', [...])
 6 SYSTEMPATH/CodeIgniter.php(933): App\Controllers\Reporte->consolidado()
 7 SYSTEMPATH/CodeIgniter.php(509): CodeIgniter\CodeIgniter->runController(Object(App\Controllers\Reporte))
 8 SYSTEMPATH/CodeIgniter.php(355): CodeIgniter\CodeIgniter->handleRequest(null, Object(Config\Cache), false)
 9 SYSTEMPATH/Boot.php(325): CodeIgniter\CodeIgniter->run()
10 SYSTEMPATH/Boot.php(67): CodeIgniter\Boot::runCodeIgniter(Object(CodeIgniter\CodeIgniter))
11 FCPATH/index.php(56): CodeIgniter\Boot::bootWeb(Object(Config\Paths))
WARNING - 2025-03-18 15:32:47 --> [DEPRECATED] number_format(): Passing null to parameter #1 ($num) of type float is deprecated in APPPATH/Views/reporte/imprimir_valorado.php on line 99.
 1 APPPATH/Views/reporte/imprimir_valorado.php(99): number_format(null, 2, ',', '.')
 2 SYSTEMPATH/View/View.php(234): include('/home2/usoabumg/public_html/oruro.site/app/Views/reporte/imprimir_valorado.php')
 3 SYSTEMPATH/View/View.php(237): CodeIgniter\View\View->CodeIgniter\View\{closure}()
 4 SYSTEMPATH/Common.php(1171): CodeIgniter\View\View->render('reporte/imprimir_valorado', [], true)
 5 APPPATH/Controllers/Reporte.php(135): view('reporte/imprimir_valorado', [...])
 6 SYSTEMPATH/CodeIgniter.php(933): App\Controllers\Reporte->consolidado()
 7 SYSTEMPATH/CodeIgniter.php(509): CodeIgniter\CodeIgniter->runController(Object(App\Controllers\Reporte))
 8 SYSTEMPATH/CodeIgniter.php(355): CodeIgniter\CodeIgniter->handleRequest(null, Object(Config\Cache), false)
 9 SYSTEMPATH/Boot.php(325): CodeIgniter\CodeIgniter->run()
10 SYSTEMPATH/Boot.php(67): CodeIgniter\Boot::runCodeIgniter(Object(CodeIgniter\CodeIgniter))
11 FCPATH/index.php(56): CodeIgniter\Boot::bootWeb(Object(Config\Paths))
WARNING - 2025-03-18 15:32:47 --> [DEPRECATED] number_format(): Passing null to parameter #1 ($num) of type float is deprecated in APPPATH/Views/reporte/imprimir_valorado.php on line 96.
 1 APPPATH/Views/reporte/imprimir_valorado.php(96): number_format(null, 2, ',', '.')
 2 SYSTEMPATH/View/View.php(234): include('/home2/usoabumg/public_html/oruro.site/app/Views/reporte/imprimir_valorado.php')
 3 SYSTEMPATH/View/View.php(237): CodeIgniter\View\View->CodeIgniter\View\{closure}()
 4 SYSTEMPATH/Common.php(1171): CodeIgniter\View\View->render('reporte/imprimir_valorado', [], true)
 5 APPPATH/Controllers/Reporte.php(135): view('reporte/imprimir_valorado', [...])
 6 SYSTEMPATH/CodeIgniter.php(933): App\Controllers\Reporte->consolidado()
 7 SYSTEMPATH/CodeIgniter.php(509): CodeIgniter\CodeIgniter->runController(Object(App\Controllers\Reporte))
 8 SYSTEMPATH/CodeIgniter.php(355): CodeIgniter\CodeIgniter->handleRequest(null, Object(Config\Cache), false)
 9 SYSTEMPATH/Boot.php(325): CodeIgniter\CodeIgniter->run()
10 SYSTEMPATH/Boot.php(67): CodeIgniter\Boot::runCodeIgniter(Object(CodeIgniter\CodeIgniter))
11 FCPATH/index.php(56): CodeIgniter\Boot::bootWeb(Object(Config\Paths))
WARNING - 2025-03-18 15:32:47 --> [DEPRECATED] number_format(): Passing null to parameter #1 ($num) of type float is deprecated in APPPATH/Views/reporte/imprimir_valorado.php on line 99.
 1 APPPATH/Views/reporte/imprimir_valorado.php(99): number_format(null, 2, ',', '.')
 2 SYSTEMPATH/View/View.php(234): include('/home2/usoabumg/public_html/oruro.site/app/Views/reporte/imprimir_valorado.php')
 3 SYSTEMPATH/View/View.php(237): CodeIgniter\View\View->CodeIgniter\View\{closure}()
 4 SYSTEMPATH/Common.php(1171): CodeIgniter\View\View->render('reporte/imprimir_valorado', [], true)
 5 APPPATH/Controllers/Reporte.php(135): view('reporte/imprimir_valorado', [...])
 6 SYSTEMPATH/CodeIgniter.php(933): App\Controllers\Reporte->consolidado()
 7 SYSTEMPATH/CodeIgniter.php(509): CodeIgniter\CodeIgniter->runController(Object(App\Controllers\Reporte))
 8 SYSTEMPATH/CodeIgniter.php(355): CodeIgniter\CodeIgniter->handleRequest(null, Object(Config\Cache), false)
 9 SYSTEMPATH/Boot.php(325): CodeIgniter\CodeIgniter->run()
10 SYSTEMPATH/Boot.php(67): CodeIgniter\Boot::runCodeIgniter(Object(CodeIgniter\CodeIgniter))
11 FCPATH/index.php(56): CodeIgniter\Boot::bootWeb(Object(Config\Paths))
WARNING - 2025-03-18 15:32:47 --> [DEPRECATED] number_format(): Passing null to parameter #1 ($num) of type float is deprecated in APPPATH/Views/reporte/imprimir_valorado.php on line 96.
 1 APPPATH/Views/reporte/imprimir_valorado.php(96): number_format(null, 2, ',', '.')
 2 SYSTEMPATH/View/View.php(234): include('/home2/usoabumg/public_html/oruro.site/app/Views/reporte/imprimir_valorado.php')
 3 SYSTEMPATH/View/View.php(237): CodeIgniter\View\View->CodeIgniter\View\{closure}()
 4 SYSTEMPATH/Common.php(1171): CodeIgniter\View\View->render('reporte/imprimir_valorado', [], true)
 5 APPPATH/Controllers/Reporte.php(135): view('reporte/imprimir_valorado', [...])
 6 SYSTEMPATH/CodeIgniter.php(933): App\Controllers\Reporte->consolidado()
 7 SYSTEMPATH/CodeIgniter.php(509): CodeIgniter\CodeIgniter->runController(Object(App\Controllers\Reporte))
 8 SYSTEMPATH/CodeIgniter.php(355): CodeIgniter\CodeIgniter->handleRequest(null, Object(Config\Cache), false)
 9 SYSTEMPATH/Boot.php(325): CodeIgniter\CodeIgniter->run()
10 SYSTEMPATH/Boot.php(67): CodeIgniter\Boot::runCodeIgniter(Object(CodeIgniter\CodeIgniter))
11 FCPATH/index.php(56): CodeIgniter\Boot::bootWeb(Object(Config\Paths))
WARNING - 2025-03-18 15:32:47 --> [DEPRECATED] number_format(): Passing null to parameter #1 ($num) of type float is deprecated in APPPATH/Views/reporte/imprimir_valorado.php on line 99.
 1 APPPATH/Views/reporte/imprimir_valorado.php(99): number_format(null, 2, ',', '.')
 2 SYSTEMPATH/View/View.php(234): include('/home2/usoabumg/public_html/oruro.site/app/Views/reporte/imprimir_valorado.php')
 3 SYSTEMPATH/View/View.php(237): CodeIgniter\View\View->CodeIgniter\View\{closure}()
 4 SYSTEMPATH/Common.php(1171): CodeIgniter\View\View->render('reporte/imprimir_valorado', [], true)
 5 APPPATH/Controllers/Reporte.php(135): view('reporte/imprimir_valorado', [...])
 6 SYSTEMPATH/CodeIgniter.php(933): App\Controllers\Reporte->consolidado()
 7 SYSTEMPATH/CodeIgniter.php(509): CodeIgniter\CodeIgniter->runController(Object(App\Controllers\Reporte))
 8 SYSTEMPATH/CodeIgniter.php(355): CodeIgniter\CodeIgniter->handleRequest(null, Object(Config\Cache), false)
 9 SYSTEMPATH/Boot.php(325): CodeIgniter\CodeIgniter->run()
10 SYSTEMPATH/Boot.php(67): CodeIgniter\Boot::runCodeIgniter(Object(CodeIgniter\CodeIgniter))
11 FCPATH/index.php(56): CodeIgniter\Boot::bootWeb(Object(Config\Paths))
WARNING - 2025-03-18 15:32:47 --> [DEPRECATED] number_format(): Passing null to parameter #1 ($num) of type float is deprecated in APPPATH/Views/reporte/imprimir_valorado.php on line 96.
 1 APPPATH/Views/reporte/imprimir_valorado.php(96): number_format(null, 2, ',', '.')
 2 SYSTEMPATH/View/View.php(234): include('/home2/usoabumg/public_html/oruro.site/app/Views/reporte/imprimir_valorado.php')
 3 SYSTEMPATH/View/View.php(237): CodeIgniter\View\View->CodeIgniter\View\{closure}()
 4 SYSTEMPATH/Common.php(1171): CodeIgniter\View\View->render('reporte/imprimir_valorado', [], true)
 5 APPPATH/Controllers/Reporte.php(135): view('reporte/imprimir_valorado', [...])
 6 SYSTEMPATH/CodeIgniter.php(933): App\Controllers\Reporte->consolidado()
 7 SYSTEMPATH/CodeIgniter.php(509): CodeIgniter\CodeIgniter->runController(Object(App\Controllers\Reporte))
 8 SYSTEMPATH/CodeIgniter.php(355): CodeIgniter\CodeIgniter->handleRequest(null, Object(Config\Cache), false)
 9 SYSTEMPATH/Boot.php(325): CodeIgniter\CodeIgniter->run()
10 SYSTEMPATH/Boot.php(67): CodeIgniter\Boot::runCodeIgniter(Object(CodeIgniter\CodeIgniter))
11 FCPATH/index.php(56): CodeIgniter\Boot::bootWeb(Object(Config\Paths))
WARNING - 2025-03-18 15:32:47 --> [DEPRECATED] number_format(): Passing null to parameter #1 ($num) of type float is deprecated in APPPATH/Views/reporte/imprimir_valorado.php on line 99.
 1 APPPATH/Views/reporte/imprimir_valorado.php(99): number_format(null, 2, ',', '.')
 2 SYSTEMPATH/View/View.php(234): include('/home2/usoabumg/public_html/oruro.site/app/Views/reporte/imprimir_valorado.php')
 3 SYSTEMPATH/View/View.php(237): CodeIgniter\View\View->CodeIgniter\View\{closure}()
 4 SYSTEMPATH/Common.php(1171): CodeIgniter\View\View->render('reporte/imprimir_valorado', [], true)
 5 APPPATH/Controllers/Reporte.php(135): view('reporte/imprimir_valorado', [...])
 6 SYSTEMPATH/CodeIgniter.php(933): App\Controllers\Reporte->consolidado()
 7 SYSTEMPATH/CodeIgniter.php(509): CodeIgniter\CodeIgniter->runController(Object(App\Controllers\Reporte))
 8 SYSTEMPATH/CodeIgniter.php(355): CodeIgniter\CodeIgniter->handleRequest(null, Object(Config\Cache), false)
 9 SYSTEMPATH/Boot.php(325): CodeIgniter\CodeIgniter->run()
10 SYSTEMPATH/Boot.php(67): CodeIgniter\Boot::runCodeIgniter(Object(CodeIgniter\CodeIgniter))
11 FCPATH/index.php(56): CodeIgniter\Boot::bootWeb(Object(Config\Paths))
WARNING - 2025-03-18 15:32:47 --> [DEPRECATED] number_format(): Passing null to parameter #1 ($num) of type float is deprecated in APPPATH/Views/reporte/imprimir_valorado.php on line 96.
 1 APPPATH/Views/reporte/imprimir_valorado.php(96): number_format(null, 2, ',', '.')
 2 SYSTEMPATH/View/View.php(234): include('/home2/usoabumg/public_html/oruro.site/app/Views/reporte/imprimir_valorado.php')
 3 SYSTEMPATH/View/View.php(237): CodeIgniter\View\View->CodeIgniter\View\{closure}()
 4 SYSTEMPATH/Common.php(1171): CodeIgniter\View\View->render('reporte/imprimir_valorado', [], true)
 5 APPPATH/Controllers/Reporte.php(135): view('reporte/imprimir_valorado', [...])
 6 SYSTEMPATH/CodeIgniter.php(933): App\Controllers\Reporte->consolidado()
 7 SYSTEMPATH/CodeIgniter.php(509): CodeIgniter\CodeIgniter->runController(Object(App\Controllers\Reporte))
 8 SYSTEMPATH/CodeIgniter.php(355): CodeIgniter\CodeIgniter->handleRequest(null, Object(Config\Cache), false)
 9 SYSTEMPATH/Boot.php(325): CodeIgniter\CodeIgniter->run()
10 SYSTEMPATH/Boot.php(67): CodeIgniter\Boot::runCodeIgniter(Object(CodeIgniter\CodeIgniter))
11 FCPATH/index.php(56): CodeIgniter\Boot::bootWeb(Object(Config\Paths))
WARNING - 2025-03-18 15:32:47 --> [DEPRECATED] number_format(): Passing null to parameter #1 ($num) of type float is deprecated in APPPATH/Views/reporte/imprimir_valorado.php on line 99.
 1 APPPATH/Views/reporte/imprimir_valorado.php(99): number_format(null, 2, ',', '.')
 2 SYSTEMPATH/View/View.php(234): include('/home2/usoabumg/public_html/oruro.site/app/Views/reporte/imprimir_valorado.php')
 3 SYSTEMPATH/View/View.php(237): CodeIgniter\View\View->CodeIgniter\View\{closure}()
 4 SYSTEMPATH/Common.php(1171): CodeIgniter\View\View->render('reporte/imprimir_valorado', [], true)
 5 APPPATH/Controllers/Reporte.php(135): view('reporte/imprimir_valorado', [...])
 6 SYSTEMPATH/CodeIgniter.php(933): App\Controllers\Reporte->consolidado()
 7 SYSTEMPATH/CodeIgniter.php(509): CodeIgniter\CodeIgniter->runController(Object(App\Controllers\Reporte))
 8 SYSTEMPATH/CodeIgniter.php(355): CodeIgniter\CodeIgniter->handleRequest(null, Object(Config\Cache), false)
 9 SYSTEMPATH/Boot.php(325): CodeIgniter\CodeIgniter->run()
10 SYSTEMPATH/Boot.php(67): CodeIgniter\Boot::runCodeIgniter(Object(CodeIgniter\CodeIgniter))
11 FCPATH/index.php(56): CodeIgniter\Boot::bootWeb(Object(Config\Paths))
WARNING - 2025-03-18 15:32:47 --> [DEPRECATED] number_format(): Passing null to parameter #1 ($num) of type float is deprecated in APPPATH/Views/reporte/imprimir_valorado.php on line 96.
 1 APPPATH/Views/reporte/imprimir_valorado.php(96): number_format(null, 2, ',', '.')
 2 SYSTEMPATH/View/View.php(234): include('/home2/usoabumg/public_html/oruro.site/app/Views/reporte/imprimir_valorado.php')
 3 SYSTEMPATH/View/View.php(237): CodeIgniter\View\View->CodeIgniter\View\{closure}()
 4 SYSTEMPATH/Common.php(1171): CodeIgniter\View\View->render('reporte/imprimir_valorado', [], true)
 5 APPPATH/Controllers/Reporte.php(135): view('reporte/imprimir_valorado', [...])
 6 SYSTEMPATH/CodeIgniter.php(933): App\Controllers\Reporte->consolidado()
 7 SYSTEMPATH/CodeIgniter.php(509): CodeIgniter\CodeIgniter->runController(Object(App\Controllers\Reporte))
 8 SYSTEMPATH/CodeIgniter.php(355): CodeIgniter\CodeIgniter->handleRequest(null, Object(Config\Cache), false)
 9 SYSTEMPATH/Boot.php(325): CodeIgniter\CodeIgniter->run()
10 SYSTEMPATH/Boot.php(67): CodeIgniter\Boot::runCodeIgniter(Object(CodeIgniter\CodeIgniter))
11 FCPATH/index.php(56): CodeIgniter\Boot::bootWeb(Object(Config\Paths))
WARNING - 2025-03-18 15:32:47 --> [DEPRECATED] number_format(): Passing null to parameter #1 ($num) of type float is deprecated in APPPATH/Views/reporte/imprimir_valorado.php on line 99.
 1 APPPATH/Views/reporte/imprimir_valorado.php(99): number_format(null, 2, ',', '.')
 2 SYSTEMPATH/View/View.php(234): include('/home2/usoabumg/public_html/oruro.site/app/Views/reporte/imprimir_valorado.php')
 3 SYSTEMPATH/View/View.php(237): CodeIgniter\View\View->CodeIgniter\View\{closure}()
 4 SYSTEMPATH/Common.php(1171): CodeIgniter\View\View->render('reporte/imprimir_valorado', [], true)
 5 APPPATH/Controllers/Reporte.php(135): view('reporte/imprimir_valorado', [...])
 6 SYSTEMPATH/CodeIgniter.php(933): App\Controllers\Reporte->consolidado()
 7 SYSTEMPATH/CodeIgniter.php(509): CodeIgniter\CodeIgniter->runController(Object(App\Controllers\Reporte))
 8 SYSTEMPATH/CodeIgniter.php(355): CodeIgniter\CodeIgniter->handleRequest(null, Object(Config\Cache), false)
 9 SYSTEMPATH/Boot.php(325): CodeIgniter\CodeIgniter->run()
10 SYSTEMPATH/Boot.php(67): CodeIgniter\Boot::runCodeIgniter(Object(CodeIgniter\CodeIgniter))
11 FCPATH/index.php(56): CodeIgniter\Boot::bootWeb(Object(Config\Paths))
WARNING - 2025-03-18 15:32:47 --> [DEPRECATED] number_format(): Passing null to parameter #1 ($num) of type float is deprecated in APPPATH/Views/reporte/imprimir_valorado.php on line 96.
 1 APPPATH/Views/reporte/imprimir_valorado.php(96): number_format(null, 2, ',', '.')
 2 SYSTEMPATH/View/View.php(234): include('/home2/usoabumg/public_html/oruro.site/app/Views/reporte/imprimir_valorado.php')
 3 SYSTEMPATH/View/View.php(237): CodeIgniter\View\View->CodeIgniter\View\{closure}()
 4 SYSTEMPATH/Common.php(1171): CodeIgniter\View\View->render('reporte/imprimir_valorado', [], true)
 5 APPPATH/Controllers/Reporte.php(135): view('reporte/imprimir_valorado', [...])
 6 SYSTEMPATH/CodeIgniter.php(933): App\Controllers\Reporte->consolidado()
 7 SYSTEMPATH/CodeIgniter.php(509): CodeIgniter\CodeIgniter->runController(Object(App\Controllers\Reporte))
 8 SYSTEMPATH/CodeIgniter.php(355): CodeIgniter\CodeIgniter->handleRequest(null, Object(Config\Cache), false)
 9 SYSTEMPATH/Boot.php(325): CodeIgniter\CodeIgniter->run()
10 SYSTEMPATH/Boot.php(67): CodeIgniter\Boot::runCodeIgniter(Object(CodeIgniter\CodeIgniter))
11 FCPATH/index.php(56): CodeIgniter\Boot::bootWeb(Object(Config\Paths))
WARNING - 2025-03-18 15:32:47 --> [DEPRECATED] number_format(): Passing null to parameter #1 ($num) of type float is deprecated in APPPATH/Views/reporte/imprimir_valorado.php on line 99.
 1 APPPATH/Views/reporte/imprimir_valorado.php(99): number_format(null, 2, ',', '.')
 2 SYSTEMPATH/View/View.php(234): include('/home2/usoabumg/public_html/oruro.site/app/Views/reporte/imprimir_valorado.php')
 3 SYSTEMPATH/View/View.php(237): CodeIgniter\View\View->CodeIgniter\View\{closure}()
 4 SYSTEMPATH/Common.php(1171): CodeIgniter\View\View->render('reporte/imprimir_valorado', [], true)
 5 APPPATH/Controllers/Reporte.php(135): view('reporte/imprimir_valorado', [...])
 6 SYSTEMPATH/CodeIgniter.php(933): App\Controllers\Reporte->consolidado()
 7 SYSTEMPATH/CodeIgniter.php(509): CodeIgniter\CodeIgniter->runController(Object(App\Controllers\Reporte))
 8 SYSTEMPATH/CodeIgniter.php(355): CodeIgniter\CodeIgniter->handleRequest(null, Object(Config\Cache), false)
 9 SYSTEMPATH/Boot.php(325): CodeIgniter\CodeIgniter->run()
10 SYSTEMPATH/Boot.php(67): CodeIgniter\Boot::runCodeIgniter(Object(CodeIgniter\CodeIgniter))
11 FCPATH/index.php(56): CodeIgniter\Boot::bootWeb(Object(Config\Paths))
WARNING - 2025-03-18 15:32:47 --> [DEPRECATED] number_format(): Passing null to parameter #1 ($num) of type float is deprecated in APPPATH/Views/reporte/imprimir_valorado.php on line 96.
 1 APPPATH/Views/reporte/imprimir_valorado.php(96): number_format(null, 2, ',', '.')
 2 SYSTEMPATH/View/View.php(234): include('/home2/usoabumg/public_html/oruro.site/app/Views/reporte/imprimir_valorado.php')
 3 SYSTEMPATH/View/View.php(237): CodeIgniter\View\View->CodeIgniter\View\{closure}()
 4 SYSTEMPATH/Common.php(1171): CodeIgniter\View\View->render('reporte/imprimir_valorado', [], true)
 5 APPPATH/Controllers/Reporte.php(135): view('reporte/imprimir_valorado', [...])
 6 SYSTEMPATH/CodeIgniter.php(933): App\Controllers\Reporte->consolidado()
 7 SYSTEMPATH/CodeIgniter.php(509): CodeIgniter\CodeIgniter->runController(Object(App\Controllers\Reporte))
 8 SYSTEMPATH/CodeIgniter.php(355): CodeIgniter\CodeIgniter->handleRequest(null, Object(Config\Cache), false)
 9 SYSTEMPATH/Boot.php(325): CodeIgniter\CodeIgniter->run()
10 SYSTEMPATH/Boot.php(67): CodeIgniter\Boot::runCodeIgniter(Object(CodeIgniter\CodeIgniter))
11 FCPATH/index.php(56): CodeIgniter\Boot::bootWeb(Object(Config\Paths))
WARNING - 2025-03-18 15:32:47 --> [DEPRECATED] number_format(): Passing null to parameter #1 ($num) of type float is deprecated in APPPATH/Views/reporte/imprimir_valorado.php on line 99.
 1 APPPATH/Views/reporte/imprimir_valorado.php(99): number_format(null, 2, ',', '.')
 2 SYSTEMPATH/View/View.php(234): include('/home2/usoabumg/public_html/oruro.site/app/Views/reporte/imprimir_valorado.php')
 3 SYSTEMPATH/View/View.php(237): CodeIgniter\View\View->CodeIgniter\View\{closure}()
 4 SYSTEMPATH/Common.php(1171): CodeIgniter\View\View->render('reporte/imprimir_valorado', [], true)
 5 APPPATH/Controllers/Reporte.php(135): view('reporte/imprimir_valorado', [...])
 6 SYSTEMPATH/CodeIgniter.php(933): App\Controllers\Reporte->consolidado()
 7 SYSTEMPATH/CodeIgniter.php(509): CodeIgniter\CodeIgniter->runController(Object(App\Controllers\Reporte))
 8 SYSTEMPATH/CodeIgniter.php(355): CodeIgniter\CodeIgniter->handleRequest(null, Object(Config\Cache), false)
 9 SYSTEMPATH/Boot.php(325): CodeIgniter\CodeIgniter->run()
10 SYSTEMPATH/Boot.php(67): CodeIgniter\Boot::runCodeIgniter(Object(CodeIgniter\CodeIgniter))
11 FCPATH/index.php(56): CodeIgniter\Boot::bootWeb(Object(Config\Paths))
WARNING - 2025-03-18 15:32:47 --> [DEPRECATED] number_format(): Passing null to parameter #1 ($num) of type float is deprecated in APPPATH/Views/reporte/imprimir_valorado.php on line 96.
 1 APPPATH/Views/reporte/imprimir_valorado.php(96): number_format(null, 2, ',', '.')
 2 SYSTEMPATH/View/View.php(234): include('/home2/usoabumg/public_html/oruro.site/app/Views/reporte/imprimir_valorado.php')
 3 SYSTEMPATH/View/View.php(237): CodeIgniter\View\View->CodeIgniter\View\{closure}()
 4 SYSTEMPATH/Common.php(1171): CodeIgniter\View\View->render('reporte/imprimir_valorado', [], true)
 5 APPPATH/Controllers/Reporte.php(135): view('reporte/imprimir_valorado', [...])
 6 SYSTEMPATH/CodeIgniter.php(933): App\Controllers\Reporte->consolidado()
 7 SYSTEMPATH/CodeIgniter.php(509): CodeIgniter\CodeIgniter->runController(Object(App\Controllers\Reporte))
 8 SYSTEMPATH/CodeIgniter.php(355): CodeIgniter\CodeIgniter->handleRequest(null, Object(Config\Cache), false)
 9 SYSTEMPATH/Boot.php(325): CodeIgniter\CodeIgniter->run()
10 SYSTEMPATH/Boot.php(67): CodeIgniter\Boot::runCodeIgniter(Object(CodeIgniter\CodeIgniter))
11 FCPATH/index.php(56): CodeIgniter\Boot::bootWeb(Object(Config\Paths))
WARNING - 2025-03-18 15:32:47 --> [DEPRECATED] number_format(): Passing null to parameter #1 ($num) of type float is deprecated in APPPATH/Views/reporte/imprimir_valorado.php on line 99.
 1 APPPATH/Views/reporte/imprimir_valorado.php(99): number_format(null, 2, ',', '.')
 2 SYSTEMPATH/View/View.php(234): include('/home2/usoabumg/public_html/oruro.site/app/Views/reporte/imprimir_valorado.php')
 3 SYSTEMPATH/View/View.php(237): CodeIgniter\View\View->CodeIgniter\View\{closure}()
 4 SYSTEMPATH/Common.php(1171): CodeIgniter\View\View->render('reporte/imprimir_valorado', [], true)
 5 APPPATH/Controllers/Reporte.php(135): view('reporte/imprimir_valorado', [...])
 6 SYSTEMPATH/CodeIgniter.php(933): App\Controllers\Reporte->consolidado()
 7 SYSTEMPATH/CodeIgniter.php(509): CodeIgniter\CodeIgniter->runController(Object(App\Controllers\Reporte))
 8 SYSTEMPATH/CodeIgniter.php(355): CodeIgniter\CodeIgniter->handleRequest(null, Object(Config\Cache), false)
 9 SYSTEMPATH/Boot.php(325): CodeIgniter\CodeIgniter->run()
10 SYSTEMPATH/Boot.php(67): CodeIgniter\Boot::runCodeIgniter(Object(CodeIgniter\CodeIgniter))
11 FCPATH/index.php(56): CodeIgniter\Boot::bootWeb(Object(Config\Paths))
WARNING - 2025-03-18 15:32:47 --> [DEPRECATED] number_format(): Passing null to parameter #1 ($num) of type float is deprecated in APPPATH/Views/reporte/imprimir_valorado.php on line 96.
 1 APPPATH/Views/reporte/imprimir_valorado.php(96): number_format(null, 2, ',', '.')
 2 SYSTEMPATH/View/View.php(234): include('/home2/usoabumg/public_html/oruro.site/app/Views/reporte/imprimir_valorado.php')
 3 SYSTEMPATH/View/View.php(237): CodeIgniter\View\View->CodeIgniter\View\{closure}()
 4 SYSTEMPATH/Common.php(1171): CodeIgniter\View\View->render('reporte/imprimir_valorado', [], true)
 5 APPPATH/Controllers/Reporte.php(135): view('reporte/imprimir_valorado', [...])
 6 SYSTEMPATH/CodeIgniter.php(933): App\Controllers\Reporte->consolidado()
 7 SYSTEMPATH/CodeIgniter.php(509): CodeIgniter\CodeIgniter->runController(Object(App\Controllers\Reporte))
 8 SYSTEMPATH/CodeIgniter.php(355): CodeIgniter\CodeIgniter->handleRequest(null, Object(Config\Cache), false)
 9 SYSTEMPATH/Boot.php(325): CodeIgniter\CodeIgniter->run()
10 SYSTEMPATH/Boot.php(67): CodeIgniter\Boot::runCodeIgniter(Object(CodeIgniter\CodeIgniter))
11 FCPATH/index.php(56): CodeIgniter\Boot::bootWeb(Object(Config\Paths))
WARNING - 2025-03-18 15:32:47 --> [DEPRECATED] number_format(): Passing null to parameter #1 ($num) of type float is deprecated in APPPATH/Views/reporte/imprimir_valorado.php on line 99.
 1 APPPATH/Views/reporte/imprimir_valorado.php(99): number_format(null, 2, ',', '.')
 2 SYSTEMPATH/View/View.php(234): include('/home2/usoabumg/public_html/oruro.site/app/Views/reporte/imprimir_valorado.php')
 3 SYSTEMPATH/View/View.php(237): CodeIgniter\View\View->CodeIgniter\View\{closure}()
 4 SYSTEMPATH/Common.php(1171): CodeIgniter\View\View->render('reporte/imprimir_valorado', [], true)
 5 APPPATH/Controllers/Reporte.php(135): view('reporte/imprimir_valorado', [...])
 6 SYSTEMPATH/CodeIgniter.php(933): App\Controllers\Reporte->consolidado()
 7 SYSTEMPATH/CodeIgniter.php(509): CodeIgniter\CodeIgniter->runController(Object(App\Controllers\Reporte))
 8 SYSTEMPATH/CodeIgniter.php(355): CodeIgniter\CodeIgniter->handleRequest(null, Object(Config\Cache), false)
 9 SYSTEMPATH/Boot.php(325): CodeIgniter\CodeIgniter->run()
10 SYSTEMPATH/Boot.php(67): CodeIgniter\Boot::runCodeIgniter(Object(CodeIgniter\CodeIgniter))
11 FCPATH/index.php(56): CodeIgniter\Boot::bootWeb(Object(Config\Paths))
WARNING - 2025-03-18 15:32:47 --> [DEPRECATED] number_format(): Passing null to parameter #1 ($num) of type float is deprecated in APPPATH/Views/reporte/imprimir_valorado.php on line 96.
 1 APPPATH/Views/reporte/imprimir_valorado.php(96): number_format(null, 2, ',', '.')
 2 SYSTEMPATH/View/View.php(234): include('/home2/usoabumg/public_html/oruro.site/app/Views/reporte/imprimir_valorado.php')
 3 SYSTEMPATH/View/View.php(237): CodeIgniter\View\View->CodeIgniter\View\{closure}()
 4 SYSTEMPATH/Common.php(1171): CodeIgniter\View\View->render('reporte/imprimir_valorado', [], true)
 5 APPPATH/Controllers/Reporte.php(135): view('reporte/imprimir_valorado', [...])
 6 SYSTEMPATH/CodeIgniter.php(933): App\Controllers\Reporte->consolidado()
 7 SYSTEMPATH/CodeIgniter.php(509): CodeIgniter\CodeIgniter->runController(Object(App\Controllers\Reporte))
 8 SYSTEMPATH/CodeIgniter.php(355): CodeIgniter\CodeIgniter->handleRequest(null, Object(Config\Cache), false)
 9 SYSTEMPATH/Boot.php(325): CodeIgniter\CodeIgniter->run()
10 SYSTEMPATH/Boot.php(67): CodeIgniter\Boot::runCodeIgniter(Object(CodeIgniter\CodeIgniter))
11 FCPATH/index.php(56): CodeIgniter\Boot::bootWeb(Object(Config\Paths))
WARNING - 2025-03-18 15:32:47 --> [DEPRECATED] number_format(): Passing null to parameter #1 ($num) of type float is deprecated in APPPATH/Views/reporte/imprimir_valorado.php on line 99.
 1 APPPATH/Views/reporte/imprimir_valorado.php(99): number_format(null, 2, ',', '.')
 2 SYSTEMPATH/View/View.php(234): include('/home2/usoabumg/public_html/oruro.site/app/Views/reporte/imprimir_valorado.php')
 3 SYSTEMPATH/View/View.php(237): CodeIgniter\View\View->CodeIgniter\View\{closure}()
 4 SYSTEMPATH/Common.php(1171): CodeIgniter\View\View->render('reporte/imprimir_valorado', [], true)
 5 APPPATH/Controllers/Reporte.php(135): view('reporte/imprimir_valorado', [...])
 6 SYSTEMPATH/CodeIgniter.php(933): App\Controllers\Reporte->consolidado()
 7 SYSTEMPATH/CodeIgniter.php(509): CodeIgniter\CodeIgniter->runController(Object(App\Controllers\Reporte))
 8 SYSTEMPATH/CodeIgniter.php(355): CodeIgniter\CodeIgniter->handleRequest(null, Object(Config\Cache), false)
 9 SYSTEMPATH/Boot.php(325): CodeIgniter\CodeIgniter->run()
10 SYSTEMPATH/Boot.php(67): CodeIgniter\Boot::runCodeIgniter(Object(CodeIgniter\CodeIgniter))
11 FCPATH/index.php(56): CodeIgniter\Boot::bootWeb(Object(Config\Paths))
INFO - 2025-03-18 15:32:49 --> Session: Class initialized using 'CodeIgniter\Session\Handlers\FileHandler' driver.
INFO - 2025-03-18 15:33:20 --> Session: Class initialized using 'CodeIgniter\Session\Handlers\FileHandler' driver.
INFO - 2025-03-18 15:33:20 --> Session: Class initialized using 'CodeIgniter\Session\Handlers\FileHandler' driver.
INFO - 2025-03-18 15:33:21 --> Session: Class initialized using 'CodeIgniter\Session\Handlers\FileHandler' driver.
INFO - 2025-03-18 15:33:31 --> Session: Class initialized using 'CodeIgniter\Session\Handlers\FileHandler' driver.
INFO - 2025-03-18 15:33:31 --> Session: Class initialized using 'CodeIgniter\Session\Handlers\FileHandler' driver.
INFO - 2025-03-18 15:33:32 --> Session: Class initialized using 'CodeIgniter\Session\Handlers\FileHandler' driver.
INFO - 2025-03-18 15:34:06 --> Session: Class initialized using 'CodeIgniter\Session\Handlers\FileHandler' driver.
INFO - 2025-03-18 15:34:07 --> Session: Class initialized using 'CodeIgniter\Session\Handlers\FileHandler' driver.
INFO - 2025-03-18 15:34:59 --> Session: Class initialized using 'CodeIgniter\Session\Handlers\FileHandler' driver.
INFO - 2025-03-18 15:34:59 --> Session: Class initialized using 'CodeIgniter\Session\Handlers\FileHandler' driver.
INFO - 2025-03-18 15:37:08 --> Session: Class initialized using 'CodeIgniter\Session\Handlers\FileHandler' driver.
INFO - 2025-03-18 15:37:47 --> Session: Class initialized using 'CodeIgniter\Session\Handlers\FileHandler' driver.
INFO - 2025-03-18 15:37:54 --> Session: Class initialized using 'CodeIgniter\Session\Handlers\FileHandler' driver.
INFO - 2025-03-18 15:38:23 --> CSRF token verified.
INFO - 2025-03-18 15:38:25 --> Session: Class initialized using 'CodeIgniter\Session\Handlers\FileHandler' driver.
INFO - 2025-03-18 15:38:25 --> Session: Class initialized using 'CodeIgniter\Session\Handlers\FileHandler' driver.
INFO - 2025-03-18 15:39:07 --> CSRF token verified.
INFO - 2025-03-18 15:39:08 --> Session: Class initialized using 'CodeIgniter\Session\Handlers\FileHandler' driver.
INFO - 2025-03-18 15:39:09 --> Session: Class initialized using 'CodeIgniter\Session\Handlers\FileHandler' driver.
INFO - 2025-03-18 15:40:53 --> CSRF token verified.
INFO - 2025-03-18 15:40:55 --> Session: Class initialized using 'CodeIgniter\Session\Handlers\FileHandler' driver.
INFO - 2025-03-18 15:40:55 --> Session: Class initialized using 'CodeIgniter\Session\Handlers\FileHandler' driver.
INFO - 2025-03-18 15:41:06 --> Session: Class initialized using 'CodeIgniter\Session\Handlers\FileHandler' driver.
INFO - 2025-03-18 15:41:09 --> Session: Class initialized using 'CodeIgniter\Session\Handlers\FileHandler' driver.
INFO - 2025-03-18 15:51:10 --> Session: Class initialized using 'CodeIgniter\Session\Handlers\FileHandler' driver.
INFO - 2025-03-18 15:53:39 --> Session: Class initialized using 'CodeIgniter\Session\Handlers\FileHandler' driver.
INFO - 2025-03-18 15:54:17 --> Session: Class initialized using 'CodeIgniter\Session\Handlers\FileHandler' driver.
INFO - 2025-03-18 15:55:49 --> Session: Class initialized using 'CodeIgniter\Session\Handlers\FileHandler' driver.
INFO - 2025-03-18 17:47:06 --> Session: Class initialized using 'CodeIgniter\Session\Handlers\FileHandler' driver.
INFO - 2025-03-18 17:47:08 --> Session: Class initialized using 'CodeIgniter\Session\Handlers\FileHandler' driver.
INFO - 2025-03-18 18:05:57 --> Session: Class initialized using 'CodeIgniter\Session\Handlers\FileHandler' driver.
INFO - 2025-03-18 18:38:24 --> Session: Class initialized using 'CodeIgniter\Session\Handlers\FileHandler' driver.
INFO - 2025-03-18 18:38:29 --> Session: Class initialized using 'CodeIgniter\Session\Handlers\FileHandler' driver.
INFO - 2025-03-18 18:38:30 --> Session: Class initialized using 'CodeIgniter\Session\Handlers\FileHandler' driver.
INFO - 2025-03-18 18:38:30 --> Session: Class initialized using 'CodeIgniter\Session\Handlers\FileHandler' driver.
INFO - 2025-03-18 18:38:30 --> Session: Class initialized using 'CodeIgniter\Session\Handlers\FileHandler' driver.
INFO - 2025-03-18 18:38:31 --> Session: Class initialized using 'CodeIgniter\Session\Handlers\FileHandler' driver.
INFO - 2025-03-18 18:38:31 --> Session: Class initialized using 'CodeIgniter\Session\Handlers\FileHandler' driver.
INFO - 2025-03-18 18:38:31 --> Session: Class initialized using 'CodeIgniter\Session\Handlers\FileHandler' driver.
INFO - 2025-03-18 18:38:35 --> Session: Class initialized using 'CodeIgniter\Session\Handlers\FileHandler' driver.
INFO - 2025-03-18 18:38:40 --> Session: Class initialized using 'CodeIgniter\Session\Handlers\FileHandler' driver.
INFO - 2025-03-18 18:38:44 --> Session: Class initialized using 'CodeIgniter\Session\Handlers\FileHandler' driver.
INFO - 2025-03-18 18:38:44 --> Session: Class initialized using 'CodeIgniter\Session\Handlers\FileHandler' driver.
INFO - 2025-03-18 18:38:48 --> Session: Class initialized using 'CodeIgniter\Session\Handlers\FileHandler' driver.
INFO - 2025-03-18 18:38:49 --> Session: Class initialized using 'CodeIgniter\Session\Handlers\FileHandler' driver.
INFO - 2025-03-18 18:38:49 --> Session: Class initialized using 'CodeIgniter\Session\Handlers\FileHandler' driver.
INFO - 2025-03-18 18:38:50 --> Session: Class initialized using 'CodeIgniter\Session\Handlers\FileHandler' driver.
INFO - 2025-03-18 18:38:50 --> Session: Class initialized using 'CodeIgniter\Session\Handlers\FileHandler' driver.
INFO - 2025-03-18 18:38:50 --> Session: Class initialized using 'CodeIgniter\Session\Handlers\FileHandler' driver.
INFO - 2025-03-18 18:38:51 --> Session: Class initialized using 'CodeIgniter\Session\Handlers\FileHandler' driver.
INFO - 2025-03-18 18:38:51 --> Session: Class initialized using 'CodeIgniter\Session\Handlers\FileHandler' driver.
INFO - 2025-03-18 18:38:51 --> Session: Class initialized using 'CodeIgniter\Session\Handlers\FileHandler' driver.
INFO - 2025-03-18 18:38:56 --> Session: Class initialized using 'CodeIgniter\Session\Handlers\FileHandler' driver.
INFO - 2025-03-18 18:38:57 --> Session: Class initialized using 'CodeIgniter\Session\Handlers\FileHandler' driver.
INFO - 2025-03-18 18:38:57 --> Session: Class initialized using 'CodeIgniter\Session\Handlers\FileHandler' driver.
INFO - 2025-03-18 18:38:57 --> Session: Class initialized using 'CodeIgniter\Session\Handlers\FileHandler' driver.
INFO - 2025-03-18 18:39:17 --> Session: Class initialized using 'CodeIgniter\Session\Handlers\FileHandler' driver.
INFO - 2025-03-18 18:39:18 --> Session: Class initialized using 'CodeIgniter\Session\Handlers\FileHandler' driver.
INFO - 2025-03-18 18:39:18 --> Session: Class initialized using 'CodeIgniter\Session\Handlers\FileHandler' driver.
INFO - 2025-03-18 18:39:18 --> Session: Class initialized using 'CodeIgniter\Session\Handlers\FileHandler' driver.
INFO - 2025-03-18 18:39:19 --> Session: Class initialized using 'CodeIgniter\Session\Handlers\FileHandler' driver.
INFO - 2025-03-18 18:39:36 --> Session: Class initialized using 'CodeIgniter\Session\Handlers\FileHandler' driver.
INFO - 2025-03-18 19:57:22 --> Session: Class initialized using 'CodeIgniter\Session\Handlers\FileHandler' driver.
INFO - 2025-03-18 20:01:12 --> Session: Class initialized using 'CodeIgniter\Session\Handlers\FileHandler' driver.
INFO - 2025-03-18 22:56:12 --> Session: Class initialized using 'CodeIgniter\Session\Handlers\FileHandler' driver.
INFO - 2025-03-18 22:56:13 --> CSRF token verified.
INFO - 2025-03-18 22:56:15 --> Session: Class initialized using 'CodeIgniter\Session\Handlers\FileHandler' driver.
INFO - 2025-03-18 22:56:16 --> Session: Class initialized using 'CodeIgniter\Session\Handlers\FileHandler' driver.
CRITICAL - 2025-03-18 22:56:18 --> CodeIgniter\Security\Exceptions\SecurityException: The action you requested is not allowed.
[Method: POST, Route: inicio/login]
in SYSTEMPATH/Security/Security.php on line 262.
 1 SYSTEMPATH/Security/Security.php(262): CodeIgniter\Security\Exceptions\SecurityException::forDisallowedAction()
 2 SYSTEMPATH/Filters/CSRF.php(57): CodeIgniter\Security\Security->verify(Object(CodeIgniter\HTTP\IncomingRequest))
 3 SYSTEMPATH/Filters/Filters.php(205): CodeIgniter\Filters\CSRF->before(Object(CodeIgniter\HTTP\IncomingRequest), null)
 4 SYSTEMPATH/Filters/Filters.php(184): CodeIgniter\Filters\Filters->runBefore([...])
 5 SYSTEMPATH/CodeIgniter.php(481): CodeIgniter\Filters\Filters->run('inicio/login', 'before')
 6 SYSTEMPATH/CodeIgniter.php(355): CodeIgniter\CodeIgniter->handleRequest(null, Object(Config\Cache), false)
 7 SYSTEMPATH/Boot.php(325): CodeIgniter\CodeIgniter->run()
 8 SYSTEMPATH/Boot.php(67): CodeIgniter\Boot::runCodeIgniter(Object(CodeIgniter\CodeIgniter))
 9 FCPATH/index.php(56): CodeIgniter\Boot::bootWeb(Object(Config\Paths))
