INFO - 2025-04-01 00:11:57 --> Session: Class initialized using 'CodeIgniter\Session\Handlers\FileHandler' driver.
INFO - 2025-04-01 02:11:36 --> Session: Class initialized using 'CodeIgniter\Session\Handlers\FileHandler' driver.
INFO - 2025-04-01 02:11:49 --> Session: Class initialized using 'CodeIgniter\Session\Handlers\FileHandler' driver.
INFO - 2025-04-01 02:11:59 --> Session: Class initialized using 'CodeIgniter\Session\Handlers\FileHandler' driver.
INFO - 2025-04-01 02:14:47 --> Session: Class initialized using 'CodeIgniter\Session\Handlers\FileHandler' driver.
INFO - 2025-04-01 04:43:39 --> Session: Class initialized using 'CodeIgniter\Session\Handlers\FileHandler' driver.
INFO - 2025-04-01 05:01:14 --> Session: Class initialized using 'CodeIgniter\Session\Handlers\FileHandler' driver.
INFO - 2025-04-01 08:03:34 --> Session: Class initialized using 'CodeIgniter\Session\Handlers\FileHandler' driver.
INFO - 2025-04-01 08:03:57 --> Session: Class initialized using 'CodeIgniter\Session\Handlers\FileHandler' driver.
INFO - 2025-04-01 08:05:48 --> Session: Class initialized using 'CodeIgniter\Session\Handlers\FileHandler' driver.
INFO - 2025-04-01 08:05:48 --> Session: Class initialized using 'CodeIgniter\Session\Handlers\FileHandler' driver.
INFO - 2025-04-01 09:41:15 --> Session: Class initialized using 'CodeIgniter\Session\Handlers\FileHandler' driver.
INFO - 2025-04-01 09:41:21 --> CSRF token verified.
INFO - 2025-04-01 09:41:23 --> Session: Class initialized using 'CodeIgniter\Session\Handlers\FileHandler' driver.
INFO - 2025-04-01 09:41:23 --> Session: Class initialized using 'CodeIgniter\Session\Handlers\FileHandler' driver.
INFO - 2025-04-01 09:41:29 --> Session: Class initialized using 'CodeIgniter\Session\Handlers\FileHandler' driver.
INFO - 2025-04-01 09:42:15 --> Session: Class initialized using 'CodeIgniter\Session\Handlers\FileHandler' driver.
INFO - 2025-04-01 09:42:19 --> Session: Class initialized using 'CodeIgniter\Session\Handlers\FileHandler' driver.
INFO - 2025-04-01 09:42:25 --> Session: Class initialized using 'CodeIgniter\Session\Handlers\FileHandler' driver.
INFO - 2025-04-01 09:44:30 --> Session: Class initialized using 'CodeIgniter\Session\Handlers\FileHandler' driver.
INFO - 2025-04-01 09:44:36 --> Session: Class initialized using 'CodeIgniter\Session\Handlers\FileHandler' driver.
INFO - 2025-04-01 09:46:54 --> Session: Class initialized using 'CodeIgniter\Session\Handlers\FileHandler' driver.
INFO - 2025-04-01 09:46:57 --> Session: Class initialized using 'CodeIgniter\Session\Handlers\FileHandler' driver.
INFO - 2025-04-01 09:57:11 --> Session: Class initialized using 'CodeIgniter\Session\Handlers\FileHandler' driver.
INFO - 2025-04-01 10:02:56 --> Session: Class initialized using 'CodeIgniter\Session\Handlers\FileHandler' driver.
CRITICAL - 2025-04-01 10:02:56 --> ErrorException: Trying to access array offset on value of type null
[Method: GET, Route: reporte]
in APPPATH/Controllers/Reporte.php on line 14.
 1 APPPATH/Controllers/Reporte.php(14): CodeIgniter\Debug\Exceptions->errorHandler(2, 'Trying to access array offset on value of type null', '/home2/usoabumg/public_html/oruro.site/app/Controllers/Reporte.php', 14)
 2 SYSTEMPATH/CodeIgniter.php(903): App\Controllers\Reporte->__construct()
 3 SYSTEMPATH/CodeIgniter.php(500): CodeIgniter\CodeIgniter->createController()
 4 SYSTEMPATH/CodeIgniter.php(355): CodeIgniter\CodeIgniter->handleRequest(null, Object(Config\Cache), false)
 5 SYSTEMPATH/Boot.php(325): CodeIgniter\CodeIgniter->run()
 6 SYSTEMPATH/Boot.php(67): CodeIgniter\Boot::runCodeIgniter(Object(CodeIgniter\CodeIgniter))
 7 FCPATH/index.php(56): CodeIgniter\Boot::bootWeb(Object(Config\Paths))
INFO - 2025-04-01 10:02:58 --> Session: Class initialized using 'CodeIgniter\Session\Handlers\FileHandler' driver.
INFO - 2025-04-01 10:03:00 --> Session: Class initialized using 'CodeIgniter\Session\Handlers\FileHandler' driver.
CRITICAL - 2025-04-01 10:03:00 --> ErrorException: Trying to access array offset on value of type null
[Method: GET, Route: reporte]
in APPPATH/Controllers/Reporte.php on line 14.
 1 APPPATH/Controllers/Reporte.php(14): CodeIgniter\Debug\Exceptions->errorHandler(2, 'Trying to access array offset on value of type null', '/home2/usoabumg/public_html/oruro.site/app/Controllers/Reporte.php', 14)
 2 SYSTEMPATH/CodeIgniter.php(903): App\Controllers\Reporte->__construct()
 3 SYSTEMPATH/CodeIgniter.php(500): CodeIgniter\CodeIgniter->createController()
 4 SYSTEMPATH/CodeIgniter.php(355): CodeIgniter\CodeIgniter->handleRequest(null, Object(Config\Cache), false)
 5 SYSTEMPATH/Boot.php(325): CodeIgniter\CodeIgniter->run()
 6 SYSTEMPATH/Boot.php(67): CodeIgniter\Boot::runCodeIgniter(Object(CodeIgniter\CodeIgniter))
 7 FCPATH/index.php(56): CodeIgniter\Boot::bootWeb(Object(Config\Paths))
INFO - 2025-04-01 10:03:01 --> Session: Class initialized using 'CodeIgniter\Session\Handlers\FileHandler' driver.
INFO - 2025-04-01 10:03:04 --> Session: Class initialized using 'CodeIgniter\Session\Handlers\FileHandler' driver.
CRITICAL - 2025-04-01 10:03:04 --> ErrorException: Trying to access array offset on value of type null
[Method: GET, Route: apertura]
in APPPATH/Controllers/Apertura.php on line 11.
 1 APPPATH/Controllers/Apertura.php(11): CodeIgniter\Debug\Exceptions->errorHandler(2, 'Trying to access array offset on value of type null', '/home2/usoabumg/public_html/oruro.site/app/Controllers/Apertura.php', 11)
 2 SYSTEMPATH/CodeIgniter.php(903): App\Controllers\Apertura->__construct()
 3 SYSTEMPATH/CodeIgniter.php(500): CodeIgniter\CodeIgniter->createController()
 4 SYSTEMPATH/CodeIgniter.php(355): CodeIgniter\CodeIgniter->handleRequest(null, Object(Config\Cache), false)
 5 SYSTEMPATH/Boot.php(325): CodeIgniter\CodeIgniter->run()
 6 SYSTEMPATH/Boot.php(67): CodeIgniter\Boot::runCodeIgniter(Object(CodeIgniter\CodeIgniter))
 7 FCPATH/index.php(56): CodeIgniter\Boot::bootWeb(Object(Config\Paths))
INFO - 2025-04-01 10:03:05 --> Session: Class initialized using 'CodeIgniter\Session\Handlers\FileHandler' driver.
CRITICAL - 2025-04-01 10:03:05 --> ErrorException: Trying to access array offset on value of type null
[Method: GET, Route: reporte]
in APPPATH/Controllers/Reporte.php on line 14.
 1 APPPATH/Controllers/Reporte.php(14): CodeIgniter\Debug\Exceptions->errorHandler(2, 'Trying to access array offset on value of type null', '/home2/usoabumg/public_html/oruro.site/app/Controllers/Reporte.php', 14)
 2 SYSTEMPATH/CodeIgniter.php(903): App\Controllers\Reporte->__construct()
 3 SYSTEMPATH/CodeIgniter.php(500): CodeIgniter\CodeIgniter->createController()
 4 SYSTEMPATH/CodeIgniter.php(355): CodeIgniter\CodeIgniter->handleRequest(null, Object(Config\Cache), false)
 5 SYSTEMPATH/Boot.php(325): CodeIgniter\CodeIgniter->run()
 6 SYSTEMPATH/Boot.php(67): CodeIgniter\Boot::runCodeIgniter(Object(CodeIgniter\CodeIgniter))
 7 FCPATH/index.php(56): CodeIgniter\Boot::bootWeb(Object(Config\Paths))
INFO - 2025-04-01 10:03:06 --> Session: Class initialized using 'CodeIgniter\Session\Handlers\FileHandler' driver.
INFO - 2025-04-01 10:03:22 --> Session: Class initialized using 'CodeIgniter\Session\Handlers\FileHandler' driver.
INFO - 2025-04-01 10:03:25 --> CSRF token verified.
INFO - 2025-04-01 10:03:27 --> Session: Class initialized using 'CodeIgniter\Session\Handlers\FileHandler' driver.
INFO - 2025-04-01 10:03:28 --> Session: Class initialized using 'CodeIgniter\Session\Handlers\FileHandler' driver.
INFO - 2025-04-01 10:03:32 --> Session: Class initialized using 'CodeIgniter\Session\Handlers\FileHandler' driver.
INFO - 2025-04-01 10:03:42 --> Session: Class initialized using 'CodeIgniter\Session\Handlers\FileHandler' driver.
CRITICAL - 2025-04-01 10:03:52 --> ErrorException: Allowed memory size of 33554432 bytes exhausted (tried to allocate 266240 bytes)
[Method: GET, Route: /]
in SYSTEMPATH/Debug/Toolbar.php on line 313.
 1 [internal function]: CodeIgniter\Debug\Exceptions->shutdownHandler()
INFO - 2025-04-01 10:03:52 --> Session: Class initialized using 'CodeIgniter\Session\Handlers\FileHandler' driver.
INFO - 2025-04-01 10:04:18 --> Session: Class initialized using 'CodeIgniter\Session\Handlers\FileHandler' driver.
CRITICAL - 2025-04-01 10:04:18 --> ErrorException: Undefined variable $data
[Method: GET, Route: reporte/r6]
in APPPATH/Controllers/Reporte.php on line 231.
 1 APPPATH/Controllers/Reporte.php(231): CodeIgniter\Debug\Exceptions->errorHandler(2, 'Undefined variable $data', '/home2/usoabumg/public_html/oruro.site/app/Controllers/Reporte.php', 231)
 2 SYSTEMPATH/CodeIgniter.php(933): App\Controllers\Reporte->r6('$1')
 3 SYSTEMPATH/CodeIgniter.php(509): CodeIgniter\CodeIgniter->runController(Object(App\Controllers\Reporte))
 4 SYSTEMPATH/CodeIgniter.php(355): CodeIgniter\CodeIgniter->handleRequest(null, Object(Config\Cache), false)
 5 SYSTEMPATH/Boot.php(325): CodeIgniter\CodeIgniter->run()
 6 SYSTEMPATH/Boot.php(67): CodeIgniter\Boot::runCodeIgniter(Object(CodeIgniter\CodeIgniter))
 7 FCPATH/index.php(56): CodeIgniter\Boot::bootWeb(Object(Config\Paths))
INFO - 2025-04-01 10:04:20 --> Session: Class initialized using 'CodeIgniter\Session\Handlers\FileHandler' driver.
INFO - 2025-04-01 10:06:41 --> Session: Class initialized using 'CodeIgniter\Session\Handlers\FileHandler' driver.
INFO - 2025-04-01 10:06:43 --> Session: Class initialized using 'CodeIgniter\Session\Handlers\FileHandler' driver.
INFO - 2025-04-01 10:07:06 --> Session: Class initialized using 'CodeIgniter\Session\Handlers\FileHandler' driver.
INFO - 2025-04-01 10:07:07 --> Session: Class initialized using 'CodeIgniter\Session\Handlers\FileHandler' driver.
INFO - 2025-04-01 10:31:56 --> Session: Class initialized using 'CodeIgniter\Session\Handlers\FileHandler' driver.
INFO - 2025-04-01 10:32:19 --> Session: Class initialized using 'CodeIgniter\Session\Handlers\FileHandler' driver.
INFO - 2025-04-01 10:51:50 --> Session: Class initialized using 'CodeIgniter\Session\Handlers\FileHandler' driver.
INFO - 2025-04-01 11:34:43 --> Session: Class initialized using 'CodeIgniter\Session\Handlers\FileHandler' driver.
INFO - 2025-04-01 12:50:39 --> Session: Class initialized using 'CodeIgniter\Session\Handlers\FileHandler' driver.
INFO - 2025-04-01 12:50:40 --> Session: Class initialized using 'CodeIgniter\Session\Handlers\FileHandler' driver.
INFO - 2025-04-01 12:50:41 --> Session: Class initialized using 'CodeIgniter\Session\Handlers\FileHandler' driver.
INFO - 2025-04-01 13:20:11 --> Session: Class initialized using 'CodeIgniter\Session\Handlers\FileHandler' driver.
INFO - 2025-04-01 13:29:04 --> Session: Class initialized using 'CodeIgniter\Session\Handlers\FileHandler' driver.
CRITICAL - 2025-04-01 13:29:04 --> ErrorException: Trying to access array offset on value of type null
[Method: GET, Route: bodega]
in APPPATH/Controllers/Bodega.php on line 11.
 1 APPPATH/Controllers/Bodega.php(11): CodeIgniter\Debug\Exceptions->errorHandler(2, 'Trying to access array offset on value of type null', '/home2/usoabumg/public_html/oruro.site/app/Controllers/Bodega.php', 11)
 2 SYSTEMPATH/CodeIgniter.php(903): App\Controllers\Bodega->__construct()
 3 SYSTEMPATH/CodeIgniter.php(500): CodeIgniter\CodeIgniter->createController()
 4 SYSTEMPATH/CodeIgniter.php(355): CodeIgniter\CodeIgniter->handleRequest(null, Object(Config\Cache), false)
 5 SYSTEMPATH/Boot.php(325): CodeIgniter\CodeIgniter->run()
 6 SYSTEMPATH/Boot.php(67): CodeIgniter\Boot::runCodeIgniter(Object(CodeIgniter\CodeIgniter))
 7 FCPATH/index.php(56): CodeIgniter\Boot::bootWeb(Object(Config\Paths))
INFO - 2025-04-01 13:29:05 --> Session: Class initialized using 'CodeIgniter\Session\Handlers\FileHandler' driver.
INFO - 2025-04-01 13:35:25 --> Session: Class initialized using 'CodeIgniter\Session\Handlers\FileHandler' driver.
INFO - 2025-04-01 13:52:11 --> Session: Class initialized using 'CodeIgniter\Session\Handlers\FileHandler' driver.
INFO - 2025-04-01 13:57:48 --> Session: Class initialized using 'CodeIgniter\Session\Handlers\FileHandler' driver.
INFO - 2025-04-01 14:26:07 --> Session: Class initialized using 'CodeIgniter\Session\Handlers\FileHandler' driver.
INFO - 2025-04-01 14:26:22 --> CSRF token verified.
INFO - 2025-04-01 14:26:24 --> Session: Class initialized using 'CodeIgniter\Session\Handlers\FileHandler' driver.
INFO - 2025-04-01 14:26:24 --> Session: Class initialized using 'CodeIgniter\Session\Handlers\FileHandler' driver.
INFO - 2025-04-01 14:26:38 --> Session: Class initialized using 'CodeIgniter\Session\Handlers\FileHandler' driver.
INFO - 2025-04-01 14:54:00 --> Session: Class initialized using 'CodeIgniter\Session\Handlers\FileHandler' driver.
INFO - 2025-04-01 14:54:01 --> Session: Class initialized using 'CodeIgniter\Session\Handlers\FileHandler' driver.
INFO - 2025-04-01 14:54:03 --> CSRF token verified.
INFO - 2025-04-01 14:54:05 --> Session: Class initialized using 'CodeIgniter\Session\Handlers\FileHandler' driver.
INFO - 2025-04-01 14:54:06 --> Session: Class initialized using 'CodeIgniter\Session\Handlers\FileHandler' driver.
INFO - 2025-04-01 14:54:08 --> Session: Class initialized using 'CodeIgniter\Session\Handlers\FileHandler' driver.
INFO - 2025-04-01 14:54:27 --> Session: Class initialized using 'CodeIgniter\Session\Handlers\FileHandler' driver.
INFO - 2025-04-01 14:55:16 --> Session: Class initialized using 'CodeIgniter\Session\Handlers\FileHandler' driver.
INFO - 2025-04-01 14:55:22 --> Session: Class initialized using 'CodeIgniter\Session\Handlers\FileHandler' driver.
CRITICAL - 2025-04-01 14:55:29 --> ErrorException: Allowed memory size of 33554432 bytes exhausted (tried to allocate 266240 bytes)
[Method: GET, Route: /]
in SYSTEMPATH/Debug/Toolbar.php on line 313.
 1 [internal function]: CodeIgniter\Debug\Exceptions->shutdownHandler()
INFO - 2025-04-01 14:55:29 --> Session: Class initialized using 'CodeIgniter\Session\Handlers\FileHandler' driver.
INFO - 2025-04-01 15:00:06 --> Session: Class initialized using 'CodeIgniter\Session\Handlers\FileHandler' driver.
INFO - 2025-04-01 15:00:18 --> Session: Class initialized using 'CodeIgniter\Session\Handlers\FileHandler' driver.
INFO - 2025-04-01 15:00:19 --> Session: Class initialized using 'CodeIgniter\Session\Handlers\FileHandler' driver.
INFO - 2025-04-01 15:00:19 --> Session: Class initialized using 'CodeIgniter\Session\Handlers\FileHandler' driver.
INFO - 2025-04-01 15:01:41 --> Session: Class initialized using 'CodeIgniter\Session\Handlers\FileHandler' driver.
INFO - 2025-04-01 15:01:44 --> Session: Class initialized using 'CodeIgniter\Session\Handlers\FileHandler' driver.
INFO - 2025-04-01 15:01:54 --> Session: Class initialized using 'CodeIgniter\Session\Handlers\FileHandler' driver.
INFO - 2025-04-01 15:06:20 --> CSRF token verified.
INFO - 2025-04-01 15:06:20 --> Session: Class initialized using 'CodeIgniter\Session\Handlers\FileHandler' driver.
INFO - 2025-04-01 15:06:21 --> Session: Class initialized using 'CodeIgniter\Session\Handlers\FileHandler' driver.
INFO - 2025-04-01 15:06:34 --> Session: Class initialized using 'CodeIgniter\Session\Handlers\FileHandler' driver.
INFO - 2025-04-01 15:06:41 --> Session: Class initialized using 'CodeIgniter\Session\Handlers\FileHandler' driver.
INFO - 2025-04-01 15:06:47 --> Session: Class initialized using 'CodeIgniter\Session\Handlers\FileHandler' driver.
INFO - 2025-04-01 15:06:58 --> Session: Class initialized using 'CodeIgniter\Session\Handlers\FileHandler' driver.
INFO - 2025-04-01 15:09:46 --> Session: Class initialized using 'CodeIgniter\Session\Handlers\FileHandler' driver.
INFO - 2025-04-01 15:12:21 --> CSRF token verified.
INFO - 2025-04-01 15:12:21 --> Session: Class initialized using 'CodeIgniter\Session\Handlers\FileHandler' driver.
INFO - 2025-04-01 15:12:21 --> Session: Class initialized using 'CodeIgniter\Session\Handlers\FileHandler' driver.
INFO - 2025-04-01 15:43:56 --> Session: Class initialized using 'CodeIgniter\Session\Handlers\FileHandler' driver.
INFO - 2025-04-01 15:53:25 --> Session: Class initialized using 'CodeIgniter\Session\Handlers\FileHandler' driver.
INFO - 2025-04-01 15:53:42 --> CSRF token verified.
INFO - 2025-04-01 15:53:42 --> Session: Class initialized using 'CodeIgniter\Session\Handlers\FileHandler' driver.
INFO - 2025-04-01 15:53:42 --> Session: Class initialized using 'CodeIgniter\Session\Handlers\FileHandler' driver.
INFO - 2025-04-01 15:54:07 --> Session: Class initialized using 'CodeIgniter\Session\Handlers\FileHandler' driver.
INFO - 2025-04-01 15:54:25 --> CSRF token verified.
INFO - 2025-04-01 15:54:25 --> Session: Class initialized using 'CodeIgniter\Session\Handlers\FileHandler' driver.
INFO - 2025-04-01 15:54:25 --> Session: Class initialized using 'CodeIgniter\Session\Handlers\FileHandler' driver.
INFO - 2025-04-01 15:54:41 --> Session: Class initialized using 'CodeIgniter\Session\Handlers\FileHandler' driver.
INFO - 2025-04-01 15:55:01 --> CSRF token verified.
INFO - 2025-04-01 15:55:01 --> Session: Class initialized using 'CodeIgniter\Session\Handlers\FileHandler' driver.
INFO - 2025-04-01 15:55:02 --> Session: Class initialized using 'CodeIgniter\Session\Handlers\FileHandler' driver.
INFO - 2025-04-01 15:55:16 --> Session: Class initialized using 'CodeIgniter\Session\Handlers\FileHandler' driver.
INFO - 2025-04-01 15:55:34 --> CSRF token verified.
INFO - 2025-04-01 15:55:34 --> Session: Class initialized using 'CodeIgniter\Session\Handlers\FileHandler' driver.
INFO - 2025-04-01 15:55:34 --> Session: Class initialized using 'CodeIgniter\Session\Handlers\FileHandler' driver.
INFO - 2025-04-01 15:55:46 --> Session: Class initialized using 'CodeIgniter\Session\Handlers\FileHandler' driver.
INFO - 2025-04-01 15:56:02 --> CSRF token verified.
INFO - 2025-04-01 15:56:02 --> Session: Class initialized using 'CodeIgniter\Session\Handlers\FileHandler' driver.
INFO - 2025-04-01 15:56:02 --> Session: Class initialized using 'CodeIgniter\Session\Handlers\FileHandler' driver.
INFO - 2025-04-01 15:56:30 --> Session: Class initialized using 'CodeIgniter\Session\Handlers\FileHandler' driver.
INFO - 2025-04-01 15:56:37 --> CSRF token verified.
INFO - 2025-04-01 15:56:37 --> Session: Class initialized using 'CodeIgniter\Session\Handlers\FileHandler' driver.
INFO - 2025-04-01 15:56:37 --> Session: Class initialized using 'CodeIgniter\Session\Handlers\FileHandler' driver.
INFO - 2025-04-01 15:56:50 --> Session: Class initialized using 'CodeIgniter\Session\Handlers\FileHandler' driver.
INFO - 2025-04-01 15:57:06 --> CSRF token verified.
INFO - 2025-04-01 15:57:06 --> Session: Class initialized using 'CodeIgniter\Session\Handlers\FileHandler' driver.
INFO - 2025-04-01 15:57:06 --> Session: Class initialized using 'CodeIgniter\Session\Handlers\FileHandler' driver.
INFO - 2025-04-01 15:57:24 --> Session: Class initialized using 'CodeIgniter\Session\Handlers\FileHandler' driver.
INFO - 2025-04-01 15:57:35 --> CSRF token verified.
INFO - 2025-04-01 15:57:35 --> Session: Class initialized using 'CodeIgniter\Session\Handlers\FileHandler' driver.
INFO - 2025-04-01 15:57:35 --> Session: Class initialized using 'CodeIgniter\Session\Handlers\FileHandler' driver.
INFO - 2025-04-01 15:57:57 --> Session: Class initialized using 'CodeIgniter\Session\Handlers\FileHandler' driver.
INFO - 2025-04-01 15:58:08 --> CSRF token verified.
INFO - 2025-04-01 15:58:08 --> Session: Class initialized using 'CodeIgniter\Session\Handlers\FileHandler' driver.
INFO - 2025-04-01 15:58:08 --> Session: Class initialized using 'CodeIgniter\Session\Handlers\FileHandler' driver.
INFO - 2025-04-01 15:58:23 --> Session: Class initialized using 'CodeIgniter\Session\Handlers\FileHandler' driver.
INFO - 2025-04-01 15:58:35 --> CSRF token verified.
INFO - 2025-04-01 15:58:35 --> Session: Class initialized using 'CodeIgniter\Session\Handlers\FileHandler' driver.
INFO - 2025-04-01 15:58:36 --> Session: Class initialized using 'CodeIgniter\Session\Handlers\FileHandler' driver.
INFO - 2025-04-01 15:58:44 --> Session: Class initialized using 'CodeIgniter\Session\Handlers\FileHandler' driver.
INFO - 2025-04-01 15:58:53 --> CSRF token verified.
INFO - 2025-04-01 15:58:53 --> Session: Class initialized using 'CodeIgniter\Session\Handlers\FileHandler' driver.
INFO - 2025-04-01 15:58:53 --> Session: Class initialized using 'CodeIgniter\Session\Handlers\FileHandler' driver.
INFO - 2025-04-01 15:59:04 --> Session: Class initialized using 'CodeIgniter\Session\Handlers\FileHandler' driver.
INFO - 2025-04-01 15:59:14 --> CSRF token verified.
INFO - 2025-04-01 15:59:14 --> Session: Class initialized using 'CodeIgniter\Session\Handlers\FileHandler' driver.
INFO - 2025-04-01 15:59:15 --> Session: Class initialized using 'CodeIgniter\Session\Handlers\FileHandler' driver.
INFO - 2025-04-01 15:59:44 --> Session: Class initialized using 'CodeIgniter\Session\Handlers\FileHandler' driver.
INFO - 2025-04-01 15:59:50 --> CSRF token verified.
INFO - 2025-04-01 15:59:50 --> Session: Class initialized using 'CodeIgniter\Session\Handlers\FileHandler' driver.
INFO - 2025-04-01 15:59:51 --> Session: Class initialized using 'CodeIgniter\Session\Handlers\FileHandler' driver.
INFO - 2025-04-01 16:00:02 --> Session: Class initialized using 'CodeIgniter\Session\Handlers\FileHandler' driver.
INFO - 2025-04-01 16:00:09 --> Session: Class initialized using 'CodeIgniter\Session\Handlers\FileHandler' driver.
INFO - 2025-04-01 16:00:22 --> CSRF token verified.
INFO - 2025-04-01 16:00:22 --> Session: Class initialized using 'CodeIgniter\Session\Handlers\FileHandler' driver.
INFO - 2025-04-01 16:00:26 --> Session: Class initialized using 'CodeIgniter\Session\Handlers\FileHandler' driver.
INFO - 2025-04-01 16:00:31 --> Session: Class initialized using 'CodeIgniter\Session\Handlers\FileHandler' driver.
INFO - 2025-04-01 16:00:32 --> Session: Class initialized using 'CodeIgniter\Session\Handlers\FileHandler' driver.
INFO - 2025-04-01 16:00:46 --> Session: Class initialized using 'CodeIgniter\Session\Handlers\FileHandler' driver.
INFO - 2025-04-01 16:00:47 --> Session: Class initialized using 'CodeIgniter\Session\Handlers\FileHandler' driver.
INFO - 2025-04-01 16:01:49 --> Session: Class initialized using 'CodeIgniter\Session\Handlers\FileHandler' driver.
INFO - 2025-04-01 16:01:58 --> Session: Class initialized using 'CodeIgniter\Session\Handlers\FileHandler' driver.
INFO - 2025-04-01 16:01:58 --> Session: Class initialized using 'CodeIgniter\Session\Handlers\FileHandler' driver.
INFO - 2025-04-01 16:01:59 --> Session: Class initialized using 'CodeIgniter\Session\Handlers\FileHandler' driver.
INFO - 2025-04-01 16:03:58 --> Session: Class initialized using 'CodeIgniter\Session\Handlers\FileHandler' driver.
INFO - 2025-04-01 16:04:00 --> Session: Class initialized using 'CodeIgniter\Session\Handlers\FileHandler' driver.
INFO - 2025-04-01 16:04:05 --> Session: Class initialized using 'CodeIgniter\Session\Handlers\FileHandler' driver.
INFO - 2025-04-01 16:04:09 --> Session: Class initialized using 'CodeIgniter\Session\Handlers\FileHandler' driver.
INFO - 2025-04-01 16:04:09 --> Session: Class initialized using 'CodeIgniter\Session\Handlers\FileHandler' driver.
INFO - 2025-04-01 16:04:45 --> Session: Class initialized using 'CodeIgniter\Session\Handlers\FileHandler' driver.
INFO - 2025-04-01 16:07:36 --> CSRF token verified.
INFO - 2025-04-01 16:07:38 --> Session: Class initialized using 'CodeIgniter\Session\Handlers\FileHandler' driver.
INFO - 2025-04-01 16:07:39 --> Session: Class initialized using 'CodeIgniter\Session\Handlers\FileHandler' driver.
INFO - 2025-04-01 16:07:45 --> Session: Class initialized using 'CodeIgniter\Session\Handlers\FileHandler' driver.
INFO - 2025-04-01 16:07:56 --> Session: Class initialized using 'CodeIgniter\Session\Handlers\FileHandler' driver.
INFO - 2025-04-01 16:07:56 --> Session: Class initialized using 'CodeIgniter\Session\Handlers\FileHandler' driver.
WARNING - 2025-04-01 16:07:56 --> [DEPRECATED] number_format(): Passing null to parameter #1 ($num) of type float is deprecated in APPPATH/Views/reporte/imprimir_valorado.php on line 96.
 1 APPPATH/Views/reporte/imprimir_valorado.php(96): number_format(null, 2, ',', '.')
 2 SYSTEMPATH/View/View.php(234): include('/home2/usoabumg/public_html/oruro.site/app/Views/reporte/imprimir_valorado.php')
 3 SYSTEMPATH/View/View.php(237): CodeIgniter\View\View->CodeIgniter\View\{closure}()
 4 SYSTEMPATH/Common.php(1171): CodeIgniter\View\View->render('reporte/imprimir_valorado', [], true)
 5 APPPATH/Controllers/Reporte.php(135): view('reporte/imprimir_valorado', [...])
 6 SYSTEMPATH/CodeIgniter.php(933): App\Controllers\Reporte->consolidado()
 7 SYSTEMPATH/CodeIgniter.php(509): CodeIgniter\CodeIgniter->runController(Object(App\Controllers\Reporte))
 8 SYSTEMPATH/CodeIgniter.php(355): CodeIgniter\CodeIgniter->handleRequest(null, Object(Config\Cache), false)
 9 SYSTEMPATH/Boot.php(325): CodeIgniter\CodeIgniter->run()
10 SYSTEMPATH/Boot.php(67): CodeIgniter\Boot::runCodeIgniter(Object(CodeIgniter\CodeIgniter))
11 FCPATH/index.php(56): CodeIgniter\Boot::bootWeb(Object(Config\Paths))
WARNING - 2025-04-01 16:07:56 --> [DEPRECATED] number_format(): Passing null to parameter #1 ($num) of type float is deprecated in APPPATH/Views/reporte/imprimir_valorado.php on line 99.
 1 APPPATH/Views/reporte/imprimir_valorado.php(99): number_format(null, 2, ',', '.')
 2 SYSTEMPATH/View/View.php(234): include('/home2/usoabumg/public_html/oruro.site/app/Views/reporte/imprimir_valorado.php')
 3 SYSTEMPATH/View/View.php(237): CodeIgniter\View\View->CodeIgniter\View\{closure}()
 4 SYSTEMPATH/Common.php(1171): CodeIgniter\View\View->render('reporte/imprimir_valorado', [], true)
 5 APPPATH/Controllers/Reporte.php(135): view('reporte/imprimir_valorado', [...])
 6 SYSTEMPATH/CodeIgniter.php(933): App\Controllers\Reporte->consolidado()
 7 SYSTEMPATH/CodeIgniter.php(509): CodeIgniter\CodeIgniter->runController(Object(App\Controllers\Reporte))
 8 SYSTEMPATH/CodeIgniter.php(355): CodeIgniter\CodeIgniter->handleRequest(null, Object(Config\Cache), false)
 9 SYSTEMPATH/Boot.php(325): CodeIgniter\CodeIgniter->run()
10 SYSTEMPATH/Boot.php(67): CodeIgniter\Boot::runCodeIgniter(Object(CodeIgniter\CodeIgniter))
11 FCPATH/index.php(56): CodeIgniter\Boot::bootWeb(Object(Config\Paths))
WARNING - 2025-04-01 16:07:56 --> [DEPRECATED] number_format(): Passing null to parameter #1 ($num) of type float is deprecated in APPPATH/Views/reporte/imprimir_valorado.php on line 96.
 1 APPPATH/Views/reporte/imprimir_valorado.php(96): number_format(null, 2, ',', '.')
 2 SYSTEMPATH/View/View.php(234): include('/home2/usoabumg/public_html/oruro.site/app/Views/reporte/imprimir_valorado.php')
 3 SYSTEMPATH/View/View.php(237): CodeIgniter\View\View->CodeIgniter\View\{closure}()
 4 SYSTEMPATH/Common.php(1171): CodeIgniter\View\View->render('reporte/imprimir_valorado', [], true)
 5 APPPATH/Controllers/Reporte.php(135): view('reporte/imprimir_valorado', [...])
 6 SYSTEMPATH/CodeIgniter.php(933): App\Controllers\Reporte->consolidado()
 7 SYSTEMPATH/CodeIgniter.php(509): CodeIgniter\CodeIgniter->runController(Object(App\Controllers\Reporte))
 8 SYSTEMPATH/CodeIgniter.php(355): CodeIgniter\CodeIgniter->handleRequest(null, Object(Config\Cache), false)
 9 SYSTEMPATH/Boot.php(325): CodeIgniter\CodeIgniter->run()
10 SYSTEMPATH/Boot.php(67): CodeIgniter\Boot::runCodeIgniter(Object(CodeIgniter\CodeIgniter))
11 FCPATH/index.php(56): CodeIgniter\Boot::bootWeb(Object(Config\Paths))
WARNING - 2025-04-01 16:07:56 --> [DEPRECATED] number_format(): Passing null to parameter #1 ($num) of type float is deprecated in APPPATH/Views/reporte/imprimir_valorado.php on line 99.
 1 APPPATH/Views/reporte/imprimir_valorado.php(99): number_format(null, 2, ',', '.')
 2 SYSTEMPATH/View/View.php(234): include('/home2/usoabumg/public_html/oruro.site/app/Views/reporte/imprimir_valorado.php')
 3 SYSTEMPATH/View/View.php(237): CodeIgniter\View\View->CodeIgniter\View\{closure}()
 4 SYSTEMPATH/Common.php(1171): CodeIgniter\View\View->render('reporte/imprimir_valorado', [], true)
 5 APPPATH/Controllers/Reporte.php(135): view('reporte/imprimir_valorado', [...])
 6 SYSTEMPATH/CodeIgniter.php(933): App\Controllers\Reporte->consolidado()
 7 SYSTEMPATH/CodeIgniter.php(509): CodeIgniter\CodeIgniter->runController(Object(App\Controllers\Reporte))
 8 SYSTEMPATH/CodeIgniter.php(355): CodeIgniter\CodeIgniter->handleRequest(null, Object(Config\Cache), false)
 9 SYSTEMPATH/Boot.php(325): CodeIgniter\CodeIgniter->run()
10 SYSTEMPATH/Boot.php(67): CodeIgniter\Boot::runCodeIgniter(Object(CodeIgniter\CodeIgniter))
11 FCPATH/index.php(56): CodeIgniter\Boot::bootWeb(Object(Config\Paths))
WARNING - 2025-04-01 16:07:56 --> [DEPRECATED] number_format(): Passing null to parameter #1 ($num) of type float is deprecated in APPPATH/Views/reporte/imprimir_valorado.php on line 96.
 1 APPPATH/Views/reporte/imprimir_valorado.php(96): number_format(null, 2, ',', '.')
 2 SYSTEMPATH/View/View.php(234): include('/home2/usoabumg/public_html/oruro.site/app/Views/reporte/imprimir_valorado.php')
 3 SYSTEMPATH/View/View.php(237): CodeIgniter\View\View->CodeIgniter\View\{closure}()
 4 SYSTEMPATH/Common.php(1171): CodeIgniter\View\View->render('reporte/imprimir_valorado', [], true)
 5 APPPATH/Controllers/Reporte.php(135): view('reporte/imprimir_valorado', [...])
 6 SYSTEMPATH/CodeIgniter.php(933): App\Controllers\Reporte->consolidado()
 7 SYSTEMPATH/CodeIgniter.php(509): CodeIgniter\CodeIgniter->runController(Object(App\Controllers\Reporte))
 8 SYSTEMPATH/CodeIgniter.php(355): CodeIgniter\CodeIgniter->handleRequest(null, Object(Config\Cache), false)
 9 SYSTEMPATH/Boot.php(325): CodeIgniter\CodeIgniter->run()
10 SYSTEMPATH/Boot.php(67): CodeIgniter\Boot::runCodeIgniter(Object(CodeIgniter\CodeIgniter))
11 FCPATH/index.php(56): CodeIgniter\Boot::bootWeb(Object(Config\Paths))
WARNING - 2025-04-01 16:07:56 --> [DEPRECATED] number_format(): Passing null to parameter #1 ($num) of type float is deprecated in APPPATH/Views/reporte/imprimir_valorado.php on line 99.
 1 APPPATH/Views/reporte/imprimir_valorado.php(99): number_format(null, 2, ',', '.')
 2 SYSTEMPATH/View/View.php(234): include('/home2/usoabumg/public_html/oruro.site/app/Views/reporte/imprimir_valorado.php')
 3 SYSTEMPATH/View/View.php(237): CodeIgniter\View\View->CodeIgniter\View\{closure}()
 4 SYSTEMPATH/Common.php(1171): CodeIgniter\View\View->render('reporte/imprimir_valorado', [], true)
 5 APPPATH/Controllers/Reporte.php(135): view('reporte/imprimir_valorado', [...])
 6 SYSTEMPATH/CodeIgniter.php(933): App\Controllers\Reporte->consolidado()
 7 SYSTEMPATH/CodeIgniter.php(509): CodeIgniter\CodeIgniter->runController(Object(App\Controllers\Reporte))
 8 SYSTEMPATH/CodeIgniter.php(355): CodeIgniter\CodeIgniter->handleRequest(null, Object(Config\Cache), false)
 9 SYSTEMPATH/Boot.php(325): CodeIgniter\CodeIgniter->run()
10 SYSTEMPATH/Boot.php(67): CodeIgniter\Boot::runCodeIgniter(Object(CodeIgniter\CodeIgniter))
11 FCPATH/index.php(56): CodeIgniter\Boot::bootWeb(Object(Config\Paths))
WARNING - 2025-04-01 16:07:56 --> [DEPRECATED] number_format(): Passing null to parameter #1 ($num) of type float is deprecated in APPPATH/Views/reporte/imprimir_valorado.php on line 96.
 1 APPPATH/Views/reporte/imprimir_valorado.php(96): number_format(null, 2, ',', '.')
 2 SYSTEMPATH/View/View.php(234): include('/home2/usoabumg/public_html/oruro.site/app/Views/reporte/imprimir_valorado.php')
 3 SYSTEMPATH/View/View.php(237): CodeIgniter\View\View->CodeIgniter\View\{closure}()
 4 SYSTEMPATH/Common.php(1171): CodeIgniter\View\View->render('reporte/imprimir_valorado', [], true)
 5 APPPATH/Controllers/Reporte.php(135): view('reporte/imprimir_valorado', [...])
 6 SYSTEMPATH/CodeIgniter.php(933): App\Controllers\Reporte->consolidado()
 7 SYSTEMPATH/CodeIgniter.php(509): CodeIgniter\CodeIgniter->runController(Object(App\Controllers\Reporte))
 8 SYSTEMPATH/CodeIgniter.php(355): CodeIgniter\CodeIgniter->handleRequest(null, Object(Config\Cache), false)
 9 SYSTEMPATH/Boot.php(325): CodeIgniter\CodeIgniter->run()
10 SYSTEMPATH/Boot.php(67): CodeIgniter\Boot::runCodeIgniter(Object(CodeIgniter\CodeIgniter))
11 FCPATH/index.php(56): CodeIgniter\Boot::bootWeb(Object(Config\Paths))
WARNING - 2025-04-01 16:07:56 --> [DEPRECATED] number_format(): Passing null to parameter #1 ($num) of type float is deprecated in APPPATH/Views/reporte/imprimir_valorado.php on line 99.
 1 APPPATH/Views/reporte/imprimir_valorado.php(99): number_format(null, 2, ',', '.')
 2 SYSTEMPATH/View/View.php(234): include('/home2/usoabumg/public_html/oruro.site/app/Views/reporte/imprimir_valorado.php')
 3 SYSTEMPATH/View/View.php(237): CodeIgniter\View\View->CodeIgniter\View\{closure}()
 4 SYSTEMPATH/Common.php(1171): CodeIgniter\View\View->render('reporte/imprimir_valorado', [], true)
 5 APPPATH/Controllers/Reporte.php(135): view('reporte/imprimir_valorado', [...])
 6 SYSTEMPATH/CodeIgniter.php(933): App\Controllers\Reporte->consolidado()
 7 SYSTEMPATH/CodeIgniter.php(509): CodeIgniter\CodeIgniter->runController(Object(App\Controllers\Reporte))
 8 SYSTEMPATH/CodeIgniter.php(355): CodeIgniter\CodeIgniter->handleRequest(null, Object(Config\Cache), false)
 9 SYSTEMPATH/Boot.php(325): CodeIgniter\CodeIgniter->run()
10 SYSTEMPATH/Boot.php(67): CodeIgniter\Boot::runCodeIgniter(Object(CodeIgniter\CodeIgniter))
11 FCPATH/index.php(56): CodeIgniter\Boot::bootWeb(Object(Config\Paths))
WARNING - 2025-04-01 16:07:56 --> [DEPRECATED] number_format(): Passing null to parameter #1 ($num) of type float is deprecated in APPPATH/Views/reporte/imprimir_valorado.php on line 96.
 1 APPPATH/Views/reporte/imprimir_valorado.php(96): number_format(null, 2, ',', '.')
 2 SYSTEMPATH/View/View.php(234): include('/home2/usoabumg/public_html/oruro.site/app/Views/reporte/imprimir_valorado.php')
 3 SYSTEMPATH/View/View.php(237): CodeIgniter\View\View->CodeIgniter\View\{closure}()
 4 SYSTEMPATH/Common.php(1171): CodeIgniter\View\View->render('reporte/imprimir_valorado', [], true)
 5 APPPATH/Controllers/Reporte.php(135): view('reporte/imprimir_valorado', [...])
 6 SYSTEMPATH/CodeIgniter.php(933): App\Controllers\Reporte->consolidado()
 7 SYSTEMPATH/CodeIgniter.php(509): CodeIgniter\CodeIgniter->runController(Object(App\Controllers\Reporte))
 8 SYSTEMPATH/CodeIgniter.php(355): CodeIgniter\CodeIgniter->handleRequest(null, Object(Config\Cache), false)
 9 SYSTEMPATH/Boot.php(325): CodeIgniter\CodeIgniter->run()
10 SYSTEMPATH/Boot.php(67): CodeIgniter\Boot::runCodeIgniter(Object(CodeIgniter\CodeIgniter))
11 FCPATH/index.php(56): CodeIgniter\Boot::bootWeb(Object(Config\Paths))
WARNING - 2025-04-01 16:07:56 --> [DEPRECATED] number_format(): Passing null to parameter #1 ($num) of type float is deprecated in APPPATH/Views/reporte/imprimir_valorado.php on line 99.
 1 APPPATH/Views/reporte/imprimir_valorado.php(99): number_format(null, 2, ',', '.')
 2 SYSTEMPATH/View/View.php(234): include('/home2/usoabumg/public_html/oruro.site/app/Views/reporte/imprimir_valorado.php')
 3 SYSTEMPATH/View/View.php(237): CodeIgniter\View\View->CodeIgniter\View\{closure}()
 4 SYSTEMPATH/Common.php(1171): CodeIgniter\View\View->render('reporte/imprimir_valorado', [], true)
 5 APPPATH/Controllers/Reporte.php(135): view('reporte/imprimir_valorado', [...])
 6 SYSTEMPATH/CodeIgniter.php(933): App\Controllers\Reporte->consolidado()
 7 SYSTEMPATH/CodeIgniter.php(509): CodeIgniter\CodeIgniter->runController(Object(App\Controllers\Reporte))
 8 SYSTEMPATH/CodeIgniter.php(355): CodeIgniter\CodeIgniter->handleRequest(null, Object(Config\Cache), false)
 9 SYSTEMPATH/Boot.php(325): CodeIgniter\CodeIgniter->run()
10 SYSTEMPATH/Boot.php(67): CodeIgniter\Boot::runCodeIgniter(Object(CodeIgniter\CodeIgniter))
11 FCPATH/index.php(56): CodeIgniter\Boot::bootWeb(Object(Config\Paths))
WARNING - 2025-04-01 16:07:56 --> [DEPRECATED] number_format(): Passing null to parameter #1 ($num) of type float is deprecated in APPPATH/Views/reporte/imprimir_valorado.php on line 96.
 1 APPPATH/Views/reporte/imprimir_valorado.php(96): number_format(null, 2, ',', '.')
 2 SYSTEMPATH/View/View.php(234): include('/home2/usoabumg/public_html/oruro.site/app/Views/reporte/imprimir_valorado.php')
 3 SYSTEMPATH/View/View.php(237): CodeIgniter\View\View->CodeIgniter\View\{closure}()
 4 SYSTEMPATH/Common.php(1171): CodeIgniter\View\View->render('reporte/imprimir_valorado', [], true)
 5 APPPATH/Controllers/Reporte.php(135): view('reporte/imprimir_valorado', [...])
 6 SYSTEMPATH/CodeIgniter.php(933): App\Controllers\Reporte->consolidado()
 7 SYSTEMPATH/CodeIgniter.php(509): CodeIgniter\CodeIgniter->runController(Object(App\Controllers\Reporte))
 8 SYSTEMPATH/CodeIgniter.php(355): CodeIgniter\CodeIgniter->handleRequest(null, Object(Config\Cache), false)
 9 SYSTEMPATH/Boot.php(325): CodeIgniter\CodeIgniter->run()
10 SYSTEMPATH/Boot.php(67): CodeIgniter\Boot::runCodeIgniter(Object(CodeIgniter\CodeIgniter))
11 FCPATH/index.php(56): CodeIgniter\Boot::bootWeb(Object(Config\Paths))
WARNING - 2025-04-01 16:07:56 --> [DEPRECATED] number_format(): Passing null to parameter #1 ($num) of type float is deprecated in APPPATH/Views/reporte/imprimir_valorado.php on line 99.
 1 APPPATH/Views/reporte/imprimir_valorado.php(99): number_format(null, 2, ',', '.')
 2 SYSTEMPATH/View/View.php(234): include('/home2/usoabumg/public_html/oruro.site/app/Views/reporte/imprimir_valorado.php')
 3 SYSTEMPATH/View/View.php(237): CodeIgniter\View\View->CodeIgniter\View\{closure}()
 4 SYSTEMPATH/Common.php(1171): CodeIgniter\View\View->render('reporte/imprimir_valorado', [], true)
 5 APPPATH/Controllers/Reporte.php(135): view('reporte/imprimir_valorado', [...])
 6 SYSTEMPATH/CodeIgniter.php(933): App\Controllers\Reporte->consolidado()
 7 SYSTEMPATH/CodeIgniter.php(509): CodeIgniter\CodeIgniter->runController(Object(App\Controllers\Reporte))
 8 SYSTEMPATH/CodeIgniter.php(355): CodeIgniter\CodeIgniter->handleRequest(null, Object(Config\Cache), false)
 9 SYSTEMPATH/Boot.php(325): CodeIgniter\CodeIgniter->run()
10 SYSTEMPATH/Boot.php(67): CodeIgniter\Boot::runCodeIgniter(Object(CodeIgniter\CodeIgniter))
11 FCPATH/index.php(56): CodeIgniter\Boot::bootWeb(Object(Config\Paths))
WARNING - 2025-04-01 16:07:56 --> [DEPRECATED] number_format(): Passing null to parameter #1 ($num) of type float is deprecated in APPPATH/Views/reporte/imprimir_valorado.php on line 96.
 1 APPPATH/Views/reporte/imprimir_valorado.php(96): number_format(null, 2, ',', '.')
 2 SYSTEMPATH/View/View.php(234): include('/home2/usoabumg/public_html/oruro.site/app/Views/reporte/imprimir_valorado.php')
 3 SYSTEMPATH/View/View.php(237): CodeIgniter\View\View->CodeIgniter\View\{closure}()
 4 SYSTEMPATH/Common.php(1171): CodeIgniter\View\View->render('reporte/imprimir_valorado', [], true)
 5 APPPATH/Controllers/Reporte.php(135): view('reporte/imprimir_valorado', [...])
 6 SYSTEMPATH/CodeIgniter.php(933): App\Controllers\Reporte->consolidado()
 7 SYSTEMPATH/CodeIgniter.php(509): CodeIgniter\CodeIgniter->runController(Object(App\Controllers\Reporte))
 8 SYSTEMPATH/CodeIgniter.php(355): CodeIgniter\CodeIgniter->handleRequest(null, Object(Config\Cache), false)
 9 SYSTEMPATH/Boot.php(325): CodeIgniter\CodeIgniter->run()
10 SYSTEMPATH/Boot.php(67): CodeIgniter\Boot::runCodeIgniter(Object(CodeIgniter\CodeIgniter))
11 FCPATH/index.php(56): CodeIgniter\Boot::bootWeb(Object(Config\Paths))
WARNING - 2025-04-01 16:07:56 --> [DEPRECATED] number_format(): Passing null to parameter #1 ($num) of type float is deprecated in APPPATH/Views/reporte/imprimir_valorado.php on line 99.
 1 APPPATH/Views/reporte/imprimir_valorado.php(99): number_format(null, 2, ',', '.')
 2 SYSTEMPATH/View/View.php(234): include('/home2/usoabumg/public_html/oruro.site/app/Views/reporte/imprimir_valorado.php')
 3 SYSTEMPATH/View/View.php(237): CodeIgniter\View\View->CodeIgniter\View\{closure}()
 4 SYSTEMPATH/Common.php(1171): CodeIgniter\View\View->render('reporte/imprimir_valorado', [], true)
 5 APPPATH/Controllers/Reporte.php(135): view('reporte/imprimir_valorado', [...])
 6 SYSTEMPATH/CodeIgniter.php(933): App\Controllers\Reporte->consolidado()
 7 SYSTEMPATH/CodeIgniter.php(509): CodeIgniter\CodeIgniter->runController(Object(App\Controllers\Reporte))
 8 SYSTEMPATH/CodeIgniter.php(355): CodeIgniter\CodeIgniter->handleRequest(null, Object(Config\Cache), false)
 9 SYSTEMPATH/Boot.php(325): CodeIgniter\CodeIgniter->run()
10 SYSTEMPATH/Boot.php(67): CodeIgniter\Boot::runCodeIgniter(Object(CodeIgniter\CodeIgniter))
11 FCPATH/index.php(56): CodeIgniter\Boot::bootWeb(Object(Config\Paths))
WARNING - 2025-04-01 16:07:56 --> [DEPRECATED] number_format(): Passing null to parameter #1 ($num) of type float is deprecated in APPPATH/Views/reporte/imprimir_valorado.php on line 96.
 1 APPPATH/Views/reporte/imprimir_valorado.php(96): number_format(null, 2, ',', '.')
 2 SYSTEMPATH/View/View.php(234): include('/home2/usoabumg/public_html/oruro.site/app/Views/reporte/imprimir_valorado.php')
 3 SYSTEMPATH/View/View.php(237): CodeIgniter\View\View->CodeIgniter\View\{closure}()
 4 SYSTEMPATH/Common.php(1171): CodeIgniter\View\View->render('reporte/imprimir_valorado', [], true)
 5 APPPATH/Controllers/Reporte.php(135): view('reporte/imprimir_valorado', [...])
 6 SYSTEMPATH/CodeIgniter.php(933): App\Controllers\Reporte->consolidado()
 7 SYSTEMPATH/CodeIgniter.php(509): CodeIgniter\CodeIgniter->runController(Object(App\Controllers\Reporte))
 8 SYSTEMPATH/CodeIgniter.php(355): CodeIgniter\CodeIgniter->handleRequest(null, Object(Config\Cache), false)
 9 SYSTEMPATH/Boot.php(325): CodeIgniter\CodeIgniter->run()
10 SYSTEMPATH/Boot.php(67): CodeIgniter\Boot::runCodeIgniter(Object(CodeIgniter\CodeIgniter))
11 FCPATH/index.php(56): CodeIgniter\Boot::bootWeb(Object(Config\Paths))
WARNING - 2025-04-01 16:07:56 --> [DEPRECATED] number_format(): Passing null to parameter #1 ($num) of type float is deprecated in APPPATH/Views/reporte/imprimir_valorado.php on line 99.
 1 APPPATH/Views/reporte/imprimir_valorado.php(99): number_format(null, 2, ',', '.')
 2 SYSTEMPATH/View/View.php(234): include('/home2/usoabumg/public_html/oruro.site/app/Views/reporte/imprimir_valorado.php')
 3 SYSTEMPATH/View/View.php(237): CodeIgniter\View\View->CodeIgniter\View\{closure}()
 4 SYSTEMPATH/Common.php(1171): CodeIgniter\View\View->render('reporte/imprimir_valorado', [], true)
 5 APPPATH/Controllers/Reporte.php(135): view('reporte/imprimir_valorado', [...])
 6 SYSTEMPATH/CodeIgniter.php(933): App\Controllers\Reporte->consolidado()
 7 SYSTEMPATH/CodeIgniter.php(509): CodeIgniter\CodeIgniter->runController(Object(App\Controllers\Reporte))
 8 SYSTEMPATH/CodeIgniter.php(355): CodeIgniter\CodeIgniter->handleRequest(null, Object(Config\Cache), false)
 9 SYSTEMPATH/Boot.php(325): CodeIgniter\CodeIgniter->run()
10 SYSTEMPATH/Boot.php(67): CodeIgniter\Boot::runCodeIgniter(Object(CodeIgniter\CodeIgniter))
11 FCPATH/index.php(56): CodeIgniter\Boot::bootWeb(Object(Config\Paths))
WARNING - 2025-04-01 16:07:56 --> [DEPRECATED] number_format(): Passing null to parameter #1 ($num) of type float is deprecated in APPPATH/Views/reporte/imprimir_valorado.php on line 96.
 1 APPPATH/Views/reporte/imprimir_valorado.php(96): number_format(null, 2, ',', '.')
 2 SYSTEMPATH/View/View.php(234): include('/home2/usoabumg/public_html/oruro.site/app/Views/reporte/imprimir_valorado.php')
 3 SYSTEMPATH/View/View.php(237): CodeIgniter\View\View->CodeIgniter\View\{closure}()
 4 SYSTEMPATH/Common.php(1171): CodeIgniter\View\View->render('reporte/imprimir_valorado', [], true)
 5 APPPATH/Controllers/Reporte.php(135): view('reporte/imprimir_valorado', [...])
 6 SYSTEMPATH/CodeIgniter.php(933): App\Controllers\Reporte->consolidado()
 7 SYSTEMPATH/CodeIgniter.php(509): CodeIgniter\CodeIgniter->runController(Object(App\Controllers\Reporte))
 8 SYSTEMPATH/CodeIgniter.php(355): CodeIgniter\CodeIgniter->handleRequest(null, Object(Config\Cache), false)
 9 SYSTEMPATH/Boot.php(325): CodeIgniter\CodeIgniter->run()
10 SYSTEMPATH/Boot.php(67): CodeIgniter\Boot::runCodeIgniter(Object(CodeIgniter\CodeIgniter))
11 FCPATH/index.php(56): CodeIgniter\Boot::bootWeb(Object(Config\Paths))
WARNING - 2025-04-01 16:07:56 --> [DEPRECATED] number_format(): Passing null to parameter #1 ($num) of type float is deprecated in APPPATH/Views/reporte/imprimir_valorado.php on line 99.
 1 APPPATH/Views/reporte/imprimir_valorado.php(99): number_format(null, 2, ',', '.')
 2 SYSTEMPATH/View/View.php(234): include('/home2/usoabumg/public_html/oruro.site/app/Views/reporte/imprimir_valorado.php')
 3 SYSTEMPATH/View/View.php(237): CodeIgniter\View\View->CodeIgniter\View\{closure}()
 4 SYSTEMPATH/Common.php(1171): CodeIgniter\View\View->render('reporte/imprimir_valorado', [], true)
 5 APPPATH/Controllers/Reporte.php(135): view('reporte/imprimir_valorado', [...])
 6 SYSTEMPATH/CodeIgniter.php(933): App\Controllers\Reporte->consolidado()
 7 SYSTEMPATH/CodeIgniter.php(509): CodeIgniter\CodeIgniter->runController(Object(App\Controllers\Reporte))
 8 SYSTEMPATH/CodeIgniter.php(355): CodeIgniter\CodeIgniter->handleRequest(null, Object(Config\Cache), false)
 9 SYSTEMPATH/Boot.php(325): CodeIgniter\CodeIgniter->run()
10 SYSTEMPATH/Boot.php(67): CodeIgniter\Boot::runCodeIgniter(Object(CodeIgniter\CodeIgniter))
11 FCPATH/index.php(56): CodeIgniter\Boot::bootWeb(Object(Config\Paths))
WARNING - 2025-04-01 16:07:56 --> [DEPRECATED] number_format(): Passing null to parameter #1 ($num) of type float is deprecated in APPPATH/Views/reporte/imprimir_valorado.php on line 96.
 1 APPPATH/Views/reporte/imprimir_valorado.php(96): number_format(null, 2, ',', '.')
 2 SYSTEMPATH/View/View.php(234): include('/home2/usoabumg/public_html/oruro.site/app/Views/reporte/imprimir_valorado.php')
 3 SYSTEMPATH/View/View.php(237): CodeIgniter\View\View->CodeIgniter\View\{closure}()
 4 SYSTEMPATH/Common.php(1171): CodeIgniter\View\View->render('reporte/imprimir_valorado', [], true)
 5 APPPATH/Controllers/Reporte.php(135): view('reporte/imprimir_valorado', [...])
 6 SYSTEMPATH/CodeIgniter.php(933): App\Controllers\Reporte->consolidado()
 7 SYSTEMPATH/CodeIgniter.php(509): CodeIgniter\CodeIgniter->runController(Object(App\Controllers\Reporte))
 8 SYSTEMPATH/CodeIgniter.php(355): CodeIgniter\CodeIgniter->handleRequest(null, Object(Config\Cache), false)
 9 SYSTEMPATH/Boot.php(325): CodeIgniter\CodeIgniter->run()
10 SYSTEMPATH/Boot.php(67): CodeIgniter\Boot::runCodeIgniter(Object(CodeIgniter\CodeIgniter))
11 FCPATH/index.php(56): CodeIgniter\Boot::bootWeb(Object(Config\Paths))
WARNING - 2025-04-01 16:07:56 --> [DEPRECATED] number_format(): Passing null to parameter #1 ($num) of type float is deprecated in APPPATH/Views/reporte/imprimir_valorado.php on line 99.
 1 APPPATH/Views/reporte/imprimir_valorado.php(99): number_format(null, 2, ',', '.')
 2 SYSTEMPATH/View/View.php(234): include('/home2/usoabumg/public_html/oruro.site/app/Views/reporte/imprimir_valorado.php')
 3 SYSTEMPATH/View/View.php(237): CodeIgniter\View\View->CodeIgniter\View\{closure}()
 4 SYSTEMPATH/Common.php(1171): CodeIgniter\View\View->render('reporte/imprimir_valorado', [], true)
 5 APPPATH/Controllers/Reporte.php(135): view('reporte/imprimir_valorado', [...])
 6 SYSTEMPATH/CodeIgniter.php(933): App\Controllers\Reporte->consolidado()
 7 SYSTEMPATH/CodeIgniter.php(509): CodeIgniter\CodeIgniter->runController(Object(App\Controllers\Reporte))
 8 SYSTEMPATH/CodeIgniter.php(355): CodeIgniter\CodeIgniter->handleRequest(null, Object(Config\Cache), false)
 9 SYSTEMPATH/Boot.php(325): CodeIgniter\CodeIgniter->run()
10 SYSTEMPATH/Boot.php(67): CodeIgniter\Boot::runCodeIgniter(Object(CodeIgniter\CodeIgniter))
11 FCPATH/index.php(56): CodeIgniter\Boot::bootWeb(Object(Config\Paths))
WARNING - 2025-04-01 16:07:56 --> [DEPRECATED] number_format(): Passing null to parameter #1 ($num) of type float is deprecated in APPPATH/Views/reporte/imprimir_valorado.php on line 96.
 1 APPPATH/Views/reporte/imprimir_valorado.php(96): number_format(null, 2, ',', '.')
 2 SYSTEMPATH/View/View.php(234): include('/home2/usoabumg/public_html/oruro.site/app/Views/reporte/imprimir_valorado.php')
 3 SYSTEMPATH/View/View.php(237): CodeIgniter\View\View->CodeIgniter\View\{closure}()
 4 SYSTEMPATH/Common.php(1171): CodeIgniter\View\View->render('reporte/imprimir_valorado', [], true)
 5 APPPATH/Controllers/Reporte.php(135): view('reporte/imprimir_valorado', [...])
 6 SYSTEMPATH/CodeIgniter.php(933): App\Controllers\Reporte->consolidado()
 7 SYSTEMPATH/CodeIgniter.php(509): CodeIgniter\CodeIgniter->runController(Object(App\Controllers\Reporte))
 8 SYSTEMPATH/CodeIgniter.php(355): CodeIgniter\CodeIgniter->handleRequest(null, Object(Config\Cache), false)
 9 SYSTEMPATH/Boot.php(325): CodeIgniter\CodeIgniter->run()
10 SYSTEMPATH/Boot.php(67): CodeIgniter\Boot::runCodeIgniter(Object(CodeIgniter\CodeIgniter))
11 FCPATH/index.php(56): CodeIgniter\Boot::bootWeb(Object(Config\Paths))
WARNING - 2025-04-01 16:07:56 --> [DEPRECATED] number_format(): Passing null to parameter #1 ($num) of type float is deprecated in APPPATH/Views/reporte/imprimir_valorado.php on line 99.
 1 APPPATH/Views/reporte/imprimir_valorado.php(99): number_format(null, 2, ',', '.')
 2 SYSTEMPATH/View/View.php(234): include('/home2/usoabumg/public_html/oruro.site/app/Views/reporte/imprimir_valorado.php')
 3 SYSTEMPATH/View/View.php(237): CodeIgniter\View\View->CodeIgniter\View\{closure}()
 4 SYSTEMPATH/Common.php(1171): CodeIgniter\View\View->render('reporte/imprimir_valorado', [], true)
 5 APPPATH/Controllers/Reporte.php(135): view('reporte/imprimir_valorado', [...])
 6 SYSTEMPATH/CodeIgniter.php(933): App\Controllers\Reporte->consolidado()
 7 SYSTEMPATH/CodeIgniter.php(509): CodeIgniter\CodeIgniter->runController(Object(App\Controllers\Reporte))
 8 SYSTEMPATH/CodeIgniter.php(355): CodeIgniter\CodeIgniter->handleRequest(null, Object(Config\Cache), false)
 9 SYSTEMPATH/Boot.php(325): CodeIgniter\CodeIgniter->run()
10 SYSTEMPATH/Boot.php(67): CodeIgniter\Boot::runCodeIgniter(Object(CodeIgniter\CodeIgniter))
11 FCPATH/index.php(56): CodeIgniter\Boot::bootWeb(Object(Config\Paths))
WARNING - 2025-04-01 16:07:56 --> [DEPRECATED] number_format(): Passing null to parameter #1 ($num) of type float is deprecated in APPPATH/Views/reporte/imprimir_valorado.php on line 96.
 1 APPPATH/Views/reporte/imprimir_valorado.php(96): number_format(null, 2, ',', '.')
 2 SYSTEMPATH/View/View.php(234): include('/home2/usoabumg/public_html/oruro.site/app/Views/reporte/imprimir_valorado.php')
 3 SYSTEMPATH/View/View.php(237): CodeIgniter\View\View->CodeIgniter\View\{closure}()
 4 SYSTEMPATH/Common.php(1171): CodeIgniter\View\View->render('reporte/imprimir_valorado', [], true)
 5 APPPATH/Controllers/Reporte.php(135): view('reporte/imprimir_valorado', [...])
 6 SYSTEMPATH/CodeIgniter.php(933): App\Controllers\Reporte->consolidado()
 7 SYSTEMPATH/CodeIgniter.php(509): CodeIgniter\CodeIgniter->runController(Object(App\Controllers\Reporte))
 8 SYSTEMPATH/CodeIgniter.php(355): CodeIgniter\CodeIgniter->handleRequest(null, Object(Config\Cache), false)
 9 SYSTEMPATH/Boot.php(325): CodeIgniter\CodeIgniter->run()
10 SYSTEMPATH/Boot.php(67): CodeIgniter\Boot::runCodeIgniter(Object(CodeIgniter\CodeIgniter))
11 FCPATH/index.php(56): CodeIgniter\Boot::bootWeb(Object(Config\Paths))
WARNING - 2025-04-01 16:07:56 --> [DEPRECATED] number_format(): Passing null to parameter #1 ($num) of type float is deprecated in APPPATH/Views/reporte/imprimir_valorado.php on line 99.
 1 APPPATH/Views/reporte/imprimir_valorado.php(99): number_format(null, 2, ',', '.')
 2 SYSTEMPATH/View/View.php(234): include('/home2/usoabumg/public_html/oruro.site/app/Views/reporte/imprimir_valorado.php')
 3 SYSTEMPATH/View/View.php(237): CodeIgniter\View\View->CodeIgniter\View\{closure}()
 4 SYSTEMPATH/Common.php(1171): CodeIgniter\View\View->render('reporte/imprimir_valorado', [], true)
 5 APPPATH/Controllers/Reporte.php(135): view('reporte/imprimir_valorado', [...])
 6 SYSTEMPATH/CodeIgniter.php(933): App\Controllers\Reporte->consolidado()
 7 SYSTEMPATH/CodeIgniter.php(509): CodeIgniter\CodeIgniter->runController(Object(App\Controllers\Reporte))
 8 SYSTEMPATH/CodeIgniter.php(355): CodeIgniter\CodeIgniter->handleRequest(null, Object(Config\Cache), false)
 9 SYSTEMPATH/Boot.php(325): CodeIgniter\CodeIgniter->run()
10 SYSTEMPATH/Boot.php(67): CodeIgniter\Boot::runCodeIgniter(Object(CodeIgniter\CodeIgniter))
11 FCPATH/index.php(56): CodeIgniter\Boot::bootWeb(Object(Config\Paths))
WARNING - 2025-04-01 16:07:56 --> [DEPRECATED] number_format(): Passing null to parameter #1 ($num) of type float is deprecated in APPPATH/Views/reporte/imprimir_valorado.php on line 96.
 1 APPPATH/Views/reporte/imprimir_valorado.php(96): number_format(null, 2, ',', '.')
 2 SYSTEMPATH/View/View.php(234): include('/home2/usoabumg/public_html/oruro.site/app/Views/reporte/imprimir_valorado.php')
 3 SYSTEMPATH/View/View.php(237): CodeIgniter\View\View->CodeIgniter\View\{closure}()
 4 SYSTEMPATH/Common.php(1171): CodeIgniter\View\View->render('reporte/imprimir_valorado', [], true)
 5 APPPATH/Controllers/Reporte.php(135): view('reporte/imprimir_valorado', [...])
 6 SYSTEMPATH/CodeIgniter.php(933): App\Controllers\Reporte->consolidado()
 7 SYSTEMPATH/CodeIgniter.php(509): CodeIgniter\CodeIgniter->runController(Object(App\Controllers\Reporte))
 8 SYSTEMPATH/CodeIgniter.php(355): CodeIgniter\CodeIgniter->handleRequest(null, Object(Config\Cache), false)
 9 SYSTEMPATH/Boot.php(325): CodeIgniter\CodeIgniter->run()
10 SYSTEMPATH/Boot.php(67): CodeIgniter\Boot::runCodeIgniter(Object(CodeIgniter\CodeIgniter))
11 FCPATH/index.php(56): CodeIgniter\Boot::bootWeb(Object(Config\Paths))
WARNING - 2025-04-01 16:07:56 --> [DEPRECATED] number_format(): Passing null to parameter #1 ($num) of type float is deprecated in APPPATH/Views/reporte/imprimir_valorado.php on line 99.
 1 APPPATH/Views/reporte/imprimir_valorado.php(99): number_format(null, 2, ',', '.')
 2 SYSTEMPATH/View/View.php(234): include('/home2/usoabumg/public_html/oruro.site/app/Views/reporte/imprimir_valorado.php')
 3 SYSTEMPATH/View/View.php(237): CodeIgniter\View\View->CodeIgniter\View\{closure}()
 4 SYSTEMPATH/Common.php(1171): CodeIgniter\View\View->render('reporte/imprimir_valorado', [], true)
 5 APPPATH/Controllers/Reporte.php(135): view('reporte/imprimir_valorado', [...])
 6 SYSTEMPATH/CodeIgniter.php(933): App\Controllers\Reporte->consolidado()
 7 SYSTEMPATH/CodeIgniter.php(509): CodeIgniter\CodeIgniter->runController(Object(App\Controllers\Reporte))
 8 SYSTEMPATH/CodeIgniter.php(355): CodeIgniter\CodeIgniter->handleRequest(null, Object(Config\Cache), false)
 9 SYSTEMPATH/Boot.php(325): CodeIgniter\CodeIgniter->run()
10 SYSTEMPATH/Boot.php(67): CodeIgniter\Boot::runCodeIgniter(Object(CodeIgniter\CodeIgniter))
11 FCPATH/index.php(56): CodeIgniter\Boot::bootWeb(Object(Config\Paths))
WARNING - 2025-04-01 16:07:56 --> [DEPRECATED] number_format(): Passing null to parameter #1 ($num) of type float is deprecated in APPPATH/Views/reporte/imprimir_valorado.php on line 96.
 1 APPPATH/Views/reporte/imprimir_valorado.php(96): number_format(null, 2, ',', '.')
 2 SYSTEMPATH/View/View.php(234): include('/home2/usoabumg/public_html/oruro.site/app/Views/reporte/imprimir_valorado.php')
 3 SYSTEMPATH/View/View.php(237): CodeIgniter\View\View->CodeIgniter\View\{closure}()
 4 SYSTEMPATH/Common.php(1171): CodeIgniter\View\View->render('reporte/imprimir_valorado', [], true)
 5 APPPATH/Controllers/Reporte.php(135): view('reporte/imprimir_valorado', [...])
 6 SYSTEMPATH/CodeIgniter.php(933): App\Controllers\Reporte->consolidado()
 7 SYSTEMPATH/CodeIgniter.php(509): CodeIgniter\CodeIgniter->runController(Object(App\Controllers\Reporte))
 8 SYSTEMPATH/CodeIgniter.php(355): CodeIgniter\CodeIgniter->handleRequest(null, Object(Config\Cache), false)
 9 SYSTEMPATH/Boot.php(325): CodeIgniter\CodeIgniter->run()
10 SYSTEMPATH/Boot.php(67): CodeIgniter\Boot::runCodeIgniter(Object(CodeIgniter\CodeIgniter))
11 FCPATH/index.php(56): CodeIgniter\Boot::bootWeb(Object(Config\Paths))
WARNING - 2025-04-01 16:07:56 --> [DEPRECATED] number_format(): Passing null to parameter #1 ($num) of type float is deprecated in APPPATH/Views/reporte/imprimir_valorado.php on line 99.
 1 APPPATH/Views/reporte/imprimir_valorado.php(99): number_format(null, 2, ',', '.')
 2 SYSTEMPATH/View/View.php(234): include('/home2/usoabumg/public_html/oruro.site/app/Views/reporte/imprimir_valorado.php')
 3 SYSTEMPATH/View/View.php(237): CodeIgniter\View\View->CodeIgniter\View\{closure}()
 4 SYSTEMPATH/Common.php(1171): CodeIgniter\View\View->render('reporte/imprimir_valorado', [], true)
 5 APPPATH/Controllers/Reporte.php(135): view('reporte/imprimir_valorado', [...])
 6 SYSTEMPATH/CodeIgniter.php(933): App\Controllers\Reporte->consolidado()
 7 SYSTEMPATH/CodeIgniter.php(509): CodeIgniter\CodeIgniter->runController(Object(App\Controllers\Reporte))
 8 SYSTEMPATH/CodeIgniter.php(355): CodeIgniter\CodeIgniter->handleRequest(null, Object(Config\Cache), false)
 9 SYSTEMPATH/Boot.php(325): CodeIgniter\CodeIgniter->run()
10 SYSTEMPATH/Boot.php(67): CodeIgniter\Boot::runCodeIgniter(Object(CodeIgniter\CodeIgniter))
11 FCPATH/index.php(56): CodeIgniter\Boot::bootWeb(Object(Config\Paths))
WARNING - 2025-04-01 16:07:56 --> [DEPRECATED] number_format(): Passing null to parameter #1 ($num) of type float is deprecated in APPPATH/Views/reporte/imprimir_valorado.php on line 96.
 1 APPPATH/Views/reporte/imprimir_valorado.php(96): number_format(null, 2, ',', '.')
 2 SYSTEMPATH/View/View.php(234): include('/home2/usoabumg/public_html/oruro.site/app/Views/reporte/imprimir_valorado.php')
 3 SYSTEMPATH/View/View.php(237): CodeIgniter\View\View->CodeIgniter\View\{closure}()
 4 SYSTEMPATH/Common.php(1171): CodeIgniter\View\View->render('reporte/imprimir_valorado', [], true)
 5 APPPATH/Controllers/Reporte.php(135): view('reporte/imprimir_valorado', [...])
 6 SYSTEMPATH/CodeIgniter.php(933): App\Controllers\Reporte->consolidado()
 7 SYSTEMPATH/CodeIgniter.php(509): CodeIgniter\CodeIgniter->runController(Object(App\Controllers\Reporte))
 8 SYSTEMPATH/CodeIgniter.php(355): CodeIgniter\CodeIgniter->handleRequest(null, Object(Config\Cache), false)
 9 SYSTEMPATH/Boot.php(325): CodeIgniter\CodeIgniter->run()
10 SYSTEMPATH/Boot.php(67): CodeIgniter\Boot::runCodeIgniter(Object(CodeIgniter\CodeIgniter))
11 FCPATH/index.php(56): CodeIgniter\Boot::bootWeb(Object(Config\Paths))
WARNING - 2025-04-01 16:07:56 --> [DEPRECATED] number_format(): Passing null to parameter #1 ($num) of type float is deprecated in APPPATH/Views/reporte/imprimir_valorado.php on line 99.
 1 APPPATH/Views/reporte/imprimir_valorado.php(99): number_format(null, 2, ',', '.')
 2 SYSTEMPATH/View/View.php(234): include('/home2/usoabumg/public_html/oruro.site/app/Views/reporte/imprimir_valorado.php')
 3 SYSTEMPATH/View/View.php(237): CodeIgniter\View\View->CodeIgniter\View\{closure}()
 4 SYSTEMPATH/Common.php(1171): CodeIgniter\View\View->render('reporte/imprimir_valorado', [], true)
 5 APPPATH/Controllers/Reporte.php(135): view('reporte/imprimir_valorado', [...])
 6 SYSTEMPATH/CodeIgniter.php(933): App\Controllers\Reporte->consolidado()
 7 SYSTEMPATH/CodeIgniter.php(509): CodeIgniter\CodeIgniter->runController(Object(App\Controllers\Reporte))
 8 SYSTEMPATH/CodeIgniter.php(355): CodeIgniter\CodeIgniter->handleRequest(null, Object(Config\Cache), false)
 9 SYSTEMPATH/Boot.php(325): CodeIgniter\CodeIgniter->run()
10 SYSTEMPATH/Boot.php(67): CodeIgniter\Boot::runCodeIgniter(Object(CodeIgniter\CodeIgniter))
11 FCPATH/index.php(56): CodeIgniter\Boot::bootWeb(Object(Config\Paths))
WARNING - 2025-04-01 16:07:56 --> [DEPRECATED] number_format(): Passing null to parameter #1 ($num) of type float is deprecated in APPPATH/Views/reporte/imprimir_valorado.php on line 96.
 1 APPPATH/Views/reporte/imprimir_valorado.php(96): number_format(null, 2, ',', '.')
 2 SYSTEMPATH/View/View.php(234): include('/home2/usoabumg/public_html/oruro.site/app/Views/reporte/imprimir_valorado.php')
 3 SYSTEMPATH/View/View.php(237): CodeIgniter\View\View->CodeIgniter\View\{closure}()
 4 SYSTEMPATH/Common.php(1171): CodeIgniter\View\View->render('reporte/imprimir_valorado', [], true)
 5 APPPATH/Controllers/Reporte.php(135): view('reporte/imprimir_valorado', [...])
 6 SYSTEMPATH/CodeIgniter.php(933): App\Controllers\Reporte->consolidado()
 7 SYSTEMPATH/CodeIgniter.php(509): CodeIgniter\CodeIgniter->runController(Object(App\Controllers\Reporte))
 8 SYSTEMPATH/CodeIgniter.php(355): CodeIgniter\CodeIgniter->handleRequest(null, Object(Config\Cache), false)
 9 SYSTEMPATH/Boot.php(325): CodeIgniter\CodeIgniter->run()
10 SYSTEMPATH/Boot.php(67): CodeIgniter\Boot::runCodeIgniter(Object(CodeIgniter\CodeIgniter))
11 FCPATH/index.php(56): CodeIgniter\Boot::bootWeb(Object(Config\Paths))
WARNING - 2025-04-01 16:07:56 --> [DEPRECATED] number_format(): Passing null to parameter #1 ($num) of type float is deprecated in APPPATH/Views/reporte/imprimir_valorado.php on line 99.
 1 APPPATH/Views/reporte/imprimir_valorado.php(99): number_format(null, 2, ',', '.')
 2 SYSTEMPATH/View/View.php(234): include('/home2/usoabumg/public_html/oruro.site/app/Views/reporte/imprimir_valorado.php')
 3 SYSTEMPATH/View/View.php(237): CodeIgniter\View\View->CodeIgniter\View\{closure}()
 4 SYSTEMPATH/Common.php(1171): CodeIgniter\View\View->render('reporte/imprimir_valorado', [], true)
 5 APPPATH/Controllers/Reporte.php(135): view('reporte/imprimir_valorado', [...])
 6 SYSTEMPATH/CodeIgniter.php(933): App\Controllers\Reporte->consolidado()
 7 SYSTEMPATH/CodeIgniter.php(509): CodeIgniter\CodeIgniter->runController(Object(App\Controllers\Reporte))
 8 SYSTEMPATH/CodeIgniter.php(355): CodeIgniter\CodeIgniter->handleRequest(null, Object(Config\Cache), false)
 9 SYSTEMPATH/Boot.php(325): CodeIgniter\CodeIgniter->run()
10 SYSTEMPATH/Boot.php(67): CodeIgniter\Boot::runCodeIgniter(Object(CodeIgniter\CodeIgniter))
11 FCPATH/index.php(56): CodeIgniter\Boot::bootWeb(Object(Config\Paths))
WARNING - 2025-04-01 16:07:56 --> [DEPRECATED] number_format(): Passing null to parameter #1 ($num) of type float is deprecated in APPPATH/Views/reporte/imprimir_valorado.php on line 96.
 1 APPPATH/Views/reporte/imprimir_valorado.php(96): number_format(null, 2, ',', '.')
 2 SYSTEMPATH/View/View.php(234): include('/home2/usoabumg/public_html/oruro.site/app/Views/reporte/imprimir_valorado.php')
 3 SYSTEMPATH/View/View.php(237): CodeIgniter\View\View->CodeIgniter\View\{closure}()
 4 SYSTEMPATH/Common.php(1171): CodeIgniter\View\View->render('reporte/imprimir_valorado', [], true)
 5 APPPATH/Controllers/Reporte.php(135): view('reporte/imprimir_valorado', [...])
 6 SYSTEMPATH/CodeIgniter.php(933): App\Controllers\Reporte->consolidado()
 7 SYSTEMPATH/CodeIgniter.php(509): CodeIgniter\CodeIgniter->runController(Object(App\Controllers\Reporte))
 8 SYSTEMPATH/CodeIgniter.php(355): CodeIgniter\CodeIgniter->handleRequest(null, Object(Config\Cache), false)
 9 SYSTEMPATH/Boot.php(325): CodeIgniter\CodeIgniter->run()
10 SYSTEMPATH/Boot.php(67): CodeIgniter\Boot::runCodeIgniter(Object(CodeIgniter\CodeIgniter))
11 FCPATH/index.php(56): CodeIgniter\Boot::bootWeb(Object(Config\Paths))
WARNING - 2025-04-01 16:07:56 --> [DEPRECATED] number_format(): Passing null to parameter #1 ($num) of type float is deprecated in APPPATH/Views/reporte/imprimir_valorado.php on line 99.
 1 APPPATH/Views/reporte/imprimir_valorado.php(99): number_format(null, 2, ',', '.')
 2 SYSTEMPATH/View/View.php(234): include('/home2/usoabumg/public_html/oruro.site/app/Views/reporte/imprimir_valorado.php')
 3 SYSTEMPATH/View/View.php(237): CodeIgniter\View\View->CodeIgniter\View\{closure}()
 4 SYSTEMPATH/Common.php(1171): CodeIgniter\View\View->render('reporte/imprimir_valorado', [], true)
 5 APPPATH/Controllers/Reporte.php(135): view('reporte/imprimir_valorado', [...])
 6 SYSTEMPATH/CodeIgniter.php(933): App\Controllers\Reporte->consolidado()
 7 SYSTEMPATH/CodeIgniter.php(509): CodeIgniter\CodeIgniter->runController(Object(App\Controllers\Reporte))
 8 SYSTEMPATH/CodeIgniter.php(355): CodeIgniter\CodeIgniter->handleRequest(null, Object(Config\Cache), false)
 9 SYSTEMPATH/Boot.php(325): CodeIgniter\CodeIgniter->run()
10 SYSTEMPATH/Boot.php(67): CodeIgniter\Boot::runCodeIgniter(Object(CodeIgniter\CodeIgniter))
11 FCPATH/index.php(56): CodeIgniter\Boot::bootWeb(Object(Config\Paths))
WARNING - 2025-04-01 16:07:56 --> [DEPRECATED] number_format(): Passing null to parameter #1 ($num) of type float is deprecated in APPPATH/Views/reporte/imprimir_valorado.php on line 96.
 1 APPPATH/Views/reporte/imprimir_valorado.php(96): number_format(null, 2, ',', '.')
 2 SYSTEMPATH/View/View.php(234): include('/home2/usoabumg/public_html/oruro.site/app/Views/reporte/imprimir_valorado.php')
 3 SYSTEMPATH/View/View.php(237): CodeIgniter\View\View->CodeIgniter\View\{closure}()
 4 SYSTEMPATH/Common.php(1171): CodeIgniter\View\View->render('reporte/imprimir_valorado', [], true)
 5 APPPATH/Controllers/Reporte.php(135): view('reporte/imprimir_valorado', [...])
 6 SYSTEMPATH/CodeIgniter.php(933): App\Controllers\Reporte->consolidado()
 7 SYSTEMPATH/CodeIgniter.php(509): CodeIgniter\CodeIgniter->runController(Object(App\Controllers\Reporte))
 8 SYSTEMPATH/CodeIgniter.php(355): CodeIgniter\CodeIgniter->handleRequest(null, Object(Config\Cache), false)
 9 SYSTEMPATH/Boot.php(325): CodeIgniter\CodeIgniter->run()
10 SYSTEMPATH/Boot.php(67): CodeIgniter\Boot::runCodeIgniter(Object(CodeIgniter\CodeIgniter))
11 FCPATH/index.php(56): CodeIgniter\Boot::bootWeb(Object(Config\Paths))
WARNING - 2025-04-01 16:07:56 --> [DEPRECATED] number_format(): Passing null to parameter #1 ($num) of type float is deprecated in APPPATH/Views/reporte/imprimir_valorado.php on line 99.
 1 APPPATH/Views/reporte/imprimir_valorado.php(99): number_format(null, 2, ',', '.')
 2 SYSTEMPATH/View/View.php(234): include('/home2/usoabumg/public_html/oruro.site/app/Views/reporte/imprimir_valorado.php')
 3 SYSTEMPATH/View/View.php(237): CodeIgniter\View\View->CodeIgniter\View\{closure}()
 4 SYSTEMPATH/Common.php(1171): CodeIgniter\View\View->render('reporte/imprimir_valorado', [], true)
 5 APPPATH/Controllers/Reporte.php(135): view('reporte/imprimir_valorado', [...])
 6 SYSTEMPATH/CodeIgniter.php(933): App\Controllers\Reporte->consolidado()
 7 SYSTEMPATH/CodeIgniter.php(509): CodeIgniter\CodeIgniter->runController(Object(App\Controllers\Reporte))
 8 SYSTEMPATH/CodeIgniter.php(355): CodeIgniter\CodeIgniter->handleRequest(null, Object(Config\Cache), false)
 9 SYSTEMPATH/Boot.php(325): CodeIgniter\CodeIgniter->run()
10 SYSTEMPATH/Boot.php(67): CodeIgniter\Boot::runCodeIgniter(Object(CodeIgniter\CodeIgniter))
11 FCPATH/index.php(56): CodeIgniter\Boot::bootWeb(Object(Config\Paths))
WARNING - 2025-04-01 16:07:56 --> [DEPRECATED] number_format(): Passing null to parameter #1 ($num) of type float is deprecated in APPPATH/Views/reporte/imprimir_valorado.php on line 96.
 1 APPPATH/Views/reporte/imprimir_valorado.php(96): number_format(null, 2, ',', '.')
 2 SYSTEMPATH/View/View.php(234): include('/home2/usoabumg/public_html/oruro.site/app/Views/reporte/imprimir_valorado.php')
 3 SYSTEMPATH/View/View.php(237): CodeIgniter\View\View->CodeIgniter\View\{closure}()
 4 SYSTEMPATH/Common.php(1171): CodeIgniter\View\View->render('reporte/imprimir_valorado', [], true)
 5 APPPATH/Controllers/Reporte.php(135): view('reporte/imprimir_valorado', [...])
 6 SYSTEMPATH/CodeIgniter.php(933): App\Controllers\Reporte->consolidado()
 7 SYSTEMPATH/CodeIgniter.php(509): CodeIgniter\CodeIgniter->runController(Object(App\Controllers\Reporte))
 8 SYSTEMPATH/CodeIgniter.php(355): CodeIgniter\CodeIgniter->handleRequest(null, Object(Config\Cache), false)
 9 SYSTEMPATH/Boot.php(325): CodeIgniter\CodeIgniter->run()
10 SYSTEMPATH/Boot.php(67): CodeIgniter\Boot::runCodeIgniter(Object(CodeIgniter\CodeIgniter))
11 FCPATH/index.php(56): CodeIgniter\Boot::bootWeb(Object(Config\Paths))
WARNING - 2025-04-01 16:07:56 --> [DEPRECATED] number_format(): Passing null to parameter #1 ($num) of type float is deprecated in APPPATH/Views/reporte/imprimir_valorado.php on line 99.
 1 APPPATH/Views/reporte/imprimir_valorado.php(99): number_format(null, 2, ',', '.')
 2 SYSTEMPATH/View/View.php(234): include('/home2/usoabumg/public_html/oruro.site/app/Views/reporte/imprimir_valorado.php')
 3 SYSTEMPATH/View/View.php(237): CodeIgniter\View\View->CodeIgniter\View\{closure}()
 4 SYSTEMPATH/Common.php(1171): CodeIgniter\View\View->render('reporte/imprimir_valorado', [], true)
 5 APPPATH/Controllers/Reporte.php(135): view('reporte/imprimir_valorado', [...])
 6 SYSTEMPATH/CodeIgniter.php(933): App\Controllers\Reporte->consolidado()
 7 SYSTEMPATH/CodeIgniter.php(509): CodeIgniter\CodeIgniter->runController(Object(App\Controllers\Reporte))
 8 SYSTEMPATH/CodeIgniter.php(355): CodeIgniter\CodeIgniter->handleRequest(null, Object(Config\Cache), false)
 9 SYSTEMPATH/Boot.php(325): CodeIgniter\CodeIgniter->run()
10 SYSTEMPATH/Boot.php(67): CodeIgniter\Boot::runCodeIgniter(Object(CodeIgniter\CodeIgniter))
11 FCPATH/index.php(56): CodeIgniter\Boot::bootWeb(Object(Config\Paths))
WARNING - 2025-04-01 16:07:56 --> [DEPRECATED] number_format(): Passing null to parameter #1 ($num) of type float is deprecated in APPPATH/Views/reporte/imprimir_valorado.php on line 96.
 1 APPPATH/Views/reporte/imprimir_valorado.php(96): number_format(null, 2, ',', '.')
 2 SYSTEMPATH/View/View.php(234): include('/home2/usoabumg/public_html/oruro.site/app/Views/reporte/imprimir_valorado.php')
 3 SYSTEMPATH/View/View.php(237): CodeIgniter\View\View->CodeIgniter\View\{closure}()
 4 SYSTEMPATH/Common.php(1171): CodeIgniter\View\View->render('reporte/imprimir_valorado', [], true)
 5 APPPATH/Controllers/Reporte.php(135): view('reporte/imprimir_valorado', [...])
 6 SYSTEMPATH/CodeIgniter.php(933): App\Controllers\Reporte->consolidado()
 7 SYSTEMPATH/CodeIgniter.php(509): CodeIgniter\CodeIgniter->runController(Object(App\Controllers\Reporte))
 8 SYSTEMPATH/CodeIgniter.php(355): CodeIgniter\CodeIgniter->handleRequest(null, Object(Config\Cache), false)
 9 SYSTEMPATH/Boot.php(325): CodeIgniter\CodeIgniter->run()
10 SYSTEMPATH/Boot.php(67): CodeIgniter\Boot::runCodeIgniter(Object(CodeIgniter\CodeIgniter))
11 FCPATH/index.php(56): CodeIgniter\Boot::bootWeb(Object(Config\Paths))
WARNING - 2025-04-01 16:07:56 --> [DEPRECATED] number_format(): Passing null to parameter #1 ($num) of type float is deprecated in APPPATH/Views/reporte/imprimir_valorado.php on line 99.
 1 APPPATH/Views/reporte/imprimir_valorado.php(99): number_format(null, 2, ',', '.')
 2 SYSTEMPATH/View/View.php(234): include('/home2/usoabumg/public_html/oruro.site/app/Views/reporte/imprimir_valorado.php')
 3 SYSTEMPATH/View/View.php(237): CodeIgniter\View\View->CodeIgniter\View\{closure}()
 4 SYSTEMPATH/Common.php(1171): CodeIgniter\View\View->render('reporte/imprimir_valorado', [], true)
 5 APPPATH/Controllers/Reporte.php(135): view('reporte/imprimir_valorado', [...])
 6 SYSTEMPATH/CodeIgniter.php(933): App\Controllers\Reporte->consolidado()
 7 SYSTEMPATH/CodeIgniter.php(509): CodeIgniter\CodeIgniter->runController(Object(App\Controllers\Reporte))
 8 SYSTEMPATH/CodeIgniter.php(355): CodeIgniter\CodeIgniter->handleRequest(null, Object(Config\Cache), false)
 9 SYSTEMPATH/Boot.php(325): CodeIgniter\CodeIgniter->run()
10 SYSTEMPATH/Boot.php(67): CodeIgniter\Boot::runCodeIgniter(Object(CodeIgniter\CodeIgniter))
11 FCPATH/index.php(56): CodeIgniter\Boot::bootWeb(Object(Config\Paths))
WARNING - 2025-04-01 16:07:56 --> [DEPRECATED] number_format(): Passing null to parameter #1 ($num) of type float is deprecated in APPPATH/Views/reporte/imprimir_valorado.php on line 96.
 1 APPPATH/Views/reporte/imprimir_valorado.php(96): number_format(null, 2, ',', '.')
 2 SYSTEMPATH/View/View.php(234): include('/home2/usoabumg/public_html/oruro.site/app/Views/reporte/imprimir_valorado.php')
 3 SYSTEMPATH/View/View.php(237): CodeIgniter\View\View->CodeIgniter\View\{closure}()
 4 SYSTEMPATH/Common.php(1171): CodeIgniter\View\View->render('reporte/imprimir_valorado', [], true)
 5 APPPATH/Controllers/Reporte.php(135): view('reporte/imprimir_valorado', [...])
 6 SYSTEMPATH/CodeIgniter.php(933): App\Controllers\Reporte->consolidado()
 7 SYSTEMPATH/CodeIgniter.php(509): CodeIgniter\CodeIgniter->runController(Object(App\Controllers\Reporte))
 8 SYSTEMPATH/CodeIgniter.php(355): CodeIgniter\CodeIgniter->handleRequest(null, Object(Config\Cache), false)
 9 SYSTEMPATH/Boot.php(325): CodeIgniter\CodeIgniter->run()
10 SYSTEMPATH/Boot.php(67): CodeIgniter\Boot::runCodeIgniter(Object(CodeIgniter\CodeIgniter))
11 FCPATH/index.php(56): CodeIgniter\Boot::bootWeb(Object(Config\Paths))
WARNING - 2025-04-01 16:07:56 --> [DEPRECATED] number_format(): Passing null to parameter #1 ($num) of type float is deprecated in APPPATH/Views/reporte/imprimir_valorado.php on line 99.
 1 APPPATH/Views/reporte/imprimir_valorado.php(99): number_format(null, 2, ',', '.')
 2 SYSTEMPATH/View/View.php(234): include('/home2/usoabumg/public_html/oruro.site/app/Views/reporte/imprimir_valorado.php')
 3 SYSTEMPATH/View/View.php(237): CodeIgniter\View\View->CodeIgniter\View\{closure}()
 4 SYSTEMPATH/Common.php(1171): CodeIgniter\View\View->render('reporte/imprimir_valorado', [], true)
 5 APPPATH/Controllers/Reporte.php(135): view('reporte/imprimir_valorado', [...])
 6 SYSTEMPATH/CodeIgniter.php(933): App\Controllers\Reporte->consolidado()
 7 SYSTEMPATH/CodeIgniter.php(509): CodeIgniter\CodeIgniter->runController(Object(App\Controllers\Reporte))
 8 SYSTEMPATH/CodeIgniter.php(355): CodeIgniter\CodeIgniter->handleRequest(null, Object(Config\Cache), false)
 9 SYSTEMPATH/Boot.php(325): CodeIgniter\CodeIgniter->run()
10 SYSTEMPATH/Boot.php(67): CodeIgniter\Boot::runCodeIgniter(Object(CodeIgniter\CodeIgniter))
11 FCPATH/index.php(56): CodeIgniter\Boot::bootWeb(Object(Config\Paths))
WARNING - 2025-04-01 16:07:56 --> [DEPRECATED] number_format(): Passing null to parameter #1 ($num) of type float is deprecated in APPPATH/Views/reporte/imprimir_valorado.php on line 96.
 1 APPPATH/Views/reporte/imprimir_valorado.php(96): number_format(null, 2, ',', '.')
 2 SYSTEMPATH/View/View.php(234): include('/home2/usoabumg/public_html/oruro.site/app/Views/reporte/imprimir_valorado.php')
 3 SYSTEMPATH/View/View.php(237): CodeIgniter\View\View->CodeIgniter\View\{closure}()
 4 SYSTEMPATH/Common.php(1171): CodeIgniter\View\View->render('reporte/imprimir_valorado', [], true)
 5 APPPATH/Controllers/Reporte.php(135): view('reporte/imprimir_valorado', [...])
 6 SYSTEMPATH/CodeIgniter.php(933): App\Controllers\Reporte->consolidado()
 7 SYSTEMPATH/CodeIgniter.php(509): CodeIgniter\CodeIgniter->runController(Object(App\Controllers\Reporte))
 8 SYSTEMPATH/CodeIgniter.php(355): CodeIgniter\CodeIgniter->handleRequest(null, Object(Config\Cache), false)
 9 SYSTEMPATH/Boot.php(325): CodeIgniter\CodeIgniter->run()
10 SYSTEMPATH/Boot.php(67): CodeIgniter\Boot::runCodeIgniter(Object(CodeIgniter\CodeIgniter))
11 FCPATH/index.php(56): CodeIgniter\Boot::bootWeb(Object(Config\Paths))
WARNING - 2025-04-01 16:07:56 --> [DEPRECATED] number_format(): Passing null to parameter #1 ($num) of type float is deprecated in APPPATH/Views/reporte/imprimir_valorado.php on line 99.
 1 APPPATH/Views/reporte/imprimir_valorado.php(99): number_format(null, 2, ',', '.')
 2 SYSTEMPATH/View/View.php(234): include('/home2/usoabumg/public_html/oruro.site/app/Views/reporte/imprimir_valorado.php')
 3 SYSTEMPATH/View/View.php(237): CodeIgniter\View\View->CodeIgniter\View\{closure}()
 4 SYSTEMPATH/Common.php(1171): CodeIgniter\View\View->render('reporte/imprimir_valorado', [], true)
 5 APPPATH/Controllers/Reporte.php(135): view('reporte/imprimir_valorado', [...])
 6 SYSTEMPATH/CodeIgniter.php(933): App\Controllers\Reporte->consolidado()
 7 SYSTEMPATH/CodeIgniter.php(509): CodeIgniter\CodeIgniter->runController(Object(App\Controllers\Reporte))
 8 SYSTEMPATH/CodeIgniter.php(355): CodeIgniter\CodeIgniter->handleRequest(null, Object(Config\Cache), false)
 9 SYSTEMPATH/Boot.php(325): CodeIgniter\CodeIgniter->run()
10 SYSTEMPATH/Boot.php(67): CodeIgniter\Boot::runCodeIgniter(Object(CodeIgniter\CodeIgniter))
11 FCPATH/index.php(56): CodeIgniter\Boot::bootWeb(Object(Config\Paths))
WARNING - 2025-04-01 16:07:56 --> [DEPRECATED] number_format(): Passing null to parameter #1 ($num) of type float is deprecated in APPPATH/Views/reporte/imprimir_valorado.php on line 96.
 1 APPPATH/Views/reporte/imprimir_valorado.php(96): number_format(null, 2, ',', '.')
 2 SYSTEMPATH/View/View.php(234): include('/home2/usoabumg/public_html/oruro.site/app/Views/reporte/imprimir_valorado.php')
 3 SYSTEMPATH/View/View.php(237): CodeIgniter\View\View->CodeIgniter\View\{closure}()
 4 SYSTEMPATH/Common.php(1171): CodeIgniter\View\View->render('reporte/imprimir_valorado', [], true)
 5 APPPATH/Controllers/Reporte.php(135): view('reporte/imprimir_valorado', [...])
 6 SYSTEMPATH/CodeIgniter.php(933): App\Controllers\Reporte->consolidado()
 7 SYSTEMPATH/CodeIgniter.php(509): CodeIgniter\CodeIgniter->runController(Object(App\Controllers\Reporte))
 8 SYSTEMPATH/CodeIgniter.php(355): CodeIgniter\CodeIgniter->handleRequest(null, Object(Config\Cache), false)
 9 SYSTEMPATH/Boot.php(325): CodeIgniter\CodeIgniter->run()
10 SYSTEMPATH/Boot.php(67): CodeIgniter\Boot::runCodeIgniter(Object(CodeIgniter\CodeIgniter))
11 FCPATH/index.php(56): CodeIgniter\Boot::bootWeb(Object(Config\Paths))
WARNING - 2025-04-01 16:07:56 --> [DEPRECATED] number_format(): Passing null to parameter #1 ($num) of type float is deprecated in APPPATH/Views/reporte/imprimir_valorado.php on line 99.
 1 APPPATH/Views/reporte/imprimir_valorado.php(99): number_format(null, 2, ',', '.')
 2 SYSTEMPATH/View/View.php(234): include('/home2/usoabumg/public_html/oruro.site/app/Views/reporte/imprimir_valorado.php')
 3 SYSTEMPATH/View/View.php(237): CodeIgniter\View\View->CodeIgniter\View\{closure}()
 4 SYSTEMPATH/Common.php(1171): CodeIgniter\View\View->render('reporte/imprimir_valorado', [], true)
 5 APPPATH/Controllers/Reporte.php(135): view('reporte/imprimir_valorado', [...])
 6 SYSTEMPATH/CodeIgniter.php(933): App\Controllers\Reporte->consolidado()
 7 SYSTEMPATH/CodeIgniter.php(509): CodeIgniter\CodeIgniter->runController(Object(App\Controllers\Reporte))
 8 SYSTEMPATH/CodeIgniter.php(355): CodeIgniter\CodeIgniter->handleRequest(null, Object(Config\Cache), false)
 9 SYSTEMPATH/Boot.php(325): CodeIgniter\CodeIgniter->run()
10 SYSTEMPATH/Boot.php(67): CodeIgniter\Boot::runCodeIgniter(Object(CodeIgniter\CodeIgniter))
11 FCPATH/index.php(56): CodeIgniter\Boot::bootWeb(Object(Config\Paths))
WARNING - 2025-04-01 16:07:56 --> [DEPRECATED] number_format(): Passing null to parameter #1 ($num) of type float is deprecated in APPPATH/Views/reporte/imprimir_valorado.php on line 96.
 1 APPPATH/Views/reporte/imprimir_valorado.php(96): number_format(null, 2, ',', '.')
 2 SYSTEMPATH/View/View.php(234): include('/home2/usoabumg/public_html/oruro.site/app/Views/reporte/imprimir_valorado.php')
 3 SYSTEMPATH/View/View.php(237): CodeIgniter\View\View->CodeIgniter\View\{closure}()
 4 SYSTEMPATH/Common.php(1171): CodeIgniter\View\View->render('reporte/imprimir_valorado', [], true)
 5 APPPATH/Controllers/Reporte.php(135): view('reporte/imprimir_valorado', [...])
 6 SYSTEMPATH/CodeIgniter.php(933): App\Controllers\Reporte->consolidado()
 7 SYSTEMPATH/CodeIgniter.php(509): CodeIgniter\CodeIgniter->runController(Object(App\Controllers\Reporte))
 8 SYSTEMPATH/CodeIgniter.php(355): CodeIgniter\CodeIgniter->handleRequest(null, Object(Config\Cache), false)
 9 SYSTEMPATH/Boot.php(325): CodeIgniter\CodeIgniter->run()
10 SYSTEMPATH/Boot.php(67): CodeIgniter\Boot::runCodeIgniter(Object(CodeIgniter\CodeIgniter))
11 FCPATH/index.php(56): CodeIgniter\Boot::bootWeb(Object(Config\Paths))
WARNING - 2025-04-01 16:07:56 --> [DEPRECATED] number_format(): Passing null to parameter #1 ($num) of type float is deprecated in APPPATH/Views/reporte/imprimir_valorado.php on line 99.
 1 APPPATH/Views/reporte/imprimir_valorado.php(99): number_format(null, 2, ',', '.')
 2 SYSTEMPATH/View/View.php(234): include('/home2/usoabumg/public_html/oruro.site/app/Views/reporte/imprimir_valorado.php')
 3 SYSTEMPATH/View/View.php(237): CodeIgniter\View\View->CodeIgniter\View\{closure}()
 4 SYSTEMPATH/Common.php(1171): CodeIgniter\View\View->render('reporte/imprimir_valorado', [], true)
 5 APPPATH/Controllers/Reporte.php(135): view('reporte/imprimir_valorado', [...])
 6 SYSTEMPATH/CodeIgniter.php(933): App\Controllers\Reporte->consolidado()
 7 SYSTEMPATH/CodeIgniter.php(509): CodeIgniter\CodeIgniter->runController(Object(App\Controllers\Reporte))
 8 SYSTEMPATH/CodeIgniter.php(355): CodeIgniter\CodeIgniter->handleRequest(null, Object(Config\Cache), false)
 9 SYSTEMPATH/Boot.php(325): CodeIgniter\CodeIgniter->run()
10 SYSTEMPATH/Boot.php(67): CodeIgniter\Boot::runCodeIgniter(Object(CodeIgniter\CodeIgniter))
11 FCPATH/index.php(56): CodeIgniter\Boot::bootWeb(Object(Config\Paths))
WARNING - 2025-04-01 16:07:56 --> [DEPRECATED] number_format(): Passing null to parameter #1 ($num) of type float is deprecated in APPPATH/Views/reporte/imprimir_valorado.php on line 96.
 1 APPPATH/Views/reporte/imprimir_valorado.php(96): number_format(null, 2, ',', '.')
 2 SYSTEMPATH/View/View.php(234): include('/home2/usoabumg/public_html/oruro.site/app/Views/reporte/imprimir_valorado.php')
 3 SYSTEMPATH/View/View.php(237): CodeIgniter\View\View->CodeIgniter\View\{closure}()
 4 SYSTEMPATH/Common.php(1171): CodeIgniter\View\View->render('reporte/imprimir_valorado', [], true)
 5 APPPATH/Controllers/Reporte.php(135): view('reporte/imprimir_valorado', [...])
 6 SYSTEMPATH/CodeIgniter.php(933): App\Controllers\Reporte->consolidado()
 7 SYSTEMPATH/CodeIgniter.php(509): CodeIgniter\CodeIgniter->runController(Object(App\Controllers\Reporte))
 8 SYSTEMPATH/CodeIgniter.php(355): CodeIgniter\CodeIgniter->handleRequest(null, Object(Config\Cache), false)
 9 SYSTEMPATH/Boot.php(325): CodeIgniter\CodeIgniter->run()
10 SYSTEMPATH/Boot.php(67): CodeIgniter\Boot::runCodeIgniter(Object(CodeIgniter\CodeIgniter))
11 FCPATH/index.php(56): CodeIgniter\Boot::bootWeb(Object(Config\Paths))
WARNING - 2025-04-01 16:07:56 --> [DEPRECATED] number_format(): Passing null to parameter #1 ($num) of type float is deprecated in APPPATH/Views/reporte/imprimir_valorado.php on line 99.
 1 APPPATH/Views/reporte/imprimir_valorado.php(99): number_format(null, 2, ',', '.')
 2 SYSTEMPATH/View/View.php(234): include('/home2/usoabumg/public_html/oruro.site/app/Views/reporte/imprimir_valorado.php')
 3 SYSTEMPATH/View/View.php(237): CodeIgniter\View\View->CodeIgniter\View\{closure}()
 4 SYSTEMPATH/Common.php(1171): CodeIgniter\View\View->render('reporte/imprimir_valorado', [], true)
 5 APPPATH/Controllers/Reporte.php(135): view('reporte/imprimir_valorado', [...])
 6 SYSTEMPATH/CodeIgniter.php(933): App\Controllers\Reporte->consolidado()
 7 SYSTEMPATH/CodeIgniter.php(509): CodeIgniter\CodeIgniter->runController(Object(App\Controllers\Reporte))
 8 SYSTEMPATH/CodeIgniter.php(355): CodeIgniter\CodeIgniter->handleRequest(null, Object(Config\Cache), false)
 9 SYSTEMPATH/Boot.php(325): CodeIgniter\CodeIgniter->run()
10 SYSTEMPATH/Boot.php(67): CodeIgniter\Boot::runCodeIgniter(Object(CodeIgniter\CodeIgniter))
11 FCPATH/index.php(56): CodeIgniter\Boot::bootWeb(Object(Config\Paths))
WARNING - 2025-04-01 16:07:56 --> [DEPRECATED] number_format(): Passing null to parameter #1 ($num) of type float is deprecated in APPPATH/Views/reporte/imprimir_valorado.php on line 96.
 1 APPPATH/Views/reporte/imprimir_valorado.php(96): number_format(null, 2, ',', '.')
 2 SYSTEMPATH/View/View.php(234): include('/home2/usoabumg/public_html/oruro.site/app/Views/reporte/imprimir_valorado.php')
 3 SYSTEMPATH/View/View.php(237): CodeIgniter\View\View->CodeIgniter\View\{closure}()
 4 SYSTEMPATH/Common.php(1171): CodeIgniter\View\View->render('reporte/imprimir_valorado', [], true)
 5 APPPATH/Controllers/Reporte.php(135): view('reporte/imprimir_valorado', [...])
 6 SYSTEMPATH/CodeIgniter.php(933): App\Controllers\Reporte->consolidado()
 7 SYSTEMPATH/CodeIgniter.php(509): CodeIgniter\CodeIgniter->runController(Object(App\Controllers\Reporte))
 8 SYSTEMPATH/CodeIgniter.php(355): CodeIgniter\CodeIgniter->handleRequest(null, Object(Config\Cache), false)
 9 SYSTEMPATH/Boot.php(325): CodeIgniter\CodeIgniter->run()
10 SYSTEMPATH/Boot.php(67): CodeIgniter\Boot::runCodeIgniter(Object(CodeIgniter\CodeIgniter))
11 FCPATH/index.php(56): CodeIgniter\Boot::bootWeb(Object(Config\Paths))
WARNING - 2025-04-01 16:07:56 --> [DEPRECATED] number_format(): Passing null to parameter #1 ($num) of type float is deprecated in APPPATH/Views/reporte/imprimir_valorado.php on line 99.
 1 APPPATH/Views/reporte/imprimir_valorado.php(99): number_format(null, 2, ',', '.')
 2 SYSTEMPATH/View/View.php(234): include('/home2/usoabumg/public_html/oruro.site/app/Views/reporte/imprimir_valorado.php')
 3 SYSTEMPATH/View/View.php(237): CodeIgniter\View\View->CodeIgniter\View\{closure}()
 4 SYSTEMPATH/Common.php(1171): CodeIgniter\View\View->render('reporte/imprimir_valorado', [], true)
 5 APPPATH/Controllers/Reporte.php(135): view('reporte/imprimir_valorado', [...])
 6 SYSTEMPATH/CodeIgniter.php(933): App\Controllers\Reporte->consolidado()
 7 SYSTEMPATH/CodeIgniter.php(509): CodeIgniter\CodeIgniter->runController(Object(App\Controllers\Reporte))
 8 SYSTEMPATH/CodeIgniter.php(355): CodeIgniter\CodeIgniter->handleRequest(null, Object(Config\Cache), false)
 9 SYSTEMPATH/Boot.php(325): CodeIgniter\CodeIgniter->run()
10 SYSTEMPATH/Boot.php(67): CodeIgniter\Boot::runCodeIgniter(Object(CodeIgniter\CodeIgniter))
11 FCPATH/index.php(56): CodeIgniter\Boot::bootWeb(Object(Config\Paths))
WARNING - 2025-04-01 16:07:56 --> [DEPRECATED] number_format(): Passing null to parameter #1 ($num) of type float is deprecated in APPPATH/Views/reporte/imprimir_valorado.php on line 96.
 1 APPPATH/Views/reporte/imprimir_valorado.php(96): number_format(null, 2, ',', '.')
 2 SYSTEMPATH/View/View.php(234): include('/home2/usoabumg/public_html/oruro.site/app/Views/reporte/imprimir_valorado.php')
 3 SYSTEMPATH/View/View.php(237): CodeIgniter\View\View->CodeIgniter\View\{closure}()
 4 SYSTEMPATH/Common.php(1171): CodeIgniter\View\View->render('reporte/imprimir_valorado', [], true)
 5 APPPATH/Controllers/Reporte.php(135): view('reporte/imprimir_valorado', [...])
 6 SYSTEMPATH/CodeIgniter.php(933): App\Controllers\Reporte->consolidado()
 7 SYSTEMPATH/CodeIgniter.php(509): CodeIgniter\CodeIgniter->runController(Object(App\Controllers\Reporte))
 8 SYSTEMPATH/CodeIgniter.php(355): CodeIgniter\CodeIgniter->handleRequest(null, Object(Config\Cache), false)
 9 SYSTEMPATH/Boot.php(325): CodeIgniter\CodeIgniter->run()
10 SYSTEMPATH/Boot.php(67): CodeIgniter\Boot::runCodeIgniter(Object(CodeIgniter\CodeIgniter))
11 FCPATH/index.php(56): CodeIgniter\Boot::bootWeb(Object(Config\Paths))
WARNING - 2025-04-01 16:07:56 --> [DEPRECATED] number_format(): Passing null to parameter #1 ($num) of type float is deprecated in APPPATH/Views/reporte/imprimir_valorado.php on line 99.
 1 APPPATH/Views/reporte/imprimir_valorado.php(99): number_format(null, 2, ',', '.')
 2 SYSTEMPATH/View/View.php(234): include('/home2/usoabumg/public_html/oruro.site/app/Views/reporte/imprimir_valorado.php')
 3 SYSTEMPATH/View/View.php(237): CodeIgniter\View\View->CodeIgniter\View\{closure}()
 4 SYSTEMPATH/Common.php(1171): CodeIgniter\View\View->render('reporte/imprimir_valorado', [], true)
 5 APPPATH/Controllers/Reporte.php(135): view('reporte/imprimir_valorado', [...])
 6 SYSTEMPATH/CodeIgniter.php(933): App\Controllers\Reporte->consolidado()
 7 SYSTEMPATH/CodeIgniter.php(509): CodeIgniter\CodeIgniter->runController(Object(App\Controllers\Reporte))
 8 SYSTEMPATH/CodeIgniter.php(355): CodeIgniter\CodeIgniter->handleRequest(null, Object(Config\Cache), false)
 9 SYSTEMPATH/Boot.php(325): CodeIgniter\CodeIgniter->run()
10 SYSTEMPATH/Boot.php(67): CodeIgniter\Boot::runCodeIgniter(Object(CodeIgniter\CodeIgniter))
11 FCPATH/index.php(56): CodeIgniter\Boot::bootWeb(Object(Config\Paths))
WARNING - 2025-04-01 16:07:56 --> [DEPRECATED] number_format(): Passing null to parameter #1 ($num) of type float is deprecated in APPPATH/Views/reporte/imprimir_valorado.php on line 96.
 1 APPPATH/Views/reporte/imprimir_valorado.php(96): number_format(null, 2, ',', '.')
 2 SYSTEMPATH/View/View.php(234): include('/home2/usoabumg/public_html/oruro.site/app/Views/reporte/imprimir_valorado.php')
 3 SYSTEMPATH/View/View.php(237): CodeIgniter\View\View->CodeIgniter\View\{closure}()
 4 SYSTEMPATH/Common.php(1171): CodeIgniter\View\View->render('reporte/imprimir_valorado', [], true)
 5 APPPATH/Controllers/Reporte.php(135): view('reporte/imprimir_valorado', [...])
 6 SYSTEMPATH/CodeIgniter.php(933): App\Controllers\Reporte->consolidado()
 7 SYSTEMPATH/CodeIgniter.php(509): CodeIgniter\CodeIgniter->runController(Object(App\Controllers\Reporte))
 8 SYSTEMPATH/CodeIgniter.php(355): CodeIgniter\CodeIgniter->handleRequest(null, Object(Config\Cache), false)
 9 SYSTEMPATH/Boot.php(325): CodeIgniter\CodeIgniter->run()
10 SYSTEMPATH/Boot.php(67): CodeIgniter\Boot::runCodeIgniter(Object(CodeIgniter\CodeIgniter))
11 FCPATH/index.php(56): CodeIgniter\Boot::bootWeb(Object(Config\Paths))
WARNING - 2025-04-01 16:07:56 --> [DEPRECATED] number_format(): Passing null to parameter #1 ($num) of type float is deprecated in APPPATH/Views/reporte/imprimir_valorado.php on line 99.
 1 APPPATH/Views/reporte/imprimir_valorado.php(99): number_format(null, 2, ',', '.')
 2 SYSTEMPATH/View/View.php(234): include('/home2/usoabumg/public_html/oruro.site/app/Views/reporte/imprimir_valorado.php')
 3 SYSTEMPATH/View/View.php(237): CodeIgniter\View\View->CodeIgniter\View\{closure}()
 4 SYSTEMPATH/Common.php(1171): CodeIgniter\View\View->render('reporte/imprimir_valorado', [], true)
 5 APPPATH/Controllers/Reporte.php(135): view('reporte/imprimir_valorado', [...])
 6 SYSTEMPATH/CodeIgniter.php(933): App\Controllers\Reporte->consolidado()
 7 SYSTEMPATH/CodeIgniter.php(509): CodeIgniter\CodeIgniter->runController(Object(App\Controllers\Reporte))
 8 SYSTEMPATH/CodeIgniter.php(355): CodeIgniter\CodeIgniter->handleRequest(null, Object(Config\Cache), false)
 9 SYSTEMPATH/Boot.php(325): CodeIgniter\CodeIgniter->run()
10 SYSTEMPATH/Boot.php(67): CodeIgniter\Boot::runCodeIgniter(Object(CodeIgniter\CodeIgniter))
11 FCPATH/index.php(56): CodeIgniter\Boot::bootWeb(Object(Config\Paths))
WARNING - 2025-04-01 16:07:56 --> [DEPRECATED] number_format(): Passing null to parameter #1 ($num) of type float is deprecated in APPPATH/Views/reporte/imprimir_valorado.php on line 96.
 1 APPPATH/Views/reporte/imprimir_valorado.php(96): number_format(null, 2, ',', '.')
 2 SYSTEMPATH/View/View.php(234): include('/home2/usoabumg/public_html/oruro.site/app/Views/reporte/imprimir_valorado.php')
 3 SYSTEMPATH/View/View.php(237): CodeIgniter\View\View->CodeIgniter\View\{closure}()
 4 SYSTEMPATH/Common.php(1171): CodeIgniter\View\View->render('reporte/imprimir_valorado', [], true)
 5 APPPATH/Controllers/Reporte.php(135): view('reporte/imprimir_valorado', [...])
 6 SYSTEMPATH/CodeIgniter.php(933): App\Controllers\Reporte->consolidado()
 7 SYSTEMPATH/CodeIgniter.php(509): CodeIgniter\CodeIgniter->runController(Object(App\Controllers\Reporte))
 8 SYSTEMPATH/CodeIgniter.php(355): CodeIgniter\CodeIgniter->handleRequest(null, Object(Config\Cache), false)
 9 SYSTEMPATH/Boot.php(325): CodeIgniter\CodeIgniter->run()
10 SYSTEMPATH/Boot.php(67): CodeIgniter\Boot::runCodeIgniter(Object(CodeIgniter\CodeIgniter))
11 FCPATH/index.php(56): CodeIgniter\Boot::bootWeb(Object(Config\Paths))
WARNING - 2025-04-01 16:07:56 --> [DEPRECATED] number_format(): Passing null to parameter #1 ($num) of type float is deprecated in APPPATH/Views/reporte/imprimir_valorado.php on line 99.
 1 APPPATH/Views/reporte/imprimir_valorado.php(99): number_format(null, 2, ',', '.')
 2 SYSTEMPATH/View/View.php(234): include('/home2/usoabumg/public_html/oruro.site/app/Views/reporte/imprimir_valorado.php')
 3 SYSTEMPATH/View/View.php(237): CodeIgniter\View\View->CodeIgniter\View\{closure}()
 4 SYSTEMPATH/Common.php(1171): CodeIgniter\View\View->render('reporte/imprimir_valorado', [], true)
 5 APPPATH/Controllers/Reporte.php(135): view('reporte/imprimir_valorado', [...])
 6 SYSTEMPATH/CodeIgniter.php(933): App\Controllers\Reporte->consolidado()
 7 SYSTEMPATH/CodeIgniter.php(509): CodeIgniter\CodeIgniter->runController(Object(App\Controllers\Reporte))
 8 SYSTEMPATH/CodeIgniter.php(355): CodeIgniter\CodeIgniter->handleRequest(null, Object(Config\Cache), false)
 9 SYSTEMPATH/Boot.php(325): CodeIgniter\CodeIgniter->run()
10 SYSTEMPATH/Boot.php(67): CodeIgniter\Boot::runCodeIgniter(Object(CodeIgniter\CodeIgniter))
11 FCPATH/index.php(56): CodeIgniter\Boot::bootWeb(Object(Config\Paths))
WARNING - 2025-04-01 16:07:56 --> [DEPRECATED] number_format(): Passing null to parameter #1 ($num) of type float is deprecated in APPPATH/Views/reporte/imprimir_valorado.php on line 96.
 1 APPPATH/Views/reporte/imprimir_valorado.php(96): number_format(null, 2, ',', '.')
 2 SYSTEMPATH/View/View.php(234): include('/home2/usoabumg/public_html/oruro.site/app/Views/reporte/imprimir_valorado.php')
 3 SYSTEMPATH/View/View.php(237): CodeIgniter\View\View->CodeIgniter\View\{closure}()
 4 SYSTEMPATH/Common.php(1171): CodeIgniter\View\View->render('reporte/imprimir_valorado', [], true)
 5 APPPATH/Controllers/Reporte.php(135): view('reporte/imprimir_valorado', [...])
 6 SYSTEMPATH/CodeIgniter.php(933): App\Controllers\Reporte->consolidado()
 7 SYSTEMPATH/CodeIgniter.php(509): CodeIgniter\CodeIgniter->runController(Object(App\Controllers\Reporte))
 8 SYSTEMPATH/CodeIgniter.php(355): CodeIgniter\CodeIgniter->handleRequest(null, Object(Config\Cache), false)
 9 SYSTEMPATH/Boot.php(325): CodeIgniter\CodeIgniter->run()
10 SYSTEMPATH/Boot.php(67): CodeIgniter\Boot::runCodeIgniter(Object(CodeIgniter\CodeIgniter))
11 FCPATH/index.php(56): CodeIgniter\Boot::bootWeb(Object(Config\Paths))
WARNING - 2025-04-01 16:07:56 --> [DEPRECATED] number_format(): Passing null to parameter #1 ($num) of type float is deprecated in APPPATH/Views/reporte/imprimir_valorado.php on line 99.
 1 APPPATH/Views/reporte/imprimir_valorado.php(99): number_format(null, 2, ',', '.')
 2 SYSTEMPATH/View/View.php(234): include('/home2/usoabumg/public_html/oruro.site/app/Views/reporte/imprimir_valorado.php')
 3 SYSTEMPATH/View/View.php(237): CodeIgniter\View\View->CodeIgniter\View\{closure}()
 4 SYSTEMPATH/Common.php(1171): CodeIgniter\View\View->render('reporte/imprimir_valorado', [], true)
 5 APPPATH/Controllers/Reporte.php(135): view('reporte/imprimir_valorado', [...])
 6 SYSTEMPATH/CodeIgniter.php(933): App\Controllers\Reporte->consolidado()
 7 SYSTEMPATH/CodeIgniter.php(509): CodeIgniter\CodeIgniter->runController(Object(App\Controllers\Reporte))
 8 SYSTEMPATH/CodeIgniter.php(355): CodeIgniter\CodeIgniter->handleRequest(null, Object(Config\Cache), false)
 9 SYSTEMPATH/Boot.php(325): CodeIgniter\CodeIgniter->run()
10 SYSTEMPATH/Boot.php(67): CodeIgniter\Boot::runCodeIgniter(Object(CodeIgniter\CodeIgniter))
11 FCPATH/index.php(56): CodeIgniter\Boot::bootWeb(Object(Config\Paths))
WARNING - 2025-04-01 16:07:56 --> [DEPRECATED] number_format(): Passing null to parameter #1 ($num) of type float is deprecated in APPPATH/Views/reporte/imprimir_valorado.php on line 96.
 1 APPPATH/Views/reporte/imprimir_valorado.php(96): number_format(null, 2, ',', '.')
 2 SYSTEMPATH/View/View.php(234): include('/home2/usoabumg/public_html/oruro.site/app/Views/reporte/imprimir_valorado.php')
 3 SYSTEMPATH/View/View.php(237): CodeIgniter\View\View->CodeIgniter\View\{closure}()
 4 SYSTEMPATH/Common.php(1171): CodeIgniter\View\View->render('reporte/imprimir_valorado', [], true)
 5 APPPATH/Controllers/Reporte.php(135): view('reporte/imprimir_valorado', [...])
 6 SYSTEMPATH/CodeIgniter.php(933): App\Controllers\Reporte->consolidado()
 7 SYSTEMPATH/CodeIgniter.php(509): CodeIgniter\CodeIgniter->runController(Object(App\Controllers\Reporte))
 8 SYSTEMPATH/CodeIgniter.php(355): CodeIgniter\CodeIgniter->handleRequest(null, Object(Config\Cache), false)
 9 SYSTEMPATH/Boot.php(325): CodeIgniter\CodeIgniter->run()
10 SYSTEMPATH/Boot.php(67): CodeIgniter\Boot::runCodeIgniter(Object(CodeIgniter\CodeIgniter))
11 FCPATH/index.php(56): CodeIgniter\Boot::bootWeb(Object(Config\Paths))
WARNING - 2025-04-01 16:07:56 --> [DEPRECATED] number_format(): Passing null to parameter #1 ($num) of type float is deprecated in APPPATH/Views/reporte/imprimir_valorado.php on line 99.
 1 APPPATH/Views/reporte/imprimir_valorado.php(99): number_format(null, 2, ',', '.')
 2 SYSTEMPATH/View/View.php(234): include('/home2/usoabumg/public_html/oruro.site/app/Views/reporte/imprimir_valorado.php')
 3 SYSTEMPATH/View/View.php(237): CodeIgniter\View\View->CodeIgniter\View\{closure}()
 4 SYSTEMPATH/Common.php(1171): CodeIgniter\View\View->render('reporte/imprimir_valorado', [], true)
 5 APPPATH/Controllers/Reporte.php(135): view('reporte/imprimir_valorado', [...])
 6 SYSTEMPATH/CodeIgniter.php(933): App\Controllers\Reporte->consolidado()
 7 SYSTEMPATH/CodeIgniter.php(509): CodeIgniter\CodeIgniter->runController(Object(App\Controllers\Reporte))
 8 SYSTEMPATH/CodeIgniter.php(355): CodeIgniter\CodeIgniter->handleRequest(null, Object(Config\Cache), false)
 9 SYSTEMPATH/Boot.php(325): CodeIgniter\CodeIgniter->run()
10 SYSTEMPATH/Boot.php(67): CodeIgniter\Boot::runCodeIgniter(Object(CodeIgniter\CodeIgniter))
11 FCPATH/index.php(56): CodeIgniter\Boot::bootWeb(Object(Config\Paths))
WARNING - 2025-04-01 16:07:56 --> [DEPRECATED] number_format(): Passing null to parameter #1 ($num) of type float is deprecated in APPPATH/Views/reporte/imprimir_valorado.php on line 96.
 1 APPPATH/Views/reporte/imprimir_valorado.php(96): number_format(null, 2, ',', '.')
 2 SYSTEMPATH/View/View.php(234): include('/home2/usoabumg/public_html/oruro.site/app/Views/reporte/imprimir_valorado.php')
 3 SYSTEMPATH/View/View.php(237): CodeIgniter\View\View->CodeIgniter\View\{closure}()
 4 SYSTEMPATH/Common.php(1171): CodeIgniter\View\View->render('reporte/imprimir_valorado', [], true)
 5 APPPATH/Controllers/Reporte.php(135): view('reporte/imprimir_valorado', [...])
 6 SYSTEMPATH/CodeIgniter.php(933): App\Controllers\Reporte->consolidado()
 7 SYSTEMPATH/CodeIgniter.php(509): CodeIgniter\CodeIgniter->runController(Object(App\Controllers\Reporte))
 8 SYSTEMPATH/CodeIgniter.php(355): CodeIgniter\CodeIgniter->handleRequest(null, Object(Config\Cache), false)
 9 SYSTEMPATH/Boot.php(325): CodeIgniter\CodeIgniter->run()
10 SYSTEMPATH/Boot.php(67): CodeIgniter\Boot::runCodeIgniter(Object(CodeIgniter\CodeIgniter))
11 FCPATH/index.php(56): CodeIgniter\Boot::bootWeb(Object(Config\Paths))
WARNING - 2025-04-01 16:07:56 --> [DEPRECATED] number_format(): Passing null to parameter #1 ($num) of type float is deprecated in APPPATH/Views/reporte/imprimir_valorado.php on line 99.
 1 APPPATH/Views/reporte/imprimir_valorado.php(99): number_format(null, 2, ',', '.')
 2 SYSTEMPATH/View/View.php(234): include('/home2/usoabumg/public_html/oruro.site/app/Views/reporte/imprimir_valorado.php')
 3 SYSTEMPATH/View/View.php(237): CodeIgniter\View\View->CodeIgniter\View\{closure}()
 4 SYSTEMPATH/Common.php(1171): CodeIgniter\View\View->render('reporte/imprimir_valorado', [], true)
 5 APPPATH/Controllers/Reporte.php(135): view('reporte/imprimir_valorado', [...])
 6 SYSTEMPATH/CodeIgniter.php(933): App\Controllers\Reporte->consolidado()
 7 SYSTEMPATH/CodeIgniter.php(509): CodeIgniter\CodeIgniter->runController(Object(App\Controllers\Reporte))
 8 SYSTEMPATH/CodeIgniter.php(355): CodeIgniter\CodeIgniter->handleRequest(null, Object(Config\Cache), false)
 9 SYSTEMPATH/Boot.php(325): CodeIgniter\CodeIgniter->run()
10 SYSTEMPATH/Boot.php(67): CodeIgniter\Boot::runCodeIgniter(Object(CodeIgniter\CodeIgniter))
11 FCPATH/index.php(56): CodeIgniter\Boot::bootWeb(Object(Config\Paths))
WARNING - 2025-04-01 16:07:56 --> [DEPRECATED] number_format(): Passing null to parameter #1 ($num) of type float is deprecated in APPPATH/Views/reporte/imprimir_valorado.php on line 96.
 1 APPPATH/Views/reporte/imprimir_valorado.php(96): number_format(null, 2, ',', '.')
 2 SYSTEMPATH/View/View.php(234): include('/home2/usoabumg/public_html/oruro.site/app/Views/reporte/imprimir_valorado.php')
 3 SYSTEMPATH/View/View.php(237): CodeIgniter\View\View->CodeIgniter\View\{closure}()
 4 SYSTEMPATH/Common.php(1171): CodeIgniter\View\View->render('reporte/imprimir_valorado', [], true)
 5 APPPATH/Controllers/Reporte.php(135): view('reporte/imprimir_valorado', [...])
 6 SYSTEMPATH/CodeIgniter.php(933): App\Controllers\Reporte->consolidado()
 7 SYSTEMPATH/CodeIgniter.php(509): CodeIgniter\CodeIgniter->runController(Object(App\Controllers\Reporte))
 8 SYSTEMPATH/CodeIgniter.php(355): CodeIgniter\CodeIgniter->handleRequest(null, Object(Config\Cache), false)
 9 SYSTEMPATH/Boot.php(325): CodeIgniter\CodeIgniter->run()
10 SYSTEMPATH/Boot.php(67): CodeIgniter\Boot::runCodeIgniter(Object(CodeIgniter\CodeIgniter))
11 FCPATH/index.php(56): CodeIgniter\Boot::bootWeb(Object(Config\Paths))
WARNING - 2025-04-01 16:07:56 --> [DEPRECATED] number_format(): Passing null to parameter #1 ($num) of type float is deprecated in APPPATH/Views/reporte/imprimir_valorado.php on line 99.
 1 APPPATH/Views/reporte/imprimir_valorado.php(99): number_format(null, 2, ',', '.')
 2 SYSTEMPATH/View/View.php(234): include('/home2/usoabumg/public_html/oruro.site/app/Views/reporte/imprimir_valorado.php')
 3 SYSTEMPATH/View/View.php(237): CodeIgniter\View\View->CodeIgniter\View\{closure}()
 4 SYSTEMPATH/Common.php(1171): CodeIgniter\View\View->render('reporte/imprimir_valorado', [], true)
 5 APPPATH/Controllers/Reporte.php(135): view('reporte/imprimir_valorado', [...])
 6 SYSTEMPATH/CodeIgniter.php(933): App\Controllers\Reporte->consolidado()
 7 SYSTEMPATH/CodeIgniter.php(509): CodeIgniter\CodeIgniter->runController(Object(App\Controllers\Reporte))
 8 SYSTEMPATH/CodeIgniter.php(355): CodeIgniter\CodeIgniter->handleRequest(null, Object(Config\Cache), false)
 9 SYSTEMPATH/Boot.php(325): CodeIgniter\CodeIgniter->run()
10 SYSTEMPATH/Boot.php(67): CodeIgniter\Boot::runCodeIgniter(Object(CodeIgniter\CodeIgniter))
11 FCPATH/index.php(56): CodeIgniter\Boot::bootWeb(Object(Config\Paths))
WARNING - 2025-04-01 16:07:56 --> [DEPRECATED] number_format(): Passing null to parameter #1 ($num) of type float is deprecated in APPPATH/Views/reporte/imprimir_valorado.php on line 96.
 1 APPPATH/Views/reporte/imprimir_valorado.php(96): number_format(null, 2, ',', '.')
 2 SYSTEMPATH/View/View.php(234): include('/home2/usoabumg/public_html/oruro.site/app/Views/reporte/imprimir_valorado.php')
 3 SYSTEMPATH/View/View.php(237): CodeIgniter\View\View->CodeIgniter\View\{closure}()
 4 SYSTEMPATH/Common.php(1171): CodeIgniter\View\View->render('reporte/imprimir_valorado', [], true)
 5 APPPATH/Controllers/Reporte.php(135): view('reporte/imprimir_valorado', [...])
 6 SYSTEMPATH/CodeIgniter.php(933): App\Controllers\Reporte->consolidado()
 7 SYSTEMPATH/CodeIgniter.php(509): CodeIgniter\CodeIgniter->runController(Object(App\Controllers\Reporte))
 8 SYSTEMPATH/CodeIgniter.php(355): CodeIgniter\CodeIgniter->handleRequest(null, Object(Config\Cache), false)
 9 SYSTEMPATH/Boot.php(325): CodeIgniter\CodeIgniter->run()
10 SYSTEMPATH/Boot.php(67): CodeIgniter\Boot::runCodeIgniter(Object(CodeIgniter\CodeIgniter))
11 FCPATH/index.php(56): CodeIgniter\Boot::bootWeb(Object(Config\Paths))
WARNING - 2025-04-01 16:07:56 --> [DEPRECATED] number_format(): Passing null to parameter #1 ($num) of type float is deprecated in APPPATH/Views/reporte/imprimir_valorado.php on line 99.
 1 APPPATH/Views/reporte/imprimir_valorado.php(99): number_format(null, 2, ',', '.')
 2 SYSTEMPATH/View/View.php(234): include('/home2/usoabumg/public_html/oruro.site/app/Views/reporte/imprimir_valorado.php')
 3 SYSTEMPATH/View/View.php(237): CodeIgniter\View\View->CodeIgniter\View\{closure}()
 4 SYSTEMPATH/Common.php(1171): CodeIgniter\View\View->render('reporte/imprimir_valorado', [], true)
 5 APPPATH/Controllers/Reporte.php(135): view('reporte/imprimir_valorado', [...])
 6 SYSTEMPATH/CodeIgniter.php(933): App\Controllers\Reporte->consolidado()
 7 SYSTEMPATH/CodeIgniter.php(509): CodeIgniter\CodeIgniter->runController(Object(App\Controllers\Reporte))
 8 SYSTEMPATH/CodeIgniter.php(355): CodeIgniter\CodeIgniter->handleRequest(null, Object(Config\Cache), false)
 9 SYSTEMPATH/Boot.php(325): CodeIgniter\CodeIgniter->run()
10 SYSTEMPATH/Boot.php(67): CodeIgniter\Boot::runCodeIgniter(Object(CodeIgniter\CodeIgniter))
11 FCPATH/index.php(56): CodeIgniter\Boot::bootWeb(Object(Config\Paths))
WARNING - 2025-04-01 16:07:56 --> [DEPRECATED] number_format(): Passing null to parameter #1 ($num) of type float is deprecated in APPPATH/Views/reporte/imprimir_valorado.php on line 96.
 1 APPPATH/Views/reporte/imprimir_valorado.php(96): number_format(null, 2, ',', '.')
 2 SYSTEMPATH/View/View.php(234): include('/home2/usoabumg/public_html/oruro.site/app/Views/reporte/imprimir_valorado.php')
 3 SYSTEMPATH/View/View.php(237): CodeIgniter\View\View->CodeIgniter\View\{closure}()
 4 SYSTEMPATH/Common.php(1171): CodeIgniter\View\View->render('reporte/imprimir_valorado', [], true)
 5 APPPATH/Controllers/Reporte.php(135): view('reporte/imprimir_valorado', [...])
 6 SYSTEMPATH/CodeIgniter.php(933): App\Controllers\Reporte->consolidado()
 7 SYSTEMPATH/CodeIgniter.php(509): CodeIgniter\CodeIgniter->runController(Object(App\Controllers\Reporte))
 8 SYSTEMPATH/CodeIgniter.php(355): CodeIgniter\CodeIgniter->handleRequest(null, Object(Config\Cache), false)
 9 SYSTEMPATH/Boot.php(325): CodeIgniter\CodeIgniter->run()
10 SYSTEMPATH/Boot.php(67): CodeIgniter\Boot::runCodeIgniter(Object(CodeIgniter\CodeIgniter))
11 FCPATH/index.php(56): CodeIgniter\Boot::bootWeb(Object(Config\Paths))
WARNING - 2025-04-01 16:07:56 --> [DEPRECATED] number_format(): Passing null to parameter #1 ($num) of type float is deprecated in APPPATH/Views/reporte/imprimir_valorado.php on line 99.
 1 APPPATH/Views/reporte/imprimir_valorado.php(99): number_format(null, 2, ',', '.')
 2 SYSTEMPATH/View/View.php(234): include('/home2/usoabumg/public_html/oruro.site/app/Views/reporte/imprimir_valorado.php')
 3 SYSTEMPATH/View/View.php(237): CodeIgniter\View\View->CodeIgniter\View\{closure}()
 4 SYSTEMPATH/Common.php(1171): CodeIgniter\View\View->render('reporte/imprimir_valorado', [], true)
 5 APPPATH/Controllers/Reporte.php(135): view('reporte/imprimir_valorado', [...])
 6 SYSTEMPATH/CodeIgniter.php(933): App\Controllers\Reporte->consolidado()
 7 SYSTEMPATH/CodeIgniter.php(509): CodeIgniter\CodeIgniter->runController(Object(App\Controllers\Reporte))
 8 SYSTEMPATH/CodeIgniter.php(355): CodeIgniter\CodeIgniter->handleRequest(null, Object(Config\Cache), false)
 9 SYSTEMPATH/Boot.php(325): CodeIgniter\CodeIgniter->run()
10 SYSTEMPATH/Boot.php(67): CodeIgniter\Boot::runCodeIgniter(Object(CodeIgniter\CodeIgniter))
11 FCPATH/index.php(56): CodeIgniter\Boot::bootWeb(Object(Config\Paths))
WARNING - 2025-04-01 16:07:56 --> [DEPRECATED] number_format(): Passing null to parameter #1 ($num) of type float is deprecated in APPPATH/Views/reporte/imprimir_valorado.php on line 96.
 1 APPPATH/Views/reporte/imprimir_valorado.php(96): number_format(null, 2, ',', '.')
 2 SYSTEMPATH/View/View.php(234): include('/home2/usoabumg/public_html/oruro.site/app/Views/reporte/imprimir_valorado.php')
 3 SYSTEMPATH/View/View.php(237): CodeIgniter\View\View->CodeIgniter\View\{closure}()
 4 SYSTEMPATH/Common.php(1171): CodeIgniter\View\View->render('reporte/imprimir_valorado', [], true)
 5 APPPATH/Controllers/Reporte.php(135): view('reporte/imprimir_valorado', [...])
 6 SYSTEMPATH/CodeIgniter.php(933): App\Controllers\Reporte->consolidado()
 7 SYSTEMPATH/CodeIgniter.php(509): CodeIgniter\CodeIgniter->runController(Object(App\Controllers\Reporte))
 8 SYSTEMPATH/CodeIgniter.php(355): CodeIgniter\CodeIgniter->handleRequest(null, Object(Config\Cache), false)
 9 SYSTEMPATH/Boot.php(325): CodeIgniter\CodeIgniter->run()
10 SYSTEMPATH/Boot.php(67): CodeIgniter\Boot::runCodeIgniter(Object(CodeIgniter\CodeIgniter))
11 FCPATH/index.php(56): CodeIgniter\Boot::bootWeb(Object(Config\Paths))
WARNING - 2025-04-01 16:07:56 --> [DEPRECATED] number_format(): Passing null to parameter #1 ($num) of type float is deprecated in APPPATH/Views/reporte/imprimir_valorado.php on line 99.
 1 APPPATH/Views/reporte/imprimir_valorado.php(99): number_format(null, 2, ',', '.')
 2 SYSTEMPATH/View/View.php(234): include('/home2/usoabumg/public_html/oruro.site/app/Views/reporte/imprimir_valorado.php')
 3 SYSTEMPATH/View/View.php(237): CodeIgniter\View\View->CodeIgniter\View\{closure}()
 4 SYSTEMPATH/Common.php(1171): CodeIgniter\View\View->render('reporte/imprimir_valorado', [], true)
 5 APPPATH/Controllers/Reporte.php(135): view('reporte/imprimir_valorado', [...])
 6 SYSTEMPATH/CodeIgniter.php(933): App\Controllers\Reporte->consolidado()
 7 SYSTEMPATH/CodeIgniter.php(509): CodeIgniter\CodeIgniter->runController(Object(App\Controllers\Reporte))
 8 SYSTEMPATH/CodeIgniter.php(355): CodeIgniter\CodeIgniter->handleRequest(null, Object(Config\Cache), false)
 9 SYSTEMPATH/Boot.php(325): CodeIgniter\CodeIgniter->run()
10 SYSTEMPATH/Boot.php(67): CodeIgniter\Boot::runCodeIgniter(Object(CodeIgniter\CodeIgniter))
11 FCPATH/index.php(56): CodeIgniter\Boot::bootWeb(Object(Config\Paths))
WARNING - 2025-04-01 16:07:56 --> [DEPRECATED] number_format(): Passing null to parameter #1 ($num) of type float is deprecated in APPPATH/Views/reporte/imprimir_valorado.php on line 96.
 1 APPPATH/Views/reporte/imprimir_valorado.php(96): number_format(null, 2, ',', '.')
 2 SYSTEMPATH/View/View.php(234): include('/home2/usoabumg/public_html/oruro.site/app/Views/reporte/imprimir_valorado.php')
 3 SYSTEMPATH/View/View.php(237): CodeIgniter\View\View->CodeIgniter\View\{closure}()
 4 SYSTEMPATH/Common.php(1171): CodeIgniter\View\View->render('reporte/imprimir_valorado', [], true)
 5 APPPATH/Controllers/Reporte.php(135): view('reporte/imprimir_valorado', [...])
 6 SYSTEMPATH/CodeIgniter.php(933): App\Controllers\Reporte->consolidado()
 7 SYSTEMPATH/CodeIgniter.php(509): CodeIgniter\CodeIgniter->runController(Object(App\Controllers\Reporte))
 8 SYSTEMPATH/CodeIgniter.php(355): CodeIgniter\CodeIgniter->handleRequest(null, Object(Config\Cache), false)
 9 SYSTEMPATH/Boot.php(325): CodeIgniter\CodeIgniter->run()
10 SYSTEMPATH/Boot.php(67): CodeIgniter\Boot::runCodeIgniter(Object(CodeIgniter\CodeIgniter))
11 FCPATH/index.php(56): CodeIgniter\Boot::bootWeb(Object(Config\Paths))
WARNING - 2025-04-01 16:07:56 --> [DEPRECATED] number_format(): Passing null to parameter #1 ($num) of type float is deprecated in APPPATH/Views/reporte/imprimir_valorado.php on line 99.
 1 APPPATH/Views/reporte/imprimir_valorado.php(99): number_format(null, 2, ',', '.')
 2 SYSTEMPATH/View/View.php(234): include('/home2/usoabumg/public_html/oruro.site/app/Views/reporte/imprimir_valorado.php')
 3 SYSTEMPATH/View/View.php(237): CodeIgniter\View\View->CodeIgniter\View\{closure}()
 4 SYSTEMPATH/Common.php(1171): CodeIgniter\View\View->render('reporte/imprimir_valorado', [], true)
 5 APPPATH/Controllers/Reporte.php(135): view('reporte/imprimir_valorado', [...])
 6 SYSTEMPATH/CodeIgniter.php(933): App\Controllers\Reporte->consolidado()
 7 SYSTEMPATH/CodeIgniter.php(509): CodeIgniter\CodeIgniter->runController(Object(App\Controllers\Reporte))
 8 SYSTEMPATH/CodeIgniter.php(355): CodeIgniter\CodeIgniter->handleRequest(null, Object(Config\Cache), false)
 9 SYSTEMPATH/Boot.php(325): CodeIgniter\CodeIgniter->run()
10 SYSTEMPATH/Boot.php(67): CodeIgniter\Boot::runCodeIgniter(Object(CodeIgniter\CodeIgniter))
11 FCPATH/index.php(56): CodeIgniter\Boot::bootWeb(Object(Config\Paths))
WARNING - 2025-04-01 16:07:56 --> [DEPRECATED] number_format(): Passing null to parameter #1 ($num) of type float is deprecated in APPPATH/Views/reporte/imprimir_valorado.php on line 96.
 1 APPPATH/Views/reporte/imprimir_valorado.php(96): number_format(null, 2, ',', '.')
 2 SYSTEMPATH/View/View.php(234): include('/home2/usoabumg/public_html/oruro.site/app/Views/reporte/imprimir_valorado.php')
 3 SYSTEMPATH/View/View.php(237): CodeIgniter\View\View->CodeIgniter\View\{closure}()
 4 SYSTEMPATH/Common.php(1171): CodeIgniter\View\View->render('reporte/imprimir_valorado', [], true)
 5 APPPATH/Controllers/Reporte.php(135): view('reporte/imprimir_valorado', [...])
 6 SYSTEMPATH/CodeIgniter.php(933): App\Controllers\Reporte->consolidado()
 7 SYSTEMPATH/CodeIgniter.php(509): CodeIgniter\CodeIgniter->runController(Object(App\Controllers\Reporte))
 8 SYSTEMPATH/CodeIgniter.php(355): CodeIgniter\CodeIgniter->handleRequest(null, Object(Config\Cache), false)
 9 SYSTEMPATH/Boot.php(325): CodeIgniter\CodeIgniter->run()
10 SYSTEMPATH/Boot.php(67): CodeIgniter\Boot::runCodeIgniter(Object(CodeIgniter\CodeIgniter))
11 FCPATH/index.php(56): CodeIgniter\Boot::bootWeb(Object(Config\Paths))
WARNING - 2025-04-01 16:07:56 --> [DEPRECATED] number_format(): Passing null to parameter #1 ($num) of type float is deprecated in APPPATH/Views/reporte/imprimir_valorado.php on line 99.
 1 APPPATH/Views/reporte/imprimir_valorado.php(99): number_format(null, 2, ',', '.')
 2 SYSTEMPATH/View/View.php(234): include('/home2/usoabumg/public_html/oruro.site/app/Views/reporte/imprimir_valorado.php')
 3 SYSTEMPATH/View/View.php(237): CodeIgniter\View\View->CodeIgniter\View\{closure}()
 4 SYSTEMPATH/Common.php(1171): CodeIgniter\View\View->render('reporte/imprimir_valorado', [], true)
 5 APPPATH/Controllers/Reporte.php(135): view('reporte/imprimir_valorado', [...])
 6 SYSTEMPATH/CodeIgniter.php(933): App\Controllers\Reporte->consolidado()
 7 SYSTEMPATH/CodeIgniter.php(509): CodeIgniter\CodeIgniter->runController(Object(App\Controllers\Reporte))
 8 SYSTEMPATH/CodeIgniter.php(355): CodeIgniter\CodeIgniter->handleRequest(null, Object(Config\Cache), false)
 9 SYSTEMPATH/Boot.php(325): CodeIgniter\CodeIgniter->run()
10 SYSTEMPATH/Boot.php(67): CodeIgniter\Boot::runCodeIgniter(Object(CodeIgniter\CodeIgniter))
11 FCPATH/index.php(56): CodeIgniter\Boot::bootWeb(Object(Config\Paths))
WARNING - 2025-04-01 16:07:56 --> [DEPRECATED] number_format(): Passing null to parameter #1 ($num) of type float is deprecated in APPPATH/Views/reporte/imprimir_valorado.php on line 96.
 1 APPPATH/Views/reporte/imprimir_valorado.php(96): number_format(null, 2, ',', '.')
 2 SYSTEMPATH/View/View.php(234): include('/home2/usoabumg/public_html/oruro.site/app/Views/reporte/imprimir_valorado.php')
 3 SYSTEMPATH/View/View.php(237): CodeIgniter\View\View->CodeIgniter\View\{closure}()
 4 SYSTEMPATH/Common.php(1171): CodeIgniter\View\View->render('reporte/imprimir_valorado', [], true)
 5 APPPATH/Controllers/Reporte.php(135): view('reporte/imprimir_valorado', [...])
 6 SYSTEMPATH/CodeIgniter.php(933): App\Controllers\Reporte->consolidado()
 7 SYSTEMPATH/CodeIgniter.php(509): CodeIgniter\CodeIgniter->runController(Object(App\Controllers\Reporte))
 8 SYSTEMPATH/CodeIgniter.php(355): CodeIgniter\CodeIgniter->handleRequest(null, Object(Config\Cache), false)
 9 SYSTEMPATH/Boot.php(325): CodeIgniter\CodeIgniter->run()
10 SYSTEMPATH/Boot.php(67): CodeIgniter\Boot::runCodeIgniter(Object(CodeIgniter\CodeIgniter))
11 FCPATH/index.php(56): CodeIgniter\Boot::bootWeb(Object(Config\Paths))
WARNING - 2025-04-01 16:07:56 --> [DEPRECATED] number_format(): Passing null to parameter #1 ($num) of type float is deprecated in APPPATH/Views/reporte/imprimir_valorado.php on line 99.
 1 APPPATH/Views/reporte/imprimir_valorado.php(99): number_format(null, 2, ',', '.')
 2 SYSTEMPATH/View/View.php(234): include('/home2/usoabumg/public_html/oruro.site/app/Views/reporte/imprimir_valorado.php')
 3 SYSTEMPATH/View/View.php(237): CodeIgniter\View\View->CodeIgniter\View\{closure}()
 4 SYSTEMPATH/Common.php(1171): CodeIgniter\View\View->render('reporte/imprimir_valorado', [], true)
 5 APPPATH/Controllers/Reporte.php(135): view('reporte/imprimir_valorado', [...])
 6 SYSTEMPATH/CodeIgniter.php(933): App\Controllers\Reporte->consolidado()
 7 SYSTEMPATH/CodeIgniter.php(509): CodeIgniter\CodeIgniter->runController(Object(App\Controllers\Reporte))
 8 SYSTEMPATH/CodeIgniter.php(355): CodeIgniter\CodeIgniter->handleRequest(null, Object(Config\Cache), false)
 9 SYSTEMPATH/Boot.php(325): CodeIgniter\CodeIgniter->run()
10 SYSTEMPATH/Boot.php(67): CodeIgniter\Boot::runCodeIgniter(Object(CodeIgniter\CodeIgniter))
11 FCPATH/index.php(56): CodeIgniter\Boot::bootWeb(Object(Config\Paths))
WARNING - 2025-04-01 16:07:56 --> [DEPRECATED] number_format(): Passing null to parameter #1 ($num) of type float is deprecated in APPPATH/Views/reporte/imprimir_valorado.php on line 96.
 1 APPPATH/Views/reporte/imprimir_valorado.php(96): number_format(null, 2, ',', '.')
 2 SYSTEMPATH/View/View.php(234): include('/home2/usoabumg/public_html/oruro.site/app/Views/reporte/imprimir_valorado.php')
 3 SYSTEMPATH/View/View.php(237): CodeIgniter\View\View->CodeIgniter\View\{closure}()
 4 SYSTEMPATH/Common.php(1171): CodeIgniter\View\View->render('reporte/imprimir_valorado', [], true)
 5 APPPATH/Controllers/Reporte.php(135): view('reporte/imprimir_valorado', [...])
 6 SYSTEMPATH/CodeIgniter.php(933): App\Controllers\Reporte->consolidado()
 7 SYSTEMPATH/CodeIgniter.php(509): CodeIgniter\CodeIgniter->runController(Object(App\Controllers\Reporte))
 8 SYSTEMPATH/CodeIgniter.php(355): CodeIgniter\CodeIgniter->handleRequest(null, Object(Config\Cache), false)
 9 SYSTEMPATH/Boot.php(325): CodeIgniter\CodeIgniter->run()
10 SYSTEMPATH/Boot.php(67): CodeIgniter\Boot::runCodeIgniter(Object(CodeIgniter\CodeIgniter))
11 FCPATH/index.php(56): CodeIgniter\Boot::bootWeb(Object(Config\Paths))
WARNING - 2025-04-01 16:07:56 --> [DEPRECATED] number_format(): Passing null to parameter #1 ($num) of type float is deprecated in APPPATH/Views/reporte/imprimir_valorado.php on line 99.
 1 APPPATH/Views/reporte/imprimir_valorado.php(99): number_format(null, 2, ',', '.')
 2 SYSTEMPATH/View/View.php(234): include('/home2/usoabumg/public_html/oruro.site/app/Views/reporte/imprimir_valorado.php')
 3 SYSTEMPATH/View/View.php(237): CodeIgniter\View\View->CodeIgniter\View\{closure}()
 4 SYSTEMPATH/Common.php(1171): CodeIgniter\View\View->render('reporte/imprimir_valorado', [], true)
 5 APPPATH/Controllers/Reporte.php(135): view('reporte/imprimir_valorado', [...])
 6 SYSTEMPATH/CodeIgniter.php(933): App\Controllers\Reporte->consolidado()
 7 SYSTEMPATH/CodeIgniter.php(509): CodeIgniter\CodeIgniter->runController(Object(App\Controllers\Reporte))
 8 SYSTEMPATH/CodeIgniter.php(355): CodeIgniter\CodeIgniter->handleRequest(null, Object(Config\Cache), false)
 9 SYSTEMPATH/Boot.php(325): CodeIgniter\CodeIgniter->run()
10 SYSTEMPATH/Boot.php(67): CodeIgniter\Boot::runCodeIgniter(Object(CodeIgniter\CodeIgniter))
11 FCPATH/index.php(56): CodeIgniter\Boot::bootWeb(Object(Config\Paths))
WARNING - 2025-04-01 16:07:56 --> [DEPRECATED] number_format(): Passing null to parameter #1 ($num) of type float is deprecated in APPPATH/Views/reporte/imprimir_valorado.php on line 96.
 1 APPPATH/Views/reporte/imprimir_valorado.php(96): number_format(null, 2, ',', '.')
 2 SYSTEMPATH/View/View.php(234): include('/home2/usoabumg/public_html/oruro.site/app/Views/reporte/imprimir_valorado.php')
 3 SYSTEMPATH/View/View.php(237): CodeIgniter\View\View->CodeIgniter\View\{closure}()
 4 SYSTEMPATH/Common.php(1171): CodeIgniter\View\View->render('reporte/imprimir_valorado', [], true)
 5 APPPATH/Controllers/Reporte.php(135): view('reporte/imprimir_valorado', [...])
 6 SYSTEMPATH/CodeIgniter.php(933): App\Controllers\Reporte->consolidado()
 7 SYSTEMPATH/CodeIgniter.php(509): CodeIgniter\CodeIgniter->runController(Object(App\Controllers\Reporte))
 8 SYSTEMPATH/CodeIgniter.php(355): CodeIgniter\CodeIgniter->handleRequest(null, Object(Config\Cache), false)
 9 SYSTEMPATH/Boot.php(325): CodeIgniter\CodeIgniter->run()
10 SYSTEMPATH/Boot.php(67): CodeIgniter\Boot::runCodeIgniter(Object(CodeIgniter\CodeIgniter))
11 FCPATH/index.php(56): CodeIgniter\Boot::bootWeb(Object(Config\Paths))
WARNING - 2025-04-01 16:07:56 --> [DEPRECATED] number_format(): Passing null to parameter #1 ($num) of type float is deprecated in APPPATH/Views/reporte/imprimir_valorado.php on line 99.
 1 APPPATH/Views/reporte/imprimir_valorado.php(99): number_format(null, 2, ',', '.')
 2 SYSTEMPATH/View/View.php(234): include('/home2/usoabumg/public_html/oruro.site/app/Views/reporte/imprimir_valorado.php')
 3 SYSTEMPATH/View/View.php(237): CodeIgniter\View\View->CodeIgniter\View\{closure}()
 4 SYSTEMPATH/Common.php(1171): CodeIgniter\View\View->render('reporte/imprimir_valorado', [], true)
 5 APPPATH/Controllers/Reporte.php(135): view('reporte/imprimir_valorado', [...])
 6 SYSTEMPATH/CodeIgniter.php(933): App\Controllers\Reporte->consolidado()
 7 SYSTEMPATH/CodeIgniter.php(509): CodeIgniter\CodeIgniter->runController(Object(App\Controllers\Reporte))
 8 SYSTEMPATH/CodeIgniter.php(355): CodeIgniter\CodeIgniter->handleRequest(null, Object(Config\Cache), false)
 9 SYSTEMPATH/Boot.php(325): CodeIgniter\CodeIgniter->run()
10 SYSTEMPATH/Boot.php(67): CodeIgniter\Boot::runCodeIgniter(Object(CodeIgniter\CodeIgniter))
11 FCPATH/index.php(56): CodeIgniter\Boot::bootWeb(Object(Config\Paths))
WARNING - 2025-04-01 16:07:56 --> [DEPRECATED] number_format(): Passing null to parameter #1 ($num) of type float is deprecated in APPPATH/Views/reporte/imprimir_valorado.php on line 96.
 1 APPPATH/Views/reporte/imprimir_valorado.php(96): number_format(null, 2, ',', '.')
 2 SYSTEMPATH/View/View.php(234): include('/home2/usoabumg/public_html/oruro.site/app/Views/reporte/imprimir_valorado.php')
 3 SYSTEMPATH/View/View.php(237): CodeIgniter\View\View->CodeIgniter\View\{closure}()
 4 SYSTEMPATH/Common.php(1171): CodeIgniter\View\View->render('reporte/imprimir_valorado', [], true)
 5 APPPATH/Controllers/Reporte.php(135): view('reporte/imprimir_valorado', [...])
 6 SYSTEMPATH/CodeIgniter.php(933): App\Controllers\Reporte->consolidado()
 7 SYSTEMPATH/CodeIgniter.php(509): CodeIgniter\CodeIgniter->runController(Object(App\Controllers\Reporte))
 8 SYSTEMPATH/CodeIgniter.php(355): CodeIgniter\CodeIgniter->handleRequest(null, Object(Config\Cache), false)
 9 SYSTEMPATH/Boot.php(325): CodeIgniter\CodeIgniter->run()
10 SYSTEMPATH/Boot.php(67): CodeIgniter\Boot::runCodeIgniter(Object(CodeIgniter\CodeIgniter))
11 FCPATH/index.php(56): CodeIgniter\Boot::bootWeb(Object(Config\Paths))
WARNING - 2025-04-01 16:07:56 --> [DEPRECATED] number_format(): Passing null to parameter #1 ($num) of type float is deprecated in APPPATH/Views/reporte/imprimir_valorado.php on line 99.
 1 APPPATH/Views/reporte/imprimir_valorado.php(99): number_format(null, 2, ',', '.')
 2 SYSTEMPATH/View/View.php(234): include('/home2/usoabumg/public_html/oruro.site/app/Views/reporte/imprimir_valorado.php')
 3 SYSTEMPATH/View/View.php(237): CodeIgniter\View\View->CodeIgniter\View\{closure}()
 4 SYSTEMPATH/Common.php(1171): CodeIgniter\View\View->render('reporte/imprimir_valorado', [], true)
 5 APPPATH/Controllers/Reporte.php(135): view('reporte/imprimir_valorado', [...])
 6 SYSTEMPATH/CodeIgniter.php(933): App\Controllers\Reporte->consolidado()
 7 SYSTEMPATH/CodeIgniter.php(509): CodeIgniter\CodeIgniter->runController(Object(App\Controllers\Reporte))
 8 SYSTEMPATH/CodeIgniter.php(355): CodeIgniter\CodeIgniter->handleRequest(null, Object(Config\Cache), false)
 9 SYSTEMPATH/Boot.php(325): CodeIgniter\CodeIgniter->run()
10 SYSTEMPATH/Boot.php(67): CodeIgniter\Boot::runCodeIgniter(Object(CodeIgniter\CodeIgniter))
11 FCPATH/index.php(56): CodeIgniter\Boot::bootWeb(Object(Config\Paths))
WARNING - 2025-04-01 16:07:56 --> [DEPRECATED] number_format(): Passing null to parameter #1 ($num) of type float is deprecated in APPPATH/Views/reporte/imprimir_valorado.php on line 96.
 1 APPPATH/Views/reporte/imprimir_valorado.php(96): number_format(null, 2, ',', '.')
 2 SYSTEMPATH/View/View.php(234): include('/home2/usoabumg/public_html/oruro.site/app/Views/reporte/imprimir_valorado.php')
 3 SYSTEMPATH/View/View.php(237): CodeIgniter\View\View->CodeIgniter\View\{closure}()
 4 SYSTEMPATH/Common.php(1171): CodeIgniter\View\View->render('reporte/imprimir_valorado', [], true)
 5 APPPATH/Controllers/Reporte.php(135): view('reporte/imprimir_valorado', [...])
 6 SYSTEMPATH/CodeIgniter.php(933): App\Controllers\Reporte->consolidado()
 7 SYSTEMPATH/CodeIgniter.php(509): CodeIgniter\CodeIgniter->runController(Object(App\Controllers\Reporte))
 8 SYSTEMPATH/CodeIgniter.php(355): CodeIgniter\CodeIgniter->handleRequest(null, Object(Config\Cache), false)
 9 SYSTEMPATH/Boot.php(325): CodeIgniter\CodeIgniter->run()
10 SYSTEMPATH/Boot.php(67): CodeIgniter\Boot::runCodeIgniter(Object(CodeIgniter\CodeIgniter))
11 FCPATH/index.php(56): CodeIgniter\Boot::bootWeb(Object(Config\Paths))
WARNING - 2025-04-01 16:07:56 --> [DEPRECATED] number_format(): Passing null to parameter #1 ($num) of type float is deprecated in APPPATH/Views/reporte/imprimir_valorado.php on line 99.
 1 APPPATH/Views/reporte/imprimir_valorado.php(99): number_format(null, 2, ',', '.')
 2 SYSTEMPATH/View/View.php(234): include('/home2/usoabumg/public_html/oruro.site/app/Views/reporte/imprimir_valorado.php')
 3 SYSTEMPATH/View/View.php(237): CodeIgniter\View\View->CodeIgniter\View\{closure}()
 4 SYSTEMPATH/Common.php(1171): CodeIgniter\View\View->render('reporte/imprimir_valorado', [], true)
 5 APPPATH/Controllers/Reporte.php(135): view('reporte/imprimir_valorado', [...])
 6 SYSTEMPATH/CodeIgniter.php(933): App\Controllers\Reporte->consolidado()
 7 SYSTEMPATH/CodeIgniter.php(509): CodeIgniter\CodeIgniter->runController(Object(App\Controllers\Reporte))
 8 SYSTEMPATH/CodeIgniter.php(355): CodeIgniter\CodeIgniter->handleRequest(null, Object(Config\Cache), false)
 9 SYSTEMPATH/Boot.php(325): CodeIgniter\CodeIgniter->run()
10 SYSTEMPATH/Boot.php(67): CodeIgniter\Boot::runCodeIgniter(Object(CodeIgniter\CodeIgniter))
11 FCPATH/index.php(56): CodeIgniter\Boot::bootWeb(Object(Config\Paths))
WARNING - 2025-04-01 16:07:56 --> [DEPRECATED] number_format(): Passing null to parameter #1 ($num) of type float is deprecated in APPPATH/Views/reporte/imprimir_valorado.php on line 96.
 1 APPPATH/Views/reporte/imprimir_valorado.php(96): number_format(null, 2, ',', '.')
 2 SYSTEMPATH/View/View.php(234): include('/home2/usoabumg/public_html/oruro.site/app/Views/reporte/imprimir_valorado.php')
 3 SYSTEMPATH/View/View.php(237): CodeIgniter\View\View->CodeIgniter\View\{closure}()
 4 SYSTEMPATH/Common.php(1171): CodeIgniter\View\View->render('reporte/imprimir_valorado', [], true)
 5 APPPATH/Controllers/Reporte.php(135): view('reporte/imprimir_valorado', [...])
 6 SYSTEMPATH/CodeIgniter.php(933): App\Controllers\Reporte->consolidado()
 7 SYSTEMPATH/CodeIgniter.php(509): CodeIgniter\CodeIgniter->runController(Object(App\Controllers\Reporte))
 8 SYSTEMPATH/CodeIgniter.php(355): CodeIgniter\CodeIgniter->handleRequest(null, Object(Config\Cache), false)
 9 SYSTEMPATH/Boot.php(325): CodeIgniter\CodeIgniter->run()
10 SYSTEMPATH/Boot.php(67): CodeIgniter\Boot::runCodeIgniter(Object(CodeIgniter\CodeIgniter))
11 FCPATH/index.php(56): CodeIgniter\Boot::bootWeb(Object(Config\Paths))
WARNING - 2025-04-01 16:07:56 --> [DEPRECATED] number_format(): Passing null to parameter #1 ($num) of type float is deprecated in APPPATH/Views/reporte/imprimir_valorado.php on line 99.
 1 APPPATH/Views/reporte/imprimir_valorado.php(99): number_format(null, 2, ',', '.')
 2 SYSTEMPATH/View/View.php(234): include('/home2/usoabumg/public_html/oruro.site/app/Views/reporte/imprimir_valorado.php')
 3 SYSTEMPATH/View/View.php(237): CodeIgniter\View\View->CodeIgniter\View\{closure}()
 4 SYSTEMPATH/Common.php(1171): CodeIgniter\View\View->render('reporte/imprimir_valorado', [], true)
 5 APPPATH/Controllers/Reporte.php(135): view('reporte/imprimir_valorado', [...])
 6 SYSTEMPATH/CodeIgniter.php(933): App\Controllers\Reporte->consolidado()
 7 SYSTEMPATH/CodeIgniter.php(509): CodeIgniter\CodeIgniter->runController(Object(App\Controllers\Reporte))
 8 SYSTEMPATH/CodeIgniter.php(355): CodeIgniter\CodeIgniter->handleRequest(null, Object(Config\Cache), false)
 9 SYSTEMPATH/Boot.php(325): CodeIgniter\CodeIgniter->run()
10 SYSTEMPATH/Boot.php(67): CodeIgniter\Boot::runCodeIgniter(Object(CodeIgniter\CodeIgniter))
11 FCPATH/index.php(56): CodeIgniter\Boot::bootWeb(Object(Config\Paths))
WARNING - 2025-04-01 16:07:56 --> [DEPRECATED] number_format(): Passing null to parameter #1 ($num) of type float is deprecated in APPPATH/Views/reporte/imprimir_valorado.php on line 96.
 1 APPPATH/Views/reporte/imprimir_valorado.php(96): number_format(null, 2, ',', '.')
 2 SYSTEMPATH/View/View.php(234): include('/home2/usoabumg/public_html/oruro.site/app/Views/reporte/imprimir_valorado.php')
 3 SYSTEMPATH/View/View.php(237): CodeIgniter\View\View->CodeIgniter\View\{closure}()
 4 SYSTEMPATH/Common.php(1171): CodeIgniter\View\View->render('reporte/imprimir_valorado', [], true)
 5 APPPATH/Controllers/Reporte.php(135): view('reporte/imprimir_valorado', [...])
 6 SYSTEMPATH/CodeIgniter.php(933): App\Controllers\Reporte->consolidado()
 7 SYSTEMPATH/CodeIgniter.php(509): CodeIgniter\CodeIgniter->runController(Object(App\Controllers\Reporte))
 8 SYSTEMPATH/CodeIgniter.php(355): CodeIgniter\CodeIgniter->handleRequest(null, Object(Config\Cache), false)
 9 SYSTEMPATH/Boot.php(325): CodeIgniter\CodeIgniter->run()
10 SYSTEMPATH/Boot.php(67): CodeIgniter\Boot::runCodeIgniter(Object(CodeIgniter\CodeIgniter))
11 FCPATH/index.php(56): CodeIgniter\Boot::bootWeb(Object(Config\Paths))
WARNING - 2025-04-01 16:07:56 --> [DEPRECATED] number_format(): Passing null to parameter #1 ($num) of type float is deprecated in APPPATH/Views/reporte/imprimir_valorado.php on line 99.
 1 APPPATH/Views/reporte/imprimir_valorado.php(99): number_format(null, 2, ',', '.')
 2 SYSTEMPATH/View/View.php(234): include('/home2/usoabumg/public_html/oruro.site/app/Views/reporte/imprimir_valorado.php')
 3 SYSTEMPATH/View/View.php(237): CodeIgniter\View\View->CodeIgniter\View\{closure}()
 4 SYSTEMPATH/Common.php(1171): CodeIgniter\View\View->render('reporte/imprimir_valorado', [], true)
 5 APPPATH/Controllers/Reporte.php(135): view('reporte/imprimir_valorado', [...])
 6 SYSTEMPATH/CodeIgniter.php(933): App\Controllers\Reporte->consolidado()
 7 SYSTEMPATH/CodeIgniter.php(509): CodeIgniter\CodeIgniter->runController(Object(App\Controllers\Reporte))
 8 SYSTEMPATH/CodeIgniter.php(355): CodeIgniter\CodeIgniter->handleRequest(null, Object(Config\Cache), false)
 9 SYSTEMPATH/Boot.php(325): CodeIgniter\CodeIgniter->run()
10 SYSTEMPATH/Boot.php(67): CodeIgniter\Boot::runCodeIgniter(Object(CodeIgniter\CodeIgniter))
11 FCPATH/index.php(56): CodeIgniter\Boot::bootWeb(Object(Config\Paths))
WARNING - 2025-04-01 16:07:56 --> [DEPRECATED] number_format(): Passing null to parameter #1 ($num) of type float is deprecated in APPPATH/Views/reporte/imprimir_valorado.php on line 96.
 1 APPPATH/Views/reporte/imprimir_valorado.php(96): number_format(null, 2, ',', '.')
 2 SYSTEMPATH/View/View.php(234): include('/home2/usoabumg/public_html/oruro.site/app/Views/reporte/imprimir_valorado.php')
 3 SYSTEMPATH/View/View.php(237): CodeIgniter\View\View->CodeIgniter\View\{closure}()
 4 SYSTEMPATH/Common.php(1171): CodeIgniter\View\View->render('reporte/imprimir_valorado', [], true)
 5 APPPATH/Controllers/Reporte.php(135): view('reporte/imprimir_valorado', [...])
 6 SYSTEMPATH/CodeIgniter.php(933): App\Controllers\Reporte->consolidado()
 7 SYSTEMPATH/CodeIgniter.php(509): CodeIgniter\CodeIgniter->runController(Object(App\Controllers\Reporte))
 8 SYSTEMPATH/CodeIgniter.php(355): CodeIgniter\CodeIgniter->handleRequest(null, Object(Config\Cache), false)
 9 SYSTEMPATH/Boot.php(325): CodeIgniter\CodeIgniter->run()
10 SYSTEMPATH/Boot.php(67): CodeIgniter\Boot::runCodeIgniter(Object(CodeIgniter\CodeIgniter))
11 FCPATH/index.php(56): CodeIgniter\Boot::bootWeb(Object(Config\Paths))
WARNING - 2025-04-01 16:07:56 --> [DEPRECATED] number_format(): Passing null to parameter #1 ($num) of type float is deprecated in APPPATH/Views/reporte/imprimir_valorado.php on line 99.
 1 APPPATH/Views/reporte/imprimir_valorado.php(99): number_format(null, 2, ',', '.')
 2 SYSTEMPATH/View/View.php(234): include('/home2/usoabumg/public_html/oruro.site/app/Views/reporte/imprimir_valorado.php')
 3 SYSTEMPATH/View/View.php(237): CodeIgniter\View\View->CodeIgniter\View\{closure}()
 4 SYSTEMPATH/Common.php(1171): CodeIgniter\View\View->render('reporte/imprimir_valorado', [], true)
 5 APPPATH/Controllers/Reporte.php(135): view('reporte/imprimir_valorado', [...])
 6 SYSTEMPATH/CodeIgniter.php(933): App\Controllers\Reporte->consolidado()
 7 SYSTEMPATH/CodeIgniter.php(509): CodeIgniter\CodeIgniter->runController(Object(App\Controllers\Reporte))
 8 SYSTEMPATH/CodeIgniter.php(355): CodeIgniter\CodeIgniter->handleRequest(null, Object(Config\Cache), false)
 9 SYSTEMPATH/Boot.php(325): CodeIgniter\CodeIgniter->run()
10 SYSTEMPATH/Boot.php(67): CodeIgniter\Boot::runCodeIgniter(Object(CodeIgniter\CodeIgniter))
11 FCPATH/index.php(56): CodeIgniter\Boot::bootWeb(Object(Config\Paths))
WARNING - 2025-04-01 16:07:56 --> [DEPRECATED] number_format(): Passing null to parameter #1 ($num) of type float is deprecated in APPPATH/Views/reporte/imprimir_valorado.php on line 96.
 1 APPPATH/Views/reporte/imprimir_valorado.php(96): number_format(null, 2, ',', '.')
 2 SYSTEMPATH/View/View.php(234): include('/home2/usoabumg/public_html/oruro.site/app/Views/reporte/imprimir_valorado.php')
 3 SYSTEMPATH/View/View.php(237): CodeIgniter\View\View->CodeIgniter\View\{closure}()
 4 SYSTEMPATH/Common.php(1171): CodeIgniter\View\View->render('reporte/imprimir_valorado', [], true)
 5 APPPATH/Controllers/Reporte.php(135): view('reporte/imprimir_valorado', [...])
 6 SYSTEMPATH/CodeIgniter.php(933): App\Controllers\Reporte->consolidado()
 7 SYSTEMPATH/CodeIgniter.php(509): CodeIgniter\CodeIgniter->runController(Object(App\Controllers\Reporte))
 8 SYSTEMPATH/CodeIgniter.php(355): CodeIgniter\CodeIgniter->handleRequest(null, Object(Config\Cache), false)
 9 SYSTEMPATH/Boot.php(325): CodeIgniter\CodeIgniter->run()
10 SYSTEMPATH/Boot.php(67): CodeIgniter\Boot::runCodeIgniter(Object(CodeIgniter\CodeIgniter))
11 FCPATH/index.php(56): CodeIgniter\Boot::bootWeb(Object(Config\Paths))
WARNING - 2025-04-01 16:07:56 --> [DEPRECATED] number_format(): Passing null to parameter #1 ($num) of type float is deprecated in APPPATH/Views/reporte/imprimir_valorado.php on line 99.
 1 APPPATH/Views/reporte/imprimir_valorado.php(99): number_format(null, 2, ',', '.')
 2 SYSTEMPATH/View/View.php(234): include('/home2/usoabumg/public_html/oruro.site/app/Views/reporte/imprimir_valorado.php')
 3 SYSTEMPATH/View/View.php(237): CodeIgniter\View\View->CodeIgniter\View\{closure}()
 4 SYSTEMPATH/Common.php(1171): CodeIgniter\View\View->render('reporte/imprimir_valorado', [], true)
 5 APPPATH/Controllers/Reporte.php(135): view('reporte/imprimir_valorado', [...])
 6 SYSTEMPATH/CodeIgniter.php(933): App\Controllers\Reporte->consolidado()
 7 SYSTEMPATH/CodeIgniter.php(509): CodeIgniter\CodeIgniter->runController(Object(App\Controllers\Reporte))
 8 SYSTEMPATH/CodeIgniter.php(355): CodeIgniter\CodeIgniter->handleRequest(null, Object(Config\Cache), false)
 9 SYSTEMPATH/Boot.php(325): CodeIgniter\CodeIgniter->run()
10 SYSTEMPATH/Boot.php(67): CodeIgniter\Boot::runCodeIgniter(Object(CodeIgniter\CodeIgniter))
11 FCPATH/index.php(56): CodeIgniter\Boot::bootWeb(Object(Config\Paths))
WARNING - 2025-04-01 16:07:56 --> [DEPRECATED] number_format(): Passing null to parameter #1 ($num) of type float is deprecated in APPPATH/Views/reporte/imprimir_valorado.php on line 96.
 1 APPPATH/Views/reporte/imprimir_valorado.php(96): number_format(null, 2, ',', '.')
 2 SYSTEMPATH/View/View.php(234): include('/home2/usoabumg/public_html/oruro.site/app/Views/reporte/imprimir_valorado.php')
 3 SYSTEMPATH/View/View.php(237): CodeIgniter\View\View->CodeIgniter\View\{closure}()
 4 SYSTEMPATH/Common.php(1171): CodeIgniter\View\View->render('reporte/imprimir_valorado', [], true)
 5 APPPATH/Controllers/Reporte.php(135): view('reporte/imprimir_valorado', [...])
 6 SYSTEMPATH/CodeIgniter.php(933): App\Controllers\Reporte->consolidado()
 7 SYSTEMPATH/CodeIgniter.php(509): CodeIgniter\CodeIgniter->runController(Object(App\Controllers\Reporte))
 8 SYSTEMPATH/CodeIgniter.php(355): CodeIgniter\CodeIgniter->handleRequest(null, Object(Config\Cache), false)
 9 SYSTEMPATH/Boot.php(325): CodeIgniter\CodeIgniter->run()
10 SYSTEMPATH/Boot.php(67): CodeIgniter\Boot::runCodeIgniter(Object(CodeIgniter\CodeIgniter))
11 FCPATH/index.php(56): CodeIgniter\Boot::bootWeb(Object(Config\Paths))
WARNING - 2025-04-01 16:07:56 --> [DEPRECATED] number_format(): Passing null to parameter #1 ($num) of type float is deprecated in APPPATH/Views/reporte/imprimir_valorado.php on line 99.
 1 APPPATH/Views/reporte/imprimir_valorado.php(99): number_format(null, 2, ',', '.')
 2 SYSTEMPATH/View/View.php(234): include('/home2/usoabumg/public_html/oruro.site/app/Views/reporte/imprimir_valorado.php')
 3 SYSTEMPATH/View/View.php(237): CodeIgniter\View\View->CodeIgniter\View\{closure}()
 4 SYSTEMPATH/Common.php(1171): CodeIgniter\View\View->render('reporte/imprimir_valorado', [], true)
 5 APPPATH/Controllers/Reporte.php(135): view('reporte/imprimir_valorado', [...])
 6 SYSTEMPATH/CodeIgniter.php(933): App\Controllers\Reporte->consolidado()
 7 SYSTEMPATH/CodeIgniter.php(509): CodeIgniter\CodeIgniter->runController(Object(App\Controllers\Reporte))
 8 SYSTEMPATH/CodeIgniter.php(355): CodeIgniter\CodeIgniter->handleRequest(null, Object(Config\Cache), false)
 9 SYSTEMPATH/Boot.php(325): CodeIgniter\CodeIgniter->run()
10 SYSTEMPATH/Boot.php(67): CodeIgniter\Boot::runCodeIgniter(Object(CodeIgniter\CodeIgniter))
11 FCPATH/index.php(56): CodeIgniter\Boot::bootWeb(Object(Config\Paths))
WARNING - 2025-04-01 16:07:56 --> [DEPRECATED] number_format(): Passing null to parameter #1 ($num) of type float is deprecated in APPPATH/Views/reporte/imprimir_valorado.php on line 96.
 1 APPPATH/Views/reporte/imprimir_valorado.php(96): number_format(null, 2, ',', '.')
 2 SYSTEMPATH/View/View.php(234): include('/home2/usoabumg/public_html/oruro.site/app/Views/reporte/imprimir_valorado.php')
 3 SYSTEMPATH/View/View.php(237): CodeIgniter\View\View->CodeIgniter\View\{closure}()
 4 SYSTEMPATH/Common.php(1171): CodeIgniter\View\View->render('reporte/imprimir_valorado', [], true)
 5 APPPATH/Controllers/Reporte.php(135): view('reporte/imprimir_valorado', [...])
 6 SYSTEMPATH/CodeIgniter.php(933): App\Controllers\Reporte->consolidado()
 7 SYSTEMPATH/CodeIgniter.php(509): CodeIgniter\CodeIgniter->runController(Object(App\Controllers\Reporte))
 8 SYSTEMPATH/CodeIgniter.php(355): CodeIgniter\CodeIgniter->handleRequest(null, Object(Config\Cache), false)
 9 SYSTEMPATH/Boot.php(325): CodeIgniter\CodeIgniter->run()
10 SYSTEMPATH/Boot.php(67): CodeIgniter\Boot::runCodeIgniter(Object(CodeIgniter\CodeIgniter))
11 FCPATH/index.php(56): CodeIgniter\Boot::bootWeb(Object(Config\Paths))
WARNING - 2025-04-01 16:07:56 --> [DEPRECATED] number_format(): Passing null to parameter #1 ($num) of type float is deprecated in APPPATH/Views/reporte/imprimir_valorado.php on line 99.
 1 APPPATH/Views/reporte/imprimir_valorado.php(99): number_format(null, 2, ',', '.')
 2 SYSTEMPATH/View/View.php(234): include('/home2/usoabumg/public_html/oruro.site/app/Views/reporte/imprimir_valorado.php')
 3 SYSTEMPATH/View/View.php(237): CodeIgniter\View\View->CodeIgniter\View\{closure}()
 4 SYSTEMPATH/Common.php(1171): CodeIgniter\View\View->render('reporte/imprimir_valorado', [], true)
 5 APPPATH/Controllers/Reporte.php(135): view('reporte/imprimir_valorado', [...])
 6 SYSTEMPATH/CodeIgniter.php(933): App\Controllers\Reporte->consolidado()
 7 SYSTEMPATH/CodeIgniter.php(509): CodeIgniter\CodeIgniter->runController(Object(App\Controllers\Reporte))
 8 SYSTEMPATH/CodeIgniter.php(355): CodeIgniter\CodeIgniter->handleRequest(null, Object(Config\Cache), false)
 9 SYSTEMPATH/Boot.php(325): CodeIgniter\CodeIgniter->run()
10 SYSTEMPATH/Boot.php(67): CodeIgniter\Boot::runCodeIgniter(Object(CodeIgniter\CodeIgniter))
11 FCPATH/index.php(56): CodeIgniter\Boot::bootWeb(Object(Config\Paths))
WARNING - 2025-04-01 16:07:56 --> [DEPRECATED] number_format(): Passing null to parameter #1 ($num) of type float is deprecated in APPPATH/Views/reporte/imprimir_valorado.php on line 96.
 1 APPPATH/Views/reporte/imprimir_valorado.php(96): number_format(null, 2, ',', '.')
 2 SYSTEMPATH/View/View.php(234): include('/home2/usoabumg/public_html/oruro.site/app/Views/reporte/imprimir_valorado.php')
 3 SYSTEMPATH/View/View.php(237): CodeIgniter\View\View->CodeIgniter\View\{closure}()
 4 SYSTEMPATH/Common.php(1171): CodeIgniter\View\View->render('reporte/imprimir_valorado', [], true)
 5 APPPATH/Controllers/Reporte.php(135): view('reporte/imprimir_valorado', [...])
 6 SYSTEMPATH/CodeIgniter.php(933): App\Controllers\Reporte->consolidado()
 7 SYSTEMPATH/CodeIgniter.php(509): CodeIgniter\CodeIgniter->runController(Object(App\Controllers\Reporte))
 8 SYSTEMPATH/CodeIgniter.php(355): CodeIgniter\CodeIgniter->handleRequest(null, Object(Config\Cache), false)
 9 SYSTEMPATH/Boot.php(325): CodeIgniter\CodeIgniter->run()
10 SYSTEMPATH/Boot.php(67): CodeIgniter\Boot::runCodeIgniter(Object(CodeIgniter\CodeIgniter))
11 FCPATH/index.php(56): CodeIgniter\Boot::bootWeb(Object(Config\Paths))
WARNING - 2025-04-01 16:07:56 --> [DEPRECATED] number_format(): Passing null to parameter #1 ($num) of type float is deprecated in APPPATH/Views/reporte/imprimir_valorado.php on line 99.
 1 APPPATH/Views/reporte/imprimir_valorado.php(99): number_format(null, 2, ',', '.')
 2 SYSTEMPATH/View/View.php(234): include('/home2/usoabumg/public_html/oruro.site/app/Views/reporte/imprimir_valorado.php')
 3 SYSTEMPATH/View/View.php(237): CodeIgniter\View\View->CodeIgniter\View\{closure}()
 4 SYSTEMPATH/Common.php(1171): CodeIgniter\View\View->render('reporte/imprimir_valorado', [], true)
 5 APPPATH/Controllers/Reporte.php(135): view('reporte/imprimir_valorado', [...])
 6 SYSTEMPATH/CodeIgniter.php(933): App\Controllers\Reporte->consolidado()
 7 SYSTEMPATH/CodeIgniter.php(509): CodeIgniter\CodeIgniter->runController(Object(App\Controllers\Reporte))
 8 SYSTEMPATH/CodeIgniter.php(355): CodeIgniter\CodeIgniter->handleRequest(null, Object(Config\Cache), false)
 9 SYSTEMPATH/Boot.php(325): CodeIgniter\CodeIgniter->run()
10 SYSTEMPATH/Boot.php(67): CodeIgniter\Boot::runCodeIgniter(Object(CodeIgniter\CodeIgniter))
11 FCPATH/index.php(56): CodeIgniter\Boot::bootWeb(Object(Config\Paths))
WARNING - 2025-04-01 16:07:56 --> [DEPRECATED] number_format(): Passing null to parameter #1 ($num) of type float is deprecated in APPPATH/Views/reporte/imprimir_valorado.php on line 96.
 1 APPPATH/Views/reporte/imprimir_valorado.php(96): number_format(null, 2, ',', '.')
 2 SYSTEMPATH/View/View.php(234): include('/home2/usoabumg/public_html/oruro.site/app/Views/reporte/imprimir_valorado.php')
 3 SYSTEMPATH/View/View.php(237): CodeIgniter\View\View->CodeIgniter\View\{closure}()
 4 SYSTEMPATH/Common.php(1171): CodeIgniter\View\View->render('reporte/imprimir_valorado', [], true)
 5 APPPATH/Controllers/Reporte.php(135): view('reporte/imprimir_valorado', [...])
 6 SYSTEMPATH/CodeIgniter.php(933): App\Controllers\Reporte->consolidado()
 7 SYSTEMPATH/CodeIgniter.php(509): CodeIgniter\CodeIgniter->runController(Object(App\Controllers\Reporte))
 8 SYSTEMPATH/CodeIgniter.php(355): CodeIgniter\CodeIgniter->handleRequest(null, Object(Config\Cache), false)
 9 SYSTEMPATH/Boot.php(325): CodeIgniter\CodeIgniter->run()
10 SYSTEMPATH/Boot.php(67): CodeIgniter\Boot::runCodeIgniter(Object(CodeIgniter\CodeIgniter))
11 FCPATH/index.php(56): CodeIgniter\Boot::bootWeb(Object(Config\Paths))
WARNING - 2025-04-01 16:07:56 --> [DEPRECATED] number_format(): Passing null to parameter #1 ($num) of type float is deprecated in APPPATH/Views/reporte/imprimir_valorado.php on line 99.
 1 APPPATH/Views/reporte/imprimir_valorado.php(99): number_format(null, 2, ',', '.')
 2 SYSTEMPATH/View/View.php(234): include('/home2/usoabumg/public_html/oruro.site/app/Views/reporte/imprimir_valorado.php')
 3 SYSTEMPATH/View/View.php(237): CodeIgniter\View\View->CodeIgniter\View\{closure}()
 4 SYSTEMPATH/Common.php(1171): CodeIgniter\View\View->render('reporte/imprimir_valorado', [], true)
 5 APPPATH/Controllers/Reporte.php(135): view('reporte/imprimir_valorado', [...])
 6 SYSTEMPATH/CodeIgniter.php(933): App\Controllers\Reporte->consolidado()
 7 SYSTEMPATH/CodeIgniter.php(509): CodeIgniter\CodeIgniter->runController(Object(App\Controllers\Reporte))
 8 SYSTEMPATH/CodeIgniter.php(355): CodeIgniter\CodeIgniter->handleRequest(null, Object(Config\Cache), false)
 9 SYSTEMPATH/Boot.php(325): CodeIgniter\CodeIgniter->run()
10 SYSTEMPATH/Boot.php(67): CodeIgniter\Boot::runCodeIgniter(Object(CodeIgniter\CodeIgniter))
11 FCPATH/index.php(56): CodeIgniter\Boot::bootWeb(Object(Config\Paths))
WARNING - 2025-04-01 16:07:56 --> [DEPRECATED] number_format(): Passing null to parameter #1 ($num) of type float is deprecated in APPPATH/Views/reporte/imprimir_valorado.php on line 96.
 1 APPPATH/Views/reporte/imprimir_valorado.php(96): number_format(null, 2, ',', '.')
 2 SYSTEMPATH/View/View.php(234): include('/home2/usoabumg/public_html/oruro.site/app/Views/reporte/imprimir_valorado.php')
 3 SYSTEMPATH/View/View.php(237): CodeIgniter\View\View->CodeIgniter\View\{closure}()
 4 SYSTEMPATH/Common.php(1171): CodeIgniter\View\View->render('reporte/imprimir_valorado', [], true)
 5 APPPATH/Controllers/Reporte.php(135): view('reporte/imprimir_valorado', [...])
 6 SYSTEMPATH/CodeIgniter.php(933): App\Controllers\Reporte->consolidado()
 7 SYSTEMPATH/CodeIgniter.php(509): CodeIgniter\CodeIgniter->runController(Object(App\Controllers\Reporte))
 8 SYSTEMPATH/CodeIgniter.php(355): CodeIgniter\CodeIgniter->handleRequest(null, Object(Config\Cache), false)
 9 SYSTEMPATH/Boot.php(325): CodeIgniter\CodeIgniter->run()
10 SYSTEMPATH/Boot.php(67): CodeIgniter\Boot::runCodeIgniter(Object(CodeIgniter\CodeIgniter))
11 FCPATH/index.php(56): CodeIgniter\Boot::bootWeb(Object(Config\Paths))
WARNING - 2025-04-01 16:07:56 --> [DEPRECATED] number_format(): Passing null to parameter #1 ($num) of type float is deprecated in APPPATH/Views/reporte/imprimir_valorado.php on line 99.
 1 APPPATH/Views/reporte/imprimir_valorado.php(99): number_format(null, 2, ',', '.')
 2 SYSTEMPATH/View/View.php(234): include('/home2/usoabumg/public_html/oruro.site/app/Views/reporte/imprimir_valorado.php')
 3 SYSTEMPATH/View/View.php(237): CodeIgniter\View\View->CodeIgniter\View\{closure}()
 4 SYSTEMPATH/Common.php(1171): CodeIgniter\View\View->render('reporte/imprimir_valorado', [], true)
 5 APPPATH/Controllers/Reporte.php(135): view('reporte/imprimir_valorado', [...])
 6 SYSTEMPATH/CodeIgniter.php(933): App\Controllers\Reporte->consolidado()
 7 SYSTEMPATH/CodeIgniter.php(509): CodeIgniter\CodeIgniter->runController(Object(App\Controllers\Reporte))
 8 SYSTEMPATH/CodeIgniter.php(355): CodeIgniter\CodeIgniter->handleRequest(null, Object(Config\Cache), false)
 9 SYSTEMPATH/Boot.php(325): CodeIgniter\CodeIgniter->run()
10 SYSTEMPATH/Boot.php(67): CodeIgniter\Boot::runCodeIgniter(Object(CodeIgniter\CodeIgniter))
11 FCPATH/index.php(56): CodeIgniter\Boot::bootWeb(Object(Config\Paths))
WARNING - 2025-04-01 16:07:56 --> [DEPRECATED] number_format(): Passing null to parameter #1 ($num) of type float is deprecated in APPPATH/Views/reporte/imprimir_valorado.php on line 96.
 1 APPPATH/Views/reporte/imprimir_valorado.php(96): number_format(null, 2, ',', '.')
 2 SYSTEMPATH/View/View.php(234): include('/home2/usoabumg/public_html/oruro.site/app/Views/reporte/imprimir_valorado.php')
 3 SYSTEMPATH/View/View.php(237): CodeIgniter\View\View->CodeIgniter\View\{closure}()
 4 SYSTEMPATH/Common.php(1171): CodeIgniter\View\View->render('reporte/imprimir_valorado', [], true)
 5 APPPATH/Controllers/Reporte.php(135): view('reporte/imprimir_valorado', [...])
 6 SYSTEMPATH/CodeIgniter.php(933): App\Controllers\Reporte->consolidado()
 7 SYSTEMPATH/CodeIgniter.php(509): CodeIgniter\CodeIgniter->runController(Object(App\Controllers\Reporte))
 8 SYSTEMPATH/CodeIgniter.php(355): CodeIgniter\CodeIgniter->handleRequest(null, Object(Config\Cache), false)
 9 SYSTEMPATH/Boot.php(325): CodeIgniter\CodeIgniter->run()
10 SYSTEMPATH/Boot.php(67): CodeIgniter\Boot::runCodeIgniter(Object(CodeIgniter\CodeIgniter))
11 FCPATH/index.php(56): CodeIgniter\Boot::bootWeb(Object(Config\Paths))
WARNING - 2025-04-01 16:07:56 --> [DEPRECATED] number_format(): Passing null to parameter #1 ($num) of type float is deprecated in APPPATH/Views/reporte/imprimir_valorado.php on line 99.
 1 APPPATH/Views/reporte/imprimir_valorado.php(99): number_format(null, 2, ',', '.')
 2 SYSTEMPATH/View/View.php(234): include('/home2/usoabumg/public_html/oruro.site/app/Views/reporte/imprimir_valorado.php')
 3 SYSTEMPATH/View/View.php(237): CodeIgniter\View\View->CodeIgniter\View\{closure}()
 4 SYSTEMPATH/Common.php(1171): CodeIgniter\View\View->render('reporte/imprimir_valorado', [], true)
 5 APPPATH/Controllers/Reporte.php(135): view('reporte/imprimir_valorado', [...])
 6 SYSTEMPATH/CodeIgniter.php(933): App\Controllers\Reporte->consolidado()
 7 SYSTEMPATH/CodeIgniter.php(509): CodeIgniter\CodeIgniter->runController(Object(App\Controllers\Reporte))
 8 SYSTEMPATH/CodeIgniter.php(355): CodeIgniter\CodeIgniter->handleRequest(null, Object(Config\Cache), false)
 9 SYSTEMPATH/Boot.php(325): CodeIgniter\CodeIgniter->run()
10 SYSTEMPATH/Boot.php(67): CodeIgniter\Boot::runCodeIgniter(Object(CodeIgniter\CodeIgniter))
11 FCPATH/index.php(56): CodeIgniter\Boot::bootWeb(Object(Config\Paths))
WARNING - 2025-04-01 16:07:56 --> [DEPRECATED] number_format(): Passing null to parameter #1 ($num) of type float is deprecated in APPPATH/Views/reporte/imprimir_valorado.php on line 96.
 1 APPPATH/Views/reporte/imprimir_valorado.php(96): number_format(null, 2, ',', '.')
 2 SYSTEMPATH/View/View.php(234): include('/home2/usoabumg/public_html/oruro.site/app/Views/reporte/imprimir_valorado.php')
 3 SYSTEMPATH/View/View.php(237): CodeIgniter\View\View->CodeIgniter\View\{closure}()
 4 SYSTEMPATH/Common.php(1171): CodeIgniter\View\View->render('reporte/imprimir_valorado', [], true)
 5 APPPATH/Controllers/Reporte.php(135): view('reporte/imprimir_valorado', [...])
 6 SYSTEMPATH/CodeIgniter.php(933): App\Controllers\Reporte->consolidado()
 7 SYSTEMPATH/CodeIgniter.php(509): CodeIgniter\CodeIgniter->runController(Object(App\Controllers\Reporte))
 8 SYSTEMPATH/CodeIgniter.php(355): CodeIgniter\CodeIgniter->handleRequest(null, Object(Config\Cache), false)
 9 SYSTEMPATH/Boot.php(325): CodeIgniter\CodeIgniter->run()
10 SYSTEMPATH/Boot.php(67): CodeIgniter\Boot::runCodeIgniter(Object(CodeIgniter\CodeIgniter))
11 FCPATH/index.php(56): CodeIgniter\Boot::bootWeb(Object(Config\Paths))
WARNING - 2025-04-01 16:07:56 --> [DEPRECATED] number_format(): Passing null to parameter #1 ($num) of type float is deprecated in APPPATH/Views/reporte/imprimir_valorado.php on line 99.
 1 APPPATH/Views/reporte/imprimir_valorado.php(99): number_format(null, 2, ',', '.')
 2 SYSTEMPATH/View/View.php(234): include('/home2/usoabumg/public_html/oruro.site/app/Views/reporte/imprimir_valorado.php')
 3 SYSTEMPATH/View/View.php(237): CodeIgniter\View\View->CodeIgniter\View\{closure}()
 4 SYSTEMPATH/Common.php(1171): CodeIgniter\View\View->render('reporte/imprimir_valorado', [], true)
 5 APPPATH/Controllers/Reporte.php(135): view('reporte/imprimir_valorado', [...])
 6 SYSTEMPATH/CodeIgniter.php(933): App\Controllers\Reporte->consolidado()
 7 SYSTEMPATH/CodeIgniter.php(509): CodeIgniter\CodeIgniter->runController(Object(App\Controllers\Reporte))
 8 SYSTEMPATH/CodeIgniter.php(355): CodeIgniter\CodeIgniter->handleRequest(null, Object(Config\Cache), false)
 9 SYSTEMPATH/Boot.php(325): CodeIgniter\CodeIgniter->run()
10 SYSTEMPATH/Boot.php(67): CodeIgniter\Boot::runCodeIgniter(Object(CodeIgniter\CodeIgniter))
11 FCPATH/index.php(56): CodeIgniter\Boot::bootWeb(Object(Config\Paths))
WARNING - 2025-04-01 16:07:56 --> [DEPRECATED] number_format(): Passing null to parameter #1 ($num) of type float is deprecated in APPPATH/Views/reporte/imprimir_valorado.php on line 96.
 1 APPPATH/Views/reporte/imprimir_valorado.php(96): number_format(null, 2, ',', '.')
 2 SYSTEMPATH/View/View.php(234): include('/home2/usoabumg/public_html/oruro.site/app/Views/reporte/imprimir_valorado.php')
 3 SYSTEMPATH/View/View.php(237): CodeIgniter\View\View->CodeIgniter\View\{closure}()
 4 SYSTEMPATH/Common.php(1171): CodeIgniter\View\View->render('reporte/imprimir_valorado', [], true)
 5 APPPATH/Controllers/Reporte.php(135): view('reporte/imprimir_valorado', [...])
 6 SYSTEMPATH/CodeIgniter.php(933): App\Controllers\Reporte->consolidado()
 7 SYSTEMPATH/CodeIgniter.php(509): CodeIgniter\CodeIgniter->runController(Object(App\Controllers\Reporte))
 8 SYSTEMPATH/CodeIgniter.php(355): CodeIgniter\CodeIgniter->handleRequest(null, Object(Config\Cache), false)
 9 SYSTEMPATH/Boot.php(325): CodeIgniter\CodeIgniter->run()
10 SYSTEMPATH/Boot.php(67): CodeIgniter\Boot::runCodeIgniter(Object(CodeIgniter\CodeIgniter))
11 FCPATH/index.php(56): CodeIgniter\Boot::bootWeb(Object(Config\Paths))
WARNING - 2025-04-01 16:07:56 --> [DEPRECATED] number_format(): Passing null to parameter #1 ($num) of type float is deprecated in APPPATH/Views/reporte/imprimir_valorado.php on line 99.
 1 APPPATH/Views/reporte/imprimir_valorado.php(99): number_format(null, 2, ',', '.')
 2 SYSTEMPATH/View/View.php(234): include('/home2/usoabumg/public_html/oruro.site/app/Views/reporte/imprimir_valorado.php')
 3 SYSTEMPATH/View/View.php(237): CodeIgniter\View\View->CodeIgniter\View\{closure}()
 4 SYSTEMPATH/Common.php(1171): CodeIgniter\View\View->render('reporte/imprimir_valorado', [], true)
 5 APPPATH/Controllers/Reporte.php(135): view('reporte/imprimir_valorado', [...])
 6 SYSTEMPATH/CodeIgniter.php(933): App\Controllers\Reporte->consolidado()
 7 SYSTEMPATH/CodeIgniter.php(509): CodeIgniter\CodeIgniter->runController(Object(App\Controllers\Reporte))
 8 SYSTEMPATH/CodeIgniter.php(355): CodeIgniter\CodeIgniter->handleRequest(null, Object(Config\Cache), false)
 9 SYSTEMPATH/Boot.php(325): CodeIgniter\CodeIgniter->run()
10 SYSTEMPATH/Boot.php(67): CodeIgniter\Boot::runCodeIgniter(Object(CodeIgniter\CodeIgniter))
11 FCPATH/index.php(56): CodeIgniter\Boot::bootWeb(Object(Config\Paths))
WARNING - 2025-04-01 16:07:56 --> [DEPRECATED] number_format(): Passing null to parameter #1 ($num) of type float is deprecated in APPPATH/Views/reporte/imprimir_valorado.php on line 96.
 1 APPPATH/Views/reporte/imprimir_valorado.php(96): number_format(null, 2, ',', '.')
 2 SYSTEMPATH/View/View.php(234): include('/home2/usoabumg/public_html/oruro.site/app/Views/reporte/imprimir_valorado.php')
 3 SYSTEMPATH/View/View.php(237): CodeIgniter\View\View->CodeIgniter\View\{closure}()
 4 SYSTEMPATH/Common.php(1171): CodeIgniter\View\View->render('reporte/imprimir_valorado', [], true)
 5 APPPATH/Controllers/Reporte.php(135): view('reporte/imprimir_valorado', [...])
 6 SYSTEMPATH/CodeIgniter.php(933): App\Controllers\Reporte->consolidado()
 7 SYSTEMPATH/CodeIgniter.php(509): CodeIgniter\CodeIgniter->runController(Object(App\Controllers\Reporte))
 8 SYSTEMPATH/CodeIgniter.php(355): CodeIgniter\CodeIgniter->handleRequest(null, Object(Config\Cache), false)
 9 SYSTEMPATH/Boot.php(325): CodeIgniter\CodeIgniter->run()
10 SYSTEMPATH/Boot.php(67): CodeIgniter\Boot::runCodeIgniter(Object(CodeIgniter\CodeIgniter))
11 FCPATH/index.php(56): CodeIgniter\Boot::bootWeb(Object(Config\Paths))
WARNING - 2025-04-01 16:07:56 --> [DEPRECATED] number_format(): Passing null to parameter #1 ($num) of type float is deprecated in APPPATH/Views/reporte/imprimir_valorado.php on line 99.
 1 APPPATH/Views/reporte/imprimir_valorado.php(99): number_format(null, 2, ',', '.')
 2 SYSTEMPATH/View/View.php(234): include('/home2/usoabumg/public_html/oruro.site/app/Views/reporte/imprimir_valorado.php')
 3 SYSTEMPATH/View/View.php(237): CodeIgniter\View\View->CodeIgniter\View\{closure}()
 4 SYSTEMPATH/Common.php(1171): CodeIgniter\View\View->render('reporte/imprimir_valorado', [], true)
 5 APPPATH/Controllers/Reporte.php(135): view('reporte/imprimir_valorado', [...])
 6 SYSTEMPATH/CodeIgniter.php(933): App\Controllers\Reporte->consolidado()
 7 SYSTEMPATH/CodeIgniter.php(509): CodeIgniter\CodeIgniter->runController(Object(App\Controllers\Reporte))
 8 SYSTEMPATH/CodeIgniter.php(355): CodeIgniter\CodeIgniter->handleRequest(null, Object(Config\Cache), false)
 9 SYSTEMPATH/Boot.php(325): CodeIgniter\CodeIgniter->run()
10 SYSTEMPATH/Boot.php(67): CodeIgniter\Boot::runCodeIgniter(Object(CodeIgniter\CodeIgniter))
11 FCPATH/index.php(56): CodeIgniter\Boot::bootWeb(Object(Config\Paths))
WARNING - 2025-04-01 16:07:56 --> [DEPRECATED] number_format(): Passing null to parameter #1 ($num) of type float is deprecated in APPPATH/Views/reporte/imprimir_valorado.php on line 96.
 1 APPPATH/Views/reporte/imprimir_valorado.php(96): number_format(null, 2, ',', '.')
 2 SYSTEMPATH/View/View.php(234): include('/home2/usoabumg/public_html/oruro.site/app/Views/reporte/imprimir_valorado.php')
 3 SYSTEMPATH/View/View.php(237): CodeIgniter\View\View->CodeIgniter\View\{closure}()
 4 SYSTEMPATH/Common.php(1171): CodeIgniter\View\View->render('reporte/imprimir_valorado', [], true)
 5 APPPATH/Controllers/Reporte.php(135): view('reporte/imprimir_valorado', [...])
 6 SYSTEMPATH/CodeIgniter.php(933): App\Controllers\Reporte->consolidado()
 7 SYSTEMPATH/CodeIgniter.php(509): CodeIgniter\CodeIgniter->runController(Object(App\Controllers\Reporte))
 8 SYSTEMPATH/CodeIgniter.php(355): CodeIgniter\CodeIgniter->handleRequest(null, Object(Config\Cache), false)
 9 SYSTEMPATH/Boot.php(325): CodeIgniter\CodeIgniter->run()
10 SYSTEMPATH/Boot.php(67): CodeIgniter\Boot::runCodeIgniter(Object(CodeIgniter\CodeIgniter))
11 FCPATH/index.php(56): CodeIgniter\Boot::bootWeb(Object(Config\Paths))
WARNING - 2025-04-01 16:07:56 --> [DEPRECATED] number_format(): Passing null to parameter #1 ($num) of type float is deprecated in APPPATH/Views/reporte/imprimir_valorado.php on line 99.
 1 APPPATH/Views/reporte/imprimir_valorado.php(99): number_format(null, 2, ',', '.')
 2 SYSTEMPATH/View/View.php(234): include('/home2/usoabumg/public_html/oruro.site/app/Views/reporte/imprimir_valorado.php')
 3 SYSTEMPATH/View/View.php(237): CodeIgniter\View\View->CodeIgniter\View\{closure}()
 4 SYSTEMPATH/Common.php(1171): CodeIgniter\View\View->render('reporte/imprimir_valorado', [], true)
 5 APPPATH/Controllers/Reporte.php(135): view('reporte/imprimir_valorado', [...])
 6 SYSTEMPATH/CodeIgniter.php(933): App\Controllers\Reporte->consolidado()
 7 SYSTEMPATH/CodeIgniter.php(509): CodeIgniter\CodeIgniter->runController(Object(App\Controllers\Reporte))
 8 SYSTEMPATH/CodeIgniter.php(355): CodeIgniter\CodeIgniter->handleRequest(null, Object(Config\Cache), false)
 9 SYSTEMPATH/Boot.php(325): CodeIgniter\CodeIgniter->run()
10 SYSTEMPATH/Boot.php(67): CodeIgniter\Boot::runCodeIgniter(Object(CodeIgniter\CodeIgniter))
11 FCPATH/index.php(56): CodeIgniter\Boot::bootWeb(Object(Config\Paths))
WARNING - 2025-04-01 16:07:56 --> [DEPRECATED] number_format(): Passing null to parameter #1 ($num) of type float is deprecated in APPPATH/Views/reporte/imprimir_valorado.php on line 96.
 1 APPPATH/Views/reporte/imprimir_valorado.php(96): number_format(null, 2, ',', '.')
 2 SYSTEMPATH/View/View.php(234): include('/home2/usoabumg/public_html/oruro.site/app/Views/reporte/imprimir_valorado.php')
 3 SYSTEMPATH/View/View.php(237): CodeIgniter\View\View->CodeIgniter\View\{closure}()
 4 SYSTEMPATH/Common.php(1171): CodeIgniter\View\View->render('reporte/imprimir_valorado', [], true)
 5 APPPATH/Controllers/Reporte.php(135): view('reporte/imprimir_valorado', [...])
 6 SYSTEMPATH/CodeIgniter.php(933): App\Controllers\Reporte->consolidado()
 7 SYSTEMPATH/CodeIgniter.php(509): CodeIgniter\CodeIgniter->runController(Object(App\Controllers\Reporte))
 8 SYSTEMPATH/CodeIgniter.php(355): CodeIgniter\CodeIgniter->handleRequest(null, Object(Config\Cache), false)
 9 SYSTEMPATH/Boot.php(325): CodeIgniter\CodeIgniter->run()
10 SYSTEMPATH/Boot.php(67): CodeIgniter\Boot::runCodeIgniter(Object(CodeIgniter\CodeIgniter))
11 FCPATH/index.php(56): CodeIgniter\Boot::bootWeb(Object(Config\Paths))
WARNING - 2025-04-01 16:07:56 --> [DEPRECATED] number_format(): Passing null to parameter #1 ($num) of type float is deprecated in APPPATH/Views/reporte/imprimir_valorado.php on line 99.
 1 APPPATH/Views/reporte/imprimir_valorado.php(99): number_format(null, 2, ',', '.')
 2 SYSTEMPATH/View/View.php(234): include('/home2/usoabumg/public_html/oruro.site/app/Views/reporte/imprimir_valorado.php')
 3 SYSTEMPATH/View/View.php(237): CodeIgniter\View\View->CodeIgniter\View\{closure}()
 4 SYSTEMPATH/Common.php(1171): CodeIgniter\View\View->render('reporte/imprimir_valorado', [], true)
 5 APPPATH/Controllers/Reporte.php(135): view('reporte/imprimir_valorado', [...])
 6 SYSTEMPATH/CodeIgniter.php(933): App\Controllers\Reporte->consolidado()
 7 SYSTEMPATH/CodeIgniter.php(509): CodeIgniter\CodeIgniter->runController(Object(App\Controllers\Reporte))
 8 SYSTEMPATH/CodeIgniter.php(355): CodeIgniter\CodeIgniter->handleRequest(null, Object(Config\Cache), false)
 9 SYSTEMPATH/Boot.php(325): CodeIgniter\CodeIgniter->run()
10 SYSTEMPATH/Boot.php(67): CodeIgniter\Boot::runCodeIgniter(Object(CodeIgniter\CodeIgniter))
11 FCPATH/index.php(56): CodeIgniter\Boot::bootWeb(Object(Config\Paths))
WARNING - 2025-04-01 16:07:56 --> [DEPRECATED] number_format(): Passing null to parameter #1 ($num) of type float is deprecated in APPPATH/Views/reporte/imprimir_valorado.php on line 96.
 1 APPPATH/Views/reporte/imprimir_valorado.php(96): number_format(null, 2, ',', '.')
 2 SYSTEMPATH/View/View.php(234): include('/home2/usoabumg/public_html/oruro.site/app/Views/reporte/imprimir_valorado.php')
 3 SYSTEMPATH/View/View.php(237): CodeIgniter\View\View->CodeIgniter\View\{closure}()
 4 SYSTEMPATH/Common.php(1171): CodeIgniter\View\View->render('reporte/imprimir_valorado', [], true)
 5 APPPATH/Controllers/Reporte.php(135): view('reporte/imprimir_valorado', [...])
 6 SYSTEMPATH/CodeIgniter.php(933): App\Controllers\Reporte->consolidado()
 7 SYSTEMPATH/CodeIgniter.php(509): CodeIgniter\CodeIgniter->runController(Object(App\Controllers\Reporte))
 8 SYSTEMPATH/CodeIgniter.php(355): CodeIgniter\CodeIgniter->handleRequest(null, Object(Config\Cache), false)
 9 SYSTEMPATH/Boot.php(325): CodeIgniter\CodeIgniter->run()
10 SYSTEMPATH/Boot.php(67): CodeIgniter\Boot::runCodeIgniter(Object(CodeIgniter\CodeIgniter))
11 FCPATH/index.php(56): CodeIgniter\Boot::bootWeb(Object(Config\Paths))
WARNING - 2025-04-01 16:07:56 --> [DEPRECATED] number_format(): Passing null to parameter #1 ($num) of type float is deprecated in APPPATH/Views/reporte/imprimir_valorado.php on line 99.
 1 APPPATH/Views/reporte/imprimir_valorado.php(99): number_format(null, 2, ',', '.')
 2 SYSTEMPATH/View/View.php(234): include('/home2/usoabumg/public_html/oruro.site/app/Views/reporte/imprimir_valorado.php')
 3 SYSTEMPATH/View/View.php(237): CodeIgniter\View\View->CodeIgniter\View\{closure}()
 4 SYSTEMPATH/Common.php(1171): CodeIgniter\View\View->render('reporte/imprimir_valorado', [], true)
 5 APPPATH/Controllers/Reporte.php(135): view('reporte/imprimir_valorado', [...])
 6 SYSTEMPATH/CodeIgniter.php(933): App\Controllers\Reporte->consolidado()
 7 SYSTEMPATH/CodeIgniter.php(509): CodeIgniter\CodeIgniter->runController(Object(App\Controllers\Reporte))
 8 SYSTEMPATH/CodeIgniter.php(355): CodeIgniter\CodeIgniter->handleRequest(null, Object(Config\Cache), false)
 9 SYSTEMPATH/Boot.php(325): CodeIgniter\CodeIgniter->run()
10 SYSTEMPATH/Boot.php(67): CodeIgniter\Boot::runCodeIgniter(Object(CodeIgniter\CodeIgniter))
11 FCPATH/index.php(56): CodeIgniter\Boot::bootWeb(Object(Config\Paths))
WARNING - 2025-04-01 16:07:56 --> [DEPRECATED] number_format(): Passing null to parameter #1 ($num) of type float is deprecated in APPPATH/Views/reporte/imprimir_valorado.php on line 96.
 1 APPPATH/Views/reporte/imprimir_valorado.php(96): number_format(null, 2, ',', '.')
 2 SYSTEMPATH/View/View.php(234): include('/home2/usoabumg/public_html/oruro.site/app/Views/reporte/imprimir_valorado.php')
 3 SYSTEMPATH/View/View.php(237): CodeIgniter\View\View->CodeIgniter\View\{closure}()
 4 SYSTEMPATH/Common.php(1171): CodeIgniter\View\View->render('reporte/imprimir_valorado', [], true)
 5 APPPATH/Controllers/Reporte.php(135): view('reporte/imprimir_valorado', [...])
 6 SYSTEMPATH/CodeIgniter.php(933): App\Controllers\Reporte->consolidado()
 7 SYSTEMPATH/CodeIgniter.php(509): CodeIgniter\CodeIgniter->runController(Object(App\Controllers\Reporte))
 8 SYSTEMPATH/CodeIgniter.php(355): CodeIgniter\CodeIgniter->handleRequest(null, Object(Config\Cache), false)
 9 SYSTEMPATH/Boot.php(325): CodeIgniter\CodeIgniter->run()
10 SYSTEMPATH/Boot.php(67): CodeIgniter\Boot::runCodeIgniter(Object(CodeIgniter\CodeIgniter))
11 FCPATH/index.php(56): CodeIgniter\Boot::bootWeb(Object(Config\Paths))
WARNING - 2025-04-01 16:07:56 --> [DEPRECATED] number_format(): Passing null to parameter #1 ($num) of type float is deprecated in APPPATH/Views/reporte/imprimir_valorado.php on line 99.
 1 APPPATH/Views/reporte/imprimir_valorado.php(99): number_format(null, 2, ',', '.')
 2 SYSTEMPATH/View/View.php(234): include('/home2/usoabumg/public_html/oruro.site/app/Views/reporte/imprimir_valorado.php')
 3 SYSTEMPATH/View/View.php(237): CodeIgniter\View\View->CodeIgniter\View\{closure}()
 4 SYSTEMPATH/Common.php(1171): CodeIgniter\View\View->render('reporte/imprimir_valorado', [], true)
 5 APPPATH/Controllers/Reporte.php(135): view('reporte/imprimir_valorado', [...])
 6 SYSTEMPATH/CodeIgniter.php(933): App\Controllers\Reporte->consolidado()
 7 SYSTEMPATH/CodeIgniter.php(509): CodeIgniter\CodeIgniter->runController(Object(App\Controllers\Reporte))
 8 SYSTEMPATH/CodeIgniter.php(355): CodeIgniter\CodeIgniter->handleRequest(null, Object(Config\Cache), false)
 9 SYSTEMPATH/Boot.php(325): CodeIgniter\CodeIgniter->run()
10 SYSTEMPATH/Boot.php(67): CodeIgniter\Boot::runCodeIgniter(Object(CodeIgniter\CodeIgniter))
11 FCPATH/index.php(56): CodeIgniter\Boot::bootWeb(Object(Config\Paths))
WARNING - 2025-04-01 16:07:56 --> [DEPRECATED] number_format(): Passing null to parameter #1 ($num) of type float is deprecated in APPPATH/Views/reporte/imprimir_valorado.php on line 96.
 1 APPPATH/Views/reporte/imprimir_valorado.php(96): number_format(null, 2, ',', '.')
 2 SYSTEMPATH/View/View.php(234): include('/home2/usoabumg/public_html/oruro.site/app/Views/reporte/imprimir_valorado.php')
 3 SYSTEMPATH/View/View.php(237): CodeIgniter\View\View->CodeIgniter\View\{closure}()
 4 SYSTEMPATH/Common.php(1171): CodeIgniter\View\View->render('reporte/imprimir_valorado', [], true)
 5 APPPATH/Controllers/Reporte.php(135): view('reporte/imprimir_valorado', [...])
 6 SYSTEMPATH/CodeIgniter.php(933): App\Controllers\Reporte->consolidado()
 7 SYSTEMPATH/CodeIgniter.php(509): CodeIgniter\CodeIgniter->runController(Object(App\Controllers\Reporte))
 8 SYSTEMPATH/CodeIgniter.php(355): CodeIgniter\CodeIgniter->handleRequest(null, Object(Config\Cache), false)
 9 SYSTEMPATH/Boot.php(325): CodeIgniter\CodeIgniter->run()
10 SYSTEMPATH/Boot.php(67): CodeIgniter\Boot::runCodeIgniter(Object(CodeIgniter\CodeIgniter))
11 FCPATH/index.php(56): CodeIgniter\Boot::bootWeb(Object(Config\Paths))
WARNING - 2025-04-01 16:07:56 --> [DEPRECATED] number_format(): Passing null to parameter #1 ($num) of type float is deprecated in APPPATH/Views/reporte/imprimir_valorado.php on line 99.
 1 APPPATH/Views/reporte/imprimir_valorado.php(99): number_format(null, 2, ',', '.')
 2 SYSTEMPATH/View/View.php(234): include('/home2/usoabumg/public_html/oruro.site/app/Views/reporte/imprimir_valorado.php')
 3 SYSTEMPATH/View/View.php(237): CodeIgniter\View\View->CodeIgniter\View\{closure}()
 4 SYSTEMPATH/Common.php(1171): CodeIgniter\View\View->render('reporte/imprimir_valorado', [], true)
 5 APPPATH/Controllers/Reporte.php(135): view('reporte/imprimir_valorado', [...])
 6 SYSTEMPATH/CodeIgniter.php(933): App\Controllers\Reporte->consolidado()
 7 SYSTEMPATH/CodeIgniter.php(509): CodeIgniter\CodeIgniter->runController(Object(App\Controllers\Reporte))
 8 SYSTEMPATH/CodeIgniter.php(355): CodeIgniter\CodeIgniter->handleRequest(null, Object(Config\Cache), false)
 9 SYSTEMPATH/Boot.php(325): CodeIgniter\CodeIgniter->run()
10 SYSTEMPATH/Boot.php(67): CodeIgniter\Boot::runCodeIgniter(Object(CodeIgniter\CodeIgniter))
11 FCPATH/index.php(56): CodeIgniter\Boot::bootWeb(Object(Config\Paths))
WARNING - 2025-04-01 16:07:56 --> [DEPRECATED] number_format(): Passing null to parameter #1 ($num) of type float is deprecated in APPPATH/Views/reporte/imprimir_valorado.php on line 96.
 1 APPPATH/Views/reporte/imprimir_valorado.php(96): number_format(null, 2, ',', '.')
 2 SYSTEMPATH/View/View.php(234): include('/home2/usoabumg/public_html/oruro.site/app/Views/reporte/imprimir_valorado.php')
 3 SYSTEMPATH/View/View.php(237): CodeIgniter\View\View->CodeIgniter\View\{closure}()
 4 SYSTEMPATH/Common.php(1171): CodeIgniter\View\View->render('reporte/imprimir_valorado', [], true)
 5 APPPATH/Controllers/Reporte.php(135): view('reporte/imprimir_valorado', [...])
 6 SYSTEMPATH/CodeIgniter.php(933): App\Controllers\Reporte->consolidado()
 7 SYSTEMPATH/CodeIgniter.php(509): CodeIgniter\CodeIgniter->runController(Object(App\Controllers\Reporte))
 8 SYSTEMPATH/CodeIgniter.php(355): CodeIgniter\CodeIgniter->handleRequest(null, Object(Config\Cache), false)
 9 SYSTEMPATH/Boot.php(325): CodeIgniter\CodeIgniter->run()
10 SYSTEMPATH/Boot.php(67): CodeIgniter\Boot::runCodeIgniter(Object(CodeIgniter\CodeIgniter))
11 FCPATH/index.php(56): CodeIgniter\Boot::bootWeb(Object(Config\Paths))
WARNING - 2025-04-01 16:07:56 --> [DEPRECATED] number_format(): Passing null to parameter #1 ($num) of type float is deprecated in APPPATH/Views/reporte/imprimir_valorado.php on line 99.
 1 APPPATH/Views/reporte/imprimir_valorado.php(99): number_format(null, 2, ',', '.')
 2 SYSTEMPATH/View/View.php(234): include('/home2/usoabumg/public_html/oruro.site/app/Views/reporte/imprimir_valorado.php')
 3 SYSTEMPATH/View/View.php(237): CodeIgniter\View\View->CodeIgniter\View\{closure}()
 4 SYSTEMPATH/Common.php(1171): CodeIgniter\View\View->render('reporte/imprimir_valorado', [], true)
 5 APPPATH/Controllers/Reporte.php(135): view('reporte/imprimir_valorado', [...])
 6 SYSTEMPATH/CodeIgniter.php(933): App\Controllers\Reporte->consolidado()
 7 SYSTEMPATH/CodeIgniter.php(509): CodeIgniter\CodeIgniter->runController(Object(App\Controllers\Reporte))
 8 SYSTEMPATH/CodeIgniter.php(355): CodeIgniter\CodeIgniter->handleRequest(null, Object(Config\Cache), false)
 9 SYSTEMPATH/Boot.php(325): CodeIgniter\CodeIgniter->run()
10 SYSTEMPATH/Boot.php(67): CodeIgniter\Boot::runCodeIgniter(Object(CodeIgniter\CodeIgniter))
11 FCPATH/index.php(56): CodeIgniter\Boot::bootWeb(Object(Config\Paths))
WARNING - 2025-04-01 16:07:56 --> [DEPRECATED] number_format(): Passing null to parameter #1 ($num) of type float is deprecated in APPPATH/Views/reporte/imprimir_valorado.php on line 96.
 1 APPPATH/Views/reporte/imprimir_valorado.php(96): number_format(null, 2, ',', '.')
 2 SYSTEMPATH/View/View.php(234): include('/home2/usoabumg/public_html/oruro.site/app/Views/reporte/imprimir_valorado.php')
 3 SYSTEMPATH/View/View.php(237): CodeIgniter\View\View->CodeIgniter\View\{closure}()
 4 SYSTEMPATH/Common.php(1171): CodeIgniter\View\View->render('reporte/imprimir_valorado', [], true)
 5 APPPATH/Controllers/Reporte.php(135): view('reporte/imprimir_valorado', [...])
 6 SYSTEMPATH/CodeIgniter.php(933): App\Controllers\Reporte->consolidado()
 7 SYSTEMPATH/CodeIgniter.php(509): CodeIgniter\CodeIgniter->runController(Object(App\Controllers\Reporte))
 8 SYSTEMPATH/CodeIgniter.php(355): CodeIgniter\CodeIgniter->handleRequest(null, Object(Config\Cache), false)
 9 SYSTEMPATH/Boot.php(325): CodeIgniter\CodeIgniter->run()
10 SYSTEMPATH/Boot.php(67): CodeIgniter\Boot::runCodeIgniter(Object(CodeIgniter\CodeIgniter))
11 FCPATH/index.php(56): CodeIgniter\Boot::bootWeb(Object(Config\Paths))
WARNING - 2025-04-01 16:07:56 --> [DEPRECATED] number_format(): Passing null to parameter #1 ($num) of type float is deprecated in APPPATH/Views/reporte/imprimir_valorado.php on line 99.
 1 APPPATH/Views/reporte/imprimir_valorado.php(99): number_format(null, 2, ',', '.')
 2 SYSTEMPATH/View/View.php(234): include('/home2/usoabumg/public_html/oruro.site/app/Views/reporte/imprimir_valorado.php')
 3 SYSTEMPATH/View/View.php(237): CodeIgniter\View\View->CodeIgniter\View\{closure}()
 4 SYSTEMPATH/Common.php(1171): CodeIgniter\View\View->render('reporte/imprimir_valorado', [], true)
 5 APPPATH/Controllers/Reporte.php(135): view('reporte/imprimir_valorado', [...])
 6 SYSTEMPATH/CodeIgniter.php(933): App\Controllers\Reporte->consolidado()
 7 SYSTEMPATH/CodeIgniter.php(509): CodeIgniter\CodeIgniter->runController(Object(App\Controllers\Reporte))
 8 SYSTEMPATH/CodeIgniter.php(355): CodeIgniter\CodeIgniter->handleRequest(null, Object(Config\Cache), false)
 9 SYSTEMPATH/Boot.php(325): CodeIgniter\CodeIgniter->run()
10 SYSTEMPATH/Boot.php(67): CodeIgniter\Boot::runCodeIgniter(Object(CodeIgniter\CodeIgniter))
11 FCPATH/index.php(56): CodeIgniter\Boot::bootWeb(Object(Config\Paths))
WARNING - 2025-04-01 16:07:56 --> [DEPRECATED] number_format(): Passing null to parameter #1 ($num) of type float is deprecated in APPPATH/Views/reporte/imprimir_valorado.php on line 96.
 1 APPPATH/Views/reporte/imprimir_valorado.php(96): number_format(null, 2, ',', '.')
 2 SYSTEMPATH/View/View.php(234): include('/home2/usoabumg/public_html/oruro.site/app/Views/reporte/imprimir_valorado.php')
 3 SYSTEMPATH/View/View.php(237): CodeIgniter\View\View->CodeIgniter\View\{closure}()
 4 SYSTEMPATH/Common.php(1171): CodeIgniter\View\View->render('reporte/imprimir_valorado', [], true)
 5 APPPATH/Controllers/Reporte.php(135): view('reporte/imprimir_valorado', [...])
 6 SYSTEMPATH/CodeIgniter.php(933): App\Controllers\Reporte->consolidado()
 7 SYSTEMPATH/CodeIgniter.php(509): CodeIgniter\CodeIgniter->runController(Object(App\Controllers\Reporte))
 8 SYSTEMPATH/CodeIgniter.php(355): CodeIgniter\CodeIgniter->handleRequest(null, Object(Config\Cache), false)
 9 SYSTEMPATH/Boot.php(325): CodeIgniter\CodeIgniter->run()
10 SYSTEMPATH/Boot.php(67): CodeIgniter\Boot::runCodeIgniter(Object(CodeIgniter\CodeIgniter))
11 FCPATH/index.php(56): CodeIgniter\Boot::bootWeb(Object(Config\Paths))
WARNING - 2025-04-01 16:07:56 --> [DEPRECATED] number_format(): Passing null to parameter #1 ($num) of type float is deprecated in APPPATH/Views/reporte/imprimir_valorado.php on line 99.
 1 APPPATH/Views/reporte/imprimir_valorado.php(99): number_format(null, 2, ',', '.')
 2 SYSTEMPATH/View/View.php(234): include('/home2/usoabumg/public_html/oruro.site/app/Views/reporte/imprimir_valorado.php')
 3 SYSTEMPATH/View/View.php(237): CodeIgniter\View\View->CodeIgniter\View\{closure}()
 4 SYSTEMPATH/Common.php(1171): CodeIgniter\View\View->render('reporte/imprimir_valorado', [], true)
 5 APPPATH/Controllers/Reporte.php(135): view('reporte/imprimir_valorado', [...])
 6 SYSTEMPATH/CodeIgniter.php(933): App\Controllers\Reporte->consolidado()
 7 SYSTEMPATH/CodeIgniter.php(509): CodeIgniter\CodeIgniter->runController(Object(App\Controllers\Reporte))
 8 SYSTEMPATH/CodeIgniter.php(355): CodeIgniter\CodeIgniter->handleRequest(null, Object(Config\Cache), false)
 9 SYSTEMPATH/Boot.php(325): CodeIgniter\CodeIgniter->run()
10 SYSTEMPATH/Boot.php(67): CodeIgniter\Boot::runCodeIgniter(Object(CodeIgniter\CodeIgniter))
11 FCPATH/index.php(56): CodeIgniter\Boot::bootWeb(Object(Config\Paths))
WARNING - 2025-04-01 16:07:56 --> [DEPRECATED] number_format(): Passing null to parameter #1 ($num) of type float is deprecated in APPPATH/Views/reporte/imprimir_valorado.php on line 96.
 1 APPPATH/Views/reporte/imprimir_valorado.php(96): number_format(null, 2, ',', '.')
 2 SYSTEMPATH/View/View.php(234): include('/home2/usoabumg/public_html/oruro.site/app/Views/reporte/imprimir_valorado.php')
 3 SYSTEMPATH/View/View.php(237): CodeIgniter\View\View->CodeIgniter\View\{closure}()
 4 SYSTEMPATH/Common.php(1171): CodeIgniter\View\View->render('reporte/imprimir_valorado', [], true)
 5 APPPATH/Controllers/Reporte.php(135): view('reporte/imprimir_valorado', [...])
 6 SYSTEMPATH/CodeIgniter.php(933): App\Controllers\Reporte->consolidado()
 7 SYSTEMPATH/CodeIgniter.php(509): CodeIgniter\CodeIgniter->runController(Object(App\Controllers\Reporte))
 8 SYSTEMPATH/CodeIgniter.php(355): CodeIgniter\CodeIgniter->handleRequest(null, Object(Config\Cache), false)
 9 SYSTEMPATH/Boot.php(325): CodeIgniter\CodeIgniter->run()
10 SYSTEMPATH/Boot.php(67): CodeIgniter\Boot::runCodeIgniter(Object(CodeIgniter\CodeIgniter))
11 FCPATH/index.php(56): CodeIgniter\Boot::bootWeb(Object(Config\Paths))
WARNING - 2025-04-01 16:07:56 --> [DEPRECATED] number_format(): Passing null to parameter #1 ($num) of type float is deprecated in APPPATH/Views/reporte/imprimir_valorado.php on line 99.
 1 APPPATH/Views/reporte/imprimir_valorado.php(99): number_format(null, 2, ',', '.')
 2 SYSTEMPATH/View/View.php(234): include('/home2/usoabumg/public_html/oruro.site/app/Views/reporte/imprimir_valorado.php')
 3 SYSTEMPATH/View/View.php(237): CodeIgniter\View\View->CodeIgniter\View\{closure}()
 4 SYSTEMPATH/Common.php(1171): CodeIgniter\View\View->render('reporte/imprimir_valorado', [], true)
 5 APPPATH/Controllers/Reporte.php(135): view('reporte/imprimir_valorado', [...])
 6 SYSTEMPATH/CodeIgniter.php(933): App\Controllers\Reporte->consolidado()
 7 SYSTEMPATH/CodeIgniter.php(509): CodeIgniter\CodeIgniter->runController(Object(App\Controllers\Reporte))
 8 SYSTEMPATH/CodeIgniter.php(355): CodeIgniter\CodeIgniter->handleRequest(null, Object(Config\Cache), false)
 9 SYSTEMPATH/Boot.php(325): CodeIgniter\CodeIgniter->run()
10 SYSTEMPATH/Boot.php(67): CodeIgniter\Boot::runCodeIgniter(Object(CodeIgniter\CodeIgniter))
11 FCPATH/index.php(56): CodeIgniter\Boot::bootWeb(Object(Config\Paths))
WARNING - 2025-04-01 16:07:56 --> [DEPRECATED] number_format(): Passing null to parameter #1 ($num) of type float is deprecated in APPPATH/Views/reporte/imprimir_valorado.php on line 96.
 1 APPPATH/Views/reporte/imprimir_valorado.php(96): number_format(null, 2, ',', '.')
 2 SYSTEMPATH/View/View.php(234): include('/home2/usoabumg/public_html/oruro.site/app/Views/reporte/imprimir_valorado.php')
 3 SYSTEMPATH/View/View.php(237): CodeIgniter\View\View->CodeIgniter\View\{closure}()
 4 SYSTEMPATH/Common.php(1171): CodeIgniter\View\View->render('reporte/imprimir_valorado', [], true)
 5 APPPATH/Controllers/Reporte.php(135): view('reporte/imprimir_valorado', [...])
 6 SYSTEMPATH/CodeIgniter.php(933): App\Controllers\Reporte->consolidado()
 7 SYSTEMPATH/CodeIgniter.php(509): CodeIgniter\CodeIgniter->runController(Object(App\Controllers\Reporte))
 8 SYSTEMPATH/CodeIgniter.php(355): CodeIgniter\CodeIgniter->handleRequest(null, Object(Config\Cache), false)
 9 SYSTEMPATH/Boot.php(325): CodeIgniter\CodeIgniter->run()
10 SYSTEMPATH/Boot.php(67): CodeIgniter\Boot::runCodeIgniter(Object(CodeIgniter\CodeIgniter))
11 FCPATH/index.php(56): CodeIgniter\Boot::bootWeb(Object(Config\Paths))
WARNING - 2025-04-01 16:07:56 --> [DEPRECATED] number_format(): Passing null to parameter #1 ($num) of type float is deprecated in APPPATH/Views/reporte/imprimir_valorado.php on line 99.
 1 APPPATH/Views/reporte/imprimir_valorado.php(99): number_format(null, 2, ',', '.')
 2 SYSTEMPATH/View/View.php(234): include('/home2/usoabumg/public_html/oruro.site/app/Views/reporte/imprimir_valorado.php')
 3 SYSTEMPATH/View/View.php(237): CodeIgniter\View\View->CodeIgniter\View\{closure}()
 4 SYSTEMPATH/Common.php(1171): CodeIgniter\View\View->render('reporte/imprimir_valorado', [], true)
 5 APPPATH/Controllers/Reporte.php(135): view('reporte/imprimir_valorado', [...])
 6 SYSTEMPATH/CodeIgniter.php(933): App\Controllers\Reporte->consolidado()
 7 SYSTEMPATH/CodeIgniter.php(509): CodeIgniter\CodeIgniter->runController(Object(App\Controllers\Reporte))
 8 SYSTEMPATH/CodeIgniter.php(355): CodeIgniter\CodeIgniter->handleRequest(null, Object(Config\Cache), false)
 9 SYSTEMPATH/Boot.php(325): CodeIgniter\CodeIgniter->run()
10 SYSTEMPATH/Boot.php(67): CodeIgniter\Boot::runCodeIgniter(Object(CodeIgniter\CodeIgniter))
11 FCPATH/index.php(56): CodeIgniter\Boot::bootWeb(Object(Config\Paths))
WARNING - 2025-04-01 16:07:56 --> [DEPRECATED] number_format(): Passing null to parameter #1 ($num) of type float is deprecated in APPPATH/Views/reporte/imprimir_valorado.php on line 96.
 1 APPPATH/Views/reporte/imprimir_valorado.php(96): number_format(null, 2, ',', '.')
 2 SYSTEMPATH/View/View.php(234): include('/home2/usoabumg/public_html/oruro.site/app/Views/reporte/imprimir_valorado.php')
 3 SYSTEMPATH/View/View.php(237): CodeIgniter\View\View->CodeIgniter\View\{closure}()
 4 SYSTEMPATH/Common.php(1171): CodeIgniter\View\View->render('reporte/imprimir_valorado', [], true)
 5 APPPATH/Controllers/Reporte.php(135): view('reporte/imprimir_valorado', [...])
 6 SYSTEMPATH/CodeIgniter.php(933): App\Controllers\Reporte->consolidado()
 7 SYSTEMPATH/CodeIgniter.php(509): CodeIgniter\CodeIgniter->runController(Object(App\Controllers\Reporte))
 8 SYSTEMPATH/CodeIgniter.php(355): CodeIgniter\CodeIgniter->handleRequest(null, Object(Config\Cache), false)
 9 SYSTEMPATH/Boot.php(325): CodeIgniter\CodeIgniter->run()
10 SYSTEMPATH/Boot.php(67): CodeIgniter\Boot::runCodeIgniter(Object(CodeIgniter\CodeIgniter))
11 FCPATH/index.php(56): CodeIgniter\Boot::bootWeb(Object(Config\Paths))
WARNING - 2025-04-01 16:07:56 --> [DEPRECATED] number_format(): Passing null to parameter #1 ($num) of type float is deprecated in APPPATH/Views/reporte/imprimir_valorado.php on line 99.
 1 APPPATH/Views/reporte/imprimir_valorado.php(99): number_format(null, 2, ',', '.')
 2 SYSTEMPATH/View/View.php(234): include('/home2/usoabumg/public_html/oruro.site/app/Views/reporte/imprimir_valorado.php')
 3 SYSTEMPATH/View/View.php(237): CodeIgniter\View\View->CodeIgniter\View\{closure}()
 4 SYSTEMPATH/Common.php(1171): CodeIgniter\View\View->render('reporte/imprimir_valorado', [], true)
 5 APPPATH/Controllers/Reporte.php(135): view('reporte/imprimir_valorado', [...])
 6 SYSTEMPATH/CodeIgniter.php(933): App\Controllers\Reporte->consolidado()
 7 SYSTEMPATH/CodeIgniter.php(509): CodeIgniter\CodeIgniter->runController(Object(App\Controllers\Reporte))
 8 SYSTEMPATH/CodeIgniter.php(355): CodeIgniter\CodeIgniter->handleRequest(null, Object(Config\Cache), false)
 9 SYSTEMPATH/Boot.php(325): CodeIgniter\CodeIgniter->run()
10 SYSTEMPATH/Boot.php(67): CodeIgniter\Boot::runCodeIgniter(Object(CodeIgniter\CodeIgniter))
11 FCPATH/index.php(56): CodeIgniter\Boot::bootWeb(Object(Config\Paths))
WARNING - 2025-04-01 16:07:56 --> [DEPRECATED] number_format(): Passing null to parameter #1 ($num) of type float is deprecated in APPPATH/Views/reporte/imprimir_valorado.php on line 96.
 1 APPPATH/Views/reporte/imprimir_valorado.php(96): number_format(null, 2, ',', '.')
 2 SYSTEMPATH/View/View.php(234): include('/home2/usoabumg/public_html/oruro.site/app/Views/reporte/imprimir_valorado.php')
 3 SYSTEMPATH/View/View.php(237): CodeIgniter\View\View->CodeIgniter\View\{closure}()
 4 SYSTEMPATH/Common.php(1171): CodeIgniter\View\View->render('reporte/imprimir_valorado', [], true)
 5 APPPATH/Controllers/Reporte.php(135): view('reporte/imprimir_valorado', [...])
 6 SYSTEMPATH/CodeIgniter.php(933): App\Controllers\Reporte->consolidado()
 7 SYSTEMPATH/CodeIgniter.php(509): CodeIgniter\CodeIgniter->runController(Object(App\Controllers\Reporte))
 8 SYSTEMPATH/CodeIgniter.php(355): CodeIgniter\CodeIgniter->handleRequest(null, Object(Config\Cache), false)
 9 SYSTEMPATH/Boot.php(325): CodeIgniter\CodeIgniter->run()
10 SYSTEMPATH/Boot.php(67): CodeIgniter\Boot::runCodeIgniter(Object(CodeIgniter\CodeIgniter))
11 FCPATH/index.php(56): CodeIgniter\Boot::bootWeb(Object(Config\Paths))
WARNING - 2025-04-01 16:07:56 --> [DEPRECATED] number_format(): Passing null to parameter #1 ($num) of type float is deprecated in APPPATH/Views/reporte/imprimir_valorado.php on line 99.
 1 APPPATH/Views/reporte/imprimir_valorado.php(99): number_format(null, 2, ',', '.')
 2 SYSTEMPATH/View/View.php(234): include('/home2/usoabumg/public_html/oruro.site/app/Views/reporte/imprimir_valorado.php')
 3 SYSTEMPATH/View/View.php(237): CodeIgniter\View\View->CodeIgniter\View\{closure}()
 4 SYSTEMPATH/Common.php(1171): CodeIgniter\View\View->render('reporte/imprimir_valorado', [], true)
 5 APPPATH/Controllers/Reporte.php(135): view('reporte/imprimir_valorado', [...])
 6 SYSTEMPATH/CodeIgniter.php(933): App\Controllers\Reporte->consolidado()
 7 SYSTEMPATH/CodeIgniter.php(509): CodeIgniter\CodeIgniter->runController(Object(App\Controllers\Reporte))
 8 SYSTEMPATH/CodeIgniter.php(355): CodeIgniter\CodeIgniter->handleRequest(null, Object(Config\Cache), false)
 9 SYSTEMPATH/Boot.php(325): CodeIgniter\CodeIgniter->run()
10 SYSTEMPATH/Boot.php(67): CodeIgniter\Boot::runCodeIgniter(Object(CodeIgniter\CodeIgniter))
11 FCPATH/index.php(56): CodeIgniter\Boot::bootWeb(Object(Config\Paths))
WARNING - 2025-04-01 16:07:56 --> [DEPRECATED] number_format(): Passing null to parameter #1 ($num) of type float is deprecated in APPPATH/Views/reporte/imprimir_valorado.php on line 96.
 1 APPPATH/Views/reporte/imprimir_valorado.php(96): number_format(null, 2, ',', '.')
 2 SYSTEMPATH/View/View.php(234): include('/home2/usoabumg/public_html/oruro.site/app/Views/reporte/imprimir_valorado.php')
 3 SYSTEMPATH/View/View.php(237): CodeIgniter\View\View->CodeIgniter\View\{closure}()
 4 SYSTEMPATH/Common.php(1171): CodeIgniter\View\View->render('reporte/imprimir_valorado', [], true)
 5 APPPATH/Controllers/Reporte.php(135): view('reporte/imprimir_valorado', [...])
 6 SYSTEMPATH/CodeIgniter.php(933): App\Controllers\Reporte->consolidado()
 7 SYSTEMPATH/CodeIgniter.php(509): CodeIgniter\CodeIgniter->runController(Object(App\Controllers\Reporte))
 8 SYSTEMPATH/CodeIgniter.php(355): CodeIgniter\CodeIgniter->handleRequest(null, Object(Config\Cache), false)
 9 SYSTEMPATH/Boot.php(325): CodeIgniter\CodeIgniter->run()
10 SYSTEMPATH/Boot.php(67): CodeIgniter\Boot::runCodeIgniter(Object(CodeIgniter\CodeIgniter))
11 FCPATH/index.php(56): CodeIgniter\Boot::bootWeb(Object(Config\Paths))
WARNING - 2025-04-01 16:07:56 --> [DEPRECATED] number_format(): Passing null to parameter #1 ($num) of type float is deprecated in APPPATH/Views/reporte/imprimir_valorado.php on line 99.
 1 APPPATH/Views/reporte/imprimir_valorado.php(99): number_format(null, 2, ',', '.')
 2 SYSTEMPATH/View/View.php(234): include('/home2/usoabumg/public_html/oruro.site/app/Views/reporte/imprimir_valorado.php')
 3 SYSTEMPATH/View/View.php(237): CodeIgniter\View\View->CodeIgniter\View\{closure}()
 4 SYSTEMPATH/Common.php(1171): CodeIgniter\View\View->render('reporte/imprimir_valorado', [], true)
 5 APPPATH/Controllers/Reporte.php(135): view('reporte/imprimir_valorado', [...])
 6 SYSTEMPATH/CodeIgniter.php(933): App\Controllers\Reporte->consolidado()
 7 SYSTEMPATH/CodeIgniter.php(509): CodeIgniter\CodeIgniter->runController(Object(App\Controllers\Reporte))
 8 SYSTEMPATH/CodeIgniter.php(355): CodeIgniter\CodeIgniter->handleRequest(null, Object(Config\Cache), false)
 9 SYSTEMPATH/Boot.php(325): CodeIgniter\CodeIgniter->run()
10 SYSTEMPATH/Boot.php(67): CodeIgniter\Boot::runCodeIgniter(Object(CodeIgniter\CodeIgniter))
11 FCPATH/index.php(56): CodeIgniter\Boot::bootWeb(Object(Config\Paths))
WARNING - 2025-04-01 16:07:56 --> [DEPRECATED] number_format(): Passing null to parameter #1 ($num) of type float is deprecated in APPPATH/Views/reporte/imprimir_valorado.php on line 96.
 1 APPPATH/Views/reporte/imprimir_valorado.php(96): number_format(null, 2, ',', '.')
 2 SYSTEMPATH/View/View.php(234): include('/home2/usoabumg/public_html/oruro.site/app/Views/reporte/imprimir_valorado.php')
 3 SYSTEMPATH/View/View.php(237): CodeIgniter\View\View->CodeIgniter\View\{closure}()
 4 SYSTEMPATH/Common.php(1171): CodeIgniter\View\View->render('reporte/imprimir_valorado', [], true)
 5 APPPATH/Controllers/Reporte.php(135): view('reporte/imprimir_valorado', [...])
 6 SYSTEMPATH/CodeIgniter.php(933): App\Controllers\Reporte->consolidado()
 7 SYSTEMPATH/CodeIgniter.php(509): CodeIgniter\CodeIgniter->runController(Object(App\Controllers\Reporte))
 8 SYSTEMPATH/CodeIgniter.php(355): CodeIgniter\CodeIgniter->handleRequest(null, Object(Config\Cache), false)
 9 SYSTEMPATH/Boot.php(325): CodeIgniter\CodeIgniter->run()
10 SYSTEMPATH/Boot.php(67): CodeIgniter\Boot::runCodeIgniter(Object(CodeIgniter\CodeIgniter))
11 FCPATH/index.php(56): CodeIgniter\Boot::bootWeb(Object(Config\Paths))
WARNING - 2025-04-01 16:07:56 --> [DEPRECATED] number_format(): Passing null to parameter #1 ($num) of type float is deprecated in APPPATH/Views/reporte/imprimir_valorado.php on line 99.
 1 APPPATH/Views/reporte/imprimir_valorado.php(99): number_format(null, 2, ',', '.')
 2 SYSTEMPATH/View/View.php(234): include('/home2/usoabumg/public_html/oruro.site/app/Views/reporte/imprimir_valorado.php')
 3 SYSTEMPATH/View/View.php(237): CodeIgniter\View\View->CodeIgniter\View\{closure}()
 4 SYSTEMPATH/Common.php(1171): CodeIgniter\View\View->render('reporte/imprimir_valorado', [], true)
 5 APPPATH/Controllers/Reporte.php(135): view('reporte/imprimir_valorado', [...])
 6 SYSTEMPATH/CodeIgniter.php(933): App\Controllers\Reporte->consolidado()
 7 SYSTEMPATH/CodeIgniter.php(509): CodeIgniter\CodeIgniter->runController(Object(App\Controllers\Reporte))
 8 SYSTEMPATH/CodeIgniter.php(355): CodeIgniter\CodeIgniter->handleRequest(null, Object(Config\Cache), false)
 9 SYSTEMPATH/Boot.php(325): CodeIgniter\CodeIgniter->run()
10 SYSTEMPATH/Boot.php(67): CodeIgniter\Boot::runCodeIgniter(Object(CodeIgniter\CodeIgniter))
11 FCPATH/index.php(56): CodeIgniter\Boot::bootWeb(Object(Config\Paths))
WARNING - 2025-04-01 16:07:56 --> [DEPRECATED] number_format(): Passing null to parameter #1 ($num) of type float is deprecated in APPPATH/Views/reporte/imprimir_valorado.php on line 96.
 1 APPPATH/Views/reporte/imprimir_valorado.php(96): number_format(null, 2, ',', '.')
 2 SYSTEMPATH/View/View.php(234): include('/home2/usoabumg/public_html/oruro.site/app/Views/reporte/imprimir_valorado.php')
 3 SYSTEMPATH/View/View.php(237): CodeIgniter\View\View->CodeIgniter\View\{closure}()
 4 SYSTEMPATH/Common.php(1171): CodeIgniter\View\View->render('reporte/imprimir_valorado', [], true)
 5 APPPATH/Controllers/Reporte.php(135): view('reporte/imprimir_valorado', [...])
 6 SYSTEMPATH/CodeIgniter.php(933): App\Controllers\Reporte->consolidado()
 7 SYSTEMPATH/CodeIgniter.php(509): CodeIgniter\CodeIgniter->runController(Object(App\Controllers\Reporte))
 8 SYSTEMPATH/CodeIgniter.php(355): CodeIgniter\CodeIgniter->handleRequest(null, Object(Config\Cache), false)
 9 SYSTEMPATH/Boot.php(325): CodeIgniter\CodeIgniter->run()
10 SYSTEMPATH/Boot.php(67): CodeIgniter\Boot::runCodeIgniter(Object(CodeIgniter\CodeIgniter))
11 FCPATH/index.php(56): CodeIgniter\Boot::bootWeb(Object(Config\Paths))
WARNING - 2025-04-01 16:07:56 --> [DEPRECATED] number_format(): Passing null to parameter #1 ($num) of type float is deprecated in APPPATH/Views/reporte/imprimir_valorado.php on line 99.
 1 APPPATH/Views/reporte/imprimir_valorado.php(99): number_format(null, 2, ',', '.')
 2 SYSTEMPATH/View/View.php(234): include('/home2/usoabumg/public_html/oruro.site/app/Views/reporte/imprimir_valorado.php')
 3 SYSTEMPATH/View/View.php(237): CodeIgniter\View\View->CodeIgniter\View\{closure}()
 4 SYSTEMPATH/Common.php(1171): CodeIgniter\View\View->render('reporte/imprimir_valorado', [], true)
 5 APPPATH/Controllers/Reporte.php(135): view('reporte/imprimir_valorado', [...])
 6 SYSTEMPATH/CodeIgniter.php(933): App\Controllers\Reporte->consolidado()
 7 SYSTEMPATH/CodeIgniter.php(509): CodeIgniter\CodeIgniter->runController(Object(App\Controllers\Reporte))
 8 SYSTEMPATH/CodeIgniter.php(355): CodeIgniter\CodeIgniter->handleRequest(null, Object(Config\Cache), false)
 9 SYSTEMPATH/Boot.php(325): CodeIgniter\CodeIgniter->run()
10 SYSTEMPATH/Boot.php(67): CodeIgniter\Boot::runCodeIgniter(Object(CodeIgniter\CodeIgniter))
11 FCPATH/index.php(56): CodeIgniter\Boot::bootWeb(Object(Config\Paths))
WARNING - 2025-04-01 16:07:56 --> [DEPRECATED] number_format(): Passing null to parameter #1 ($num) of type float is deprecated in APPPATH/Views/reporte/imprimir_valorado.php on line 96.
 1 APPPATH/Views/reporte/imprimir_valorado.php(96): number_format(null, 2, ',', '.')
 2 SYSTEMPATH/View/View.php(234): include('/home2/usoabumg/public_html/oruro.site/app/Views/reporte/imprimir_valorado.php')
 3 SYSTEMPATH/View/View.php(237): CodeIgniter\View\View->CodeIgniter\View\{closure}()
 4 SYSTEMPATH/Common.php(1171): CodeIgniter\View\View->render('reporte/imprimir_valorado', [], true)
 5 APPPATH/Controllers/Reporte.php(135): view('reporte/imprimir_valorado', [...])
 6 SYSTEMPATH/CodeIgniter.php(933): App\Controllers\Reporte->consolidado()
 7 SYSTEMPATH/CodeIgniter.php(509): CodeIgniter\CodeIgniter->runController(Object(App\Controllers\Reporte))
 8 SYSTEMPATH/CodeIgniter.php(355): CodeIgniter\CodeIgniter->handleRequest(null, Object(Config\Cache), false)
 9 SYSTEMPATH/Boot.php(325): CodeIgniter\CodeIgniter->run()
10 SYSTEMPATH/Boot.php(67): CodeIgniter\Boot::runCodeIgniter(Object(CodeIgniter\CodeIgniter))
11 FCPATH/index.php(56): CodeIgniter\Boot::bootWeb(Object(Config\Paths))
WARNING - 2025-04-01 16:07:56 --> [DEPRECATED] number_format(): Passing null to parameter #1 ($num) of type float is deprecated in APPPATH/Views/reporte/imprimir_valorado.php on line 99.
 1 APPPATH/Views/reporte/imprimir_valorado.php(99): number_format(null, 2, ',', '.')
 2 SYSTEMPATH/View/View.php(234): include('/home2/usoabumg/public_html/oruro.site/app/Views/reporte/imprimir_valorado.php')
 3 SYSTEMPATH/View/View.php(237): CodeIgniter\View\View->CodeIgniter\View\{closure}()
 4 SYSTEMPATH/Common.php(1171): CodeIgniter\View\View->render('reporte/imprimir_valorado', [], true)
 5 APPPATH/Controllers/Reporte.php(135): view('reporte/imprimir_valorado', [...])
 6 SYSTEMPATH/CodeIgniter.php(933): App\Controllers\Reporte->consolidado()
 7 SYSTEMPATH/CodeIgniter.php(509): CodeIgniter\CodeIgniter->runController(Object(App\Controllers\Reporte))
 8 SYSTEMPATH/CodeIgniter.php(355): CodeIgniter\CodeIgniter->handleRequest(null, Object(Config\Cache), false)
 9 SYSTEMPATH/Boot.php(325): CodeIgniter\CodeIgniter->run()
10 SYSTEMPATH/Boot.php(67): CodeIgniter\Boot::runCodeIgniter(Object(CodeIgniter\CodeIgniter))
11 FCPATH/index.php(56): CodeIgniter\Boot::bootWeb(Object(Config\Paths))
WARNING - 2025-04-01 16:07:56 --> [DEPRECATED] number_format(): Passing null to parameter #1 ($num) of type float is deprecated in APPPATH/Views/reporte/imprimir_valorado.php on line 96.
 1 APPPATH/Views/reporte/imprimir_valorado.php(96): number_format(null, 2, ',', '.')
 2 SYSTEMPATH/View/View.php(234): include('/home2/usoabumg/public_html/oruro.site/app/Views/reporte/imprimir_valorado.php')
 3 SYSTEMPATH/View/View.php(237): CodeIgniter\View\View->CodeIgniter\View\{closure}()
 4 SYSTEMPATH/Common.php(1171): CodeIgniter\View\View->render('reporte/imprimir_valorado', [], true)
 5 APPPATH/Controllers/Reporte.php(135): view('reporte/imprimir_valorado', [...])
 6 SYSTEMPATH/CodeIgniter.php(933): App\Controllers\Reporte->consolidado()
 7 SYSTEMPATH/CodeIgniter.php(509): CodeIgniter\CodeIgniter->runController(Object(App\Controllers\Reporte))
 8 SYSTEMPATH/CodeIgniter.php(355): CodeIgniter\CodeIgniter->handleRequest(null, Object(Config\Cache), false)
 9 SYSTEMPATH/Boot.php(325): CodeIgniter\CodeIgniter->run()
10 SYSTEMPATH/Boot.php(67): CodeIgniter\Boot::runCodeIgniter(Object(CodeIgniter\CodeIgniter))
11 FCPATH/index.php(56): CodeIgniter\Boot::bootWeb(Object(Config\Paths))
WARNING - 2025-04-01 16:07:56 --> [DEPRECATED] number_format(): Passing null to parameter #1 ($num) of type float is deprecated in APPPATH/Views/reporte/imprimir_valorado.php on line 99.
 1 APPPATH/Views/reporte/imprimir_valorado.php(99): number_format(null, 2, ',', '.')
 2 SYSTEMPATH/View/View.php(234): include('/home2/usoabumg/public_html/oruro.site/app/Views/reporte/imprimir_valorado.php')
 3 SYSTEMPATH/View/View.php(237): CodeIgniter\View\View->CodeIgniter\View\{closure}()
 4 SYSTEMPATH/Common.php(1171): CodeIgniter\View\View->render('reporte/imprimir_valorado', [], true)
 5 APPPATH/Controllers/Reporte.php(135): view('reporte/imprimir_valorado', [...])
 6 SYSTEMPATH/CodeIgniter.php(933): App\Controllers\Reporte->consolidado()
 7 SYSTEMPATH/CodeIgniter.php(509): CodeIgniter\CodeIgniter->runController(Object(App\Controllers\Reporte))
 8 SYSTEMPATH/CodeIgniter.php(355): CodeIgniter\CodeIgniter->handleRequest(null, Object(Config\Cache), false)
 9 SYSTEMPATH/Boot.php(325): CodeIgniter\CodeIgniter->run()
10 SYSTEMPATH/Boot.php(67): CodeIgniter\Boot::runCodeIgniter(Object(CodeIgniter\CodeIgniter))
11 FCPATH/index.php(56): CodeIgniter\Boot::bootWeb(Object(Config\Paths))
WARNING - 2025-04-01 16:07:56 --> [DEPRECATED] number_format(): Passing null to parameter #1 ($num) of type float is deprecated in APPPATH/Views/reporte/imprimir_valorado.php on line 96.
 1 APPPATH/Views/reporte/imprimir_valorado.php(96): number_format(null, 2, ',', '.')
 2 SYSTEMPATH/View/View.php(234): include('/home2/usoabumg/public_html/oruro.site/app/Views/reporte/imprimir_valorado.php')
 3 SYSTEMPATH/View/View.php(237): CodeIgniter\View\View->CodeIgniter\View\{closure}()
 4 SYSTEMPATH/Common.php(1171): CodeIgniter\View\View->render('reporte/imprimir_valorado', [], true)
 5 APPPATH/Controllers/Reporte.php(135): view('reporte/imprimir_valorado', [...])
 6 SYSTEMPATH/CodeIgniter.php(933): App\Controllers\Reporte->consolidado()
 7 SYSTEMPATH/CodeIgniter.php(509): CodeIgniter\CodeIgniter->runController(Object(App\Controllers\Reporte))
 8 SYSTEMPATH/CodeIgniter.php(355): CodeIgniter\CodeIgniter->handleRequest(null, Object(Config\Cache), false)
 9 SYSTEMPATH/Boot.php(325): CodeIgniter\CodeIgniter->run()
10 SYSTEMPATH/Boot.php(67): CodeIgniter\Boot::runCodeIgniter(Object(CodeIgniter\CodeIgniter))
11 FCPATH/index.php(56): CodeIgniter\Boot::bootWeb(Object(Config\Paths))
WARNING - 2025-04-01 16:07:56 --> [DEPRECATED] number_format(): Passing null to parameter #1 ($num) of type float is deprecated in APPPATH/Views/reporte/imprimir_valorado.php on line 99.
 1 APPPATH/Views/reporte/imprimir_valorado.php(99): number_format(null, 2, ',', '.')
 2 SYSTEMPATH/View/View.php(234): include('/home2/usoabumg/public_html/oruro.site/app/Views/reporte/imprimir_valorado.php')
 3 SYSTEMPATH/View/View.php(237): CodeIgniter\View\View->CodeIgniter\View\{closure}()
 4 SYSTEMPATH/Common.php(1171): CodeIgniter\View\View->render('reporte/imprimir_valorado', [], true)
 5 APPPATH/Controllers/Reporte.php(135): view('reporte/imprimir_valorado', [...])
 6 SYSTEMPATH/CodeIgniter.php(933): App\Controllers\Reporte->consolidado()
 7 SYSTEMPATH/CodeIgniter.php(509): CodeIgniter\CodeIgniter->runController(Object(App\Controllers\Reporte))
 8 SYSTEMPATH/CodeIgniter.php(355): CodeIgniter\CodeIgniter->handleRequest(null, Object(Config\Cache), false)
 9 SYSTEMPATH/Boot.php(325): CodeIgniter\CodeIgniter->run()
10 SYSTEMPATH/Boot.php(67): CodeIgniter\Boot::runCodeIgniter(Object(CodeIgniter\CodeIgniter))
11 FCPATH/index.php(56): CodeIgniter\Boot::bootWeb(Object(Config\Paths))
WARNING - 2025-04-01 16:07:56 --> [DEPRECATED] number_format(): Passing null to parameter #1 ($num) of type float is deprecated in APPPATH/Views/reporte/imprimir_valorado.php on line 96.
 1 APPPATH/Views/reporte/imprimir_valorado.php(96): number_format(null, 2, ',', '.')
 2 SYSTEMPATH/View/View.php(234): include('/home2/usoabumg/public_html/oruro.site/app/Views/reporte/imprimir_valorado.php')
 3 SYSTEMPATH/View/View.php(237): CodeIgniter\View\View->CodeIgniter\View\{closure}()
 4 SYSTEMPATH/Common.php(1171): CodeIgniter\View\View->render('reporte/imprimir_valorado', [], true)
 5 APPPATH/Controllers/Reporte.php(135): view('reporte/imprimir_valorado', [...])
 6 SYSTEMPATH/CodeIgniter.php(933): App\Controllers\Reporte->consolidado()
 7 SYSTEMPATH/CodeIgniter.php(509): CodeIgniter\CodeIgniter->runController(Object(App\Controllers\Reporte))
 8 SYSTEMPATH/CodeIgniter.php(355): CodeIgniter\CodeIgniter->handleRequest(null, Object(Config\Cache), false)
 9 SYSTEMPATH/Boot.php(325): CodeIgniter\CodeIgniter->run()
10 SYSTEMPATH/Boot.php(67): CodeIgniter\Boot::runCodeIgniter(Object(CodeIgniter\CodeIgniter))
11 FCPATH/index.php(56): CodeIgniter\Boot::bootWeb(Object(Config\Paths))
WARNING - 2025-04-01 16:07:56 --> [DEPRECATED] number_format(): Passing null to parameter #1 ($num) of type float is deprecated in APPPATH/Views/reporte/imprimir_valorado.php on line 99.
 1 APPPATH/Views/reporte/imprimir_valorado.php(99): number_format(null, 2, ',', '.')
 2 SYSTEMPATH/View/View.php(234): include('/home2/usoabumg/public_html/oruro.site/app/Views/reporte/imprimir_valorado.php')
 3 SYSTEMPATH/View/View.php(237): CodeIgniter\View\View->CodeIgniter\View\{closure}()
 4 SYSTEMPATH/Common.php(1171): CodeIgniter\View\View->render('reporte/imprimir_valorado', [], true)
 5 APPPATH/Controllers/Reporte.php(135): view('reporte/imprimir_valorado', [...])
 6 SYSTEMPATH/CodeIgniter.php(933): App\Controllers\Reporte->consolidado()
 7 SYSTEMPATH/CodeIgniter.php(509): CodeIgniter\CodeIgniter->runController(Object(App\Controllers\Reporte))
 8 SYSTEMPATH/CodeIgniter.php(355): CodeIgniter\CodeIgniter->handleRequest(null, Object(Config\Cache), false)
 9 SYSTEMPATH/Boot.php(325): CodeIgniter\CodeIgniter->run()
10 SYSTEMPATH/Boot.php(67): CodeIgniter\Boot::runCodeIgniter(Object(CodeIgniter\CodeIgniter))
11 FCPATH/index.php(56): CodeIgniter\Boot::bootWeb(Object(Config\Paths))
WARNING - 2025-04-01 16:07:56 --> [DEPRECATED] number_format(): Passing null to parameter #1 ($num) of type float is deprecated in APPPATH/Views/reporte/imprimir_valorado.php on line 96.
 1 APPPATH/Views/reporte/imprimir_valorado.php(96): number_format(null, 2, ',', '.')
 2 SYSTEMPATH/View/View.php(234): include('/home2/usoabumg/public_html/oruro.site/app/Views/reporte/imprimir_valorado.php')
 3 SYSTEMPATH/View/View.php(237): CodeIgniter\View\View->CodeIgniter\View\{closure}()
 4 SYSTEMPATH/Common.php(1171): CodeIgniter\View\View->render('reporte/imprimir_valorado', [], true)
 5 APPPATH/Controllers/Reporte.php(135): view('reporte/imprimir_valorado', [...])
 6 SYSTEMPATH/CodeIgniter.php(933): App\Controllers\Reporte->consolidado()
 7 SYSTEMPATH/CodeIgniter.php(509): CodeIgniter\CodeIgniter->runController(Object(App\Controllers\Reporte))
 8 SYSTEMPATH/CodeIgniter.php(355): CodeIgniter\CodeIgniter->handleRequest(null, Object(Config\Cache), false)
 9 SYSTEMPATH/Boot.php(325): CodeIgniter\CodeIgniter->run()
10 SYSTEMPATH/Boot.php(67): CodeIgniter\Boot::runCodeIgniter(Object(CodeIgniter\CodeIgniter))
11 FCPATH/index.php(56): CodeIgniter\Boot::bootWeb(Object(Config\Paths))
WARNING - 2025-04-01 16:07:56 --> [DEPRECATED] number_format(): Passing null to parameter #1 ($num) of type float is deprecated in APPPATH/Views/reporte/imprimir_valorado.php on line 99.
 1 APPPATH/Views/reporte/imprimir_valorado.php(99): number_format(null, 2, ',', '.')
 2 SYSTEMPATH/View/View.php(234): include('/home2/usoabumg/public_html/oruro.site/app/Views/reporte/imprimir_valorado.php')
 3 SYSTEMPATH/View/View.php(237): CodeIgniter\View\View->CodeIgniter\View\{closure}()
 4 SYSTEMPATH/Common.php(1171): CodeIgniter\View\View->render('reporte/imprimir_valorado', [], true)
 5 APPPATH/Controllers/Reporte.php(135): view('reporte/imprimir_valorado', [...])
 6 SYSTEMPATH/CodeIgniter.php(933): App\Controllers\Reporte->consolidado()
 7 SYSTEMPATH/CodeIgniter.php(509): CodeIgniter\CodeIgniter->runController(Object(App\Controllers\Reporte))
 8 SYSTEMPATH/CodeIgniter.php(355): CodeIgniter\CodeIgniter->handleRequest(null, Object(Config\Cache), false)
 9 SYSTEMPATH/Boot.php(325): CodeIgniter\CodeIgniter->run()
10 SYSTEMPATH/Boot.php(67): CodeIgniter\Boot::runCodeIgniter(Object(CodeIgniter\CodeIgniter))
11 FCPATH/index.php(56): CodeIgniter\Boot::bootWeb(Object(Config\Paths))
WARNING - 2025-04-01 16:07:56 --> [DEPRECATED] number_format(): Passing null to parameter #1 ($num) of type float is deprecated in APPPATH/Views/reporte/imprimir_valorado.php on line 96.
 1 APPPATH/Views/reporte/imprimir_valorado.php(96): number_format(null, 2, ',', '.')
 2 SYSTEMPATH/View/View.php(234): include('/home2/usoabumg/public_html/oruro.site/app/Views/reporte/imprimir_valorado.php')
 3 SYSTEMPATH/View/View.php(237): CodeIgniter\View\View->CodeIgniter\View\{closure}()
 4 SYSTEMPATH/Common.php(1171): CodeIgniter\View\View->render('reporte/imprimir_valorado', [], true)
 5 APPPATH/Controllers/Reporte.php(135): view('reporte/imprimir_valorado', [...])
 6 SYSTEMPATH/CodeIgniter.php(933): App\Controllers\Reporte->consolidado()
 7 SYSTEMPATH/CodeIgniter.php(509): CodeIgniter\CodeIgniter->runController(Object(App\Controllers\Reporte))
 8 SYSTEMPATH/CodeIgniter.php(355): CodeIgniter\CodeIgniter->handleRequest(null, Object(Config\Cache), false)
 9 SYSTEMPATH/Boot.php(325): CodeIgniter\CodeIgniter->run()
10 SYSTEMPATH/Boot.php(67): CodeIgniter\Boot::runCodeIgniter(Object(CodeIgniter\CodeIgniter))
11 FCPATH/index.php(56): CodeIgniter\Boot::bootWeb(Object(Config\Paths))
WARNING - 2025-04-01 16:07:56 --> [DEPRECATED] number_format(): Passing null to parameter #1 ($num) of type float is deprecated in APPPATH/Views/reporte/imprimir_valorado.php on line 99.
 1 APPPATH/Views/reporte/imprimir_valorado.php(99): number_format(null, 2, ',', '.')
 2 SYSTEMPATH/View/View.php(234): include('/home2/usoabumg/public_html/oruro.site/app/Views/reporte/imprimir_valorado.php')
 3 SYSTEMPATH/View/View.php(237): CodeIgniter\View\View->CodeIgniter\View\{closure}()
 4 SYSTEMPATH/Common.php(1171): CodeIgniter\View\View->render('reporte/imprimir_valorado', [], true)
 5 APPPATH/Controllers/Reporte.php(135): view('reporte/imprimir_valorado', [...])
 6 SYSTEMPATH/CodeIgniter.php(933): App\Controllers\Reporte->consolidado()
 7 SYSTEMPATH/CodeIgniter.php(509): CodeIgniter\CodeIgniter->runController(Object(App\Controllers\Reporte))
 8 SYSTEMPATH/CodeIgniter.php(355): CodeIgniter\CodeIgniter->handleRequest(null, Object(Config\Cache), false)
 9 SYSTEMPATH/Boot.php(325): CodeIgniter\CodeIgniter->run()
10 SYSTEMPATH/Boot.php(67): CodeIgniter\Boot::runCodeIgniter(Object(CodeIgniter\CodeIgniter))
11 FCPATH/index.php(56): CodeIgniter\Boot::bootWeb(Object(Config\Paths))
WARNING - 2025-04-01 16:07:56 --> [DEPRECATED] number_format(): Passing null to parameter #1 ($num) of type float is deprecated in APPPATH/Views/reporte/imprimir_valorado.php on line 96.
 1 APPPATH/Views/reporte/imprimir_valorado.php(96): number_format(null, 2, ',', '.')
 2 SYSTEMPATH/View/View.php(234): include('/home2/usoabumg/public_html/oruro.site/app/Views/reporte/imprimir_valorado.php')
 3 SYSTEMPATH/View/View.php(237): CodeIgniter\View\View->CodeIgniter\View\{closure}()
 4 SYSTEMPATH/Common.php(1171): CodeIgniter\View\View->render('reporte/imprimir_valorado', [], true)
 5 APPPATH/Controllers/Reporte.php(135): view('reporte/imprimir_valorado', [...])
 6 SYSTEMPATH/CodeIgniter.php(933): App\Controllers\Reporte->consolidado()
 7 SYSTEMPATH/CodeIgniter.php(509): CodeIgniter\CodeIgniter->runController(Object(App\Controllers\Reporte))
 8 SYSTEMPATH/CodeIgniter.php(355): CodeIgniter\CodeIgniter->handleRequest(null, Object(Config\Cache), false)
 9 SYSTEMPATH/Boot.php(325): CodeIgniter\CodeIgniter->run()
10 SYSTEMPATH/Boot.php(67): CodeIgniter\Boot::runCodeIgniter(Object(CodeIgniter\CodeIgniter))
11 FCPATH/index.php(56): CodeIgniter\Boot::bootWeb(Object(Config\Paths))
WARNING - 2025-04-01 16:07:56 --> [DEPRECATED] number_format(): Passing null to parameter #1 ($num) of type float is deprecated in APPPATH/Views/reporte/imprimir_valorado.php on line 99.
 1 APPPATH/Views/reporte/imprimir_valorado.php(99): number_format(null, 2, ',', '.')
 2 SYSTEMPATH/View/View.php(234): include('/home2/usoabumg/public_html/oruro.site/app/Views/reporte/imprimir_valorado.php')
 3 SYSTEMPATH/View/View.php(237): CodeIgniter\View\View->CodeIgniter\View\{closure}()
 4 SYSTEMPATH/Common.php(1171): CodeIgniter\View\View->render('reporte/imprimir_valorado', [], true)
 5 APPPATH/Controllers/Reporte.php(135): view('reporte/imprimir_valorado', [...])
 6 SYSTEMPATH/CodeIgniter.php(933): App\Controllers\Reporte->consolidado()
 7 SYSTEMPATH/CodeIgniter.php(509): CodeIgniter\CodeIgniter->runController(Object(App\Controllers\Reporte))
 8 SYSTEMPATH/CodeIgniter.php(355): CodeIgniter\CodeIgniter->handleRequest(null, Object(Config\Cache), false)
 9 SYSTEMPATH/Boot.php(325): CodeIgniter\CodeIgniter->run()
10 SYSTEMPATH/Boot.php(67): CodeIgniter\Boot::runCodeIgniter(Object(CodeIgniter\CodeIgniter))
11 FCPATH/index.php(56): CodeIgniter\Boot::bootWeb(Object(Config\Paths))
WARNING - 2025-04-01 16:07:56 --> [DEPRECATED] number_format(): Passing null to parameter #1 ($num) of type float is deprecated in APPPATH/Views/reporte/imprimir_valorado.php on line 96.
 1 APPPATH/Views/reporte/imprimir_valorado.php(96): number_format(null, 2, ',', '.')
 2 SYSTEMPATH/View/View.php(234): include('/home2/usoabumg/public_html/oruro.site/app/Views/reporte/imprimir_valorado.php')
 3 SYSTEMPATH/View/View.php(237): CodeIgniter\View\View->CodeIgniter\View\{closure}()
 4 SYSTEMPATH/Common.php(1171): CodeIgniter\View\View->render('reporte/imprimir_valorado', [], true)
 5 APPPATH/Controllers/Reporte.php(135): view('reporte/imprimir_valorado', [...])
 6 SYSTEMPATH/CodeIgniter.php(933): App\Controllers\Reporte->consolidado()
 7 SYSTEMPATH/CodeIgniter.php(509): CodeIgniter\CodeIgniter->runController(Object(App\Controllers\Reporte))
 8 SYSTEMPATH/CodeIgniter.php(355): CodeIgniter\CodeIgniter->handleRequest(null, Object(Config\Cache), false)
 9 SYSTEMPATH/Boot.php(325): CodeIgniter\CodeIgniter->run()
10 SYSTEMPATH/Boot.php(67): CodeIgniter\Boot::runCodeIgniter(Object(CodeIgniter\CodeIgniter))
11 FCPATH/index.php(56): CodeIgniter\Boot::bootWeb(Object(Config\Paths))
WARNING - 2025-04-01 16:07:56 --> [DEPRECATED] number_format(): Passing null to parameter #1 ($num) of type float is deprecated in APPPATH/Views/reporte/imprimir_valorado.php on line 99.
 1 APPPATH/Views/reporte/imprimir_valorado.php(99): number_format(null, 2, ',', '.')
 2 SYSTEMPATH/View/View.php(234): include('/home2/usoabumg/public_html/oruro.site/app/Views/reporte/imprimir_valorado.php')
 3 SYSTEMPATH/View/View.php(237): CodeIgniter\View\View->CodeIgniter\View\{closure}()
 4 SYSTEMPATH/Common.php(1171): CodeIgniter\View\View->render('reporte/imprimir_valorado', [], true)
 5 APPPATH/Controllers/Reporte.php(135): view('reporte/imprimir_valorado', [...])
 6 SYSTEMPATH/CodeIgniter.php(933): App\Controllers\Reporte->consolidado()
 7 SYSTEMPATH/CodeIgniter.php(509): CodeIgniter\CodeIgniter->runController(Object(App\Controllers\Reporte))
 8 SYSTEMPATH/CodeIgniter.php(355): CodeIgniter\CodeIgniter->handleRequest(null, Object(Config\Cache), false)
 9 SYSTEMPATH/Boot.php(325): CodeIgniter\CodeIgniter->run()
10 SYSTEMPATH/Boot.php(67): CodeIgniter\Boot::runCodeIgniter(Object(CodeIgniter\CodeIgniter))
11 FCPATH/index.php(56): CodeIgniter\Boot::bootWeb(Object(Config\Paths))
INFO - 2025-04-01 16:07:58 --> Session: Class initialized using 'CodeIgniter\Session\Handlers\FileHandler' driver.
INFO - 2025-04-01 16:08:31 --> Session: Class initialized using 'CodeIgniter\Session\Handlers\FileHandler' driver.
INFO - 2025-04-01 16:08:31 --> Session: Class initialized using 'CodeIgniter\Session\Handlers\FileHandler' driver.
INFO - 2025-04-01 16:08:32 --> Session: Class initialized using 'CodeIgniter\Session\Handlers\FileHandler' driver.
INFO - 2025-04-01 16:12:44 --> Session: Class initialized using 'CodeIgniter\Session\Handlers\FileHandler' driver.
INFO - 2025-04-01 16:13:10 --> Session: Class initialized using 'CodeIgniter\Session\Handlers\FileHandler' driver.
INFO - 2025-04-01 16:13:29 --> Session: Class initialized using 'CodeIgniter\Session\Handlers\FileHandler' driver.
INFO - 2025-04-01 16:13:35 --> CSRF token verified.
INFO - 2025-04-01 16:13:35 --> Session: Class initialized using 'CodeIgniter\Session\Handlers\FileHandler' driver.
INFO - 2025-04-01 16:13:36 --> Session: Class initialized using 'CodeIgniter\Session\Handlers\FileHandler' driver.
INFO - 2025-04-01 16:14:02 --> Session: Class initialized using 'CodeIgniter\Session\Handlers\FileHandler' driver.
INFO - 2025-04-01 16:15:32 --> Session: Class initialized using 'CodeIgniter\Session\Handlers\FileHandler' driver.
INFO - 2025-04-01 16:15:37 --> Session: Class initialized using 'CodeIgniter\Session\Handlers\FileHandler' driver.
INFO - 2025-04-01 16:15:45 --> Session: Class initialized using 'CodeIgniter\Session\Handlers\FileHandler' driver.
INFO - 2025-04-01 16:16:01 --> Session: Class initialized using 'CodeIgniter\Session\Handlers\FileHandler' driver.
INFO - 2025-04-01 16:16:10 --> Session: Class initialized using 'CodeIgniter\Session\Handlers\FileHandler' driver.
INFO - 2025-04-01 16:16:18 --> Session: Class initialized using 'CodeIgniter\Session\Handlers\FileHandler' driver.
INFO - 2025-04-01 16:16:35 --> CSRF token verified.
INFO - 2025-04-01 16:16:35 --> Session: Class initialized using 'CodeIgniter\Session\Handlers\FileHandler' driver.
INFO - 2025-04-01 16:16:35 --> Session: Class initialized using 'CodeIgniter\Session\Handlers\FileHandler' driver.
INFO - 2025-04-01 16:16:40 --> Session: Class initialized using 'CodeIgniter\Session\Handlers\FileHandler' driver.
INFO - 2025-04-01 16:16:42 --> Session: Class initialized using 'CodeIgniter\Session\Handlers\FileHandler' driver.
INFO - 2025-04-01 16:17:05 --> Session: Class initialized using 'CodeIgniter\Session\Handlers\FileHandler' driver.
INFO - 2025-04-01 16:17:08 --> CSRF token verified.
INFO - 2025-04-01 16:17:08 --> Session: Class initialized using 'CodeIgniter\Session\Handlers\FileHandler' driver.
INFO - 2025-04-01 16:17:08 --> Session: Class initialized using 'CodeIgniter\Session\Handlers\FileHandler' driver.
INFO - 2025-04-01 16:17:12 --> Session: Class initialized using 'CodeIgniter\Session\Handlers\FileHandler' driver.
INFO - 2025-04-01 16:17:30 --> Session: Class initialized using 'CodeIgniter\Session\Handlers\FileHandler' driver.
INFO - 2025-04-01 16:17:31 --> Session: Class initialized using 'CodeIgniter\Session\Handlers\FileHandler' driver.
INFO - 2025-04-01 16:18:00 --> Session: Class initialized using 'CodeIgniter\Session\Handlers\FileHandler' driver.
INFO - 2025-04-01 16:18:00 --> Session: Class initialized using 'CodeIgniter\Session\Handlers\FileHandler' driver.
INFO - 2025-04-01 16:18:01 --> Session: Class initialized using 'CodeIgniter\Session\Handlers\FileHandler' driver.
INFO - 2025-04-01 16:18:01 --> Session: Class initialized using 'CodeIgniter\Session\Handlers\FileHandler' driver.
INFO - 2025-04-01 16:18:11 --> CSRF token verified.
INFO - 2025-04-01 16:18:13 --> Session: Class initialized using 'CodeIgniter\Session\Handlers\FileHandler' driver.
INFO - 2025-04-01 16:18:14 --> Session: Class initialized using 'CodeIgniter\Session\Handlers\FileHandler' driver.
INFO - 2025-04-01 16:18:26 --> CSRF token verified.
INFO - 2025-04-01 16:18:28 --> Session: Class initialized using 'CodeIgniter\Session\Handlers\FileHandler' driver.
INFO - 2025-04-01 16:18:29 --> Session: Class initialized using 'CodeIgniter\Session\Handlers\FileHandler' driver.
INFO - 2025-04-01 16:18:32 --> Session: Class initialized using 'CodeIgniter\Session\Handlers\FileHandler' driver.
INFO - 2025-04-01 16:18:33 --> Session: Class initialized using 'CodeIgniter\Session\Handlers\FileHandler' driver.
INFO - 2025-04-01 16:18:45 --> CSRF token verified.
INFO - 2025-04-01 16:18:45 --> Session: Class initialized using 'CodeIgniter\Session\Handlers\FileHandler' driver.
INFO - 2025-04-01 16:18:46 --> Session: Class initialized using 'CodeIgniter\Session\Handlers\FileHandler' driver.
INFO - 2025-04-01 16:18:49 --> Session: Class initialized using 'CodeIgniter\Session\Handlers\FileHandler' driver.
INFO - 2025-04-01 16:18:49 --> Session: Class initialized using 'CodeIgniter\Session\Handlers\FileHandler' driver.
INFO - 2025-04-01 16:19:10 --> Session: Class initialized using 'CodeIgniter\Session\Handlers\FileHandler' driver.
INFO - 2025-04-01 16:19:21 --> CSRF token verified.
INFO - 2025-04-01 16:19:21 --> Session: Class initialized using 'CodeIgniter\Session\Handlers\FileHandler' driver.
INFO - 2025-04-01 16:19:22 --> Session: Class initialized using 'CodeIgniter\Session\Handlers\FileHandler' driver.
INFO - 2025-04-01 16:19:30 --> Session: Class initialized using 'CodeIgniter\Session\Handlers\FileHandler' driver.
INFO - 2025-04-01 16:19:35 --> CSRF token verified.
INFO - 2025-04-01 16:19:35 --> Session: Class initialized using 'CodeIgniter\Session\Handlers\FileHandler' driver.
INFO - 2025-04-01 16:19:36 --> Session: Class initialized using 'CodeIgniter\Session\Handlers\FileHandler' driver.
INFO - 2025-04-01 16:19:51 --> Session: Class initialized using 'CodeIgniter\Session\Handlers\FileHandler' driver.
INFO - 2025-04-01 16:19:51 --> Session: Class initialized using 'CodeIgniter\Session\Handlers\FileHandler' driver.
INFO - 2025-04-01 16:19:56 --> Session: Class initialized using 'CodeIgniter\Session\Handlers\FileHandler' driver.
INFO - 2025-04-01 16:19:56 --> Session: Class initialized using 'CodeIgniter\Session\Handlers\FileHandler' driver.
INFO - 2025-04-01 16:20:04 --> CSRF token verified.
INFO - 2025-04-01 16:20:06 --> Session: Class initialized using 'CodeIgniter\Session\Handlers\FileHandler' driver.
INFO - 2025-04-01 16:20:06 --> Session: Class initialized using 'CodeIgniter\Session\Handlers\FileHandler' driver.
INFO - 2025-04-01 16:20:30 --> Session: Class initialized using 'CodeIgniter\Session\Handlers\FileHandler' driver.
INFO - 2025-04-01 16:20:36 --> Session: Class initialized using 'CodeIgniter\Session\Handlers\FileHandler' driver.
INFO - 2025-04-01 16:20:39 --> Session: Class initialized using 'CodeIgniter\Session\Handlers\FileHandler' driver.
INFO - 2025-04-01 16:20:42 --> Session: Class initialized using 'CodeIgniter\Session\Handlers\FileHandler' driver.
INFO - 2025-04-01 16:21:05 --> Session: Class initialized using 'CodeIgniter\Session\Handlers\FileHandler' driver.
INFO - 2025-04-01 16:21:06 --> Session: Class initialized using 'CodeIgniter\Session\Handlers\FileHandler' driver.
INFO - 2025-04-01 16:21:07 --> Session: Class initialized using 'CodeIgniter\Session\Handlers\FileHandler' driver.
INFO - 2025-04-01 16:21:49 --> Session: Class initialized using 'CodeIgniter\Session\Handlers\FileHandler' driver.
INFO - 2025-04-01 16:21:54 --> Session: Class initialized using 'CodeIgniter\Session\Handlers\FileHandler' driver.
INFO - 2025-04-01 16:22:01 --> Session: Class initialized using 'CodeIgniter\Session\Handlers\FileHandler' driver.
INFO - 2025-04-01 16:22:21 --> CSRF token verified.
INFO - 2025-04-01 16:22:21 --> Session: Class initialized using 'CodeIgniter\Session\Handlers\FileHandler' driver.
INFO - 2025-04-01 16:22:21 --> Session: Class initialized using 'CodeIgniter\Session\Handlers\FileHandler' driver.
INFO - 2025-04-01 16:22:28 --> Session: Class initialized using 'CodeIgniter\Session\Handlers\FileHandler' driver.
INFO - 2025-04-01 16:22:33 --> Session: Class initialized using 'CodeIgniter\Session\Handlers\FileHandler' driver.
INFO - 2025-04-01 16:22:38 --> Session: Class initialized using 'CodeIgniter\Session\Handlers\FileHandler' driver.
INFO - 2025-04-01 16:22:41 --> Session: Class initialized using 'CodeIgniter\Session\Handlers\FileHandler' driver.
INFO - 2025-04-01 16:22:44 --> Session: Class initialized using 'CodeIgniter\Session\Handlers\FileHandler' driver.
INFO - 2025-04-01 16:22:47 --> Session: Class initialized using 'CodeIgniter\Session\Handlers\FileHandler' driver.
INFO - 2025-04-01 16:22:50 --> Session: Class initialized using 'CodeIgniter\Session\Handlers\FileHandler' driver.
INFO - 2025-04-01 16:23:00 --> Session: Class initialized using 'CodeIgniter\Session\Handlers\FileHandler' driver.
INFO - 2025-04-01 16:23:01 --> Session: Class initialized using 'CodeIgniter\Session\Handlers\FileHandler' driver.
INFO - 2025-04-01 16:23:03 --> Session: Class initialized using 'CodeIgniter\Session\Handlers\FileHandler' driver.
INFO - 2025-04-01 16:25:55 --> Session: Class initialized using 'CodeIgniter\Session\Handlers\FileHandler' driver.
INFO - 2025-04-01 16:36:14 --> Session: Class initialized using 'CodeIgniter\Session\Handlers\FileHandler' driver.
INFO - 2025-04-01 16:36:17 --> Session: Class initialized using 'CodeIgniter\Session\Handlers\FileHandler' driver.
INFO - 2025-04-01 16:36:22 --> Session: Class initialized using 'CodeIgniter\Session\Handlers\FileHandler' driver.
INFO - 2025-04-01 16:36:42 --> Session: Class initialized using 'CodeIgniter\Session\Handlers\FileHandler' driver.
INFO - 2025-04-01 16:36:44 --> Session: Class initialized using 'CodeIgniter\Session\Handlers\FileHandler' driver.
INFO - 2025-04-01 16:36:45 --> Session: Class initialized using 'CodeIgniter\Session\Handlers\FileHandler' driver.
INFO - 2025-04-01 16:55:27 --> Session: Class initialized using 'CodeIgniter\Session\Handlers\FileHandler' driver.
INFO - 2025-04-01 16:55:28 --> Session: Class initialized using 'CodeIgniter\Session\Handlers\FileHandler' driver.
INFO - 2025-04-01 19:49:32 --> Session: Class initialized using 'CodeIgniter\Session\Handlers\FileHandler' driver.
CRITICAL - 2025-04-01 19:49:33 --> ErrorException: Trying to access array offset on value of type null
[Method: GET, Route: orden]
in APPPATH/Controllers/Orden.php on line 18.
 1 APPPATH/Controllers/Orden.php(18): CodeIgniter\Debug\Exceptions->errorHandler(2, 'Trying to access array offset on value of type null', '/home2/usoabumg/public_html/oruro.site/app/Controllers/Orden.php', 18)
 2 SYSTEMPATH/CodeIgniter.php(903): App\Controllers\Orden->__construct()
 3 SYSTEMPATH/CodeIgniter.php(500): CodeIgniter\CodeIgniter->createController()
 4 SYSTEMPATH/CodeIgniter.php(355): CodeIgniter\CodeIgniter->handleRequest(null, Object(Config\Cache), false)
 5 SYSTEMPATH/Boot.php(325): CodeIgniter\CodeIgniter->run()
 6 SYSTEMPATH/Boot.php(67): CodeIgniter\Boot::runCodeIgniter(Object(CodeIgniter\CodeIgniter))
 7 FCPATH/index.php(56): CodeIgniter\Boot::bootWeb(Object(Config\Paths))
INFO - 2025-04-01 22:54:20 --> Session: Class initialized using 'CodeIgniter\Session\Handlers\FileHandler' driver.
INFO - 2025-04-01 22:54:44 --> Session: Class initialized using 'CodeIgniter\Session\Handlers\FileHandler' driver.
INFO - 2025-04-01 22:56:19 --> Session: Class initialized using 'CodeIgniter\Session\Handlers\FileHandler' driver.
INFO - 2025-04-01 22:58:23 --> Session: Class initialized using 'CodeIgniter\Session\Handlers\FileHandler' driver.
